customer_id,signup_date,churn_date,snapshot_date,churn_flag,status,tenure_months,tenure_band,contract_type,payment_method,service_category,region,customer_segment,monthly_charge_usd,avg_discount_pct,support_tickets_90d,late_payments_12m,auto_pay,satisfaction_score,clv_realized_usd,annualized_revenue_lost_usd
C00001,2022-01-01,,2025-12-31,0,Activo,48,25+ meses,Anual,Cheque electrónico,Internet estándar,Cuyo,Profesional,46.12,0.0286,1,1,No,4,2150.45,0.0
C00002,2022-01-01,,2025-12-31,0,Activo,48,25+ meses,Anual,Tarjeta automática,Internet fibra,Cuyo,Hogar,68.7,0.0294,0,0,Sí,5,3200.65,0.0
C00003,2022-01-01,2023-05-13,2025-12-31,1,Baja,17,13-24 meses,Mes a mes,Débito automático,Internet fibra,NOA,Hogar,67.06,0.0188,0,0,Sí,5,1118.59,804.72
C00004,2022-01-02,,2025-12-31,0,Activo,48,25+ meses,Anual,Tarjeta automática,Telefonía móvil,Patagonia,Hogar,34.63,0.0747,0,0,Sí,5,1538.07,0.0
C00005,2022-01-02,,2025-12-31,0,Activo,48,25+ meses,Mes a mes,Tarjeta automática,Internet estándar,NOA,Hogar,52.3,0.0147,0,1,Sí,3,2473.5,0.0
C00006,2022-01-02,,2025-12-31,0,Activo,48,25+ meses,Anual,Transferencia,Internet fibra,Patagonia,Hogar,83.95,0.0135,1,0,No,3,3975.2,0.0
C00007,2022-01-02,,2025-12-31,0,Activo,48,25+ meses,Anual,Tarjeta automática,Internet estándar,Cuyo,Hogar,37.93,0.0494,0,0,Sí,2,1730.7,0.0
C00008,2022-01-03,2022-07-13,2025-12-31,1,Baja,7,7-12 meses,Mes a mes,Débito automático,Telefonía móvil,Patagonia,Profesional,51.31,0.0259,0,0,Sí,4,349.87,615.72
C00009,2022-01-03,2024-06-02,2025-12-31,1,Baja,30,25+ meses,Mes a mes,Transferencia,Internet estándar,Litoral,Hogar,60.92,0.0315,0,0,No,5,1770.03,731.04
C00010,2022-01-03,,2025-12-31,0,Activo,48,25+ meses,Anual,Tarjeta automática,Internet estándar,Patagonia,Profesional,85.76,0.0529,2,0,Sí,3,3898.72,0.0
C00011,2022-01-03,,2025-12-31,0,Activo,48,25+ meses,Mes a mes,Débito automático,Internet fibra,Centro,PyME,146.82,0.0185,1,0,Sí,4,6916.98,0.0
C00012,2022-01-04,,2025-12-31,0,Activo,48,25+ meses,Dos años,Transferencia,Internet fibra,Centro,Hogar,59.89,0.041,1,0,No,5,2756.86,0.0
C00013,2022-01-04,,2025-12-31,0,Activo,48,25+ meses,Anual,Cheque electrónico,Telefonía móvil,Centro,PyME,110.08,0.0787,1,1,No,3,4868.0,0.0
C00014,2022-01-05,,2025-12-31,0,Activo,48,25+ meses,Anual,Tarjeta automática,Telefonía móvil,Centro,Hogar,62.39,0.0434,0,0,Sí,4,2864.75,0.0
C00015,2022-01-05,2024-07-04,2025-12-31,1,Baja,31,25+ meses,Mes a mes,Cheque electrónico,Internet estándar,NOA,Hogar,30.34,0.0737,2,3,No,3,871.22,364.08
C00016,2022-01-05,2022-06-12,2025-12-31,1,Baja,6,4-6 meses,Anual,Cheque electrónico,Telefonía móvil,NOA,PyME,108.91,0.0566,0,3,No,2,616.47,1306.92
C00017,2022-01-05,,2025-12-31,0,Activo,48,25+ meses,Dos años,Transferencia,Internet estándar,AMBA,Profesional,69.48,0.1075,0,1,No,4,2976.52,0.0
C00018,2022-01-05,2022-05-01,2025-12-31,1,Baja,5,4-6 meses,Mes a mes,Débito automático,Telefonía móvil,Litoral,Hogar,38.4,0.0641,1,1,Sí,3,179.69,460.8
C00019,2022-01-06,2025-08-15,2025-12-31,1,Baja,44,25+ meses,Mes a mes,Transferencia,Internet fibra,NOA,Hogar,79.17,0.1503,1,0,No,3,2959.91,950.04
C00020,2022-01-06,2022-02-12,2025-12-31,1,Baja,2,0-3 meses,Mes a mes,Cheque electrónico,Internet estándar,Patagonia,Hogar,53.88,0.1499,1,5,No,1,91.61,646.56
C00021,2022-01-07,2022-03-15,2025-12-31,1,Baja,3,0-3 meses,Mes a mes,Tarjeta automática,Telefonía móvil,Litoral,PyME,109.73,0.0632,3,0,Sí,2,308.39,1316.76
C00022,2022-01-07,,2025-12-31,0,Activo,48,25+ meses,Anual,Cheque electrónico,Telefonía móvil,Litoral,Hogar,54.17,0.1141,1,0,No,3,2303.48,0.0
C00023,2022-01-07,2022-09-01,2025-12-31,1,Baja,9,7-12 meses,Mes a mes,Cheque electrónico,Streaming,Centro,Hogar,18.0,0.0576,3,2,No,2,152.67,216.0
C00024,2022-01-07,,2025-12-31,0,Activo,48,25+ meses,Anual,Débito automático,Streaming,NOA,Hogar,21.86,0.0247,2,0,Sí,4,1023.36,0.0
C00025,2022-01-07,2024-02-27,2025-12-31,1,Baja,26,25+ meses,Mes a mes,Transferencia,Telefonía móvil,AMBA,Hogar,43.03,0.025,0,1,No,5,1090.81,516.36
C00026,2022-01-07,,2025-12-31,0,Activo,48,25+ meses,Mes a mes,Débito automático,Streaming,NOA,Hogar,46.29,0.0304,0,0,Sí,5,2154.37,0.0
C00027,2022-01-07,2023-03-27,2025-12-31,1,Baja,15,13-24 meses,Mes a mes,Transferencia,Internet fibra,NOA,Hogar,48.0,0.0435,0,0,No,5,688.68,576.0
C00028,2022-01-07,2022-05-20,2025-12-31,1,Baja,5,4-6 meses,Dos años,Cheque electrónico,Internet estándar,Centro,Hogar,42.28,0.0805,6,2,No,1,194.38,507.36
C00029,2022-01-07,,2025-12-31,0,Activo,48,25+ meses,Anual,Tarjeta automática,Streaming,Litoral,Hogar,18.0,0.0794,0,0,Sí,5,795.4,0.0
C00030,2022-01-08,,2025-12-31,0,Activo,48,25+ meses,Mes a mes,Tarjeta automática,Streaming,NOA,Hogar,18.0,0.0115,2,1,Sí,2,854.06,0.0
C00031,2022-01-08,,2025-12-31,0,Activo,48,25+ meses,Anual,Débito automático,Telefonía móvil,Cuyo,Hogar,52.84,0.063,2,1,Sí,4,2376.53,0.0
C00032,2022-01-08,2022-11-16,2025-12-31,1,Baja,11,7-12 meses,Mes a mes,Cheque electrónico,Internet estándar,Centro,Hogar,43.15,0.0308,3,1,No,4,460.03,517.8
C00033,2022-01-08,2022-05-02,2025-12-31,1,Baja,5,4-6 meses,Mes a mes,Débito automático,Internet fibra,AMBA,Profesional,70.33,0.0545,1,0,Sí,5,332.49,843.96
C00034,2022-01-08,2023-07-19,2025-12-31,1,Baja,19,13-24 meses,Mes a mes,Cheque electrónico,Internet fibra,Cuyo,Hogar,76.26,0.0342,0,1,No,5,1399.39,915.12
C00035,2022-01-08,,2025-12-31,0,Activo,48,25+ meses,Dos años,Débito automático,Telefonía móvil,Centro,Hogar,64.39,0.0474,0,0,Sí,3,2944.22,0.0
C00036,2022-01-09,,2025-12-31,0,Activo,48,25+ meses,Anual,Tarjeta automática,Internet fibra,NOA,Hogar,58.13,0.0852,0,0,Sí,4,2552.51,0.0
C00037,2022-01-10,,2025-12-31,0,Activo,48,25+ meses,Anual,Cheque electrónico,Telefonía móvil,NOA,Hogar,47.86,0.1,0,2,No,4,2067.55,0.0
C00038,2022-01-10,,2025-12-31,0,Activo,48,25+ meses,Mes a mes,Débito automático,Internet fibra,Centro,Profesional,113.24,0.0132,2,1,Sí,4,5363.77,0.0
C00039,2022-01-10,2023-09-05,2025-12-31,1,Baja,21,13-24 meses,Mes a mes,Débito automático,Internet estándar,Centro,Profesional,66.46,0.071,3,0,Sí,2,1296.57,797.52
C00040,2022-01-10,,2025-12-31,0,Activo,48,25+ meses,Anual,Tarjeta automática,Telefonía móvil,Centro,Hogar,63.21,0.0633,2,1,Sí,3,2842.02,0.0
C00041,2022-01-11,,2025-12-31,0,Activo,48,25+ meses,Mes a mes,Tarjeta automática,Internet estándar,Cuyo,Hogar,41.74,0.0375,0,0,Sí,5,1928.39,0.0
C00042,2022-01-11,,2025-12-31,0,Activo,48,25+ meses,Dos años,Tarjeta automática,Telefonía móvil,Patagonia,Hogar,57.91,0.0313,1,0,Sí,4,2692.68,0.0
C00043,2022-01-11,,2025-12-31,0,Activo,48,25+ meses,Anual,Débito automático,Internet fibra,AMBA,Profesional,109.31,0.0286,1,0,Sí,2,5096.82,0.0
C00044,2022-01-11,2025-09-25,2025-12-31,1,Baja,45,25+ meses,Mes a mes,Transferencia,Internet estándar,NOA,Hogar,48.64,0.1503,3,0,No,2,1859.82,583.68
C00045,2022-01-11,,2025-12-31,0,Activo,48,25+ meses,Anual,Tarjeta automática,Streaming,Patagonia,PyME,67.64,0.0362,3,0,Sí,2,3129.19,0.0
C00046,2022-01-11,,2025-12-31,0,Activo,48,25+ meses,Dos años,Tarjeta automática,Telefonía móvil,AMBA,Hogar,30.98,0.0913,1,0,Sí,3,1351.27,0.0
C00047,2022-01-12,2022-11-09,2025-12-31,1,Baja,11,7-12 meses,Mes a mes,Tarjeta automática,Internet fibra,Centro,PyME,107.21,0.056,1,3,Sí,3,1113.27,1286.52
C00048,2022-01-12,,2025-12-31,0,Activo,48,25+ meses,Anual,Débito automático,Internet estándar,Patagonia,Hogar,55.54,0.0465,0,0,Sí,5,2541.95,0.0
C00049,2022-01-12,2022-04-18,2025-12-31,1,Baja,4,4-6 meses,Dos años,Cheque electrónico,Streaming,Litoral,Hogar,34.22,0.0229,2,2,No,4,133.75,410.64
C00050,2022-01-12,,2025-12-31,0,Activo,48,25+ meses,Mes a mes,Débito automático,Telefonía móvil,Litoral,Hogar,42.87,0.0435,0,0,Sí,5,1968.25,0.0
C00051,2022-01-12,,2025-12-31,0,Activo,48,25+ meses,Dos años,Tarjeta automática,Telefonía móvil,AMBA,Hogar,40.65,0.038,0,0,Sí,4,1877.05,0.0
C00052,2022-01-13,2022-01-02,2025-12-31,1,Baja,1,0-3 meses,Mes a mes,Débito automático,Telefonía móvil,Cuyo,PyME,111.93,0.0846,0,0,Sí,4,102.46,1343.16
C00053,2022-01-13,,2025-12-31,0,Activo,48,25+ meses,Anual,Cheque electrónico,Internet estándar,Litoral,Hogar,52.28,0.0422,0,2,No,4,2403.54,0.0
C00054,2022-01-13,,2025-12-31,0,Activo,48,25+ meses,Anual,Cheque electrónico,Internet estándar,Patagonia,Hogar,42.9,0.1014,0,1,No,5,1850.4,0.0
C00055,2022-01-13,2022-03-22,2025-12-31,1,Baja,3,0-3 meses,Anual,Cheque electrónico,Telefonía móvil,Cuyo,PyME,98.62,0.0718,0,2,No,4,274.62,1183.44
C00056,2022-01-14,2022-12-11,2025-12-31,1,Baja,12,7-12 meses,Mes a mes,Cheque electrónico,Telefonía móvil,Litoral,Hogar,64.52,0.0964,1,1,No,4,699.6,774.24
C00057,2022-01-14,,2025-12-31,0,Activo,48,25+ meses,Anual,Transferencia,Telefonía móvil,Centro,Hogar,48.84,0.1235,4,1,No,1,2054.8,0.0
C00058,2022-01-14,,2025-12-31,0,Activo,48,25+ meses,Mes a mes,Cheque electrónico,Telefonía móvil,Patagonia,Hogar,37.71,0.0525,0,0,No,5,1715.05,0.0
C00059,2022-01-15,2024-11-16,2025-12-31,1,Baja,35,25+ meses,Mes a mes,Tarjeta automática,Telefonía móvil,Patagonia,Hogar,41.51,0.1523,1,0,Sí,3,1231.58,498.12
C00060,2022-01-15,2022-06-09,2025-12-31,1,Baja,6,4-6 meses,Mes a mes,Cheque electrónico,Internet fibra,Patagonia,PyME,138.1,0.0861,1,2,No,4,757.26,1657.2
C00061,2022-01-15,2023-10-10,2025-12-31,1,Baja,22,13-24 meses,Anual,Cheque electrónico,Internet fibra,Patagonia,Hogar,73.37,0.043,6,0,No,1,1544.73,880.44
C00062,2022-01-16,2022-05-20,2025-12-31,1,Baja,5,4-6 meses,Mes a mes,Cheque electrónico,Telefonía móvil,NOA,Profesional,54.4,0.0562,5,1,No,1,256.71,652.8
C00063,2022-01-16,2023-12-01,2025-12-31,1,Baja,24,13-24 meses,Mes a mes,Débito automático,Internet estándar,NOA,Hogar,48.88,0.1478,3,1,Sí,4,999.73,586.56
C00064,2022-01-16,2022-02-15,2025-12-31,1,Baja,2,0-3 meses,Dos años,Cheque electrónico,Internet fibra,Patagonia,Hogar,94.71,0.0861,4,2,No,2,173.11,1136.52
C00065,2022-01-16,2023-05-25,2025-12-31,1,Baja,17,13-24 meses,Mes a mes,Tarjeta automática,Internet estándar,Cuyo,Profesional,75.7,0.0615,2,1,Sí,4,1207.76,908.4
C00066,2022-01-17,2025-10-03,2025-12-31,1,Baja,46,25+ meses,Mes a mes,Transferencia,Streaming,AMBA,Profesional,42.5,0.0583,0,0,No,3,1841.02,510.0
C00067,2022-01-18,2022-06-26,2025-12-31,1,Baja,6,4-6 meses,Mes a mes,Débito automático,Telefonía móvil,AMBA,Hogar,51.56,0.074,1,0,Sí,5,286.47,618.72
C00068,2022-01-18,2023-11-21,2025-12-31,1,Baja,23,13-24 meses,Mes a mes,Transferencia,Telefonía móvil,Patagonia,Hogar,42.09,0.0854,2,0,No,4,885.4,505.08
C00069,2022-01-18,,2025-12-31,0,Activo,48,25+ meses,Anual,Transferencia,Internet fibra,NOA,Hogar,81.79,0.0549,0,1,No,4,3710.39,0.0
C00070,2022-01-18,2022-03-10,2025-12-31,1,Baja,3,0-3 meses,Mes a mes,Débito automático,Internet estándar,Litoral,Profesional,69.79,0.0906,6,0,Sí,1,190.4,837.48
C00071,2022-01-18,2023-07-18,2025-12-31,1,Baja,19,13-24 meses,Mes a mes,Tarjeta automática,Internet fibra,Patagonia,Hogar,54.79,0.0678,2,0,Sí,3,970.43,657.48
C00072,2022-01-18,,2025-12-31,0,Activo,48,25+ meses,Dos años,Débito automático,Telefonía móvil,AMBA,Hogar,18.0,0.1142,0,0,Sí,4,765.33,0.0
C00073,2022-01-18,,2025-12-31,0,Activo,48,25+ meses,Anual,Transferencia,Internet fibra,Litoral,Hogar,80.49,0.0813,2,0,No,3,3549.42,0.0
C00074,2022-01-20,,2025-12-31,0,Activo,48,25+ meses,Anual,Transferencia,Streaming,Litoral,Profesional,37.62,0.1001,1,0,No,3,1625.0,0.0
C00075,2022-01-20,2022-04-06,2025-12-31,1,Baja,4,4-6 meses,Dos años,Transferencia,Internet estándar,AMBA,Hogar,30.97,0.043,1,0,No,4,118.55,371.64
C00076,2022-01-20,,2025-12-31,0,Activo,48,25+ meses,Dos años,Tarjeta automática,Streaming,Patagonia,Hogar,19.96,0.059,0,0,Sí,5,901.55,0.0
C00077,2022-01-21,2023-05-09,2025-12-31,1,Baja,17,13-24 meses,Mes a mes,Cheque electrónico,Internet estándar,Cuyo,Profesional,77.17,0.037,0,2,No,4,1263.35,926.04
C00078,2022-01-21,,2025-12-31,0,Activo,48,25+ meses,Anual,Transferencia,Streaming,Centro,Hogar,32.94,0.004,1,1,No,3,1574.8,0.0
C00079,2022-01-21,,2025-12-31,0,Activo,48,25+ meses,Anual,Tarjeta automática,Streaming,Patagonia,Hogar,37.49,0.0817,0,0,Sí,3,1652.5,0.0
C00080,2022-01-21,,2025-12-31,0,Activo,48,25+ meses,Mes a mes,Débito automático,Internet fibra,Cuyo,Hogar,82.98,0.031,1,0,Sí,4,3859.57,0.0
C00081,2022-01-22,2022-09-15,2025-12-31,1,Baja,9,7-12 meses,Mes a mes,Débito automático,Internet estándar,Litoral,Hogar,38.89,0.0532,5,0,Sí,1,331.39,466.68
C00082,2022-01-23,2022-01-08,2025-12-31,1,Baja,1,0-3 meses,Mes a mes,Débito automático,Internet estándar,Litoral,PyME,112.54,0.069,2,0,Sí,3,104.77,1350.48
C00083,2022-01-23,,2025-12-31,0,Activo,48,25+ meses,Anual,Tarjeta automática,Internet estándar,Litoral,Hogar,55.44,0.0672,0,0,Sí,5,2482.29,0.0
C00084,2022-01-23,2022-03-25,2025-12-31,1,Baja,3,0-3 meses,Anual,Tarjeta automática,Telefonía móvil,Cuyo,Hogar,40.71,0.0181,1,0,Sí,2,119.92,488.52
C00085,2022-01-24,,2025-12-31,0,Activo,48,25+ meses,Anual,Tarjeta automática,Internet estándar,Patagonia,Hogar,49.65,0.0386,1,0,Sí,4,2291.21,0.0
C00086,2022-01-24,,2025-12-31,0,Activo,48,25+ meses,Mes a mes,Tarjeta automática,Telefonía móvil,NOA,Hogar,50.72,0.0288,1,0,Sí,4,2364.44,0.0
C00087,2022-01-24,2023-07-13,2025-12-31,1,Baja,19,13-24 meses,Mes a mes,Tarjeta automática,Internet fibra,Cuyo,Hogar,69.76,0.0179,3,0,Sí,1,1301.71,837.12
C00088,2022-01-25,2022-01-16,2025-12-31,1,Baja,1,0-3 meses,Mes a mes,Cheque electrónico,Telefonía móvil,Centro,Profesional,71.97,0.0895,2,3,No,2,65.53,863.64
C00089,2022-01-25,2022-01-05,2025-12-31,1,Baja,1,0-3 meses,Mes a mes,Débito automático,Internet fibra,Centro,Hogar,84.22,0.0564,2,1,Sí,2,79.47,1010.64
C00090,2022-01-25,,2025-12-31,0,Activo,48,25+ meses,Dos años,Débito automático,Internet estándar,Patagonia,Hogar,49.02,0.1336,0,1,Sí,5,2038.6,0.0
C00091,2022-01-25,2023-02-13,2025-12-31,1,Baja,14,13-24 meses,Dos años,Transferencia,Internet estándar,Centro,Hogar,65.84,0.0613,3,0,No,2,865.26,790.08
C00092,2022-01-26,,2025-12-31,0,Activo,48,25+ meses,Dos años,Débito automático,Streaming,Patagonia,PyME,69.76,0.0686,1,0,Sí,3,3118.77,0.0
C00093,2022-01-26,2023-06-14,2025-12-31,1,Baja,18,13-24 meses,Dos años,Tarjeta automática,Internet fibra,Litoral,Profesional,90.94,0.0519,2,0,Sí,4,1551.96,1091.28
C00094,2022-01-26,,2025-12-31,0,Activo,48,25+ meses,Dos años,Tarjeta automática,Telefonía móvil,Cuyo,Hogar,34.5,0.1041,1,0,Sí,4,1483.61,0.0
C00095,2022-01-26,,2025-12-31,0,Activo,48,25+ meses,Mes a mes,Tarjeta automática,Internet estándar,AMBA,Hogar,52.94,0.0547,0,0,Sí,5,2402.12,0.0
C00096,2022-01-26,2023-06-17,2025-12-31,1,Baja,18,13-24 meses,Mes a mes,Transferencia,Telefonía móvil,Litoral,PyME,110.01,0.023,0,0,No,5,1934.64,1320.12
C00097,2022-01-27,,2025-12-31,0,Activo,48,25+ meses,Mes a mes,Débito automático,Streaming,Patagonia,PyME,73.19,0.0268,2,0,Sí,4,3418.97,0.0
C00098,2022-01-27,,2025-12-31,0,Activo,48,25+ meses,Mes a mes,Débito automático,Streaming,AMBA,Hogar,65.36,0.0284,0,1,Sí,5,3048.18,0.0
C00099,2022-01-27,2023-04-11,2025-12-31,1,Baja,16,13-24 meses,Mes a mes,Débito automático,Telefonía móvil,Patagonia,Profesional,52.71,0.0332,0,0,Sí,5,815.36,632.52
C00100,2022-01-28,2025-12-01,2025-12-31,1,Baja,48,25+ meses,Mes a mes,Cheque electrónico,Internet fibra,Centro,PyME,136.97,0.155,0,1,No,1,5555.5,1643.64
C00101,2022-01-28,,2025-12-31,0,Activo,48,25+ meses,Dos años,Débito automático,Streaming,Cuyo,Hogar,29.03,0.0811,4,0,Sí,3,1280.43,0.0
C00102,2022-01-29,2023-03-20,2025-12-31,1,Baja,15,13-24 meses,Mes a mes,Débito automático,Internet estándar,Litoral,Hogar,49.51,0.0368,3,0,Sí,2,715.32,594.12
C00103,2022-01-29,2023-10-25,2025-12-31,1,Baja,22,13-24 meses,Dos años,Débito automático,Streaming,Patagonia,Hogar,20.28,0.0311,5,0,Sí,1,432.28,243.36
C00104,2022-01-30,,2025-12-31,0,Activo,48,25+ meses,Anual,Transferencia,Internet fibra,Centro,Hogar,89.74,0.0303,2,1,No,3,4177.0,0.0
C00105,2022-01-30,,2025-12-31,0,Activo,48,25+ meses,Anual,Transferencia,Internet estándar,Cuyo,Profesional,57.61,0.058,0,0,No,4,2604.89,0.0
C00106,2022-01-30,2023-02-21,2025-12-31,1,Baja,14,13-24 meses,Anual,Transferencia,Streaming,Patagonia,Hogar,18.0,0.1163,1,1,No,2,222.69,216.0
C00107,2022-01-30,2025-06-03,2025-12-31,1,Baja,42,25+ meses,Mes a mes,Tarjeta automática,Internet estándar,Centro,Hogar,36.66,0.102,2,1,Sí,2,1382.67,439.92
C00108,2022-01-31,,2025-12-31,0,Activo,48,25+ meses,Anual,Débito automático,Internet fibra,Litoral,Hogar,93.9,0.0865,0,1,Sí,3,4117.33,0.0
C00109,2022-01-31,2022-02-16,2025-12-31,1,Baja,2,0-3 meses,Mes a mes,Cheque electrónico,Internet estándar,Cuyo,Profesional,80.76,0.0687,0,2,No,3,150.42,969.12
C00110,2022-01-31,,2025-12-31,0,Activo,48,25+ meses,Dos años,Débito automático,Telefonía móvil,AMBA,Hogar,19.92,0.0096,2,0,Sí,4,946.98,0.0
C00111,2022-01-31,2023-05-05,2025-12-31,1,Baja,17,13-24 meses,Mes a mes,Cheque electrónico,Internet fibra,Litoral,Hogar,86.95,0.032,1,1,No,3,1430.85,1043.4
C00112,2022-02-01,2023-05-18,2025-12-31,1,Baja,16,13-24 meses,Mes a mes,Débito automático,Internet estándar,Cuyo,Hogar,27.2,0.0733,0,0,Sí,5,403.3,326.4
C00113,2022-02-01,,2025-12-31,0,Activo,47,25+ meses,Anual,Débito automático,Telefonía móvil,Centro,Profesional,59.7,0.1419,2,0,Sí,3,2407.74,0.0
C00114,2022-02-01,,2025-12-31,0,Activo,47,25+ meses,Anual,Débito automático,Telefonía móvil,NOA,Hogar,28.71,0.1771,0,0,Sí,5,1110.4,0.0
C00115,2022-02-01,2024-02-09,2025-12-31,1,Baja,25,25+ meses,Mes a mes,Débito automático,Internet fibra,Patagonia,Hogar,87.8,0.1259,1,0,Sí,3,1918.65,1053.6
C00116,2022-02-01,,2025-12-31,0,Activo,47,25+ meses,Anual,Cheque electrónico,Internet estándar,Centro,Profesional,73.1,0.0152,2,0,No,4,3383.48,0.0
C00117,2022-02-01,,2025-12-31,0,Activo,47,25+ meses,Mes a mes,Tarjeta automática,Internet fibra,Litoral,Hogar,88.78,0.009,0,0,Sí,4,4135.11,0.0
C00118,2022-02-01,2023-08-15,2025-12-31,1,Baja,19,13-24 meses,Anual,Débito automático,Telefonía móvil,Patagonia,Profesional,56.75,0.05,1,0,Sí,3,1024.34,681.0
C00119,2022-02-01,2023-02-06,2025-12-31,1,Baja,13,13-24 meses,Mes a mes,Transferencia,Internet estándar,AMBA,Hogar,46.9,0.0979,1,0,No,5,550.01,562.8
C00120,2022-02-02,2024-07-22,2025-12-31,1,Baja,30,25+ meses,Mes a mes,Cheque electrónico,Internet estándar,AMBA,Profesional,50.51,0.0341,0,1,No,5,1463.63,606.12
C00121,2022-02-02,,2025-12-31,0,Activo,47,25+ meses,Mes a mes,Transferencia,Internet fibra,Litoral,Hogar,66.66,0.07,1,0,No,4,2913.71,0.0
C00122,2022-02-03,2023-03-17,2025-12-31,1,Baja,14,13-24 meses,Mes a mes,Cheque electrónico,Internet estándar,NOA,Hogar,59.43,0.1457,1,1,No,4,710.79,713.16
C00123,2022-02-03,2024-07-20,2025-12-31,1,Baja,30,25+ meses,Mes a mes,Cheque electrónico,Internet fibra,NOA,Hogar,82.04,0.1021,3,0,No,3,2209.91,984.48
C00124,2022-02-03,2023-03-09,2025-12-31,1,Baja,14,13-24 meses,Mes a mes,Débito automático,Telefonía móvil,Cuyo,PyME,98.15,0.0973,2,0,Sí,3,1240.4,1177.8
C00125,2022-02-03,2022-08-03,2025-12-31,1,Baja,7,7-12 meses,Mes a mes,Cheque electrónico,Internet estándar,Patagonia,Profesional,80.88,0.0529,4,0,No,2,536.21,970.56
C00126,2022-02-03,2022-11-11,2025-12-31,1,Baja,10,7-12 meses,Mes a mes,Cheque electrónico,Internet estándar,Cuyo,Hogar,34.7,0.0487,3,3,No,2,330.1,416.4
C00127,2022-02-03,2023-12-18,2025-12-31,1,Baja,23,13-24 meses,Mes a mes,Tarjeta automática,Telefonía móvil,NOA,Hogar,49.92,0.0662,0,0,Sí,5,1072.15,599.04
C00128,2022-02-03,2023-05-16,2025-12-31,1,Baja,16,13-24 meses,Mes a mes,Transferencia,Internet fibra,Litoral,Hogar,65.03,0.026,1,0,No,4,1013.43,780.36
C00129,2022-02-03,,2025-12-31,0,Activo,47,25+ meses,Anual,Tarjeta automática,Internet fibra,NOA,Hogar,94.26,0.0813,4,0,Sí,3,4070.04,0.0
C00130,2022-02-04,,2025-12-31,0,Activo,47,25+ meses,Dos años,Transferencia,Internet estándar,Cuyo,Hogar,54.99,0.1311,0,0,No,4,2245.7,0.0
C00131,2022-02-04,2022-10-12,2025-12-31,1,Baja,9,7-12 meses,Mes a mes,Tarjeta automática,Telefonía móvil,NOA,PyME,107.61,0.0096,0,0,Sí,3,959.19,1291.32
C00132,2022-02-04,,2025-12-31,0,Activo,47,25+ meses,Dos años,Transferencia,Internet fibra,Patagonia,Hogar,70.28,0.0104,0,0,No,5,3268.81,0.0
C00133,2022-02-04,2022-10-19,2025-12-31,1,Baja,9,7-12 meses,Mes a mes,Débito automático,Telefonía móvil,Patagonia,PyME,121.0,0.0744,2,0,Sí,3,1007.98,1452.0
C00134,2022-02-05,2023-09-15,2025-12-31,1,Baja,20,13-24 meses,Mes a mes,Débito automático,Internet estándar,AMBA,Hogar,70.98,0.0207,0,0,Sí,3,1390.21,851.76
C00135,2022-02-05,,2025-12-31,0,Activo,47,25+ meses,Anual,Tarjeta automática,Internet estándar,Patagonia,Profesional,71.73,0.0418,1,0,Sí,4,3230.39,0.0
C00136,2022-02-05,2025-09-09,2025-12-31,1,Baja,44,25+ meses,Anual,Transferencia,Internet estándar,AMBA,Hogar,61.93,0.1469,1,0,No,3,2324.63,743.16
C00137,2022-02-05,,2025-12-31,0,Activo,47,25+ meses,Dos años,Débito automático,Internet fibra,NOA,Hogar,74.68,0.0423,1,0,Sí,3,3361.49,0.0
C00138,2022-02-05,,2025-12-31,0,Activo,47,25+ meses,Mes a mes,Transferencia,Internet fibra,Centro,Profesional,82.05,0.1055,1,1,No,2,3449.51,0.0
C00139,2022-02-05,,2025-12-31,0,Activo,47,25+ meses,Anual,Débito automático,Streaming,Patagonia,Hogar,37.75,0.0524,1,0,Sí,4,1681.28,0.0
C00140,2022-02-05,2025-02-27,2025-12-31,1,Baja,37,25+ meses,Mes a mes,Tarjeta automática,Internet estándar,Litoral,PyME,93.89,0.0682,0,2,Sí,3,3237.01,1126.68
C00141,2022-02-06,2022-12-20,2025-12-31,1,Baja,11,7-12 meses,Mes a mes,Débito automático,Internet estándar,Cuyo,Profesional,81.41,0.0698,3,0,Sí,2,833.0,976.92
C00142,2022-02-06,2023-06-08,2025-12-31,1,Baja,17,13-24 meses,Mes a mes,Cheque electrónico,Telefonía móvil,NOA,PyME,108.53,0.0862,1,1,No,4,1685.97,1302.36
C00143,2022-02-07,,2025-12-31,0,Activo,47,25+ meses,Dos años,Tarjeta automática,Internet fibra,Cuyo,Profesional,98.59,0.0247,3,0,Sí,2,4519.28,0.0
C00144,2022-02-07,2025-01-18,2025-12-31,1,Baja,36,25+ meses,Mes a mes,Transferencia,Internet estándar,AMBA,Hogar,50.97,0.0855,0,3,No,4,1678.03,611.64
C00145,2022-02-07,2023-01-01,2025-12-31,1,Baja,12,7-12 meses,Anual,Tarjeta automática,Internet estándar,AMBA,Hogar,59.88,0.008,0,0,Sí,4,712.81,718.56
C00146,2022-02-07,,2025-12-31,0,Activo,47,25+ meses,Anual,Transferencia,Internet fibra,NOA,Profesional,99.02,0.0603,3,0,No,3,4373.31,0.0
C00147,2022-02-07,2022-09-14,2025-12-31,1,Baja,8,7-12 meses,Anual,Tarjeta automática,Telefonía móvil,Cuyo,Hogar,37.55,0.0307,1,1,Sí,2,291.18,450.6
C00148,2022-02-08,,2025-12-31,0,Activo,47,25+ meses,Anual,Débito automático,Telefonía móvil,Patagonia,Hogar,25.34,0.165,0,0,Sí,5,994.47,0.0
C00149,2022-02-08,,2025-12-31,0,Activo,47,25+ meses,Dos años,Débito automático,Internet estándar,AMBA,Hogar,59.55,0.0639,0,1,Sí,3,2620.0,0.0
C00150,2022-02-08,2023-02-25,2025-12-31,1,Baja,13,13-24 meses,Mes a mes,Tarjeta automática,Telefonía móvil,AMBA,Profesional,64.03,0.0192,0,1,Sí,5,816.41,768.36
C00151,2022-02-08,,2025-12-31,0,Activo,47,25+ meses,Mes a mes,Débito automático,Internet fibra,NOA,Hogar,108.31,0.0645,2,0,Sí,3,4762.23,0.0
C00152,2022-02-10,,2025-12-31,0,Activo,47,25+ meses,Anual,Débito automático,Telefonía móvil,AMBA,Hogar,40.94,0.0809,2,0,Sí,5,1768.51,0.0
C00153,2022-02-10,,2025-12-31,0,Activo,47,25+ meses,Mes a mes,Débito automático,Telefonía móvil,Patagonia,PyME,100.32,0.0434,0,0,Sí,4,4510.41,0.0
C00154,2022-02-11,2022-06-01,2025-12-31,1,Baja,5,4-6 meses,Mes a mes,Cheque electrónico,Internet fibra,Cuyo,Profesional,99.58,0.1008,1,1,No,4,447.71,1194.96
C00155,2022-02-11,2022-12-22,2025-12-31,1,Baja,11,7-12 meses,Mes a mes,Débito automático,Streaming,Litoral,Hogar,36.16,0.0348,0,0,Sí,3,383.92,433.92
C00156,2022-02-12,2022-10-05,2025-12-31,1,Baja,9,7-12 meses,Mes a mes,Cheque electrónico,Telefonía móvil,AMBA,Hogar,31.36,0.0793,0,0,No,5,259.86,376.32
C00157,2022-02-12,2025-04-07,2025-12-31,1,Baja,39,25+ meses,Mes a mes,Débito automático,Internet estándar,Centro,Profesional,66.15,0.0475,0,1,Sí,4,2457.31,793.8
C00158,2022-02-12,2022-04-25,2025-12-31,1,Baja,3,0-3 meses,Mes a mes,Tarjeta automática,Internet estándar,Patagonia,Hogar,58.1,0.1648,5,0,Sí,1,145.58,697.2
C00159,2022-02-12,,2025-12-31,0,Activo,47,25+ meses,Dos años,Tarjeta automática,Streaming,Litoral,Hogar,25.34,0.0522,0,0,Sí,4,1128.81,0.0
C00160,2022-02-12,2022-09-15,2025-12-31,1,Baja,8,7-12 meses,Mes a mes,Débito automático,Internet fibra,Litoral,Profesional,104.69,0.1365,0,0,Sí,4,723.2,1256.28
C00161,2022-02-13,,2025-12-31,0,Activo,47,25+ meses,Dos años,Débito automático,Internet fibra,NOA,Hogar,79.06,0.0153,0,1,Sí,5,3658.97,0.0
C00162,2022-02-13,2025-11-14,2025-12-31,1,Baja,46,25+ meses,Dos años,Cheque electrónico,Internet fibra,Cuyo,Hogar,82.42,0.0604,1,5,No,2,3562.32,989.04
C00163,2022-02-13,2022-12-24,2025-12-31,1,Baja,11,7-12 meses,Mes a mes,Transferencia,Streaming,Patagonia,Hogar,41.66,0.01,1,1,No,2,453.68,499.92
C00164,2022-02-14,,2025-12-31,0,Activo,47,25+ meses,Anual,Débito automático,Internet estándar,Patagonia,Hogar,46.5,0.0964,0,2,Sí,3,1974.82,0.0
C00165,2022-02-14,,2025-12-31,0,Activo,47,25+ meses,Anual,Débito automático,Internet estándar,Cuyo,Hogar,33.03,0.0873,4,0,Sí,3,1416.88,0.0
C00166,2022-02-14,,2025-12-31,0,Activo,47,25+ meses,Anual,Débito automático,Internet fibra,Centro,Hogar,75.07,0.0764,0,1,Sí,4,3258.73,0.0
C00167,2022-02-14,2022-08-09,2025-12-31,1,Baja,7,7-12 meses,Mes a mes,Transferencia,Internet fibra,Cuyo,PyME,123.92,0.0391,2,1,No,4,833.52,1487.04
C00168,2022-02-14,2024-11-22,2025-12-31,1,Baja,34,25+ meses,Mes a mes,Tarjeta automática,Streaming,NOA,Profesional,23.62,0.0107,0,0,Sí,2,794.49,283.44
C00169,2022-02-14,2025-07-13,2025-12-31,1,Baja,42,25+ meses,Mes a mes,Tarjeta automática,Internet fibra,Centro,Hogar,76.83,0.1315,1,1,Sí,5,2802.53,921.96
C00170,2022-02-15,,2025-12-31,0,Activo,47,25+ meses,Anual,Tarjeta automática,Streaming,Litoral,Hogar,31.19,0.014,0,0,Sí,4,1445.41,0.0
C00171,2022-02-15,,2025-12-31,0,Activo,47,25+ meses,Dos años,Tarjeta automática,Internet estándar,AMBA,Hogar,60.23,0.0478,0,1,Sí,4,2695.5,0.0
C00172,2022-02-15,,2025-12-31,0,Activo,47,25+ meses,Anual,Transferencia,Streaming,Cuyo,Hogar,18.0,0.1197,0,0,No,5,744.73,0.0
C00173,2022-02-15,2023-03-14,2025-12-31,1,Baja,14,13-24 meses,Anual,Tarjeta automática,Internet estándar,NOA,Hogar,49.97,0.0486,2,0,Sí,4,665.58,599.64
C00174,2022-02-15,2022-02-15,2025-12-31,1,Baja,1,0-3 meses,Dos años,Tarjeta automática,Telefonía móvil,Litoral,Hogar,54.41,0.0236,0,0,Sí,5,53.13,652.92
C00175,2022-02-15,,2025-12-31,0,Activo,47,25+ meses,Anual,Cheque electrónico,Internet fibra,Patagonia,Hogar,71.68,0.0673,1,2,No,3,3142.23,0.0
C00176,2022-02-15,2023-07-13,2025-12-31,1,Baja,18,13-24 meses,Mes a mes,Cheque electrónico,Telefonía móvil,Centro,Hogar,47.9,0.0568,0,2,No,2,813.23,574.8
C00177,2022-02-16,,2025-12-31,0,Activo,47,25+ meses,Dos años,Débito automático,Internet fibra,Patagonia,Hogar,95.57,0.0239,2,1,Sí,3,4384.44,0.0
C00178,2022-02-16,2025-08-19,2025-12-31,1,Baja,43,25+ meses,Mes a mes,Débito automático,Internet fibra,NOA,Hogar,57.51,0.1282,0,1,Sí,5,2155.9,690.12
C00179,2022-02-16,,2025-12-31,0,Activo,47,25+ meses,Mes a mes,Transferencia,Internet estándar,NOA,PyME,107.0,0.0532,1,0,No,4,4761.46,0.0
C00180,2022-02-16,2022-06-12,2025-12-31,1,Baja,5,4-6 meses,Mes a mes,Tarjeta automática,Internet fibra,Cuyo,Hogar,90.79,0.0672,2,0,Sí,1,423.44,1089.48
C00181,2022-02-17,,2025-12-31,0,Activo,47,25+ meses,Dos años,Débito automático,Internet estándar,Patagonia,PyME,100.14,0.0349,1,2,Sí,5,4542.32,0.0
C00182,2022-02-17,,2025-12-31,0,Activo,47,25+ meses,Mes a mes,Tarjeta automática,Telefonía móvil,NOA,Hogar,57.25,0.0579,0,1,Sí,4,2534.96,0.0
C00183,2022-02-18,,2025-12-31,0,Activo,47,25+ meses,Mes a mes,Débito automático,Telefonía móvil,Patagonia,Hogar,48.98,0.0384,1,0,Sí,5,2213.66,0.0
C00184,2022-02-18,2024-03-25,2025-12-31,1,Baja,26,25+ meses,Mes a mes,Cheque electrónico,Streaming,NOA,PyME,103.46,0.0474,0,0,No,3,2562.46,1241.52
C00185,2022-02-18,2023-11-25,2025-12-31,1,Baja,22,13-24 meses,Mes a mes,Transferencia,Telefonía móvil,AMBA,Hogar,48.41,0.0967,1,1,No,5,962.03,580.92
C00186,2022-02-19,2024-01-22,2025-12-31,1,Baja,24,13-24 meses,Mes a mes,Cheque electrónico,Internet estándar,Litoral,Hogar,69.38,0.1424,0,3,No,4,1428.01,832.56
C00187,2022-02-19,,2025-12-31,0,Activo,47,25+ meses,Anual,Transferencia,Internet fibra,Patagonia,PyME,136.3,0.0307,0,1,No,4,6209.43,0.0
C00188,2022-02-19,,2025-12-31,0,Activo,47,25+ meses,Dos años,Transferencia,Telefonía móvil,Patagonia,Hogar,26.95,0.0664,1,0,No,5,1182.54,0.0
C00189,2022-02-20,,2025-12-31,0,Activo,47,25+ meses,Mes a mes,Transferencia,Internet fibra,AMBA,PyME,126.06,0.0678,1,1,No,4,5523.12,0.0
C00190,2022-02-20,,2025-12-31,0,Activo,47,25+ meses,Mes a mes,Transferencia,Internet fibra,Litoral,Hogar,89.2,0.0633,0,0,No,5,3927.02,0.0
C00191,2022-02-20,2025-03-04,2025-12-31,1,Baja,38,25+ meses,Mes a mes,Débito automático,Internet fibra,AMBA,Profesional,106.99,0.022,1,0,Sí,4,3976.18,1283.88
C00192,2022-02-20,,2025-12-31,0,Activo,47,25+ meses,Mes a mes,Tarjeta automática,Internet estándar,AMBA,Hogar,45.58,0.0086,1,0,Sí,3,2123.84,0.0
C00193,2022-02-20,,2025-12-31,0,Activo,47,25+ meses,Mes a mes,Débito automático,Internet estándar,AMBA,Hogar,68.85,0.0331,2,0,Sí,5,3128.84,0.0
C00194,2022-02-20,,2025-12-31,0,Activo,47,25+ meses,Anual,Tarjeta automática,Internet fibra,NOA,PyME,129.11,0.0814,0,0,Sí,5,5574.22,0.0
C00195,2022-02-20,,2025-12-31,0,Activo,47,25+ meses,Anual,Débito automático,Streaming,Centro,Hogar,34.08,0.1266,1,0,Sí,3,1398.98,0.0
C00196,2022-02-21,,2025-12-31,0,Activo,47,25+ meses,Mes a mes,Tarjeta automática,Streaming,Cuyo,Profesional,51.78,0.0094,1,0,Sí,4,2410.78,0.0
C00197,2022-02-21,2023-08-16,2025-12-31,1,Baja,19,13-24 meses,Mes a mes,Débito automático,Telefonía móvil,Centro,PyME,82.36,0.0788,0,0,Sí,5,1441.53,988.32
C00198,2022-02-21,2025-01-12,2025-12-31,1,Baja,36,25+ meses,Mes a mes,Tarjeta automática,Internet fibra,NOA,PyME,131.78,0.0228,0,0,Sí,5,4635.91,1581.36
C00199,2022-02-21,2023-10-18,2025-12-31,1,Baja,21,13-24 meses,Mes a mes,Tarjeta automática,Internet fibra,NOA,Hogar,104.18,0.1515,0,0,Sí,5,1856.33,1250.16
C00200,2022-02-21,,2025-12-31,0,Activo,47,25+ meses,Dos años,Débito automático,Streaming,Litoral,Hogar,18.86,0.0416,0,0,Sí,5,849.54,0.0
C00201,2022-02-21,,2025-12-31,0,Activo,47,25+ meses,Anual,Tarjeta automática,Internet fibra,Patagonia,PyME,139.88,0.0971,0,1,Sí,3,5935.99,0.0
C00202,2022-02-21,,2025-12-31,0,Activo,47,25+ meses,Dos años,Cheque electrónico,Internet estándar,AMBA,Hogar,36.3,0.0442,1,0,No,4,1630.69,0.0
C00203,2022-02-22,,2025-12-31,0,Activo,47,25+ meses,Dos años,Débito automático,Streaming,NOA,Hogar,18.74,0.1075,2,0,Sí,4,786.1,0.0
C00204,2022-02-22,,2025-12-31,0,Activo,47,25+ meses,Anual,Débito automático,Telefonía móvil,Cuyo,Hogar,26.44,0.0555,0,1,Sí,4,1173.71,0.0
C00205,2022-02-22,,2025-12-31,0,Activo,47,25+ meses,Dos años,Tarjeta automática,Internet fibra,Cuyo,Hogar,88.35,0.0359,1,0,Sí,4,4003.38,0.0
C00206,2022-02-23,2022-08-22,2025-12-31,1,Baja,7,7-12 meses,Mes a mes,Cheque electrónico,Streaming,Centro,PyME,74.41,0.0038,3,2,No,2,518.89,892.92
C00207,2022-02-23,,2025-12-31,0,Activo,47,25+ meses,Mes a mes,Transferencia,Streaming,NOA,Hogar,42.94,0.0617,0,0,No,4,1893.66,0.0
C00208,2022-02-23,2024-05-05,2025-12-31,1,Baja,28,25+ meses,Mes a mes,Débito automático,Telefonía móvil,Centro,Profesional,54.16,0.1344,2,0,Sí,3,1312.67,649.92
C00209,2022-02-23,2024-02-15,2025-12-31,1,Baja,25,25+ meses,Mes a mes,Tarjeta automática,Internet estándar,NOA,Hogar,50.41,0.0309,2,1,Sí,3,1221.31,604.92
C00210,2022-02-23,2025-12-13,2025-12-31,1,Baja,47,25+ meses,Mes a mes,Transferencia,Streaming,Patagonia,Hogar,33.53,0.0803,0,0,No,4,1449.36,402.36
C00211,2022-02-23,2022-03-03,2025-12-31,1,Baja,2,0-3 meses,Mes a mes,Cheque electrónico,Streaming,Patagonia,Hogar,18.0,0.0352,2,1,No,2,34.73,216.0
C00212,2022-02-25,2024-01-18,2025-12-31,1,Baja,24,13-24 meses,Anual,Débito automático,Internet fibra,AMBA,PyME,135.24,0.0279,0,0,Sí,5,3155.2,1622.88
C00213,2022-02-25,,2025-12-31,0,Activo,47,25+ meses,Anual,Tarjeta automática,Streaming,Patagonia,Hogar,32.85,0.0151,0,3,Sí,5,1520.64,0.0
C00214,2022-02-25,2023-06-21,2025-12-31,1,Baja,17,13-24 meses,Anual,Tarjeta automática,Streaming,NOA,Hogar,41.54,0.061,2,0,Sí,3,663.1,498.48
C00215,2022-02-25,2023-01-09,2025-12-31,1,Baja,12,7-12 meses,Mes a mes,Tarjeta automática,Internet fibra,Cuyo,Hogar,67.45,0.0683,1,0,Sí,5,754.12,809.4
C00216,2022-02-26,,2025-12-31,0,Activo,47,25+ meses,Anual,Transferencia,Internet estándar,Cuyo,Hogar,40.01,0.1016,0,1,No,5,1689.41,0.0
C00217,2022-02-26,2023-02-24,2025-12-31,1,Baja,13,13-24 meses,Mes a mes,Cheque electrónico,Internet estándar,AMBA,Hogar,56.26,0.0327,2,1,No,4,707.46,675.12
C00218,2022-02-26,2022-08-18,2025-12-31,1,Baja,7,7-12 meses,Mes a mes,Cheque electrónico,Telefonía móvil,Cuyo,Hogar,57.54,0.1191,3,0,No,3,354.81,690.48
C00219,2022-02-27,,2025-12-31,0,Activo,47,25+ meses,Mes a mes,Cheque electrónico,Internet fibra,Patagonia,Hogar,71.48,0.0068,0,1,No,5,3336.71,0.0
C00220,2022-02-27,,2025-12-31,0,Activo,47,25+ meses,Mes a mes,Tarjeta automática,Internet estándar,Centro,Hogar,35.41,0.0129,0,1,Sí,3,1642.8,0.0
C00221,2022-02-27,,2025-12-31,0,Activo,47,25+ meses,Mes a mes,Cheque electrónico,Internet fibra,Patagonia,Hogar,74.52,0.0505,0,2,No,4,3325.57,0.0
C00222,2022-02-27,2025-11-11,2025-12-31,1,Baja,46,25+ meses,Anual,Débito automático,Streaming,AMBA,Profesional,35.85,0.0067,1,1,Sí,2,1638.05,430.2
C00223,2022-02-27,,2025-12-31,0,Activo,47,25+ meses,Anual,Débito automático,Streaming,Patagonia,Profesional,51.38,0.0307,0,0,Sí,3,2340.72,0.0
C00224,2022-02-28,,2025-12-31,0,Activo,47,25+ meses,Anual,Transferencia,Internet estándar,Litoral,Profesional,55.12,0.081,1,0,No,5,2380.8,0.0
C00225,2022-02-28,,2025-12-31,0,Activo,47,25+ meses,Mes a mes,Tarjeta automática,Internet estándar,Centro,Profesional,77.7,0.0268,0,0,Sí,5,3554.03,0.0
C00226,2022-02-28,2022-06-03,2025-12-31,1,Baja,5,4-6 meses,Anual,Cheque electrónico,Internet estándar,Cuyo,Hogar,51.34,0.0983,1,1,No,3,231.47,616.08
C00227,2022-02-28,,2025-12-31,0,Activo,47,25+ meses,Anual,Cheque electrónico,Internet estándar,Centro,Hogar,60.05,0.0507,0,0,No,4,2679.26,0.0
C00228,2022-02-28,2022-12-05,2025-12-31,1,Baja,11,7-12 meses,Mes a mes,Transferencia,Streaming,Litoral,Hogar,18.0,0.0467,1,0,No,3,188.75,216.0
C00229,2022-02-28,2024-06-08,2025-12-31,1,Baja,29,25+ meses,Anual,Cheque electrónico,Internet fibra,Litoral,Hogar,58.66,0.0121,3,0,No,2,1680.56,703.92
C00230,2022-03-01,,2025-12-31,0,Activo,46,25+ meses,Mes a mes,Débito automático,Telefonía móvil,Litoral,Profesional,74.22,0.0432,1,0,Sí,3,3266.63,0.0
C00231,2022-03-01,,2025-12-31,0,Activo,46,25+ meses,Mes a mes,Tarjeta automática,Streaming,Centro,Hogar,21.09,0.0445,1,0,Sí,1,926.97,0.0
C00232,2022-03-01,2023-10-14,2025-12-31,1,Baja,20,13-24 meses,Mes a mes,Cheque electrónico,Telefonía móvil,Centro,Hogar,25.87,0.071,2,0,No,4,480.66,310.44
C00233,2022-03-02,2022-11-02,2025-12-31,1,Baja,9,7-12 meses,Mes a mes,Transferencia,Internet fibra,Patagonia,Hogar,75.77,0.1719,1,0,No,4,564.71,909.24
C00234,2022-03-02,2022-04-25,2025-12-31,1,Baja,2,0-3 meses,Mes a mes,Cheque electrónico,Internet estándar,Cuyo,Hogar,51.67,0.0831,0,1,No,4,94.75,620.04
C00235,2022-03-02,,2025-12-31,0,Activo,46,25+ meses,Mes a mes,Tarjeta automática,Internet fibra,Cuyo,Hogar,76.26,0.0303,1,0,Sí,4,3401.67,0.0
C00236,2022-03-02,2023-09-07,2025-12-31,1,Baja,19,13-24 meses,Mes a mes,Tarjeta automática,Telefonía móvil,Centro,Hogar,47.15,0.0912,2,0,Sí,3,814.15,565.8
C00237,2022-03-03,,2025-12-31,0,Activo,46,25+ meses,Dos años,Débito automático,Streaming,NOA,Hogar,32.66,0.0456,3,0,Sí,3,1433.85,0.0
C00238,2022-03-03,2024-01-03,2025-12-31,1,Baja,23,13-24 meses,Mes a mes,Transferencia,Streaming,Centro,PyME,87.08,0.0727,1,0,No,4,1857.23,1044.96
C00239,2022-03-03,2022-04-21,2025-12-31,1,Baja,2,0-3 meses,Mes a mes,Cheque electrónico,Streaming,Patagonia,Profesional,61.83,0.0321,0,0,No,5,119.69,741.96
C00240,2022-03-04,2024-10-12,2025-12-31,1,Baja,32,25+ meses,Mes a mes,Cheque electrónico,Internet fibra,Patagonia,Hogar,77.84,0.0557,0,1,No,3,2352.14,934.08
C00241,2022-03-04,,2025-12-31,0,Activo,46,25+ meses,Dos años,Tarjeta automática,Streaming,Centro,Profesional,46.52,0.0855,3,0,Sí,3,1956.96,0.0
C00242,2022-03-04,2023-04-21,2025-12-31,1,Baja,14,13-24 meses,Mes a mes,Débito automático,Telefonía móvil,AMBA,Hogar,50.83,0.0225,0,2,Sí,3,695.61,609.96
C00243,2022-03-04,,2025-12-31,0,Activo,46,25+ meses,Dos años,Tarjeta automática,Internet fibra,Centro,Hogar,84.08,0.0042,3,1,Sí,1,3851.44,0.0
C00244,2022-03-05,2024-01-03,2025-12-31,1,Baja,23,13-24 meses,Mes a mes,Tarjeta automática,Telefonía móvil,Centro,Hogar,32.07,0.0527,4,1,Sí,1,698.74,384.84
C00245,2022-03-05,2024-04-04,2025-12-31,1,Baja,26,25+ meses,Mes a mes,Débito automático,Telefonía móvil,Patagonia,Hogar,40.99,0.0831,1,0,Sí,2,977.18,491.88
C00246,2022-03-05,2025-06-01,2025-12-31,1,Baja,40,25+ meses,Mes a mes,Transferencia,Telefonía móvil,Litoral,Hogar,46.82,0.0565,0,0,No,5,1766.99,561.84
C00247,2022-03-06,2022-08-07,2025-12-31,1,Baja,6,4-6 meses,Mes a mes,Débito automático,Telefonía móvil,Cuyo,Hogar,35.54,0.0416,2,1,Sí,2,204.37,426.48
C00248,2022-03-06,,2025-12-31,0,Activo,46,25+ meses,Anual,Débito automático,Internet fibra,Cuyo,Profesional,90.07,0.1242,2,0,Sí,4,3628.63,0.0
C00249,2022-03-06,,2025-12-31,0,Activo,46,25+ meses,Dos años,Transferencia,Streaming,NOA,Hogar,18.0,0.0561,0,0,No,5,781.55,0.0
C00250,2022-03-06,2022-04-03,2025-12-31,1,Baja,2,0-3 meses,Mes a mes,Cheque electrónico,Internet fibra,NOA,Hogar,46.29,0.0069,0,3,No,3,91.94,555.48
C00251,2022-03-06,,2025-12-31,0,Activo,46,25+ meses,Dos años,Tarjeta automática,Streaming,AMBA,Hogar,24.89,0.0623,1,0,Sí,4,1073.61,0.0
C00252,2022-03-06,2022-03-10,2025-12-31,1,Baja,1,0-3 meses,Mes a mes,Débito automático,Internet fibra,NOA,Profesional,97.4,0.0786,0,0,Sí,5,89.74,1168.8
C00253,2022-03-06,,2025-12-31,0,Activo,46,25+ meses,Mes a mes,Transferencia,Telefonía móvil,Cuyo,Hogar,29.95,0.0948,0,0,No,5,1247.09,0.0
C00254,2022-03-06,,2025-12-31,0,Activo,46,25+ meses,Mes a mes,Transferencia,Internet fibra,Patagonia,Hogar,93.16,0.0388,0,0,No,4,4119.09,0.0
C00255,2022-03-07,2022-03-25,2025-12-31,1,Baja,1,0-3 meses,Mes a mes,Cheque electrónico,Internet fibra,NOA,Hogar,66.49,0.0597,0,1,No,3,62.52,797.88
C00256,2022-03-07,2023-06-01,2025-12-31,1,Baja,16,13-24 meses,Anual,Tarjeta automática,Internet fibra,Litoral,Hogar,88.04,0.0247,2,1,Sí,3,1373.85,1056.48
C00257,2022-03-07,,2025-12-31,0,Activo,46,25+ meses,Mes a mes,Débito automático,Streaming,Litoral,Hogar,33.61,0.1216,1,0,Sí,4,1358.06,0.0
C00258,2022-03-07,,2025-12-31,0,Activo,46,25+ meses,Mes a mes,Cheque electrónico,Internet fibra,Cuyo,Profesional,119.94,0.0187,1,1,No,5,5414.07,0.0
C00259,2022-03-07,,2025-12-31,0,Activo,46,25+ meses,Mes a mes,Débito automático,Internet fibra,AMBA,Hogar,83.94,0.0556,1,0,Sí,3,3646.56,0.0
C00260,2022-03-08,,2025-12-31,0,Activo,46,25+ meses,Mes a mes,Débito automático,Internet fibra,AMBA,Hogar,62.09,0.068,0,0,Sí,5,2661.92,0.0
C00261,2022-03-08,2022-09-27,2025-12-31,1,Baja,7,7-12 meses,Mes a mes,Cheque electrónico,Internet fibra,Cuyo,Profesional,107.6,0.0072,0,0,No,4,747.78,1291.2
C00262,2022-03-08,,2025-12-31,0,Activo,46,25+ meses,Anual,Tarjeta automática,Telefonía móvil,Patagonia,Profesional,78.67,0.0438,0,1,Sí,5,3460.32,0.0
C00263,2022-03-09,2023-01-05,2025-12-31,1,Baja,11,7-12 meses,Mes a mes,Transferencia,Internet estándar,Cuyo,Hogar,29.51,0.0743,2,0,No,3,300.49,354.12
C00264,2022-03-09,,2025-12-31,0,Activo,46,25+ meses,Mes a mes,Cheque electrónico,Internet fibra,Cuyo,Hogar,85.03,0.0645,0,0,No,4,3659.1,0.0
C00265,2022-03-09,2022-09-06,2025-12-31,1,Baja,7,7-12 meses,Mes a mes,Tarjeta automática,Internet fibra,Litoral,PyME,142.46,0.1001,0,0,Sí,4,897.4,1709.52
C00266,2022-03-09,,2025-12-31,0,Activo,46,25+ meses,Mes a mes,Transferencia,Internet fibra,Centro,Hogar,75.66,0.0453,0,0,No,4,3322.7,0.0
C00267,2022-03-11,2024-12-12,2025-12-31,1,Baja,34,25+ meses,Mes a mes,Débito automático,Internet estándar,Cuyo,Hogar,22.36,0.1161,2,0,Sí,3,671.98,268.32
C00268,2022-03-11,2024-04-22,2025-12-31,1,Baja,26,25+ meses,Anual,Cheque electrónico,Internet fibra,Litoral,Hogar,74.74,0.0764,1,2,No,3,1794.78,896.88
C00269,2022-03-11,,2025-12-31,0,Activo,46,25+ meses,Dos años,Cheque electrónico,Internet fibra,NOA,Hogar,71.61,0.075,1,1,No,3,3047.01,0.0
C00270,2022-03-11,2022-11-11,2025-12-31,1,Baja,9,7-12 meses,Mes a mes,Cheque electrónico,Internet fibra,Patagonia,Hogar,94.83,0.0488,0,0,No,4,811.82,1137.96
C00271,2022-03-12,,2025-12-31,0,Activo,46,25+ meses,Dos años,Tarjeta automática,Internet estándar,Patagonia,PyME,103.03,0.0806,0,0,Sí,5,4357.39,0.0
C00272,2022-03-12,,2025-12-31,0,Activo,46,25+ meses,Anual,Transferencia,Streaming,Litoral,Hogar,24.46,0.0081,2,0,No,3,1116.05,0.0
C00273,2022-03-12,2024-08-12,2025-12-31,1,Baja,30,25+ meses,Anual,Cheque electrónico,Internet fibra,Patagonia,Hogar,71.55,0.085,4,0,No,1,1964.05,858.6
C00274,2022-03-12,,2025-12-31,0,Activo,46,25+ meses,Anual,Transferencia,Streaming,AMBA,Hogar,32.58,0.0675,0,1,No,3,1397.52,0.0
C00275,2022-03-12,,2025-12-31,0,Activo,46,25+ meses,Anual,Transferencia,Streaming,AMBA,Hogar,29.63,0.0038,0,0,No,5,1357.8,0.0
C00276,2022-03-12,,2025-12-31,0,Activo,46,25+ meses,Anual,Tarjeta automática,Telefonía móvil,NOA,Profesional,51.31,0.0651,0,2,Sí,4,2206.61,0.0
C00277,2022-03-13,2022-09-09,2025-12-31,1,Baja,7,7-12 meses,Mes a mes,Cheque electrónico,Internet fibra,Litoral,PyME,135.9,0.063,2,2,No,4,891.37,1630.8
C00278,2022-03-13,,2025-12-31,0,Activo,46,25+ meses,Mes a mes,Tarjeta automática,Telefonía móvil,AMBA,Profesional,53.87,0.0398,0,0,Sí,4,2379.39,0.0
C00279,2022-03-13,2024-05-09,2025-12-31,1,Baja,27,25+ meses,Mes a mes,Débito automático,Telefonía móvil,Cuyo,PyME,68.49,0.0436,0,1,Sí,4,1768.6,821.88
C00280,2022-03-13,2022-06-15,2025-12-31,1,Baja,4,4-6 meses,Mes a mes,Cheque electrónico,Telefonía móvil,NOA,Hogar,49.35,0.0138,3,3,No,2,194.68,592.2
C00281,2022-03-14,,2025-12-31,0,Activo,46,25+ meses,Anual,Cheque electrónico,Telefonía móvil,AMBA,Hogar,48.31,0.0222,2,2,No,3,2172.93,0.0
C00282,2022-03-14,2022-03-08,2025-12-31,1,Baja,1,0-3 meses,Mes a mes,Cheque electrónico,Internet fibra,Cuyo,Hogar,80.2,0.0391,3,0,No,4,77.06,962.4
C00283,2022-03-14,,2025-12-31,0,Activo,46,25+ meses,Mes a mes,Débito automático,Telefonía móvil,NOA,Profesional,55.13,0.0483,0,1,Sí,2,2413.49,0.0
C00284,2022-03-14,,2025-12-31,0,Activo,46,25+ meses,Mes a mes,Tarjeta automática,Telefonía móvil,NOA,Hogar,41.21,0.0365,0,0,Sí,5,1826.47,0.0
C00285,2022-03-14,,2025-12-31,0,Activo,46,25+ meses,Mes a mes,Débito automático,Internet fibra,Cuyo,Hogar,87.01,0.0709,0,0,Sí,3,3718.69,0.0
C00286,2022-03-14,,2025-12-31,0,Activo,46,25+ meses,Anual,Tarjeta automática,Internet fibra,NOA,Hogar,71.05,0.1106,0,1,Sí,4,2906.83,0.0
C00287,2022-03-14,,2025-12-31,0,Activo,46,25+ meses,Anual,Cheque electrónico,Telefonía móvil,Patagonia,Hogar,51.46,0.07,0,1,No,3,2201.46,0.0
C00288,2022-03-14,2025-06-20,2025-12-31,1,Baja,40,25+ meses,Mes a mes,Débito automático,Internet fibra,Cuyo,Hogar,61.78,0.0234,0,2,Sí,4,2413.37,741.36
C00289,2022-03-15,2022-04-06,2025-12-31,1,Baja,2,0-3 meses,Mes a mes,Débito automático,Telefonía móvil,Patagonia,PyME,98.85,0.0357,0,1,Sí,3,190.64,1186.2
C00290,2022-03-15,2022-08-24,2025-12-31,1,Baja,6,4-6 meses,Mes a mes,Tarjeta automática,Internet estándar,Patagonia,Hogar,49.28,0.0372,0,0,Sí,3,284.68,591.36
C00291,2022-03-15,2022-04-09,2025-12-31,1,Baja,2,0-3 meses,Mes a mes,Débito automático,Streaming,Centro,Hogar,40.03,0.1052,1,0,Sí,3,71.64,480.36
C00292,2022-03-15,,2025-12-31,0,Activo,46,25+ meses,Anual,Cheque electrónico,Internet fibra,AMBA,Hogar,67.89,0.076,1,2,No,4,2885.6,0.0
C00293,2022-03-15,,2025-12-31,0,Activo,46,25+ meses,Anual,Transferencia,Streaming,Patagonia,Hogar,20.09,0.1674,1,0,No,4,769.44,0.0
C00294,2022-03-15,,2025-12-31,0,Activo,46,25+ meses,Mes a mes,Tarjeta automática,Internet estándar,AMBA,Hogar,33.66,0.1344,1,1,Sí,5,1340.26,0.0
C00295,2022-03-16,2024-10-10,2025-12-31,1,Baja,32,25+ meses,Mes a mes,Tarjeta automática,Telefonía móvil,Patagonia,Hogar,35.77,0.0438,0,0,Sí,3,1094.5,429.24
C00296,2022-03-16,,2025-12-31,0,Activo,46,25+ meses,Dos años,Débito automático,Internet fibra,Cuyo,Hogar,80.81,0.0376,0,0,Sí,5,3577.49,0.0
C00297,2022-03-16,,2025-12-31,0,Activo,46,25+ meses,Anual,Tarjeta automática,Internet fibra,Patagonia,Hogar,58.22,0.0589,0,0,Sí,5,2520.38,0.0
C00298,2022-03-16,,2025-12-31,0,Activo,46,25+ meses,Mes a mes,Cheque electrónico,Internet fibra,Litoral,Profesional,91.13,0.0189,1,0,No,3,4112.75,0.0
C00299,2022-03-17,2023-10-10,2025-12-31,1,Baja,20,13-24 meses,Mes a mes,Transferencia,Internet fibra,AMBA,Hogar,84.72,0.0785,0,1,No,4,1561.39,1016.64
C00300,2022-03-17,2023-07-10,2025-12-31,1,Baja,17,13-24 meses,Mes a mes,Tarjeta automática,Telefonía móvil,AMBA,Profesional,58.87,0.0503,2,0,Sí,3,950.45,706.44
C00301,2022-03-17,,2025-12-31,0,Activo,46,25+ meses,Dos años,Cheque electrónico,Internet fibra,Litoral,Profesional,96.83,0.0351,0,1,No,5,4297.84,0.0
C00302,2022-03-18,2022-06-16,2025-12-31,1,Baja,4,4-6 meses,Mes a mes,Débito automático,Internet fibra,Litoral,Hogar,61.43,0.0092,0,1,Sí,5,243.46,737.16
C00303,2022-03-18,2024-11-04,2025-12-31,1,Baja,33,25+ meses,Mes a mes,Tarjeta automática,Telefonía móvil,AMBA,Hogar,40.9,0.1059,3,0,Sí,2,1206.77,490.8
C00304,2022-03-19,,2025-12-31,0,Activo,46,25+ meses,Dos años,Débito automático,Internet fibra,NOA,Hogar,78.32,0.0117,2,0,Sí,2,3560.57,0.0
C00305,2022-03-19,,2025-12-31,0,Activo,46,25+ meses,Anual,Tarjeta automática,Internet fibra,Centro,Hogar,76.2,0.0442,3,1,Sí,2,3350.27,0.0
C00306,2022-03-19,2022-08-03,2025-12-31,1,Baja,6,4-6 meses,Mes a mes,Débito automático,Streaming,NOA,Hogar,30.68,0.0368,1,1,Sí,5,177.31,368.16
C00307,2022-03-20,2025-03-03,2025-12-31,1,Baja,37,25+ meses,Mes a mes,Cheque electrónico,Internet estándar,AMBA,Hogar,45.6,0.024,0,0,No,5,1646.71,547.2
C00308,2022-03-20,,2025-12-31,0,Activo,46,25+ meses,Mes a mes,Cheque electrónico,Telefonía móvil,Centro,PyME,91.98,0.0449,1,0,No,4,4041.1,0.0
C00309,2022-03-20,,2025-12-31,0,Activo,46,25+ meses,Anual,Débito automático,Streaming,Litoral,PyME,72.56,0.0479,0,0,Sí,5,3177.88,0.0
C00310,2022-03-21,,2025-12-31,0,Activo,46,25+ meses,Mes a mes,Transferencia,Internet fibra,Litoral,Hogar,88.72,0.0679,1,2,No,4,3804.01,0.0
C00311,2022-03-21,,2025-12-31,0,Activo,46,25+ meses,Dos años,Tarjeta automática,Streaming,Litoral,Profesional,33.51,0.062,0,0,Sí,5,1445.89,0.0
C00312,2022-03-21,2025-03-02,2025-12-31,1,Baja,37,25+ meses,Dos años,Débito automático,Telefonía móvil,Centro,PyME,98.74,0.126,2,1,Sí,3,3193.05,1184.88
C00313,2022-03-21,,2025-12-31,0,Activo,46,25+ meses,Mes a mes,Tarjeta automática,Internet estándar,Centro,Hogar,68.95,0.0926,1,0,Sí,3,2878.0,0.0
C00314,2022-03-21,,2025-12-31,0,Activo,46,25+ meses,Anual,Débito automático,Streaming,Centro,Hogar,41.12,0.0268,0,1,Sí,4,1840.83,0.0
C00315,2022-03-21,2024-12-11,2025-12-31,1,Baja,34,25+ meses,Mes a mes,Tarjeta automática,Internet estándar,Cuyo,Hogar,54.6,0.0598,1,0,Sí,5,1745.39,655.2
C00316,2022-03-22,2022-07-20,2025-12-31,1,Baja,5,4-6 meses,Mes a mes,Cheque electrónico,Internet estándar,NOA,PyME,106.75,0.0169,6,1,No,2,524.73,1281.0
C00317,2022-03-22,,2025-12-31,0,Activo,46,25+ meses,Anual,Cheque electrónico,Streaming,Cuyo,Profesional,45.59,0.045,0,2,No,3,2002.77,0.0
C00318,2022-03-22,2022-05-11,2025-12-31,1,Baja,3,0-3 meses,Mes a mes,Débito automático,Internet fibra,NOA,Hogar,68.09,0.0448,1,1,Sí,3,195.12,817.08
C00319,2022-03-22,,2025-12-31,0,Activo,46,25+ meses,Mes a mes,Transferencia,Internet estándar,Centro,Profesional,64.21,0.0125,0,0,No,3,2916.74,0.0
C00320,2022-03-23,,2025-12-31,0,Activo,46,25+ meses,Mes a mes,Tarjeta automática,Internet fibra,Centro,Hogar,84.32,0.0371,0,0,Sí,5,3734.82,0.0
C00321,2022-03-23,2022-06-10,2025-12-31,1,Baja,4,4-6 meses,Mes a mes,Transferencia,Streaming,AMBA,Hogar,33.29,0.0954,1,0,No,4,120.46,399.48
C00322,2022-03-23,,2025-12-31,0,Activo,46,25+ meses,Mes a mes,Tarjeta automática,Streaming,Centro,Hogar,37.68,0.0779,0,0,Sí,4,1598.26,0.0
C00323,2022-03-23,,2025-12-31,0,Activo,46,25+ meses,Anual,Tarjeta automática,Internet estándar,Centro,Profesional,80.42,0.0377,2,3,Sí,2,3559.86,0.0
C00324,2022-03-23,,2025-12-31,0,Activo,46,25+ meses,Anual,Transferencia,Internet fibra,Cuyo,Hogar,76.26,0.1534,0,0,No,4,2969.84,0.0
C00325,2022-03-23,2024-03-10,2025-12-31,1,Baja,25,25+ meses,Anual,Débito automático,Telefonía móvil,Patagonia,Hogar,44.11,0.1007,1,1,Sí,4,991.7,529.32
C00326,2022-03-24,,2025-12-31,0,Activo,46,25+ meses,Dos años,Débito automático,Internet estándar,Cuyo,Profesional,46.11,0.0826,1,0,Sí,5,1945.86,0.0
C00327,2022-03-24,2022-08-16,2025-12-31,1,Baja,6,4-6 meses,Mes a mes,Débito automático,Internet fibra,Patagonia,Hogar,102.82,0.0214,3,0,Sí,2,603.72,1233.84
C00328,2022-03-25,,2025-12-31,0,Activo,46,25+ meses,Dos años,Tarjeta automática,Internet fibra,AMBA,Profesional,91.45,0.0309,1,2,Sí,2,4076.71,0.0
C00329,2022-03-25,,2025-12-31,0,Activo,46,25+ meses,Mes a mes,Tarjeta automática,Internet estándar,NOA,Hogar,56.17,0.0257,0,0,Sí,4,2517.42,0.0
C00330,2022-03-25,,2025-12-31,0,Activo,46,25+ meses,Mes a mes,Transferencia,Internet fibra,AMBA,Hogar,73.44,0.0084,1,1,No,5,3349.86,0.0
C00331,2022-03-25,,2025-12-31,0,Activo,46,25+ meses,Dos años,Transferencia,Telefonía móvil,AMBA,Hogar,37.18,0.0619,0,0,No,5,1604.41,0.0
C00332,2022-03-25,2023-07-22,2025-12-31,1,Baja,17,13-24 meses,Mes a mes,Tarjeta automática,Streaming,Cuyo,PyME,81.39,0.0187,1,1,Sí,5,1357.76,976.68
C00333,2022-03-25,,2025-12-31,0,Activo,46,25+ meses,Mes a mes,Débito automático,Internet fibra,Litoral,PyME,119.3,0.094,0,0,Sí,4,4971.95,0.0
C00334,2022-03-26,2025-05-08,2025-12-31,1,Baja,39,25+ meses,Mes a mes,Transferencia,Internet estándar,Centro,Hogar,21.72,0.0659,4,0,No,3,791.26,260.64
C00335,2022-03-26,2024-11-09,2025-12-31,1,Baja,33,25+ meses,Mes a mes,Transferencia,Internet fibra,AMBA,Profesional,108.76,0.0896,0,1,No,4,3267.5,1305.12
C00336,2022-03-26,2023-03-23,2025-12-31,1,Baja,13,13-24 meses,Mes a mes,Cheque electrónico,Internet fibra,NOA,Profesional,102.0,0.0343,3,2,No,2,1280.52,1224.0
C00337,2022-03-26,2023-02-13,2025-12-31,1,Baja,12,7-12 meses,Mes a mes,Débito automático,Streaming,Patagonia,Hogar,18.93,0.07,1,1,Sí,4,211.26,227.16
C00338,2022-03-26,,2025-12-31,0,Activo,46,25+ meses,Dos años,Débito automático,Internet fibra,Patagonia,Hogar,82.97,0.1042,2,0,Sí,4,3418.93,0.0
C00339,2022-03-27,2023-01-15,2025-12-31,1,Baja,11,7-12 meses,Mes a mes,Débito automático,Telefonía móvil,Centro,Profesional,69.06,0.0396,2,0,Sí,4,729.58,828.72
C00340,2022-03-27,,2025-12-31,0,Activo,46,25+ meses,Mes a mes,Débito automático,Internet estándar,Litoral,Hogar,41.38,0.0705,1,0,Sí,4,1769.28,0.0
C00341,2022-03-27,2022-06-25,2025-12-31,1,Baja,4,4-6 meses,Mes a mes,Tarjeta automática,Internet fibra,Patagonia,PyME,137.53,0.0689,3,0,Sí,3,512.22,1650.36
C00342,2022-03-27,,2025-12-31,0,Activo,46,25+ meses,Anual,Tarjeta automática,Telefonía móvil,Cuyo,Hogar,53.07,0.0987,1,1,Sí,3,2200.27,0.0
C00343,2022-03-28,2025-06-22,2025-12-31,1,Baja,40,25+ meses,Mes a mes,Cheque electrónico,Internet estándar,Centro,PyME,88.18,0.0448,0,1,No,3,3369.18,1058.16
C00344,2022-03-28,,2025-12-31,0,Activo,46,25+ meses,Mes a mes,Tarjeta automática,Internet fibra,Patagonia,PyME,138.87,0.0433,2,1,Sí,2,6111.42,0.0
C00345,2022-03-28,2022-10-25,2025-12-31,1,Baja,8,7-12 meses,Mes a mes,Transferencia,Internet estándar,NOA,Hogar,53.01,0.0153,4,1,No,3,417.59,636.12
C00346,2022-03-28,,2025-12-31,0,Activo,46,25+ meses,Anual,Débito automático,Telefonía móvil,AMBA,Hogar,62.68,0.0347,0,1,Sí,3,2783.23,0.0
C00347,2022-03-28,,2025-12-31,0,Activo,46,25+ meses,Anual,Débito automático,Internet estándar,Patagonia,Hogar,55.13,0.007,3,1,Sí,2,2518.23,0.0
C00348,2022-03-28,,2025-12-31,0,Activo,46,25+ meses,Anual,Cheque electrónico,Internet estándar,NOA,PyME,99.48,0.0773,0,1,No,4,4222.35,0.0
C00349,2022-03-28,2023-02-02,2025-12-31,1,Baja,12,7-12 meses,Anual,Transferencia,Internet estándar,Litoral,Hogar,45.75,0.0102,3,0,No,3,543.4,549.0
C00350,2022-03-28,,2025-12-31,0,Activo,46,25+ meses,Mes a mes,Tarjeta automática,Internet fibra,AMBA,Hogar,100.26,0.0781,1,0,Sí,3,4251.77,0.0
C00351,2022-03-28,2024-02-09,2025-12-31,1,Baja,24,13-24 meses,Mes a mes,Transferencia,Internet fibra,Patagonia,Profesional,92.1,0.1385,1,0,No,2,1904.26,1105.2
C00352,2022-03-29,2024-10-05,2025-12-31,1,Baja,32,25+ meses,Mes a mes,Débito automático,Internet estándar,NOA,Hogar,55.45,0.1137,0,0,Sí,4,1572.65,665.4
C00353,2022-03-29,2022-06-05,2025-12-31,1,Baja,4,4-6 meses,Mes a mes,Débito automático,Telefonía móvil,Centro,Hogar,39.38,0.0389,2,0,Sí,4,151.39,472.56
C00354,2022-03-29,,2025-12-31,0,Activo,46,25+ meses,Mes a mes,Transferencia,Streaming,AMBA,Hogar,40.89,0.0225,0,2,No,5,1838.62,0.0
C00355,2022-03-29,2023-05-16,2025-12-31,1,Baja,15,13-24 meses,Mes a mes,Transferencia,Internet fibra,Centro,PyME,145.44,0.0919,3,0,No,2,1981.11,1745.28
C00356,2022-03-29,2025-05-17,2025-12-31,1,Baja,39,25+ meses,Mes a mes,Débito automático,Internet estándar,Patagonia,Hogar,48.75,0.019,0,0,Sí,4,1865.13,585.0
C00357,2022-03-29,2022-04-13,2025-12-31,1,Baja,2,0-3 meses,Mes a mes,Cheque electrónico,Internet fibra,Litoral,PyME,128.53,0.0235,0,4,No,4,251.02,1542.36
C00358,2022-03-29,2022-10-14,2025-12-31,1,Baja,8,7-12 meses,Mes a mes,Transferencia,Internet fibra,AMBA,Hogar,73.26,0.064,0,1,No,5,548.57,879.12
C00359,2022-03-30,2024-10-18,2025-12-31,1,Baja,32,25+ meses,Anual,Transferencia,Streaming,Litoral,PyME,65.0,0.0747,0,0,No,5,1924.62,780.0
C00360,2022-03-31,2023-08-11,2025-12-31,1,Baja,18,13-24 meses,Anual,Tarjeta automática,Internet fibra,Patagonia,Hogar,79.11,0.142,2,0,Sí,4,1221.77,949.32
C00361,2022-04-01,,2025-12-31,0,Activo,45,25+ meses,Mes a mes,Tarjeta automática,Telefonía móvil,Centro,Hogar,42.88,0.0317,0,0,Sí,5,1868.43,0.0
C00362,2022-04-01,,2025-12-31,0,Activo,45,25+ meses,Mes a mes,Débito automático,Internet estándar,Litoral,Profesional,58.02,0.0511,1,0,Sí,5,2477.48,0.0
C00363,2022-04-02,,2025-12-31,0,Activo,45,25+ meses,Anual,Transferencia,Streaming,Centro,Profesional,26.82,0.0386,3,0,No,3,1160.31,0.0
C00364,2022-04-02,,2025-12-31,0,Activo,45,25+ meses,Anual,Débito automático,Telefonía móvil,AMBA,Hogar,44.27,0.0161,0,3,Sí,3,1960.08,0.0
C00365,2022-04-02,,2025-12-31,0,Activo,45,25+ meses,Mes a mes,Transferencia,Streaming,Cuyo,Hogar,32.66,0.0412,3,0,No,3,1409.15,0.0
C00366,2022-04-03,,2025-12-31,0,Activo,45,25+ meses,Mes a mes,Tarjeta automática,Telefonía móvil,Patagonia,Hogar,46.34,0.0467,1,0,Sí,4,1987.92,0.0
C00367,2022-04-03,,2025-12-31,0,Activo,45,25+ meses,Anual,Transferencia,Telefonía móvil,Patagonia,Hogar,31.11,0.0264,1,0,No,3,1362.99,0.0
C00368,2022-04-04,,2025-12-31,0,Activo,45,25+ meses,Anual,Cheque electrónico,Internet estándar,AMBA,Profesional,71.36,0.0778,0,2,No,5,2961.37,0.0
C00369,2022-04-04,,2025-12-31,0,Activo,45,25+ meses,Mes a mes,Transferencia,Internet fibra,Centro,PyME,131.04,0.0175,0,0,No,4,5793.61,0.0
C00370,2022-04-05,,2025-12-31,0,Activo,45,25+ meses,Mes a mes,Transferencia,Internet fibra,Litoral,Hogar,87.51,0.0276,1,0,No,4,3829.26,0.0
C00371,2022-04-05,,2025-12-31,0,Activo,45,25+ meses,Dos años,Cheque electrónico,Telefonía móvil,Centro,Hogar,31.28,0.0609,0,0,No,4,1321.88,0.0
C00372,2022-04-05,2022-06-13,2025-12-31,1,Baja,3,0-3 meses,Mes a mes,Tarjeta automática,Internet fibra,Centro,Hogar,90.65,0.1689,2,2,Sí,3,226.02,1087.8
C00373,2022-04-05,,2025-12-31,0,Activo,45,25+ meses,Dos años,Transferencia,Telefonía móvil,Cuyo,Hogar,58.61,0.0417,0,0,No,5,2527.47,0.0
C00374,2022-04-05,2025-01-24,2025-12-31,1,Baja,34,25+ meses,Mes a mes,Cheque electrónico,Internet estándar,Patagonia,Hogar,50.28,0.0092,1,1,No,3,1693.79,603.36
C00375,2022-04-06,2022-08-11,2025-12-31,1,Baja,5,4-6 meses,Mes a mes,Débito automático,Streaming,Litoral,Profesional,51.44,0.0896,7,0,Sí,1,234.15,617.28
C00376,2022-04-06,,2025-12-31,0,Activo,45,25+ meses,Mes a mes,Tarjeta automática,Internet estándar,NOA,Hogar,57.62,0.038,0,1,Sí,5,2494.37,0.0
C00377,2022-04-06,2023-04-23,2025-12-31,1,Baja,13,13-24 meses,Mes a mes,Cheque electrónico,Telefonía móvil,AMBA,Hogar,30.72,0.0833,2,1,No,4,366.09,368.64
C00378,2022-04-06,2023-07-18,2025-12-31,1,Baja,16,13-24 meses,Dos años,Tarjeta automática,Internet fibra,Cuyo,Profesional,90.65,0.1288,2,0,Sí,3,1263.59,1087.8
C00379,2022-04-06,2025-06-20,2025-12-31,1,Baja,39,25+ meses,Mes a mes,Débito automático,Internet estándar,Litoral,Hogar,51.03,0.0172,2,1,Sí,3,1955.94,612.36
C00380,2022-04-06,2022-09-12,2025-12-31,1,Baja,6,4-6 meses,Dos años,Tarjeta automática,Telefonía móvil,Patagonia,Hogar,64.3,0.0432,0,0,Sí,4,369.13,771.6
C00381,2022-04-07,2022-06-09,2025-12-31,1,Baja,3,0-3 meses,Mes a mes,Débito automático,Internet fibra,Litoral,Hogar,64.84,0.1095,1,0,Sí,3,173.22,778.08
C00382,2022-04-07,,2025-12-31,0,Activo,45,25+ meses,Dos años,Débito automático,Internet fibra,NOA,Hogar,96.01,0.0376,2,1,Sí,2,4158.0,0.0
C00383,2022-04-07,,2025-12-31,0,Activo,45,25+ meses,Dos años,Débito automático,Telefonía móvil,NOA,Hogar,39.87,0.0596,4,0,Sí,2,1687.22,0.0
C00384,2022-04-07,2022-09-21,2025-12-31,1,Baja,6,4-6 meses,Mes a mes,Cheque electrónico,Telefonía móvil,Patagonia,Hogar,41.62,0.0673,2,2,No,2,232.91,499.44
C00385,2022-04-07,,2025-12-31,0,Activo,45,25+ meses,Mes a mes,Débito automático,Internet fibra,Cuyo,Profesional,109.4,0.0001,1,0,Sí,4,4922.51,0.0
C00386,2022-04-07,,2025-12-31,0,Activo,45,25+ meses,Anual,Débito automático,Streaming,Centro,Hogar,51.24,0.0719,1,1,Sí,5,2140.01,0.0
C00387,2022-04-07,2022-06-19,2025-12-31,1,Baja,3,0-3 meses,Mes a mes,Cheque electrónico,Internet fibra,Litoral,Hogar,82.65,0.0591,8,0,No,1,233.3,991.8
C00388,2022-04-07,,2025-12-31,0,Activo,45,25+ meses,Dos años,Cheque electrónico,Internet fibra,Cuyo,Hogar,90.81,0.075,2,0,No,3,3779.97,0.0
C00389,2022-04-08,2022-10-11,2025-12-31,1,Baja,7,7-12 meses,Mes a mes,Tarjeta automática,Streaming,AMBA,Hogar,18.88,0.039,0,0,Sí,5,127.01,226.56
C00390,2022-04-08,2022-06-23,2025-12-31,1,Baja,3,0-3 meses,Mes a mes,Tarjeta automática,Internet fibra,Centro,Hogar,72.18,0.058,1,1,Sí,5,203.98,866.16
C00391,2022-04-08,2024-06-20,2025-12-31,1,Baja,27,25+ meses,Mes a mes,Transferencia,Internet estándar,NOA,Hogar,34.12,0.1399,1,0,No,3,792.36,409.44
C00392,2022-04-08,,2025-12-31,0,Activo,45,25+ meses,Anual,Cheque electrónico,Internet fibra,Cuyo,Hogar,72.33,0.0052,1,0,No,4,3237.92,0.0
C00393,2022-04-09,,2025-12-31,0,Activo,45,25+ meses,Dos años,Débito automático,Telefonía móvil,NOA,Hogar,48.22,0.0909,0,0,Sí,4,1972.66,0.0
C00394,2022-04-09,,2025-12-31,0,Activo,45,25+ meses,Mes a mes,Tarjeta automática,Internet estándar,Centro,PyME,106.33,0.0337,0,0,Sí,3,4623.6,0.0
C00395,2022-04-09,,2025-12-31,0,Activo,45,25+ meses,Anual,Transferencia,Internet fibra,NOA,Hogar,97.0,0.0339,0,0,No,3,4217.03,0.0
C00396,2022-04-09,,2025-12-31,0,Activo,45,25+ meses,Dos años,Transferencia,Telefonía móvil,Patagonia,Hogar,64.6,0.0418,1,2,No,4,2785.49,0.0
C00397,2022-04-09,,2025-12-31,0,Activo,45,25+ meses,Mes a mes,Débito automático,Telefonía móvil,Cuyo,Hogar,40.5,0.1001,1,0,Sí,2,1640.07,0.0
C00398,2022-04-09,2022-08-13,2025-12-31,1,Baja,5,4-6 meses,Mes a mes,Cheque electrónico,Internet fibra,Litoral,Hogar,70.52,0.0416,1,0,No,5,337.93,846.24
C00399,2022-04-10,,2025-12-31,0,Activo,45,25+ meses,Anual,Cheque electrónico,Telefonía móvil,NOA,Profesional,72.76,0.0149,3,2,No,3,3225.41,0.0
C00400,2022-04-10,2023-06-12,2025-12-31,1,Baja,15,13-24 meses,Anual,Transferencia,Internet fibra,Litoral,Profesional,109.91,0.1135,0,1,No,5,1461.53,1318.92
C00401,2022-04-11,2022-04-13,2025-12-31,1,Baja,1,0-3 meses,Mes a mes,Transferencia,Internet fibra,NOA,PyME,137.85,0.0851,2,0,No,2,126.12,1654.2
C00402,2022-04-11,,2025-12-31,0,Activo,45,25+ meses,Anual,Transferencia,Internet estándar,AMBA,Hogar,56.76,0.0675,1,0,No,5,2381.79,0.0
C00403,2022-04-11,2025-03-17,2025-12-31,1,Baja,36,25+ meses,Mes a mes,Débito automático,Internet fibra,AMBA,Hogar,84.04,0.0313,0,0,Sí,5,2930.74,1008.48
C00404,2022-04-11,,2025-12-31,0,Activo,45,25+ meses,Dos años,Débito automático,Streaming,AMBA,Profesional,36.12,0.0148,1,0,Sí,5,1601.34,0.0
C00405,2022-04-12,,2025-12-31,0,Activo,45,25+ meses,Dos años,Transferencia,Internet estándar,Centro,Hogar,35.6,0.0832,0,0,No,5,1468.71,0.0
C00406,2022-04-12,,2025-12-31,0,Activo,45,25+ meses,Anual,Transferencia,Telefonía móvil,Patagonia,Hogar,41.44,0.0137,0,0,No,5,1839.25,0.0
C00407,2022-04-12,2022-08-03,2025-12-31,1,Baja,5,4-6 meses,Mes a mes,Débito automático,Internet fibra,NOA,Hogar,75.79,0.0569,0,2,Sí,3,357.39,909.48
C00408,2022-04-13,2025-02-18,2025-12-31,1,Baja,35,25+ meses,Mes a mes,Tarjeta automática,Internet fibra,Litoral,Hogar,81.05,0.0587,3,1,Sí,2,2670.23,972.6
C00409,2022-04-13,,2025-12-31,0,Activo,45,25+ meses,Mes a mes,Transferencia,Internet estándar,Cuyo,Profesional,65.56,0.0584,1,0,No,3,2777.91,0.0
C00410,2022-04-13,,2025-12-31,0,Activo,45,25+ meses,Mes a mes,Transferencia,Internet fibra,NOA,PyME,114.26,0.0336,1,0,No,4,4968.94,0.0
C00411,2022-04-13,,2025-12-31,0,Activo,45,25+ meses,Anual,Débito automático,Telefonía móvil,Litoral,Hogar,18.77,0.0755,0,0,Sí,4,780.88,0.0
C00412,2022-04-13,,2025-12-31,0,Activo,45,25+ meses,Mes a mes,Débito automático,Streaming,Litoral,Hogar,37.11,0.0425,0,0,Sí,3,1598.98,0.0
C00413,2022-04-13,2024-11-25,2025-12-31,1,Baja,32,25+ meses,Mes a mes,Tarjeta automática,Telefonía móvil,AMBA,Profesional,52.71,0.0442,0,1,Sí,4,1612.17,632.52
C00414,2022-04-14,2025-05-13,2025-12-31,1,Baja,38,25+ meses,Mes a mes,Cheque electrónico,Streaming,Centro,Hogar,26.45,0.0539,1,1,No,2,950.93,317.4
C00415,2022-04-14,2023-07-11,2025-12-31,1,Baja,16,13-24 meses,Mes a mes,Cheque electrónico,Internet fibra,Patagonia,Profesional,89.86,0.0838,2,1,No,3,1317.28,1078.32
C00416,2022-04-14,2022-12-13,2025-12-31,1,Baja,9,7-12 meses,Mes a mes,Débito automático,Internet fibra,Patagonia,Hogar,67.96,0.0844,1,0,Sí,4,560.02,815.52
C00417,2022-04-14,2024-08-17,2025-12-31,1,Baja,29,25+ meses,Anual,Débito automático,Internet estándar,Cuyo,PyME,93.66,0.006,1,0,Sí,3,2699.84,1123.92
C00418,2022-04-15,,2025-12-31,0,Activo,45,25+ meses,Anual,Transferencia,Telefonía móvil,Patagonia,Hogar,53.22,0.116,0,1,No,5,2117.09,0.0
C00419,2022-04-15,2022-04-23,2025-12-31,1,Baja,1,0-3 meses,Mes a mes,Débito automático,Internet estándar,Patagonia,Hogar,46.37,0.0705,4,0,Sí,1,43.1,556.44
C00420,2022-04-16,,2025-12-31,0,Activo,45,25+ meses,Dos años,Cheque electrónico,Internet fibra,AMBA,Profesional,102.98,0.1633,2,3,No,3,3877.35,0.0
C00421,2022-04-16,,2025-12-31,0,Activo,45,25+ meses,Dos años,Tarjeta automática,Streaming,NOA,PyME,92.46,0.0271,3,0,Sí,3,4047.95,0.0
C00422,2022-04-16,2022-06-20,2025-12-31,1,Baja,3,0-3 meses,Mes a mes,Tarjeta automática,Internet fibra,Patagonia,PyME,136.48,0.0141,2,0,Sí,3,403.67,1637.76
C00423,2022-04-16,,2025-12-31,0,Activo,45,25+ meses,Anual,Débito automático,Internet estándar,Centro,Hogar,57.82,0.0365,1,0,Sí,5,2506.93,0.0
C00424,2022-04-16,,2025-12-31,0,Activo,45,25+ meses,Mes a mes,Tarjeta automática,Internet fibra,Centro,Profesional,96.16,0.0651,0,1,Sí,4,4045.5,0.0
C00425,2022-04-17,2022-04-09,2025-12-31,1,Baja,1,0-3 meses,Mes a mes,Transferencia,Internet estándar,NOA,Hogar,64.0,0.012,2,0,No,3,63.23,768.0
C00426,2022-04-17,2023-03-18,2025-12-31,1,Baja,12,7-12 meses,Mes a mes,Cheque electrónico,Internet estándar,Centro,Hogar,58.06,0.0264,1,0,No,4,678.33,696.72
C00427,2022-04-18,2023-03-08,2025-12-31,1,Baja,12,7-12 meses,Mes a mes,Tarjeta automática,Telefonía móvil,AMBA,Hogar,52.52,0.0738,3,0,Sí,2,583.73,630.24
C00428,2022-04-18,,2025-12-31,0,Activo,45,25+ meses,Dos años,Débito automático,Streaming,AMBA,Hogar,18.68,0.0023,2,0,Sí,2,838.67,0.0
C00429,2022-04-18,,2025-12-31,0,Activo,45,25+ meses,Dos años,Transferencia,Internet fibra,Centro,PyME,135.9,0.0369,0,0,No,5,5889.84,0.0
C00430,2022-04-18,,2025-12-31,0,Activo,45,25+ meses,Anual,Cheque electrónico,Telefonía móvil,Litoral,Profesional,39.81,0.0659,0,2,No,3,1673.39,0.0
C00431,2022-04-20,,2025-12-31,0,Activo,45,25+ meses,Mes a mes,Débito automático,Telefonía móvil,Cuyo,Hogar,57.41,0.0403,0,0,Sí,4,2479.34,0.0
C00432,2022-04-20,2022-05-26,2025-12-31,1,Baja,2,0-3 meses,Mes a mes,Tarjeta automática,Streaming,Patagonia,Hogar,22.14,0.0307,0,0,Sí,2,42.92,265.68
C00433,2022-04-20,,2025-12-31,0,Activo,45,25+ meses,Dos años,Débito automático,Telefonía móvil,Centro,Hogar,36.67,0.0769,1,0,Sí,4,1523.25,0.0
C00434,2022-04-20,2024-10-08,2025-12-31,1,Baja,31,25+ meses,Mes a mes,Débito automático,Telefonía móvil,Centro,Hogar,26.96,0.0057,1,0,Sí,4,831.0,323.52
C00435,2022-04-21,2024-07-19,2025-12-31,1,Baja,28,25+ meses,Mes a mes,Transferencia,Internet fibra,Cuyo,Hogar,77.6,0.1421,0,1,No,5,1864.05,931.2
C00436,2022-04-22,2025-08-19,2025-12-31,1,Baja,41,25+ meses,Mes a mes,Débito automático,Internet estándar,Patagonia,PyME,101.05,0.0296,1,1,Sí,3,4020.42,1212.6
C00437,2022-04-22,,2025-12-31,0,Activo,45,25+ meses,Mes a mes,Tarjeta automática,Internet estándar,Litoral,Hogar,69.05,0.0082,0,0,Sí,5,3081.77,0.0
C00438,2022-04-22,,2025-12-31,0,Activo,45,25+ meses,Mes a mes,Transferencia,Internet estándar,Patagonia,Hogar,58.45,0.0856,0,0,No,5,2405.1,0.0
C00439,2022-04-22,,2025-12-31,0,Activo,45,25+ meses,Mes a mes,Débito automático,Telefonía móvil,AMBA,Profesional,54.34,0.1244,1,0,Sí,5,2141.1,0.0
C00440,2022-04-22,2023-07-13,2025-12-31,1,Baja,16,13-24 meses,Anual,Tarjeta automática,Streaming,Cuyo,Hogar,18.0,0.0969,2,1,Sí,3,260.09,216.0
C00441,2022-04-22,,2025-12-31,0,Activo,45,25+ meses,Mes a mes,Débito automático,Internet estándar,Cuyo,Hogar,23.88,0.0313,0,0,Sí,4,1040.97,0.0
C00442,2022-04-23,2023-02-06,2025-12-31,1,Baja,11,7-12 meses,Mes a mes,Cheque electrónico,Telefonía móvil,AMBA,Hogar,30.71,0.1154,0,1,No,5,298.83,368.52
C00443,2022-04-24,2022-09-22,2025-12-31,1,Baja,6,4-6 meses,Mes a mes,Transferencia,Streaming,Centro,Hogar,18.0,0.0444,2,1,No,4,103.2,216.0
C00444,2022-04-24,2022-12-20,2025-12-31,1,Baja,9,7-12 meses,Mes a mes,Tarjeta automática,Internet fibra,Centro,Hogar,81.83,0.1178,1,0,Sí,2,649.71,981.96
C00445,2022-04-24,,2025-12-31,0,Activo,45,25+ meses,Dos años,Transferencia,Telefonía móvil,Cuyo,Profesional,58.41,0.0359,0,0,No,5,2534.09,0.0
C00446,2022-04-25,,2025-12-31,0,Activo,45,25+ meses,Mes a mes,Tarjeta automática,Internet estándar,AMBA,Hogar,49.19,0.1577,0,1,Sí,5,1864.47,0.0
C00447,2022-04-25,,2025-12-31,0,Activo,45,25+ meses,Anual,Débito automático,Internet estándar,Centro,Profesional,56.56,0.0835,0,0,Sí,5,2332.68,0.0
C00448,2022-04-25,,2025-12-31,0,Activo,45,25+ meses,Anual,Débito automático,Internet estándar,NOA,PyME,105.67,0.1895,0,0,Sí,4,3854.05,0.0
C00449,2022-04-26,2023-09-24,2025-12-31,1,Baja,18,13-24 meses,Mes a mes,Tarjeta automática,Telefonía móvil,AMBA,Profesional,44.38,0.0056,1,1,Sí,3,794.37,532.56
C00450,2022-04-26,,2025-12-31,0,Activo,45,25+ meses,Anual,Débito automático,Internet fibra,Patagonia,PyME,132.03,0.101,1,0,Sí,5,5341.27,0.0
C00451,2022-04-26,2024-08-20,2025-12-31,1,Baja,29,25+ meses,Anual,Cheque electrónico,Internet estándar,Litoral,PyME,113.13,0.0394,0,1,No,4,3151.51,1357.56
C00452,2022-04-26,2025-07-21,2025-12-31,1,Baja,40,25+ meses,Mes a mes,Tarjeta automática,Streaming,AMBA,Profesional,42.98,0.1168,1,0,Sí,4,1518.4,515.76
C00453,2022-04-26,2022-11-08,2025-12-31,1,Baja,8,7-12 meses,Mes a mes,Cheque electrónico,Telefonía móvil,Cuyo,Hogar,46.88,0.0537,0,1,No,4,354.9,562.56
C00454,2022-04-27,,2025-12-31,0,Activo,45,25+ meses,Mes a mes,Transferencia,Internet fibra,Litoral,Hogar,56.25,0.0707,1,1,No,4,2352.29,0.0
C00455,2022-04-27,,2025-12-31,0,Activo,45,25+ meses,Dos años,Débito automático,Internet fibra,Centro,Profesional,73.37,0.0635,0,0,Sí,4,3092.0,0.0
C00456,2022-04-27,,2025-12-31,0,Activo,45,25+ meses,Anual,Tarjeta automática,Telefonía móvil,Centro,Profesional,63.6,0.0379,0,0,Sí,5,2753.53,0.0
C00457,2022-04-28,,2025-12-31,0,Activo,45,25+ meses,Dos años,Tarjeta automática,Telefonía móvil,Patagonia,Profesional,71.52,0.0533,0,2,Sí,4,3046.86,0.0
C00458,2022-04-28,,2025-12-31,0,Activo,45,25+ meses,Dos años,Tarjeta automática,Internet estándar,AMBA,Hogar,46.38,0.049,1,0,Sí,4,1984.83,0.0
C00459,2022-04-29,,2025-12-31,0,Activo,45,25+ meses,Mes a mes,Débito automático,Internet estándar,NOA,Profesional,90.6,0.0554,0,0,Sí,4,3851.13,0.0
C00460,2022-04-29,2023-04-10,2025-12-31,1,Baja,13,13-24 meses,Anual,Cheque electrónico,Internet estándar,Centro,Profesional,51.12,0.1181,3,4,No,2,586.08,613.44
C00461,2022-04-29,2022-10-09,2025-12-31,1,Baja,7,7-12 meses,Mes a mes,Cheque electrónico,Streaming,Cuyo,Profesional,39.52,0.0739,0,1,No,3,256.2,474.24
C00462,2022-04-30,2025-04-13,2025-12-31,1,Baja,37,25+ meses,Anual,Tarjeta automática,Internet estándar,AMBA,Hogar,50.54,0.075,1,0,Sí,4,1729.73,606.48
C00463,2022-04-30,2025-07-27,2025-12-31,1,Baja,40,25+ meses,Mes a mes,Tarjeta automática,Telefonía móvil,NOA,Hogar,47.11,0.0895,2,0,Sí,2,1715.75,565.32
C00464,2022-05-01,,2025-12-31,0,Activo,44,25+ meses,Mes a mes,Tarjeta automática,Internet fibra,Centro,Hogar,71.58,0.1101,0,0,Sí,4,2802.76,0.0
C00465,2022-05-01,,2025-12-31,0,Activo,44,25+ meses,Anual,Cheque electrónico,Telefonía móvil,Patagonia,Hogar,30.35,0.0151,0,0,No,4,1315.24,0.0
C00466,2022-05-01,,2025-12-31,0,Activo,44,25+ meses,Anual,Tarjeta automática,Internet fibra,Centro,Hogar,84.82,0.0188,0,1,Sí,4,3661.92,0.0
C00467,2022-05-01,,2025-12-31,0,Activo,44,25+ meses,Anual,Tarjeta automática,Telefonía móvil,AMBA,Hogar,43.47,0.088,2,0,Sí,3,1744.36,0.0
C00468,2022-05-02,2022-07-08,2025-12-31,1,Baja,3,0-3 meses,Mes a mes,Transferencia,Internet fibra,Cuyo,PyME,129.21,0.1083,1,2,No,4,345.65,1550.52
C00469,2022-05-02,,2025-12-31,0,Activo,44,25+ meses,Mes a mes,Débito automático,Internet fibra,Litoral,Hogar,83.49,0.0597,0,1,Sí,4,3454.25,0.0
C00470,2022-05-02,,2025-12-31,0,Activo,44,25+ meses,Dos años,Tarjeta automática,Internet fibra,Cuyo,Profesional,94.5,0.1237,0,0,Sí,5,3643.66,0.0
C00471,2022-05-02,2025-10-20,2025-12-31,1,Baja,42,25+ meses,Mes a mes,Transferencia,Internet fibra,NOA,Hogar,76.46,0.0198,1,0,No,5,3147.74,917.52
C00472,2022-05-03,2023-05-06,2025-12-31,1,Baja,13,13-24 meses,Mes a mes,Tarjeta automática,Internet estándar,Litoral,Profesional,65.06,0.1363,1,0,Sí,3,730.5,780.72
C00473,2022-05-03,2023-02-03,2025-12-31,1,Baja,10,7-12 meses,Mes a mes,Tarjeta automática,Streaming,Patagonia,Hogar,19.97,0.0231,1,0,Sí,4,195.09,239.64
C00474,2022-05-03,,2025-12-31,0,Activo,44,25+ meses,Mes a mes,Tarjeta automática,Telefonía móvil,Cuyo,Hogar,31.85,0.0278,0,2,Sí,4,1362.44,0.0
C00475,2022-05-04,2023-04-20,2025-12-31,1,Baja,12,7-12 meses,Mes a mes,Débito automático,Internet estándar,AMBA,Hogar,43.22,0.0566,0,0,Sí,5,489.28,518.64
C00476,2022-05-04,2023-06-05,2025-12-31,1,Baja,14,13-24 meses,Mes a mes,Cheque electrónico,Internet estándar,Cuyo,Hogar,49.35,0.0471,1,0,No,3,658.36,592.2
C00477,2022-05-04,,2025-12-31,0,Activo,44,25+ meses,Anual,Débito automático,Internet estándar,Litoral,Hogar,28.42,0.0181,0,0,Sí,5,1227.85,0.0
C00478,2022-05-04,,2025-12-31,0,Activo,44,25+ meses,Dos años,Transferencia,Telefonía móvil,Cuyo,Profesional,70.39,0.0264,0,0,No,4,3015.39,0.0
C00479,2022-05-04,,2025-12-31,0,Activo,44,25+ meses,Dos años,Débito automático,Internet fibra,Patagonia,Profesional,96.2,0.0635,1,0,Sí,4,3964.02,0.0
C00480,2022-05-04,,2025-12-31,0,Activo,44,25+ meses,Mes a mes,Transferencia,Internet fibra,NOA,Hogar,66.28,0.129,0,0,No,4,2540.11,0.0
C00481,2022-05-05,2025-08-22,2025-12-31,1,Baja,40,25+ meses,Mes a mes,Cheque electrónico,Internet fibra,AMBA,PyME,150.78,0.0751,0,1,No,3,5578.26,1809.36
C00482,2022-05-05,2025-01-19,2025-12-31,1,Baja,33,25+ meses,Anual,Débito automático,Internet fibra,AMBA,Hogar,78.46,0.0378,2,0,Sí,4,2491.31,941.52
C00483,2022-05-05,,2025-12-31,0,Activo,44,25+ meses,Anual,Cheque electrónico,Streaming,Centro,Hogar,18.0,0.0503,0,0,No,4,752.16,0.0
C00484,2022-05-05,2024-04-03,2025-12-31,1,Baja,24,13-24 meses,Mes a mes,Transferencia,Internet fibra,Litoral,Hogar,95.29,0.0968,3,0,No,3,2065.58,1143.48
C00485,2022-05-06,,2025-12-31,0,Activo,44,25+ meses,Anual,Transferencia,Internet fibra,AMBA,Hogar,92.9,0.0671,2,0,No,3,3813.32,0.0
C00486,2022-05-06,,2025-12-31,0,Activo,44,25+ meses,Anual,Tarjeta automática,Telefonía móvil,Centro,Hogar,32.0,0.0343,0,0,Sí,4,1359.71,0.0
C00487,2022-05-06,2024-10-21,2025-12-31,1,Baja,30,25+ meses,Anual,Transferencia,Internet fibra,Cuyo,Profesional,92.45,0.0506,0,1,No,5,2633.16,1109.4
C00488,2022-05-06,,2025-12-31,0,Activo,44,25+ meses,Anual,Débito automático,Streaming,Cuyo,Hogar,23.97,0.1354,5,2,Sí,1,911.88,0.0
C00489,2022-05-07,2024-10-19,2025-12-31,1,Baja,30,25+ meses,Mes a mes,Cheque electrónico,Internet estándar,NOA,PyME,83.22,0.0209,0,1,No,2,2444.42,998.64
C00490,2022-05-07,2022-09-07,2025-12-31,1,Baja,5,4-6 meses,Mes a mes,Cheque electrónico,Telefonía móvil,Litoral,Hogar,45.57,0.1194,2,3,No,2,200.64,546.84
C00491,2022-05-07,,2025-12-31,0,Activo,44,25+ meses,Anual,Débito automático,Streaming,NOA,Hogar,38.3,0.0764,2,0,Sí,3,1556.45,0.0
C00492,2022-05-07,2024-01-23,2025-12-31,1,Baja,21,13-24 meses,Mes a mes,Cheque electrónico,Internet fibra,Patagonia,Hogar,85.23,0.019,0,3,No,3,1755.82,1022.76
C00493,2022-05-07,,2025-12-31,0,Activo,44,25+ meses,Dos años,Cheque electrónico,Telefonía móvil,Cuyo,Hogar,42.36,0.0349,1,0,No,3,1798.79,0.0
C00494,2022-05-08,2025-03-02,2025-12-31,1,Baja,35,25+ meses,Anual,Transferencia,Internet estándar,NOA,Hogar,59.36,0.0787,2,0,No,5,1914.09,712.32
C00495,2022-05-08,2025-11-23,2025-12-31,1,Baja,43,25+ meses,Mes a mes,Tarjeta automática,Internet fibra,NOA,Profesional,83.51,0.0842,0,0,Sí,5,3288.57,1002.12
C00496,2022-05-08,2025-10-08,2025-12-31,1,Baja,42,25+ meses,Anual,Tarjeta automática,Streaming,Cuyo,Profesional,67.0,0.0666,3,0,Sí,1,2626.59,804.0
C00497,2022-05-08,,2025-12-31,0,Activo,44,25+ meses,Anual,Tarjeta automática,Streaming,NOA,Hogar,20.51,0.0422,2,0,Sí,3,864.36,0.0
C00498,2022-05-08,2025-05-17,2025-12-31,1,Baja,37,25+ meses,Anual,Tarjeta automática,Internet fibra,Centro,Hogar,70.73,0.0717,0,0,Sí,5,2429.37,848.76
C00499,2022-05-09,2023-02-17,2025-12-31,1,Baja,10,7-12 meses,Mes a mes,Cheque electrónico,Internet estándar,Centro,Hogar,42.67,0.0076,0,0,No,5,423.46,512.04
C00500,2022-05-09,,2025-12-31,0,Activo,44,25+ meses,Dos años,Tarjeta automática,Internet fibra,Patagonia,Hogar,70.87,0.1083,0,0,Sí,4,2780.57,0.0
C00501,2022-05-09,2023-04-18,2025-12-31,1,Baja,12,7-12 meses,Mes a mes,Transferencia,Streaming,Patagonia,Profesional,44.88,0.112,0,0,No,5,478.24,538.56
C00502,2022-05-09,,2025-12-31,0,Activo,44,25+ meses,Anual,Transferencia,Telefonía móvil,Centro,Hogar,39.45,0.043,0,1,No,3,1661.16,0.0
C00503,2022-05-09,2025-01-13,2025-12-31,1,Baja,33,25+ meses,Mes a mes,Transferencia,Internet estándar,Patagonia,Profesional,68.43,0.0637,1,0,No,4,2114.34,821.16
C00504,2022-05-09,2025-06-22,2025-12-31,1,Baja,38,25+ meses,Anual,Tarjeta automática,Telefonía móvil,Litoral,PyME,87.99,0.0193,1,0,Sí,4,3279.09,1055.88
C00505,2022-05-09,,2025-12-31,0,Activo,44,25+ meses,Anual,Débito automático,Internet fibra,Litoral,Hogar,79.83,0.0852,1,0,Sí,4,3213.25,0.0
C00506,2022-05-10,2025-12-02,2025-12-31,1,Baja,44,25+ meses,Mes a mes,Transferencia,Telefonía móvil,NOA,PyME,85.01,0.0267,2,1,No,3,3640.57,1020.12
C00507,2022-05-10,2022-06-01,2025-12-31,1,Baja,2,0-3 meses,Mes a mes,Débito automático,Telefonía móvil,AMBA,Profesional,68.06,0.0634,2,0,Sí,4,127.49,816.72
C00508,2022-05-10,,2025-12-31,0,Activo,44,25+ meses,Anual,Tarjeta automática,Streaming,Cuyo,Hogar,36.92,0.0304,0,0,Sí,4,1575.1,0.0
C00509,2022-05-10,,2025-12-31,0,Activo,44,25+ meses,Anual,Transferencia,Internet fibra,Centro,Profesional,95.94,0.0857,2,0,No,4,3859.59,0.0
C00510,2022-05-10,2024-02-25,2025-12-31,1,Baja,22,13-24 meses,Mes a mes,Tarjeta automática,Internet estándar,Litoral,Hogar,41.85,0.0978,1,0,Sí,3,830.66,502.2
C00511,2022-05-10,,2025-12-31,0,Activo,44,25+ meses,Dos años,Transferencia,Internet fibra,AMBA,Profesional,99.42,0.0384,2,0,No,4,4206.5,0.0
C00512,2022-05-11,,2025-12-31,0,Activo,44,25+ meses,Anual,Débito automático,Streaming,AMBA,Profesional,37.24,0.0731,1,0,Sí,4,1518.78,0.0
C00513,2022-05-11,,2025-12-31,0,Activo,44,25+ meses,Dos años,Tarjeta automática,Telefonía móvil,Patagonia,PyME,97.38,0.0362,0,1,Sí,4,4129.61,0.0
C00514,2022-05-12,,2025-12-31,0,Activo,44,25+ meses,Dos años,Cheque electrónico,Internet estándar,AMBA,Profesional,65.33,0.0228,1,1,No,4,2808.98,0.0
C00515,2022-05-12,,2025-12-31,0,Activo,44,25+ meses,Dos años,Tarjeta automática,Internet fibra,Cuyo,Profesional,124.93,0.0922,0,0,Sí,5,4990.1,0.0
C00516,2022-05-12,2025-03-16,2025-12-31,1,Baja,35,25+ meses,Anual,Cheque electrónico,Internet fibra,NOA,Hogar,64.5,0.0629,0,4,No,4,2115.5,774.0
C00517,2022-05-12,,2025-12-31,0,Activo,44,25+ meses,Anual,Cheque electrónico,Internet estándar,NOA,PyME,74.66,0.0349,0,0,No,3,3170.39,0.0
C00518,2022-05-13,,2025-12-31,0,Activo,44,25+ meses,Mes a mes,Débito automático,Internet estándar,Centro,Profesional,59.99,0.0432,0,0,Sí,5,2525.53,0.0
C00519,2022-05-13,,2025-12-31,0,Activo,44,25+ meses,Mes a mes,Tarjeta automática,Internet fibra,NOA,Profesional,77.13,0.0238,0,0,Sí,4,3312.95,0.0
C00520,2022-05-13,,2025-12-31,0,Activo,44,25+ meses,Anual,Tarjeta automática,Streaming,Cuyo,Profesional,39.01,0.0884,1,0,Sí,5,1564.71,0.0
C00521,2022-05-13,2023-12-22,2025-12-31,1,Baja,20,13-24 meses,Mes a mes,Cheque electrónico,Internet fibra,Centro,Hogar,63.73,0.0756,1,1,No,4,1178.24,764.76
C00522,2022-05-14,,2025-12-31,0,Activo,44,25+ meses,Dos años,Transferencia,Streaming,Litoral,Hogar,19.05,0.0575,1,0,No,4,790.0,0.0
C00523,2022-05-14,2025-04-03,2025-12-31,1,Baja,36,25+ meses,Mes a mes,Tarjeta automática,Internet estándar,Cuyo,Profesional,55.29,0.0356,3,0,Sí,3,1919.58,663.48
C00524,2022-05-14,2023-11-10,2025-12-31,1,Baja,19,13-24 meses,Mes a mes,Débito automático,Internet fibra,Cuyo,PyME,143.59,0.0296,1,0,Sí,5,2647.45,1723.08
C00525,2022-05-14,,2025-12-31,0,Activo,44,25+ meses,Mes a mes,Tarjeta automática,Streaming,Cuyo,Profesional,46.47,0.0387,1,0,Sí,2,1965.55,0.0
C00526,2022-05-14,2025-04-11,2025-12-31,1,Baja,36,25+ meses,Mes a mes,Débito automático,Streaming,AMBA,Hogar,40.83,0.0443,0,2,Sí,3,1404.76,489.96
C00527,2022-05-14,,2025-12-31,0,Activo,44,25+ meses,Mes a mes,Débito automático,Internet estándar,Centro,Hogar,49.45,0.0666,1,0,Sí,4,2030.89,0.0
C00528,2022-05-14,2023-10-21,2025-12-31,1,Baja,18,13-24 meses,Mes a mes,Tarjeta automática,Telefonía móvil,Centro,Hogar,52.21,0.0391,1,0,Sí,3,903.03,626.52
C00529,2022-05-15,2023-12-05,2025-12-31,1,Baja,20,13-24 meses,Anual,Cheque electrónico,Internet estándar,NOA,Hogar,45.68,0.049,2,1,No,3,868.83,548.16
C00530,2022-05-15,2024-02-17,2025-12-31,1,Baja,22,13-24 meses,Mes a mes,Tarjeta automática,Internet fibra,Cuyo,PyME,150.54,0.026,0,1,Sí,4,3225.77,1806.48
C00531,2022-05-15,,2025-12-31,0,Activo,44,25+ meses,Mes a mes,Débito automático,Telefonía móvil,Litoral,Hogar,47.18,0.0072,0,0,Sí,5,2060.97,0.0
C00532,2022-05-15,,2025-12-31,0,Activo,44,25+ meses,Mes a mes,Transferencia,Telefonía móvil,Cuyo,Hogar,33.42,0.0343,2,0,No,4,1420.04,0.0
C00533,2022-05-15,2023-02-04,2025-12-31,1,Baja,10,7-12 meses,Mes a mes,Cheque electrónico,Internet fibra,NOA,Hogar,84.81,0.0952,1,1,No,4,767.36,1017.72
C00534,2022-05-15,2025-12-06,2025-12-31,1,Baja,44,25+ meses,Mes a mes,Débito automático,Telefonía móvil,Patagonia,PyME,97.3,0.0184,0,0,Sí,4,4202.43,1167.6
C00535,2022-05-15,2022-08-09,2025-12-31,1,Baja,4,4-6 meses,Anual,Cheque electrónico,Telefonía móvil,Patagonia,Hogar,39.77,0.0619,2,1,No,2,149.23,477.24
C00536,2022-05-16,,2025-12-31,0,Activo,44,25+ meses,Anual,Débito automático,Internet fibra,Centro,Hogar,79.06,0.0217,2,0,Sí,3,3403.15,0.0
C00537,2022-05-16,2023-08-25,2025-12-31,1,Baja,16,13-24 meses,Mes a mes,Cheque electrónico,Internet estándar,Centro,Hogar,57.26,0.056,2,2,No,1,864.86,687.12
C00538,2022-05-16,2022-10-26,2025-12-31,1,Baja,6,4-6 meses,Anual,Tarjeta automática,Internet fibra,NOA,Hogar,54.71,0.0133,1,0,Sí,4,323.89,656.52
C00539,2022-05-16,,2025-12-31,0,Activo,44,25+ meses,Mes a mes,Transferencia,Streaming,NOA,Hogar,25.14,0.0514,2,0,No,3,1049.3,0.0
C00540,2022-05-16,2023-08-10,2025-12-31,1,Baja,16,13-24 meses,Mes a mes,Tarjeta automática,Telefonía móvil,Centro,Profesional,67.51,0.1156,2,0,Sí,3,955.29,810.12
C00541,2022-05-16,,2025-12-31,0,Activo,44,25+ meses,Dos años,Cheque electrónico,Internet estándar,Cuyo,Hogar,51.73,0.0271,2,1,No,3,2214.44,0.0
C00542,2022-05-16,2022-06-20,2025-12-31,1,Baja,2,0-3 meses,Mes a mes,Cheque electrónico,Internet estándar,Centro,Hogar,36.61,0.0558,0,0,No,4,69.13,439.32
C00543,2022-05-17,,2025-12-31,0,Activo,44,25+ meses,Dos años,Débito automático,Internet fibra,Patagonia,Hogar,51.95,0.0633,2,1,Sí,2,2141.11,0.0
C00544,2022-05-17,,2025-12-31,0,Activo,44,25+ meses,Mes a mes,Débito automático,Internet estándar,NOA,Hogar,67.71,0.0286,2,0,Sí,3,2894.03,0.0
C00545,2022-05-17,2023-06-05,2025-12-31,1,Baja,14,13-24 meses,Mes a mes,Transferencia,Telefonía móvil,NOA,Hogar,39.94,0.0203,5,0,No,2,547.81,479.28
C00546,2022-05-17,2023-09-22,2025-12-31,1,Baja,17,13-24 meses,Mes a mes,Tarjeta automática,Internet fibra,NOA,Profesional,112.65,0.0211,0,2,Sí,2,1874.64,1351.8
C00547,2022-05-18,2022-08-12,2025-12-31,1,Baja,4,4-6 meses,Mes a mes,Transferencia,Internet estándar,Cuyo,Hogar,57.74,0.0493,1,0,No,4,219.57,692.88
C00548,2022-05-18,,2025-12-31,0,Activo,44,25+ meses,Dos años,Transferencia,Internet estándar,Centro,Hogar,40.27,0.0111,1,0,No,3,1752.21,0.0
C00549,2022-05-18,,2025-12-31,0,Activo,44,25+ meses,Mes a mes,Débito automático,Streaming,NOA,Profesional,19.48,0.1454,0,0,Sí,5,732.49,0.0
C00550,2022-05-19,,2025-12-31,0,Activo,44,25+ meses,Dos años,Tarjeta automática,Streaming,Cuyo,PyME,78.92,0.0799,1,3,Sí,2,3195.03,0.0
C00551,2022-05-19,,2025-12-31,0,Activo,44,25+ meses,Dos años,Cheque electrónico,Streaming,Centro,Hogar,28.59,0.123,2,2,No,3,1103.23,0.0
C00552,2022-05-19,2022-07-26,2025-12-31,1,Baja,3,0-3 meses,Mes a mes,Tarjeta automática,Internet estándar,NOA,Hogar,53.96,0.077,2,0,Sí,2,149.42,647.52
C00553,2022-05-19,,2025-12-31,0,Activo,44,25+ meses,Mes a mes,Transferencia,Streaming,Cuyo,PyME,71.78,0.0213,0,0,No,4,3091.05,0.0
C00554,2022-05-19,,2025-12-31,0,Activo,44,25+ meses,Mes a mes,Tarjeta automática,Streaming,AMBA,Hogar,30.96,0.0609,1,0,Sí,4,1279.28,0.0
C00555,2022-05-20,2024-11-16,2025-12-31,1,Baja,31,25+ meses,Mes a mes,Tarjeta automática,Streaming,NOA,PyME,85.95,0.0528,0,1,Sí,4,2523.77,1031.4
C00556,2022-05-20,,2025-12-31,0,Activo,44,25+ meses,Anual,Tarjeta automática,Internet estándar,Centro,Profesional,77.85,0.079,0,0,Sí,3,3154.79,0.0
C00557,2022-05-20,,2025-12-31,0,Activo,44,25+ meses,Mes a mes,Débito automático,Telefonía móvil,Centro,Hogar,38.63,0.0644,2,0,Sí,4,1590.26,0.0
C00558,2022-05-20,,2025-12-31,0,Activo,44,25+ meses,Dos años,Transferencia,Internet fibra,Litoral,Hogar,82.87,0.0865,0,0,No,3,3330.88,0.0
C00559,2022-05-20,,2025-12-31,0,Activo,44,25+ meses,Anual,Débito automático,Internet fibra,Centro,PyME,136.17,0.1322,1,1,Sí,3,5199.41,0.0
C00560,2022-05-21,2024-08-14,2025-12-31,1,Baja,28,25+ meses,Mes a mes,Transferencia,Telefonía móvil,Patagonia,Hogar,51.63,0.1099,2,1,No,5,1286.76,619.56
C00561,2022-05-21,,2025-12-31,0,Activo,44,25+ meses,Anual,Transferencia,Internet fibra,Patagonia,Hogar,68.98,0.0166,0,0,No,4,2984.74,0.0
C00562,2022-05-21,2023-03-01,2025-12-31,1,Baja,11,7-12 meses,Mes a mes,Tarjeta automática,Telefonía móvil,Litoral,Hogar,18.0,0.0397,2,0,Sí,3,190.14,216.0
C00563,2022-05-21,,2025-12-31,0,Activo,44,25+ meses,Dos años,Tarjeta automática,Streaming,Centro,Hogar,26.39,0.0809,1,1,Sí,3,1067.22,0.0
C00564,2022-05-22,2025-09-15,2025-12-31,1,Baja,41,25+ meses,Mes a mes,Transferencia,Telefonía móvil,Cuyo,Profesional,57.46,0.0375,3,0,No,2,2267.52,689.52
C00565,2022-05-22,,2025-12-31,0,Activo,44,25+ meses,Dos años,Transferencia,Internet estándar,Centro,Hogar,36.27,0.029,0,1,No,4,1549.6,0.0
C00566,2022-05-22,,2025-12-31,0,Activo,44,25+ meses,Anual,Débito automático,Telefonía móvil,NOA,Hogar,25.41,0.0893,0,0,Sí,5,1018.2,0.0
C00567,2022-05-22,,2025-12-31,0,Activo,44,25+ meses,Dos años,Tarjeta automática,Streaming,Patagonia,Hogar,22.68,0.1049,0,0,Sí,4,893.24,0.0
C00568,2022-05-22,,2025-12-31,0,Activo,44,25+ meses,Mes a mes,Cheque electrónico,Internet estándar,AMBA,Profesional,65.74,0.1083,0,0,No,4,2579.3,0.0
C00569,2022-05-22,,2025-12-31,0,Activo,44,25+ meses,Anual,Tarjeta automática,Internet estándar,Litoral,Hogar,50.05,0.0421,0,0,Sí,5,2109.49,0.0
C00570,2022-05-22,,2025-12-31,0,Activo,44,25+ meses,Mes a mes,Transferencia,Internet fibra,Patagonia,Profesional,70.86,0.0762,0,0,No,5,2880.26,0.0
C00571,2022-05-23,2023-06-05,2025-12-31,1,Baja,14,13-24 meses,Anual,Tarjeta automática,Internet fibra,Litoral,Hogar,58.71,0.0473,0,0,Sí,4,783.06,704.52
C00572,2022-05-23,,2025-12-31,0,Activo,44,25+ meses,Mes a mes,Transferencia,Telefonía móvil,AMBA,Hogar,54.43,0.0379,0,0,No,4,2304.15,0.0
C00573,2022-05-23,2023-02-24,2025-12-31,1,Baja,10,7-12 meses,Mes a mes,Débito automático,Internet fibra,AMBA,PyME,130.91,0.1781,0,0,Sí,5,1075.95,1570.92
C00574,2022-05-23,,2025-12-31,0,Activo,44,25+ meses,Mes a mes,Transferencia,Streaming,Patagonia,Hogar,28.97,0.0724,0,0,No,3,1182.39,0.0
C00575,2022-05-23,2024-02-06,2025-12-31,1,Baja,22,13-24 meses,Mes a mes,Tarjeta automática,Internet estándar,Litoral,Hogar,34.33,0.0052,3,1,Sí,2,751.33,411.96
C00576,2022-05-23,2023-04-20,2025-12-31,1,Baja,12,7-12 meses,Mes a mes,Débito automático,Internet fibra,Litoral,Hogar,77.95,0.0342,1,0,Sí,2,903.41,935.4
C00577,2022-05-24,,2025-12-31,0,Activo,44,25+ meses,Anual,Tarjeta automática,Telefonía móvil,Centro,Hogar,37.87,0.0606,1,0,Sí,4,1565.3,0.0
C00578,2022-05-24,2024-03-19,2025-12-31,1,Baja,23,13-24 meses,Mes a mes,Transferencia,Internet fibra,Centro,Hogar,71.2,0.0679,3,0,No,3,1526.41,854.4
C00579,2022-05-24,,2025-12-31,0,Activo,44,25+ meses,Anual,Tarjeta automática,Streaming,Cuyo,Hogar,18.0,0.0316,2,0,Sí,4,766.97,0.0
C00580,2022-05-25,,2025-12-31,0,Activo,44,25+ meses,Mes a mes,Tarjeta automática,Internet estándar,Litoral,Profesional,57.45,0.0823,0,0,Sí,4,2319.76,0.0
C00581,2022-05-25,,2025-12-31,0,Activo,44,25+ meses,Anual,Transferencia,Internet fibra,Cuyo,Hogar,99.69,0.0828,0,0,No,5,4023.17,0.0
C00582,2022-05-25,,2025-12-31,0,Activo,44,25+ meses,Anual,Tarjeta automática,Internet fibra,NOA,Hogar,74.16,0.094,3,0,Sí,3,2956.31,0.0
C00583,2022-05-25,,2025-12-31,0,Activo,44,25+ meses,Mes a mes,Tarjeta automática,Streaming,Centro,Profesional,55.69,0.0887,1,0,Sí,4,2233.01,0.0
C00584,2022-05-25,,2025-12-31,0,Activo,44,25+ meses,Anual,Cheque electrónico,Internet fibra,Cuyo,Profesional,93.84,0.033,2,2,No,3,3992.7,0.0
C00585,2022-05-26,,2025-12-31,0,Activo,44,25+ meses,Dos años,Cheque electrónico,Telefonía móvil,Centro,Hogar,38.57,0.0439,3,0,No,3,1622.58,0.0
C00586,2022-05-26,,2025-12-31,0,Activo,44,25+ meses,Anual,Cheque electrónico,Streaming,AMBA,PyME,77.0,0.0423,0,1,No,4,3244.69,0.0
C00587,2022-05-26,,2025-12-31,0,Activo,44,25+ meses,Mes a mes,Débito automático,Internet fibra,Cuyo,Hogar,92.8,0.0833,0,1,Sí,4,3743.07,0.0
C00588,2022-05-26,2025-03-14,2025-12-31,1,Baja,35,25+ meses,Mes a mes,Débito automático,Internet fibra,AMBA,Hogar,82.1,0.0728,2,1,Sí,4,2664.31,985.2
C00589,2022-05-26,,2025-12-31,0,Activo,44,25+ meses,Anual,Transferencia,Internet fibra,Cuyo,Hogar,69.31,0.0298,2,0,No,5,2958.76,0.0
C00590,2022-05-27,2023-06-22,2025-12-31,1,Baja,14,13-24 meses,Mes a mes,Tarjeta automática,Telefonía móvil,Litoral,Hogar,37.66,0.0386,0,1,Sí,3,506.89,451.92
C00591,2022-05-27,,2025-12-31,0,Activo,44,25+ meses,Anual,Transferencia,Internet estándar,Cuyo,Hogar,60.83,0.0676,0,0,No,4,2495.59,0.0
C00592,2022-05-28,2022-12-15,2025-12-31,1,Baja,8,7-12 meses,Mes a mes,Tarjeta automática,Internet fibra,Patagonia,Hogar,46.78,0.0315,2,0,Sí,3,362.45,561.36
C00593,2022-05-28,,2025-12-31,0,Activo,44,25+ meses,Anual,Cheque electrónico,Internet estándar,Centro,Hogar,52.42,0.0202,0,1,No,4,2259.89,0.0
C00594,2022-05-28,,2025-12-31,0,Activo,44,25+ meses,Mes a mes,Transferencia,Internet estándar,Cuyo,PyME,109.91,0.0469,0,0,No,3,4609.23,0.0
C00595,2022-05-28,2025-04-11,2025-12-31,1,Baja,36,25+ meses,Mes a mes,Débito automático,Streaming,NOA,Profesional,38.75,0.0326,0,0,Sí,3,1349.52,465.0
C00596,2022-05-28,,2025-12-31,0,Activo,44,25+ meses,Dos años,Débito automático,Internet fibra,Centro,Profesional,97.7,0.0396,0,2,Sí,5,4128.57,0.0
C00597,2022-05-28,,2025-12-31,0,Activo,44,25+ meses,Dos años,Tarjeta automática,Internet fibra,Litoral,Profesional,101.53,0.0891,0,0,Sí,5,4069.28,0.0
C00598,2022-05-28,,2025-12-31,0,Activo,44,25+ meses,Dos años,Débito automático,Internet estándar,Patagonia,Profesional,53.46,0.0194,0,1,Sí,3,2306.61,0.0
C00599,2022-05-28,,2025-12-31,0,Activo,44,25+ meses,Dos años,Transferencia,Streaming,Cuyo,Hogar,38.26,0.0708,0,0,No,5,1564.25,0.0
C00600,2022-05-28,2024-01-03,2025-12-31,1,Baja,21,13-24 meses,Mes a mes,Débito automático,Streaming,Centro,Hogar,32.27,0.0437,1,0,Sí,3,648.06,387.24
C00601,2022-05-29,2022-07-01,2025-12-31,1,Baja,3,0-3 meses,Mes a mes,Débito automático,Internet fibra,Patagonia,Hogar,76.32,0.0633,2,0,Sí,4,214.47,915.84
C00602,2022-05-29,,2025-12-31,0,Activo,44,25+ meses,Mes a mes,Tarjeta automática,Internet fibra,AMBA,Hogar,79.15,0.1185,1,0,Sí,4,3069.91,0.0
C00603,2022-05-29,2022-05-01,2025-12-31,1,Baja,1,0-3 meses,Mes a mes,Transferencia,Streaming,Centro,Hogar,36.78,0.0728,5,0,No,2,34.1,441.36
C00604,2022-05-30,2025-03-26,2025-12-31,1,Baja,35,25+ meses,Mes a mes,Débito automático,Internet fibra,Cuyo,Hogar,103.48,0.0368,0,1,Sí,4,3488.52,1241.76
C00605,2022-05-30,2023-02-07,2025-12-31,1,Baja,10,7-12 meses,Dos años,Tarjeta automática,Internet estándar,Centro,Hogar,55.71,0.0812,0,0,Sí,5,511.86,668.52
C00606,2022-05-30,2023-02-10,2025-12-31,1,Baja,10,7-12 meses,Mes a mes,Cheque electrónico,Internet estándar,Litoral,Hogar,57.92,0.0673,2,0,No,3,540.22,695.04
C00607,2022-05-30,2023-01-10,2025-12-31,1,Baja,9,7-12 meses,Mes a mes,Débito automático,Internet fibra,Litoral,Profesional,98.13,0.076,2,0,Sí,5,816.05,1177.56
C00608,2022-05-30,,2025-12-31,0,Activo,44,25+ meses,Mes a mes,Débito automático,Internet estándar,NOA,Hogar,69.92,0.0201,0,0,Sí,5,3014.64,0.0
C00609,2022-05-30,2025-06-01,2025-12-31,1,Baja,38,25+ meses,Mes a mes,Cheque electrónico,Internet fibra,Litoral,Hogar,61.87,0.0342,0,1,No,4,2270.65,742.44
C00610,2022-05-30,,2025-12-31,0,Activo,44,25+ meses,Mes a mes,Débito automático,Internet estándar,Litoral,Hogar,29.89,0.1081,0,0,Sí,4,1172.99,0.0
C00611,2022-05-31,,2025-12-31,0,Activo,44,25+ meses,Anual,Cheque electrónico,Internet fibra,Patagonia,Hogar,79.68,0.0482,2,1,No,3,3336.93,0.0
C00612,2022-05-31,2024-02-04,2025-12-31,1,Baja,22,13-24 meses,Mes a mes,Transferencia,Internet estándar,Centro,Profesional,74.26,0.0296,1,2,No,3,1585.36,891.12
C00613,2022-05-31,,2025-12-31,0,Activo,44,25+ meses,Anual,Transferencia,Internet estándar,Cuyo,Hogar,20.68,0.0998,5,0,No,1,819.11,0.0
C00614,2022-05-31,,2025-12-31,0,Activo,44,25+ meses,Dos años,Tarjeta automática,Internet fibra,Patagonia,Hogar,77.96,0.0298,1,0,Sí,5,3328.02,0.0
C00615,2022-05-31,,2025-12-31,0,Activo,44,25+ meses,Anual,Tarjeta automática,Streaming,Centro,PyME,82.01,0.0354,1,1,Sí,4,3480.7,0.0
C00616,2022-06-01,,2025-12-31,0,Activo,43,25+ meses,Anual,Débito automático,Streaming,Centro,Hogar,37.19,0.0456,0,0,Sí,4,1526.25,0.0
C00617,2022-06-01,2024-08-16,2025-12-31,1,Baja,27,25+ meses,Mes a mes,Tarjeta automática,Telefonía móvil,Centro,Hogar,46.72,0.0926,2,1,Sí,3,1144.63,560.64
C00618,2022-06-01,,2025-12-31,0,Activo,43,25+ meses,Mes a mes,Tarjeta automática,Internet fibra,NOA,Hogar,58.11,0.0323,0,2,Sí,3,2418.02,0.0
C00619,2022-06-01,2024-06-13,2025-12-31,1,Baja,25,25+ meses,Mes a mes,Transferencia,Internet fibra,Cuyo,Hogar,66.12,0.0302,0,0,No,5,1603.08,793.44
C00620,2022-06-01,2022-07-04,2025-12-31,1,Baja,2,0-3 meses,Dos años,Transferencia,Internet fibra,Centro,Hogar,69.13,0.0123,0,0,No,5,136.56,829.56
C00621,2022-06-01,2023-05-18,2025-12-31,1,Baja,12,7-12 meses,Anual,Tarjeta automática,Telefonía móvil,Patagonia,Hogar,50.13,0.0692,1,1,Sí,3,559.93,601.56
C00622,2022-06-01,2024-02-20,2025-12-31,1,Baja,21,13-24 meses,Mes a mes,Transferencia,Internet estándar,NOA,Hogar,53.12,0.0279,0,1,No,4,1084.4,637.44
C00623,2022-06-02,2023-05-14,2025-12-31,1,Baja,12,7-12 meses,Mes a mes,Cheque electrónico,Internet fibra,AMBA,Hogar,71.17,0.0527,0,3,No,4,809.03,854.04
C00624,2022-06-02,,2025-12-31,0,Activo,43,25+ meses,Anual,Transferencia,Streaming,NOA,Hogar,30.59,0.0158,0,1,No,4,1294.59,0.0
C00625,2022-06-02,2024-12-07,2025-12-31,1,Baja,31,25+ meses,Anual,Cheque electrónico,Internet fibra,Patagonia,Hogar,66.36,0.0288,0,4,No,3,1997.91,796.32
C00626,2022-06-02,2022-08-08,2025-12-31,1,Baja,3,0-3 meses,Mes a mes,Transferencia,Internet estándar,NOA,Hogar,71.55,0.0278,0,0,No,5,208.68,858.6
C00627,2022-06-03,,2025-12-31,0,Activo,43,25+ meses,Dos años,Tarjeta automática,Internet estándar,AMBA,Hogar,55.32,0.0707,1,1,Sí,3,2210.58,0.0
C00628,2022-06-03,,2025-12-31,0,Activo,43,25+ meses,Anual,Débito automático,Streaming,AMBA,Hogar,37.65,0.0591,0,0,Sí,5,1523.27,0.0
C00629,2022-06-03,,2025-12-31,0,Activo,43,25+ meses,Anual,Cheque electrónico,Streaming,Cuyo,Hogar,44.14,0.0207,1,0,No,5,1858.73,0.0
C00630,2022-06-03,2022-11-24,2025-12-31,1,Baja,6,4-6 meses,Mes a mes,Transferencia,Internet estándar,NOA,Hogar,60.18,0.1188,2,1,No,2,318.18,722.16
C00631,2022-06-04,2022-07-11,2025-12-31,1,Baja,2,0-3 meses,Mes a mes,Cheque electrónico,Streaming,Cuyo,Profesional,47.35,0.0865,0,3,No,4,86.51,568.2
C00632,2022-06-04,,2025-12-31,0,Activo,43,25+ meses,Dos años,Cheque electrónico,Internet estándar,Patagonia,Profesional,64.97,0.0557,1,3,No,2,2638.1,0.0
C00633,2022-06-04,,2025-12-31,0,Activo,43,25+ meses,Anual,Tarjeta automática,Internet fibra,Centro,Hogar,92.17,0.0626,0,0,Sí,3,3715.21,0.0
C00634,2022-06-04,,2025-12-31,0,Activo,43,25+ meses,Mes a mes,Débito automático,Telefonía móvil,Cuyo,Profesional,60.29,0.0172,3,0,Sí,2,2547.88,0.0
C00635,2022-06-04,2022-11-05,2025-12-31,1,Baja,6,4-6 meses,Anual,Transferencia,Streaming,NOA,Hogar,20.76,0.0284,1,0,No,4,121.02,249.12
C00636,2022-06-05,,2025-12-31,0,Activo,43,25+ meses,Mes a mes,Tarjeta automática,Telefonía móvil,Cuyo,Hogar,63.63,0.0057,2,0,Sí,4,2720.49,0.0
C00637,2022-06-05,2023-03-09,2025-12-31,1,Baja,10,7-12 meses,Anual,Débito automático,Streaming,Patagonia,Hogar,18.7,0.0409,0,1,Sí,4,179.35,224.4
C00638,2022-06-05,,2025-12-31,0,Activo,43,25+ meses,Mes a mes,Cheque electrónico,Internet fibra,Litoral,Hogar,58.92,0.0995,1,3,No,2,2281.47,0.0
C00639,2022-06-05,,2025-12-31,0,Activo,43,25+ meses,Anual,Transferencia,Internet estándar,Centro,Profesional,77.92,0.1237,2,1,No,3,2936.1,0.0
C00640,2022-06-05,,2025-12-31,0,Activo,43,25+ meses,Mes a mes,Tarjeta automática,Internet estándar,NOA,Hogar,40.96,0.0172,0,1,Sí,3,1730.99,0.0
C00641,2022-06-05,,2025-12-31,0,Activo,43,25+ meses,Mes a mes,Transferencia,Internet fibra,NOA,Hogar,82.79,0.0271,0,0,No,5,3463.49,0.0
C00642,2022-06-06,,2025-12-31,0,Activo,43,25+ meses,Mes a mes,Tarjeta automática,Internet estándar,Patagonia,PyME,123.99,0.0505,0,1,Sí,4,5062.33,0.0
C00643,2022-06-06,,2025-12-31,0,Activo,43,25+ meses,Anual,Cheque electrónico,Internet estándar,Cuyo,Hogar,33.88,0.0741,1,0,No,5,1348.89,0.0
C00644,2022-06-06,2023-07-15,2025-12-31,1,Baja,14,13-24 meses,Mes a mes,Tarjeta automática,Internet fibra,Cuyo,Hogar,77.55,0.0749,1,1,Sí,3,1004.38,930.6
C00645,2022-06-08,2025-09-16,2025-12-31,1,Baja,40,25+ meses,Mes a mes,Cheque electrónico,Telefonía móvil,Centro,Hogar,58.32,0.0293,1,0,No,4,2264.45,699.84
C00646,2022-06-08,2022-10-08,2025-12-31,1,Baja,5,4-6 meses,Anual,Débito automático,Internet fibra,Litoral,PyME,140.5,0.0132,1,0,Sí,2,693.23,1686.0
C00647,2022-06-08,,2025-12-31,0,Activo,43,25+ meses,Mes a mes,Débito automático,Internet estándar,Centro,Hogar,47.02,0.0159,0,0,Sí,5,1989.71,0.0
C00648,2022-06-08,2025-07-04,2025-12-31,1,Baja,38,25+ meses,Mes a mes,Débito automático,Telefonía móvil,Centro,Profesional,86.28,0.0236,3,0,Sí,3,3201.26,1035.36
C00649,2022-06-08,,2025-12-31,0,Activo,43,25+ meses,Mes a mes,Tarjeta automática,Streaming,AMBA,Hogar,27.95,0.0106,0,1,Sí,4,1189.11,0.0
C00650,2022-06-08,,2025-12-31,0,Activo,43,25+ meses,Dos años,Débito automático,Internet fibra,Cuyo,PyME,137.37,0.0454,0,1,Sí,4,5638.74,0.0
C00651,2022-06-08,2024-10-12,2025-12-31,1,Baja,29,25+ meses,Mes a mes,Cheque electrónico,Streaming,Patagonia,PyME,102.14,0.0744,2,1,No,3,2741.68,1225.68
C00652,2022-06-09,,2025-12-31,0,Activo,43,25+ meses,Mes a mes,Cheque electrónico,Streaming,Patagonia,Profesional,57.79,0.0462,1,0,No,4,2370.16,0.0
C00653,2022-06-09,,2025-12-31,0,Activo,43,25+ meses,Mes a mes,Tarjeta automática,Telefonía móvil,NOA,Hogar,56.54,0.1212,0,1,Sí,3,2136.56,0.0
C00654,2022-06-09,,2025-12-31,0,Activo,43,25+ meses,Mes a mes,Transferencia,Internet estándar,Litoral,Hogar,39.11,0.067,1,1,No,3,1569.05,0.0
C00655,2022-06-09,2022-08-11,2025-12-31,1,Baja,3,0-3 meses,Mes a mes,Cheque electrónico,Internet fibra,NOA,Profesional,109.51,0.1301,3,0,No,2,285.79,1314.12
C00656,2022-06-10,2022-09-15,2025-12-31,1,Baja,4,4-6 meses,Mes a mes,Cheque electrónico,Streaming,Patagonia,Hogar,30.87,0.0171,1,1,No,4,121.37,370.44
C00657,2022-06-10,2025-02-10,2025-12-31,1,Baja,33,25+ meses,Mes a mes,Débito automático,Internet fibra,Patagonia,PyME,124.8,0.0012,1,0,Sí,3,4113.46,1497.6
C00658,2022-06-10,2024-09-01,2025-12-31,1,Baja,28,25+ meses,Mes a mes,Tarjeta automática,Telefonía móvil,Litoral,Profesional,62.44,0.0392,1,0,Sí,3,1679.79,749.28
C00659,2022-06-10,,2025-12-31,0,Activo,43,25+ meses,Dos años,Cheque electrónico,Streaming,AMBA,Hogar,31.09,0.0311,0,0,No,4,1295.29,0.0
C00660,2022-06-11,,2025-12-31,0,Activo,43,25+ meses,Mes a mes,Débito automático,Telefonía móvil,Cuyo,Hogar,62.55,0.0064,1,0,Sí,4,2672.44,0.0
C00661,2022-06-11,2022-06-26,2025-12-31,1,Baja,1,0-3 meses,Mes a mes,Débito automático,Telefonía móvil,NOA,Hogar,46.19,0.0303,4,0,Sí,2,44.79,554.28
C00662,2022-06-12,2022-06-03,2025-12-31,1,Baja,1,0-3 meses,Dos años,Transferencia,Streaming,Patagonia,Profesional,38.41,0.1765,2,0,No,3,31.63,460.92
C00663,2022-06-12,,2025-12-31,0,Activo,43,25+ meses,Dos años,Tarjeta automática,Telefonía móvil,AMBA,Hogar,30.87,0.0951,2,0,Sí,3,1201.17,0.0
C00664,2022-06-12,2023-04-10,2025-12-31,1,Baja,11,7-12 meses,Anual,Cheque electrónico,Streaming,AMBA,Hogar,28.48,0.0293,4,2,No,2,304.1,341.76
C00665,2022-06-12,2024-08-06,2025-12-31,1,Baja,27,25+ meses,Mes a mes,Tarjeta automática,Internet fibra,Litoral,Profesional,81.19,0.1446,0,1,Sí,4,1875.15,974.28
C00666,2022-06-12,2023-11-07,2025-12-31,1,Baja,18,13-24 meses,Mes a mes,Transferencia,Telefonía móvil,NOA,Hogar,34.13,0.0434,0,1,No,3,587.68,409.56
C00667,2022-06-13,2024-03-16,2025-12-31,1,Baja,22,13-24 meses,Mes a mes,Cheque electrónico,Streaming,Patagonia,Hogar,26.31,0.0624,0,2,No,4,542.7,315.72
C00668,2022-06-13,2024-03-03,2025-12-31,1,Baja,22,13-24 meses,Mes a mes,Cheque electrónico,Telefonía móvil,NOA,Hogar,37.36,0.1071,3,3,No,2,733.89,448.32
C00669,2022-06-13,2022-08-10,2025-12-31,1,Baja,3,0-3 meses,Mes a mes,Cheque electrónico,Internet fibra,AMBA,Hogar,86.0,0.0125,2,1,No,3,254.78,1032.0
C00670,2022-06-13,2024-05-13,2025-12-31,1,Baja,24,13-24 meses,Anual,Cheque electrónico,Internet estándar,NOA,Hogar,40.88,0.1205,2,1,No,1,862.9,490.56
C00671,2022-06-13,2024-07-19,2025-12-31,1,Baja,26,25+ meses,Mes a mes,Tarjeta automática,Telefonía móvil,AMBA,Profesional,32.83,0.0419,2,1,Sí,4,817.81,393.96
C00672,2022-06-14,,2025-12-31,0,Activo,43,25+ meses,Anual,Cheque electrónico,Internet fibra,NOA,Profesional,77.46,0.0336,0,1,No,3,3218.87,0.0
C00673,2022-06-14,2022-11-03,2025-12-31,1,Baja,6,4-6 meses,Mes a mes,Cheque electrónico,Streaming,NOA,Profesional,46.8,0.117,0,0,No,3,247.95,561.6
C00674,2022-06-14,2024-09-26,2025-12-31,1,Baja,28,25+ meses,Mes a mes,Débito automático,Internet estándar,Litoral,PyME,97.55,0.0764,5,2,Sí,1,2522.72,1170.6
C00675,2022-06-15,,2025-12-31,0,Activo,43,25+ meses,Anual,Débito automático,Internet fibra,Litoral,Hogar,64.4,0.0536,0,0,Sí,4,2620.77,0.0
C00676,2022-06-15,,2025-12-31,0,Activo,43,25+ meses,Dos años,Tarjeta automática,Internet fibra,Cuyo,Hogar,99.54,0.0908,0,0,Sí,4,3891.58,0.0
C00677,2022-06-15,2022-09-10,2025-12-31,1,Baja,4,4-6 meses,Mes a mes,Transferencia,Telefonía móvil,Litoral,Hogar,51.12,0.0331,3,2,No,3,197.71,613.44
C00678,2022-06-15,,2025-12-31,0,Activo,43,25+ meses,Anual,Transferencia,Internet fibra,Patagonia,Profesional,95.36,0.0516,1,1,No,4,3888.9,0.0
C00679,2022-06-15,,2025-12-31,0,Activo,43,25+ meses,Mes a mes,Débito automático,Streaming,Centro,Hogar,31.57,0.0261,0,0,Sí,3,1322.08,0.0
C00680,2022-06-15,2023-10-19,2025-12-31,1,Baja,17,13-24 meses,Mes a mes,Débito automático,Streaming,Centro,PyME,81.08,0.0766,0,0,Sí,3,1272.78,972.96
C00681,2022-06-16,,2025-12-31,0,Activo,43,25+ meses,Anual,Débito automático,Streaming,NOA,Hogar,18.0,0.0678,0,1,Sí,5,721.52,0.0
C00682,2022-06-17,2023-02-11,2025-12-31,1,Baja,9,7-12 meses,Mes a mes,Tarjeta automática,Internet estándar,NOA,Profesional,78.34,0.0801,1,0,Sí,4,648.58,940.08
C00683,2022-06-17,2025-05-13,2025-12-31,1,Baja,36,25+ meses,Mes a mes,Cheque electrónico,Internet fibra,Litoral,Hogar,87.36,0.0214,1,1,No,3,3077.66,1048.32
C00684,2022-06-17,,2025-12-31,0,Activo,43,25+ meses,Mes a mes,Tarjeta automática,Telefonía móvil,Centro,Profesional,38.25,0.0198,1,1,Sí,4,1612.18,0.0
C00685,2022-06-18,,2025-12-31,0,Activo,43,25+ meses,Mes a mes,Tarjeta automática,Internet fibra,NOA,Hogar,80.49,0.0358,0,0,Sí,5,3337.16,0.0
C00686,2022-06-18,2024-08-12,2025-12-31,1,Baja,27,25+ meses,Mes a mes,Tarjeta automática,Internet fibra,NOA,Hogar,81.71,0.0312,3,1,Sí,3,2137.34,980.52
C00687,2022-06-18,2023-04-06,2025-12-31,1,Baja,11,7-12 meses,Mes a mes,Cheque electrónico,Telefonía móvil,Centro,Profesional,56.46,0.0561,1,2,No,3,586.22,677.52
C00688,2022-06-18,,2025-12-31,0,Activo,43,25+ meses,Dos años,Cheque electrónico,Internet fibra,Litoral,Hogar,101.07,0.0238,0,0,No,3,4242.57,0.0
C00689,2022-06-19,,2025-12-31,0,Activo,43,25+ meses,Anual,Tarjeta automática,Internet fibra,Cuyo,PyME,154.88,0.0372,0,1,Sí,5,6412.09,0.0
C00690,2022-06-19,2022-08-25,2025-12-31,1,Baja,3,0-3 meses,Mes a mes,Tarjeta automática,Telefonía móvil,NOA,Profesional,55.85,0.0616,1,2,Sí,3,157.23,670.2
C00691,2022-06-19,,2025-12-31,0,Activo,43,25+ meses,Mes a mes,Débito automático,Internet fibra,Patagonia,Profesional,93.55,0.0489,0,1,Sí,3,3825.94,0.0
C00692,2022-06-19,2024-07-03,2025-12-31,1,Baja,26,25+ meses,Anual,Tarjeta automática,Internet fibra,Cuyo,Hogar,74.26,0.0125,3,0,Sí,1,1906.63,891.12
C00693,2022-06-19,2023-06-25,2025-12-31,1,Baja,13,13-24 meses,Mes a mes,Transferencia,Internet estándar,NOA,Hogar,42.28,0.0338,1,0,No,4,531.06,507.36
C00694,2022-06-19,2024-04-13,2025-12-31,1,Baja,23,13-24 meses,Mes a mes,Tarjeta automática,Telefonía móvil,Litoral,Hogar,31.87,0.0581,1,1,Sí,3,690.42,382.44
C00695,2022-06-19,,2025-12-31,0,Activo,43,25+ meses,Anual,Débito automático,Telefonía móvil,Cuyo,Hogar,47.58,0.0119,0,0,Sí,4,2021.59,0.0
C00696,2022-06-19,,2025-12-31,0,Activo,43,25+ meses,Mes a mes,Débito automático,Streaming,NOA,Hogar,50.58,0.0757,2,0,Sí,4,2010.3,0.0
C00697,2022-06-20,2022-09-18,2025-12-31,1,Baja,4,4-6 meses,Mes a mes,Débito automático,Telefonía móvil,Cuyo,PyME,114.05,0.0071,5,0,Sí,1,452.96,1368.6
C00698,2022-06-20,,2025-12-31,0,Activo,43,25+ meses,Mes a mes,Débito automático,Internet fibra,Cuyo,PyME,141.68,0.0272,1,0,Sí,5,5926.53,0.0
C00699,2022-06-20,,2025-12-31,0,Activo,43,25+ meses,Mes a mes,Tarjeta automática,Streaming,Cuyo,Hogar,18.0,0.0444,0,0,Sí,4,739.63,0.0
C00700,2022-06-20,,2025-12-31,0,Activo,43,25+ meses,Mes a mes,Tarjeta automática,Internet fibra,Centro,Profesional,75.49,0.0437,0,2,Sí,4,3104.22,0.0
C00701,2022-06-20,,2025-12-31,0,Activo,43,25+ meses,Dos años,Tarjeta automática,Telefonía móvil,Centro,Hogar,53.71,0.1731,1,1,Sí,3,1909.75,0.0
C00702,2022-06-20,2023-07-11,2025-12-31,1,Baja,14,13-24 meses,Mes a mes,Tarjeta automática,Telefonía móvil,AMBA,Hogar,59.81,0.0522,1,1,Sí,4,793.63,717.72
C00703,2022-06-20,2023-01-14,2025-12-31,1,Baja,8,7-12 meses,Anual,Cheque electrónico,Internet fibra,Patagonia,Hogar,84.09,0.0705,1,1,No,3,625.29,1009.08
C00704,2022-06-20,,2025-12-31,0,Activo,43,25+ meses,Anual,Tarjeta automática,Telefonía móvil,Litoral,Profesional,56.64,0.0314,1,0,Sí,4,2359.04,0.0
C00705,2022-06-21,,2025-12-31,0,Activo,43,25+ meses,Mes a mes,Tarjeta automática,Streaming,NOA,PyME,98.88,0.0901,4,0,Sí,4,3868.75,0.0
C00706,2022-06-21,,2025-12-31,0,Activo,43,25+ meses,Mes a mes,Tarjeta automática,Internet fibra,Litoral,Hogar,86.29,0.0248,1,0,Sí,3,3618.45,0.0
C00707,2022-06-21,2022-11-10,2025-12-31,1,Baja,6,4-6 meses,Mes a mes,Transferencia,Streaming,AMBA,Hogar,41.51,0.1698,2,0,No,1,206.77,498.12
C00708,2022-06-21,,2025-12-31,0,Activo,43,25+ meses,Anual,Cheque electrónico,Telefonía móvil,Litoral,Hogar,21.58,0.0598,1,2,No,3,872.45,0.0
C00709,2022-06-21,2024-12-25,2025-12-31,1,Baja,31,25+ meses,Mes a mes,Cheque electrónico,Internet fibra,Centro,Hogar,81.78,0.0532,1,0,No,4,2400.31,981.36
C00710,2022-06-21,,2025-12-31,0,Activo,43,25+ meses,Anual,Transferencia,Internet fibra,AMBA,Hogar,97.52,0.143,5,0,No,2,3593.71,0.0
C00711,2022-06-22,,2025-12-31,0,Activo,43,25+ meses,Dos años,Cheque electrónico,Telefonía móvil,Litoral,Profesional,65.8,0.0115,0,1,No,4,2796.86,0.0
C00712,2022-06-22,,2025-12-31,0,Activo,43,25+ meses,Anual,Débito automático,Internet estándar,AMBA,PyME,114.43,0.0606,1,0,Sí,5,4622.31,0.0
C00713,2022-06-22,,2025-12-31,0,Activo,43,25+ meses,Dos años,Cheque electrónico,Internet estándar,Cuyo,Hogar,49.4,0.0676,0,1,No,4,1980.6,0.0
C00714,2022-06-23,2024-12-06,2025-12-31,1,Baja,31,25+ meses,Anual,Cheque electrónico,Streaming,NOA,Profesional,48.17,0.0636,2,2,No,3,1398.3,578.04
C00715,2022-06-23,,2025-12-31,0,Activo,43,25+ meses,Dos años,Tarjeta automática,Streaming,Centro,Profesional,62.43,0.0758,5,0,Sí,1,2481.01,0.0
C00716,2022-06-24,,2025-12-31,0,Activo,43,25+ meses,Anual,Débito automático,Internet fibra,Patagonia,Hogar,70.63,0.0788,1,0,Sí,3,2797.77,0.0
C00717,2022-06-24,,2025-12-31,0,Activo,43,25+ meses,Anual,Tarjeta automática,Internet fibra,Cuyo,Profesional,87.56,0.0125,0,0,Sí,4,3718.02,0.0
C00718,2022-06-24,,2025-12-31,0,Activo,43,25+ meses,Anual,Tarjeta automática,Telefonía móvil,AMBA,Hogar,36.74,0.0632,0,3,Sí,4,1479.98,0.0
C00719,2022-06-24,,2025-12-31,0,Activo,43,25+ meses,Dos años,Cheque electrónico,Internet estándar,Centro,Hogar,49.26,0.0924,0,0,No,5,1922.46,0.0
C00720,2022-06-24,,2025-12-31,0,Activo,43,25+ meses,Mes a mes,Tarjeta automática,Streaming,AMBA,Hogar,18.0,0.0202,1,1,Sí,4,758.37,0.0
C00721,2022-06-24,,2025-12-31,0,Activo,43,25+ meses,Anual,Transferencia,Telefonía móvil,AMBA,Profesional,68.04,0.1544,1,0,No,4,2473.99,0.0
C00722,2022-06-24,2023-12-17,2025-12-31,1,Baja,19,13-24 meses,Mes a mes,Cheque electrónico,Internet fibra,AMBA,Hogar,76.19,0.0535,0,1,No,4,1370.16,914.28
C00723,2022-06-25,2024-11-25,2025-12-31,1,Baja,30,25+ meses,Dos años,Débito automático,Telefonía móvil,NOA,Hogar,51.39,0.0129,3,0,Sí,2,1521.81,616.68
C00724,2022-06-25,,2025-12-31,0,Activo,43,25+ meses,Mes a mes,Débito automático,Streaming,Patagonia,Hogar,18.0,0.115,0,0,Sí,4,684.99,0.0
C00725,2022-06-25,,2025-12-31,0,Activo,43,25+ meses,Anual,Transferencia,Telefonía móvil,Cuyo,Hogar,51.43,0.0121,0,0,No,4,2184.73,0.0
C00726,2022-06-26,,2025-12-31,0,Activo,43,25+ meses,Anual,Cheque electrónico,Internet fibra,Patagonia,Hogar,92.71,0.0353,1,1,No,4,3845.81,0.0
C00727,2022-06-26,,2025-12-31,0,Activo,43,25+ meses,Dos años,Tarjeta automática,Internet estándar,Centro,Hogar,53.82,0.0272,1,0,Sí,2,2251.31,0.0
C00728,2022-06-26,2025-05-27,2025-12-31,1,Baja,36,25+ meses,Mes a mes,Tarjeta automática,Streaming,Litoral,Profesional,47.33,0.0596,1,0,Sí,2,1602.33,567.96
C00729,2022-06-27,2022-12-07,2025-12-31,1,Baja,7,7-12 meses,Anual,Transferencia,Telefonía móvil,Centro,Hogar,51.52,0.024,0,0,No,4,351.98,618.24
C00730,2022-06-27,2023-04-14,2025-12-31,1,Baja,11,7-12 meses,Anual,Cheque electrónico,Telefonía móvil,Litoral,Hogar,55.99,0.0798,0,1,No,3,566.74,671.88
C00731,2022-06-27,,2025-12-31,0,Activo,43,25+ meses,Dos años,Tarjeta automática,Internet estándar,Cuyo,Profesional,72.75,0.1023,0,0,Sí,5,2808.23,0.0
C00732,2022-06-27,,2025-12-31,0,Activo,43,25+ meses,Dos años,Débito automático,Internet estándar,NOA,Profesional,73.57,0.0446,2,1,Sí,3,3022.42,0.0
C00733,2022-06-27,2023-07-23,2025-12-31,1,Baja,14,13-24 meses,Anual,Cheque electrónico,Internet fibra,NOA,Hogar,96.23,0.0543,0,1,No,5,1274.07,1154.76
C00734,2022-06-27,,2025-12-31,0,Activo,43,25+ meses,Anual,Tarjeta automática,Streaming,Cuyo,Hogar,37.37,0.0498,2,0,Sí,3,1526.89,0.0
C00735,2022-06-27,,2025-12-31,0,Activo,43,25+ meses,Mes a mes,Tarjeta automática,Telefonía móvil,AMBA,Hogar,33.2,0.0138,1,0,Sí,5,1407.9,0.0
C00736,2022-06-27,,2025-12-31,0,Activo,43,25+ meses,Dos años,Débito automático,Telefonía móvil,Centro,Hogar,55.93,0.0347,0,1,Sí,4,2321.54,0.0
C00737,2022-06-27,,2025-12-31,0,Activo,43,25+ meses,Mes a mes,Tarjeta automática,Internet estándar,Centro,Profesional,65.64,0.0265,0,0,Sí,5,2747.72,0.0
C00738,2022-06-28,,2025-12-31,0,Activo,43,25+ meses,Anual,Tarjeta automática,Telefonía móvil,Cuyo,Hogar,42.37,0.0588,2,1,Sí,2,1714.78,0.0
C00739,2022-06-28,2024-05-05,2025-12-31,1,Baja,24,13-24 meses,Anual,Transferencia,Internet fibra,Litoral,Hogar,79.18,0.0314,0,0,No,4,1840.65,950.16
C00740,2022-06-29,,2025-12-31,0,Activo,43,25+ meses,Mes a mes,Transferencia,Internet estándar,NOA,Hogar,59.66,0.0526,0,0,No,5,2430.44,0.0
C00741,2022-06-29,,2025-12-31,0,Activo,43,25+ meses,Mes a mes,Débito automático,Internet estándar,AMBA,Hogar,68.24,0.1125,0,0,Sí,4,2604.21,0.0
C00742,2022-06-29,,2025-12-31,0,Activo,43,25+ meses,Mes a mes,Débito automático,Internet estándar,Litoral,Hogar,49.27,0.0763,1,0,Sí,4,1956.96,0.0
C00743,2022-06-30,,2025-12-31,0,Activo,43,25+ meses,Dos años,Débito automático,Streaming,Centro,Profesional,66.04,0.0335,1,0,Sí,5,2744.59,0.0
C00744,2022-06-30,2025-07-09,2025-12-31,1,Baja,38,25+ meses,Mes a mes,Transferencia,Streaming,Litoral,Hogar,30.81,0.0105,1,0,No,5,1158.49,369.72
C00745,2022-06-30,,2025-12-31,0,Activo,43,25+ meses,Mes a mes,Cheque electrónico,Internet fibra,Litoral,Hogar,93.42,0.0747,1,1,No,4,3716.99,0.0
C00746,2022-06-30,2025-05-13,2025-12-31,1,Baja,36,25+ meses,Anual,Cheque electrónico,Internet fibra,Patagonia,Profesional,98.18,0.1007,2,4,No,2,3178.56,1178.16
C00747,2022-07-01,,2025-12-31,0,Activo,42,25+ meses,Mes a mes,Transferencia,Internet estándar,Litoral,Hogar,43.58,0.0278,1,0,No,3,1779.48,0.0
C00748,2022-07-01,2022-07-13,2025-12-31,1,Baja,1,0-3 meses,Dos años,Cheque electrónico,Streaming,Centro,Hogar,50.14,0.0183,0,3,No,3,49.22,601.68
C00749,2022-07-01,2022-11-13,2025-12-31,1,Baja,5,4-6 meses,Mes a mes,Cheque electrónico,Internet estándar,NOA,Hogar,42.53,0.0322,3,1,No,2,205.8,510.36
C00750,2022-07-01,,2025-12-31,0,Activo,42,25+ meses,Mes a mes,Tarjeta automática,Internet estándar,Cuyo,Hogar,41.8,0.1528,0,0,Sí,5,1487.34,0.0
C00751,2022-07-01,2023-04-06,2025-12-31,1,Baja,10,7-12 meses,Mes a mes,Cheque electrónico,Internet fibra,Cuyo,Hogar,64.18,0.1413,0,1,No,5,551.11,770.16
C00752,2022-07-02,,2025-12-31,0,Activo,42,25+ meses,Mes a mes,Cheque electrónico,Telefonía móvil,Litoral,Hogar,55.94,0.0745,0,0,No,5,2174.44,0.0
C00753,2022-07-02,,2025-12-31,0,Activo,42,25+ meses,Mes a mes,Débito automático,Internet estándar,Centro,Profesional,83.54,0.1009,0,1,Sí,4,3154.65,0.0
C00754,2022-07-02,,2025-12-31,0,Activo,42,25+ meses,Anual,Tarjeta automática,Internet estándar,NOA,Profesional,71.1,0.1036,1,0,Sí,3,2676.83,0.0
C00755,2022-07-02,2023-08-13,2025-12-31,1,Baja,14,13-24 meses,Mes a mes,Transferencia,Internet estándar,AMBA,Hogar,38.18,0.0293,4,0,No,1,518.86,458.16
C00756,2022-07-02,2024-10-20,2025-12-31,1,Baja,28,25+ meses,Mes a mes,Débito automático,Internet fibra,AMBA,Hogar,77.93,0.1292,1,0,Sí,4,1900.12,935.16
C00757,2022-07-02,2023-08-26,2025-12-31,1,Baja,14,13-24 meses,Mes a mes,Transferencia,Internet fibra,NOA,PyME,129.67,0.0537,0,1,No,5,1717.89,1556.04
C00758,2022-07-02,,2025-12-31,0,Activo,42,25+ meses,Mes a mes,Débito automático,Internet fibra,Cuyo,Hogar,66.66,0.0373,0,0,Sí,5,2695.29,0.0
C00759,2022-07-03,,2025-12-31,0,Activo,42,25+ meses,Dos años,Tarjeta automática,Streaming,NOA,Hogar,23.62,0.0427,1,0,Sí,5,949.68,0.0
C00760,2022-07-03,2024-05-25,2025-12-31,1,Baja,23,13-24 meses,Mes a mes,Tarjeta automática,Internet fibra,NOA,Profesional,101.56,0.051,2,0,Sí,2,2216.75,1218.72
C00761,2022-07-03,2025-11-15,2025-12-31,1,Baja,41,25+ meses,Dos años,Cheque electrónico,Internet fibra,NOA,Hogar,71.34,0.1314,2,0,No,3,2540.6,856.08
C00762,2022-07-03,2022-11-25,2025-12-31,1,Baja,5,4-6 meses,Mes a mes,Tarjeta automática,Telefonía móvil,Patagonia,PyME,100.21,0.0661,2,2,Sí,3,467.93,1202.52
C00763,2022-07-03,2024-08-21,2025-12-31,1,Baja,26,25+ meses,Mes a mes,Transferencia,Internet estándar,Patagonia,Hogar,29.46,0.021,4,0,No,3,749.87,353.52
C00764,2022-07-03,2022-08-05,2025-12-31,1,Baja,2,0-3 meses,Mes a mes,Tarjeta automática,Internet estándar,Litoral,Profesional,85.47,0.0285,3,0,Sí,3,166.07,1025.64
C00765,2022-07-03,2025-11-25,2025-12-31,1,Baja,41,25+ meses,Mes a mes,Débito automático,Internet estándar,Patagonia,Hogar,44.69,0.0701,2,0,Sí,5,1703.85,536.28
C00766,2022-07-04,2024-03-15,2025-12-31,1,Baja,21,13-24 meses,Anual,Débito automático,Internet fibra,Centro,Hogar,87.57,0.0806,0,0,Sí,5,1690.75,1050.84
C00767,2022-07-04,,2025-12-31,0,Activo,42,25+ meses,Mes a mes,Tarjeta automática,Internet fibra,Patagonia,Hogar,80.08,0.1209,0,0,Sí,5,2956.73,0.0
C00768,2022-07-04,,2025-12-31,0,Activo,42,25+ meses,Mes a mes,Transferencia,Telefonía móvil,Centro,PyME,101.43,0.0595,0,0,No,5,4006.59,0.0
C00769,2022-07-04,,2025-12-31,0,Activo,42,25+ meses,Anual,Transferencia,Internet estándar,Cuyo,Hogar,36.55,0.0162,2,0,No,2,1510.23,0.0
C00770,2022-07-04,,2025-12-31,0,Activo,42,25+ meses,Anual,Tarjeta automática,Streaming,Cuyo,Hogar,20.63,0.0857,0,0,Sí,4,792.2,0.0
C00771,2022-07-04,,2025-12-31,0,Activo,42,25+ meses,Dos años,Débito automático,Telefonía móvil,Patagonia,PyME,88.88,0.1076,0,0,Sí,4,3331.29,0.0
C00772,2022-07-04,,2025-12-31,0,Activo,42,25+ meses,Dos años,Transferencia,Internet fibra,Centro,Hogar,78.28,0.0268,0,0,No,5,3199.65,0.0
C00773,2022-07-05,2023-09-16,2025-12-31,1,Baja,15,13-24 meses,Anual,Transferencia,Streaming,Centro,Hogar,43.59,0.1274,0,1,No,5,570.55,523.08
C00774,2022-07-06,,2025-12-31,0,Activo,42,25+ meses,Anual,Débito automático,Internet fibra,Patagonia,Hogar,82.77,0.0194,1,0,Sí,3,3408.9,0.0
C00775,2022-07-06,,2025-12-31,0,Activo,42,25+ meses,Anual,Transferencia,Internet estándar,Cuyo,Profesional,57.1,0.0455,1,0,No,5,2289.08,0.0
C00776,2022-07-07,,2025-12-31,0,Activo,42,25+ meses,Mes a mes,Tarjeta automática,Telefonía móvil,Patagonia,Hogar,42.96,0.0013,0,0,Sí,4,1801.97,0.0
C00777,2022-07-07,,2025-12-31,0,Activo,42,25+ meses,Anual,Tarjeta automática,Internet fibra,NOA,Hogar,77.11,0.0417,3,1,Sí,1,3103.57,0.0
C00778,2022-07-07,2023-05-20,2025-12-31,1,Baja,11,7-12 meses,Mes a mes,Transferencia,Telefonía móvil,NOA,PyME,93.14,0.103,0,0,No,5,919.01,1117.68
C00779,2022-07-07,,2025-12-31,0,Activo,42,25+ meses,Anual,Transferencia,Streaming,Cuyo,Hogar,28.83,0.0337,0,0,No,2,1170.05,0.0
C00780,2022-07-07,,2025-12-31,0,Activo,42,25+ meses,Dos años,Cheque electrónico,Internet estándar,Centro,Hogar,57.4,0.0717,4,0,No,1,2237.95,0.0
C00781,2022-07-07,,2025-12-31,0,Activo,42,25+ meses,Mes a mes,Tarjeta automática,Internet fibra,NOA,Hogar,70.08,0.0558,0,0,Sí,5,2779.12,0.0
C00782,2022-07-07,,2025-12-31,0,Activo,42,25+ meses,Anual,Débito automático,Streaming,Centro,Hogar,25.2,0.0401,2,0,Sí,3,1015.96,0.0
C00783,2022-07-07,,2025-12-31,0,Activo,42,25+ meses,Dos años,Transferencia,Internet estándar,Patagonia,Hogar,59.8,0.0382,1,0,No,4,2415.66,0.0
C00784,2022-07-08,2024-10-08,2025-12-31,1,Baja,28,25+ meses,Mes a mes,Tarjeta automática,Internet fibra,Patagonia,Hogar,83.16,0.0514,0,0,Sí,5,2208.8,997.92
C00785,2022-07-08,2024-10-19,2025-12-31,1,Baja,28,25+ meses,Mes a mes,Débito automático,Internet estándar,Cuyo,Hogar,63.07,0.0385,3,0,Sí,4,1697.97,756.84
C00786,2022-07-08,,2025-12-31,0,Activo,42,25+ meses,Dos años,Transferencia,Internet fibra,AMBA,Profesional,111.79,0.003,1,0,No,4,4681.09,0.0
C00787,2022-07-08,,2025-12-31,0,Activo,42,25+ meses,Dos años,Tarjeta automática,Telefonía móvil,Cuyo,Hogar,27.03,0.0585,0,0,Sí,4,1068.85,0.0
C00788,2022-07-09,,2025-12-31,0,Activo,42,25+ meses,Mes a mes,Débito automático,Internet estándar,AMBA,Hogar,52.17,0.1228,0,0,Sí,4,1922.07,0.0
C00789,2022-07-09,2023-09-14,2025-12-31,1,Baja,15,13-24 meses,Mes a mes,Tarjeta automática,Internet estándar,Cuyo,Hogar,43.41,0.1012,0,0,Sí,5,585.25,520.92
C00790,2022-07-09,,2025-12-31,0,Activo,42,25+ meses,Anual,Cheque electrónico,Telefonía móvil,Cuyo,Profesional,46.81,0.0542,0,3,No,3,1859.46,0.0
C00791,2022-07-09,,2025-12-31,0,Activo,42,25+ meses,Mes a mes,Tarjeta automática,Streaming,Litoral,Profesional,38.32,0.0514,1,0,Sí,4,1526.71,0.0
C00792,2022-07-09,,2025-12-31,0,Activo,42,25+ meses,Mes a mes,Tarjeta automática,Telefonía móvil,Centro,Profesional,56.69,0.0643,0,0,Sí,5,2227.88,0.0
C00793,2022-07-10,,2025-12-31,0,Activo,42,25+ meses,Mes a mes,Tarjeta automática,Telefonía móvil,NOA,PyME,93.76,0.0797,0,1,Sí,4,3624.07,0.0
C00794,2022-07-10,,2025-12-31,0,Activo,42,25+ meses,Mes a mes,Tarjeta automática,Internet fibra,AMBA,Profesional,89.32,0.0674,0,0,Sí,5,3498.59,0.0
C00795,2022-07-10,2022-11-13,2025-12-31,1,Baja,5,4-6 meses,Mes a mes,Tarjeta automática,Internet estándar,NOA,PyME,103.85,0.0303,3,1,Sí,2,503.52,1246.2
C00796,2022-07-11,,2025-12-31,0,Activo,42,25+ meses,Anual,Transferencia,Streaming,Centro,Hogar,55.91,0.0837,0,0,No,3,2151.67,0.0
C00797,2022-07-11,,2025-12-31,0,Activo,42,25+ meses,Anual,Tarjeta automática,Internet fibra,Cuyo,Hogar,59.02,0.0601,1,2,Sí,4,2329.86,0.0
C00798,2022-07-11,,2025-12-31,0,Activo,42,25+ meses,Anual,Tarjeta automática,Streaming,NOA,Hogar,41.51,0.042,1,0,Sí,4,1670.2,0.0
C00799,2022-07-11,2023-12-24,2025-12-31,1,Baja,18,13-24 meses,Mes a mes,Tarjeta automática,Internet fibra,Litoral,Hogar,77.8,0.0432,0,0,Sí,4,1339.9,933.6
C00800,2022-07-11,2023-11-12,2025-12-31,1,Baja,17,13-24 meses,Mes a mes,Débito automático,Telefonía móvil,AMBA,Hogar,37.18,0.0311,2,0,Sí,3,612.4,446.16
C00801,2022-07-12,2025-05-18,2025-12-31,1,Baja,35,25+ meses,Mes a mes,Tarjeta automática,Streaming,Litoral,Hogar,18.0,0.0481,0,0,Sí,4,599.7,216.0
C00802,2022-07-12,,2025-12-31,0,Activo,42,25+ meses,Mes a mes,Transferencia,Internet estándar,Litoral,Hogar,57.39,0.0359,3,0,No,5,2323.85,0.0
C00803,2022-07-12,,2025-12-31,0,Activo,42,25+ meses,Mes a mes,Transferencia,Internet estándar,NOA,Profesional,51.15,0.06,0,0,No,3,2019.4,0.0
C00804,2022-07-12,2023-02-12,2025-12-31,1,Baja,8,7-12 meses,Mes a mes,Transferencia,Telefonía móvil,Litoral,Hogar,51.11,0.1053,1,0,No,4,365.82,613.32
C00805,2022-07-13,2023-01-27,2025-12-31,1,Baja,7,7-12 meses,Mes a mes,Tarjeta automática,Streaming,NOA,Hogar,48.15,0.0818,1,1,Sí,4,309.48,577.8
C00806,2022-07-13,2025-08-04,2025-12-31,1,Baja,38,25+ meses,Mes a mes,Cheque electrónico,Telefonía móvil,Litoral,PyME,82.89,0.071,1,0,No,4,2926.18,994.68
C00807,2022-07-13,,2025-12-31,0,Activo,42,25+ meses,Anual,Transferencia,Telefonía móvil,Centro,Hogar,54.85,0.0035,1,0,No,3,2295.64,0.0
C00808,2022-07-13,,2025-12-31,0,Activo,42,25+ meses,Anual,Tarjeta automática,Internet fibra,Litoral,Hogar,78.28,0.0638,4,1,Sí,3,3078.0,0.0
C00809,2022-07-13,2025-04-26,2025-12-31,1,Baja,34,25+ meses,Dos años,Débito automático,Internet fibra,NOA,Hogar,54.96,0.0309,2,0,Sí,3,1810.9,659.52
C00810,2022-07-15,,2025-12-31,0,Activo,42,25+ meses,Anual,Transferencia,Internet fibra,AMBA,Hogar,64.75,0.0127,1,0,No,3,2684.96,0.0
C00811,2022-07-15,2023-10-02,2025-12-31,1,Baja,16,13-24 meses,Mes a mes,Débito automático,Streaming,Cuyo,PyME,85.96,0.0771,0,0,Sí,4,1269.32,1031.52
C00812,2022-07-15,2025-03-22,2025-12-31,1,Baja,33,25+ meses,Mes a mes,Débito automático,Streaming,AMBA,Hogar,33.41,0.06,0,1,Sí,4,1036.38,400.92
C00813,2022-07-15,,2025-12-31,0,Activo,42,25+ meses,Mes a mes,Transferencia,Internet estándar,NOA,PyME,86.61,0.0264,0,1,No,5,3541.59,0.0
C00814,2022-07-15,,2025-12-31,0,Activo,42,25+ meses,Mes a mes,Tarjeta automática,Telefonía móvil,Litoral,Hogar,42.35,0.0283,4,0,Sí,1,1728.36,0.0
C00815,2022-07-15,2025-01-01,2025-12-31,1,Baja,31,25+ meses,Mes a mes,Cheque electrónico,Internet fibra,Patagonia,Profesional,105.06,0.0445,1,0,No,5,3111.93,1260.72
C00816,2022-07-16,2022-11-06,2025-12-31,1,Baja,5,4-6 meses,Mes a mes,Tarjeta automática,Telefonía móvil,NOA,Hogar,52.98,0.0025,0,2,Sí,5,264.24,635.76
C00817,2022-07-16,2022-07-15,2025-12-31,1,Baja,1,0-3 meses,Mes a mes,Tarjeta automática,Internet estándar,Patagonia,Hogar,44.46,0.0468,3,0,Sí,3,42.38,533.52
C00818,2022-07-17,,2025-12-31,0,Activo,42,25+ meses,Mes a mes,Tarjeta automática,Internet estándar,Cuyo,Hogar,53.82,0.0926,0,0,Sí,4,2051.12,0.0
C00819,2022-07-17,,2025-12-31,0,Activo,42,25+ meses,Anual,Débito automático,Internet fibra,NOA,Hogar,89.8,0.0259,0,0,Sí,4,3673.92,0.0
C00820,2022-07-17,2024-12-04,2025-12-31,1,Baja,30,25+ meses,Dos años,Cheque electrónico,Streaming,Cuyo,PyME,93.38,0.0725,0,1,No,5,2598.3,1120.56
C00821,2022-07-17,2025-08-23,2025-12-31,1,Baja,38,25+ meses,Anual,Cheque electrónico,Telefonía móvil,NOA,Profesional,69.81,0.1313,3,0,No,3,2304.47,837.72
C00822,2022-07-17,,2025-12-31,0,Activo,42,25+ meses,Anual,Cheque electrónico,Internet estándar,NOA,Hogar,50.25,0.0519,0,2,No,3,2000.97,0.0
C00823,2022-07-17,2025-11-24,2025-12-31,1,Baja,41,25+ meses,Mes a mes,Débito automático,Internet estándar,Centro,Profesional,65.96,0.1013,3,0,Sí,3,2430.41,791.52
C00824,2022-07-18,,2025-12-31,0,Activo,42,25+ meses,Mes a mes,Débito automático,Streaming,Patagonia,Hogar,31.99,0.0502,0,0,Sí,4,1276.13,0.0
C00825,2022-07-18,,2025-12-31,0,Activo,42,25+ meses,Anual,Débito automático,Internet estándar,Patagonia,PyME,95.6,0.0199,2,0,Sí,3,3935.3,0.0
C00826,2022-07-18,2024-10-08,2025-12-31,1,Baja,28,25+ meses,Mes a mes,Tarjeta automática,Streaming,Patagonia,Hogar,41.23,0.0274,4,0,Sí,3,1122.81,494.76
C00827,2022-07-19,2023-04-12,2025-12-31,1,Baja,10,7-12 meses,Mes a mes,Cheque electrónico,Internet estándar,Centro,Hogar,32.17,0.0342,0,2,No,4,310.7,386.04
C00828,2022-07-19,2024-12-20,2025-12-31,1,Baja,30,25+ meses,Mes a mes,Débito automático,Telefonía móvil,Litoral,Hogar,36.45,0.0623,0,0,Sí,4,1025.37,437.4
C00829,2022-07-19,,2025-12-31,0,Activo,42,25+ meses,Dos años,Débito automático,Streaming,AMBA,Hogar,28.6,0.0469,1,0,Sí,3,1144.86,0.0
C00830,2022-07-19,,2025-12-31,0,Activo,42,25+ meses,Anual,Débito automático,Internet fibra,NOA,PyME,138.17,0.0933,5,0,Sí,1,5261.71,0.0
C00831,2022-07-19,,2025-12-31,0,Activo,42,25+ meses,Mes a mes,Cheque electrónico,Telefonía móvil,NOA,Hogar,49.23,0.0871,0,2,No,4,1887.57,0.0
C00832,2022-07-19,,2025-12-31,0,Activo,42,25+ meses,Anual,Tarjeta automática,Internet estándar,Litoral,Hogar,65.38,0.0495,0,0,Sí,5,2610.03,0.0
C00833,2022-07-19,,2025-12-31,0,Activo,42,25+ meses,Mes a mes,Transferencia,Telefonía móvil,AMBA,Profesional,60.86,0.0495,1,0,No,2,2429.59,0.0
C00834,2022-07-19,2025-03-02,2025-12-31,1,Baja,33,25+ meses,Mes a mes,Transferencia,Streaming,Litoral,Hogar,21.1,0.0183,0,1,No,5,683.56,253.2
C00835,2022-07-20,2022-09-15,2025-12-31,1,Baja,3,0-3 meses,Mes a mes,Cheque electrónico,Internet fibra,Cuyo,Hogar,76.4,0.1279,2,2,No,5,199.89,916.8
C00836,2022-07-20,,2025-12-31,0,Activo,42,25+ meses,Mes a mes,Tarjeta automática,Streaming,Patagonia,Profesional,43.49,0.0202,2,1,Sí,3,1789.68,0.0
C00837,2022-07-20,,2025-12-31,0,Activo,42,25+ meses,Anual,Tarjeta automática,Internet fibra,AMBA,Hogar,83.72,0.1082,2,0,Sí,3,3135.78,0.0
C00838,2022-07-20,2024-07-14,2025-12-31,1,Baja,25,25+ meses,Mes a mes,Débito automático,Telefonía móvil,Cuyo,Profesional,48.26,0.0491,1,0,Sí,4,1147.26,579.12
C00839,2022-07-20,,2025-12-31,0,Activo,42,25+ meses,Anual,Cheque electrónico,Telefonía móvil,Cuyo,Hogar,40.07,0.0188,3,3,No,3,1651.3,0.0
C00840,2022-07-20,2023-03-10,2025-12-31,1,Baja,9,7-12 meses,Mes a mes,Cheque electrónico,Streaming,NOA,Hogar,46.85,0.0695,7,1,No,1,392.35,562.2
C00841,2022-07-20,,2025-12-31,0,Activo,42,25+ meses,Anual,Transferencia,Internet estándar,Centro,Hogar,50.98,0.0252,0,1,No,4,2087.2,0.0
C00842,2022-07-20,,2025-12-31,0,Activo,42,25+ meses,Anual,Tarjeta automática,Streaming,NOA,Hogar,18.0,0.0969,1,1,Sí,5,682.74,0.0
C00843,2022-07-21,,2025-12-31,0,Activo,42,25+ meses,Anual,Tarjeta automática,Internet estándar,NOA,Hogar,45.26,0.0106,0,1,Sí,2,1880.77,0.0
C00844,2022-07-21,,2025-12-31,0,Activo,42,25+ meses,Anual,Transferencia,Internet fibra,Litoral,Hogar,53.44,0.0845,0,0,No,4,2054.82,0.0
C00845,2022-07-22,,2025-12-31,0,Activo,42,25+ meses,Dos años,Tarjeta automática,Telefonía móvil,Centro,Profesional,59.35,0.0698,3,0,Sí,3,2318.71,0.0
C00846,2022-07-22,2022-12-16,2025-12-31,1,Baja,6,4-6 meses,Mes a mes,Débito automático,Internet estándar,Centro,Hogar,67.12,0.0199,1,0,Sí,4,394.71,805.44
C00847,2022-07-22,,2025-12-31,0,Activo,42,25+ meses,Anual,Cheque electrónico,Internet estándar,AMBA,Profesional,53.95,0.0077,1,3,No,2,2248.45,0.0
C00848,2022-07-23,,2025-12-31,0,Activo,42,25+ meses,Anual,Débito automático,Internet fibra,Patagonia,Hogar,61.98,0.041,2,0,Sí,3,2496.43,0.0
C00849,2022-07-23,2025-04-11,2025-12-31,1,Baja,34,25+ meses,Mes a mes,Débito automático,Telefonía móvil,Patagonia,PyME,89.81,0.0461,2,2,Sí,2,2912.77,1077.72
C00850,2022-07-23,2023-01-25,2025-12-31,1,Baja,7,7-12 meses,Mes a mes,Tarjeta automática,Telefonía móvil,Centro,Hogar,52.13,0.0769,0,0,Sí,4,336.85,625.56
C00851,2022-07-24,2022-12-14,2025-12-31,1,Baja,6,4-6 meses,Mes a mes,Tarjeta automática,Internet estándar,Patagonia,Profesional,85.75,0.012,0,0,Sí,4,508.33,1029.0
C00852,2022-07-24,2022-08-04,2025-12-31,1,Baja,2,0-3 meses,Mes a mes,Transferencia,Internet fibra,Litoral,Hogar,82.93,0.006,2,2,No,1,164.86,995.16
C00853,2022-07-24,,2025-12-31,0,Activo,42,25+ meses,Mes a mes,Débito automático,Telefonía móvil,Patagonia,Hogar,27.85,0.1704,0,0,Sí,4,970.38,0.0
C00854,2022-07-24,,2025-12-31,0,Activo,42,25+ meses,Mes a mes,Tarjeta automática,Internet estándar,AMBA,Hogar,48.76,0.081,1,0,Sí,3,1882.04,0.0
C00855,2022-07-25,,2025-12-31,0,Activo,42,25+ meses,Anual,Tarjeta automática,Telefonía móvil,Centro,PyME,116.68,0.1205,1,1,Sí,2,4310.04,0.0
C00856,2022-07-25,,2025-12-31,0,Activo,42,25+ meses,Mes a mes,Tarjeta automática,Telefonía móvil,Patagonia,Profesional,56.58,0.0807,1,0,Sí,4,2184.59,0.0
C00857,2022-07-25,,2025-12-31,0,Activo,42,25+ meses,Anual,Transferencia,Streaming,Cuyo,Profesional,48.55,0.0203,0,0,No,3,1997.71,0.0
C00858,2022-07-25,,2025-12-31,0,Activo,42,25+ meses,Mes a mes,Transferencia,Internet fibra,NOA,Hogar,80.65,0.0683,0,1,No,5,3155.95,0.0
C00859,2022-07-25,,2025-12-31,0,Activo,42,25+ meses,Anual,Débito automático,Streaming,NOA,Hogar,18.0,0.1129,1,0,Sí,5,670.65,0.0
C00860,2022-07-26,2022-07-02,2025-12-31,1,Baja,1,0-3 meses,Mes a mes,Débito automático,Telefonía móvil,AMBA,Hogar,52.98,0.1246,2,0,Sí,3,46.38,635.76
C00861,2022-07-26,,2025-12-31,0,Activo,42,25+ meses,Mes a mes,Tarjeta automática,Internet estándar,Cuyo,Hogar,58.39,0.0149,1,0,Sí,5,2415.84,0.0
C00862,2022-07-26,,2025-12-31,0,Activo,42,25+ meses,Mes a mes,Débito automático,Telefonía móvil,Patagonia,Hogar,20.07,0.0624,1,1,Sí,5,790.34,0.0
C00863,2022-07-26,,2025-12-31,0,Activo,42,25+ meses,Anual,Tarjeta automática,Internet estándar,AMBA,Profesional,52.36,0.0351,1,0,Sí,4,2121.93,0.0
C00864,2022-07-27,2025-12-02,2025-12-31,1,Baja,42,25+ meses,Mes a mes,Cheque electrónico,Telefonía móvil,NOA,Profesional,49.33,0.0055,0,1,No,4,2060.46,591.96
C00865,2022-07-27,,2025-12-31,0,Activo,42,25+ meses,Dos años,Tarjeta automática,Streaming,AMBA,Hogar,37.23,0.071,1,0,Sí,5,1452.64,0.0
C00866,2022-07-28,2023-09-06,2025-12-31,1,Baja,15,13-24 meses,Mes a mes,Débito automático,Internet fibra,AMBA,Hogar,69.74,0.0306,1,0,Sí,2,1014.09,836.88
C00867,2022-07-29,,2025-12-31,0,Activo,42,25+ meses,Mes a mes,Tarjeta automática,Internet estándar,Litoral,Hogar,53.41,0.1542,1,0,Sí,5,1897.32,0.0
C00868,2022-07-29,2022-08-13,2025-12-31,1,Baja,2,0-3 meses,Mes a mes,Cheque electrónico,Internet fibra,Centro,Hogar,76.0,0.049,4,1,No,2,144.55,912.0
C00869,2022-07-29,,2025-12-31,0,Activo,42,25+ meses,Anual,Tarjeta automática,Internet estándar,Litoral,Hogar,49.78,0.0805,0,0,Sí,5,1922.45,0.0
C00870,2022-07-29,2022-12-21,2025-12-31,1,Baja,6,4-6 meses,Mes a mes,Cheque electrónico,Telefonía móvil,Cuyo,Hogar,47.46,0.0681,2,2,No,1,265.37,569.52
C00871,2022-07-29,2022-07-06,2025-12-31,1,Baja,1,0-3 meses,Mes a mes,Tarjeta automática,Internet fibra,Centro,Hogar,81.0,0.015,1,0,Sí,5,79.78,972.0
C00872,2022-07-30,2024-08-10,2025-12-31,1,Baja,26,25+ meses,Mes a mes,Cheque electrónico,Telefonía móvil,NOA,Profesional,59.79,0.0626,0,2,No,4,1457.23,717.48
C00873,2022-07-30,2023-03-17,2025-12-31,1,Baja,9,7-12 meses,Mes a mes,Transferencia,Internet fibra,AMBA,Profesional,99.6,0.1169,0,3,No,3,791.61,1195.2
C00874,2022-07-31,2023-06-09,2025-12-31,1,Baja,12,7-12 meses,Mes a mes,Tarjeta automática,Streaming,Cuyo,Hogar,31.39,0.0817,3,0,Sí,2,345.91,376.68
C00875,2022-07-31,,2025-12-31,0,Activo,42,25+ meses,Dos años,Tarjeta automática,Telefonía móvil,Centro,PyME,94.69,0.0183,6,0,Sí,1,3904.2,0.0
C00876,2022-07-31,,2025-12-31,0,Activo,42,25+ meses,Mes a mes,Débito automático,Streaming,AMBA,PyME,79.26,0.0965,1,0,Sí,3,3007.68,0.0
C00877,2022-07-31,2022-12-14,2025-12-31,1,Baja,6,4-6 meses,Mes a mes,Cheque electrónico,Telefonía móvil,Centro,Hogar,62.68,0.0739,4,1,No,1,348.29,752.16
C00878,2022-07-31,,2025-12-31,0,Activo,42,25+ meses,Dos años,Cheque electrónico,Telefonía móvil,Centro,Hogar,37.13,0.0507,1,0,No,4,1480.4,0.0
C00879,2022-07-31,2024-07-24,2025-12-31,1,Baja,25,25+ meses,Mes a mes,Tarjeta automática,Streaming,Cuyo,PyME,99.04,0.0335,0,0,Sí,5,2393.05,1188.48
C00880,2022-08-01,,2025-12-31,0,Activo,41,25+ meses,Mes a mes,Débito automático,Telefonía móvil,Cuyo,Hogar,34.46,0.0848,0,0,Sí,5,1293.05,0.0
C00881,2022-08-01,,2025-12-31,0,Activo,41,25+ meses,Anual,Tarjeta automática,Internet fibra,AMBA,Hogar,86.91,0.025,5,0,Sí,1,3474.23,0.0
C00882,2022-08-01,,2025-12-31,0,Activo,41,25+ meses,Dos años,Tarjeta automática,Internet estándar,AMBA,PyME,123.62,0.1171,2,0,Sí,4,4474.91,0.0
C00883,2022-08-01,,2025-12-31,0,Activo,41,25+ meses,Anual,Transferencia,Internet fibra,AMBA,Profesional,92.29,0.0827,0,0,No,2,3470.96,0.0
C00884,2022-08-02,2023-11-07,2025-12-31,1,Baja,16,13-24 meses,Mes a mes,Débito automático,Telefonía móvil,Litoral,Profesional,52.66,0.0094,1,0,Sí,5,834.64,631.92
C00885,2022-08-02,,2025-12-31,0,Activo,41,25+ meses,Dos años,Tarjeta automática,Streaming,NOA,PyME,79.28,0.0633,2,1,Sí,3,3044.72,0.0
C00886,2022-08-02,,2025-12-31,0,Activo,41,25+ meses,Mes a mes,Cheque electrónico,Streaming,AMBA,Hogar,28.79,0.0632,0,0,No,5,1105.79,0.0
C00887,2022-08-02,,2025-12-31,0,Activo,41,25+ meses,Dos años,Transferencia,Telefonía móvil,AMBA,Profesional,63.54,0.0528,1,0,No,4,2467.59,0.0
C00888,2022-08-02,2025-07-18,2025-12-31,1,Baja,36,25+ meses,Dos años,Transferencia,Internet fibra,Patagonia,Profesional,95.56,0.0478,3,1,No,3,3275.72,1146.72
C00889,2022-08-02,,2025-12-31,0,Activo,41,25+ meses,Dos años,Tarjeta automática,Telefonía móvil,Patagonia,Hogar,37.38,0.0883,1,0,Sí,5,1397.25,0.0
C00890,2022-08-03,2024-03-08,2025-12-31,1,Baja,20,13-24 meses,Mes a mes,Cheque electrónico,Internet fibra,Patagonia,Hogar,99.5,0.0311,0,1,No,2,1928.11,1194.0
C00891,2022-08-03,2024-03-07,2025-12-31,1,Baja,20,13-24 meses,Mes a mes,Débito automático,Internet estándar,Centro,Hogar,46.8,0.0445,0,0,Sí,5,894.35,561.6
C00892,2022-08-03,,2025-12-31,0,Activo,41,25+ meses,Anual,Débito automático,Streaming,NOA,Profesional,40.18,0.1119,0,1,Sí,4,1463.04,0.0
C00893,2022-08-03,,2025-12-31,0,Activo,41,25+ meses,Mes a mes,Tarjeta automática,Internet estándar,Litoral,Profesional,76.14,0.0676,0,0,Sí,4,2910.71,0.0
C00894,2022-08-03,,2025-12-31,0,Activo,41,25+ meses,Mes a mes,Cheque electrónico,Streaming,AMBA,PyME,93.31,0.0519,0,0,No,4,3627.16,0.0
C00895,2022-08-04,,2025-12-31,0,Activo,41,25+ meses,Dos años,Débito automático,Telefonía móvil,AMBA,Hogar,57.54,0.0736,2,0,Sí,4,2185.51,0.0
C00896,2022-08-04,,2025-12-31,0,Activo,41,25+ meses,Anual,Cheque electrónico,Telefonía móvil,Litoral,Hogar,63.21,0.0189,2,1,No,3,2542.63,0.0
C00897,2022-08-04,,2025-12-31,0,Activo,41,25+ meses,Mes a mes,Transferencia,Internet fibra,Patagonia,Hogar,81.81,0.032,0,0,No,4,3246.88,0.0
C00898,2022-08-04,2023-04-20,2025-12-31,1,Baja,9,7-12 meses,Mes a mes,Cheque electrónico,Internet fibra,Patagonia,PyME,129.83,0.0648,1,0,No,4,1092.75,1557.96
C00899,2022-08-04,2022-10-13,2025-12-31,1,Baja,3,0-3 meses,Mes a mes,Transferencia,Internet fibra,Litoral,Hogar,57.08,0.0152,4,0,No,2,168.64,684.96
C00900,2022-08-04,2022-09-22,2025-12-31,1,Baja,2,0-3 meses,Mes a mes,Cheque electrónico,Internet estándar,Litoral,Profesional,56.68,0.1196,1,1,No,4,99.8,680.16
C00901,2022-08-04,,2025-12-31,0,Activo,41,25+ meses,Mes a mes,Tarjeta automática,Internet fibra,Patagonia,Hogar,80.29,0.0114,0,0,Sí,5,3254.36,0.0
C00902,2022-08-05,,2025-12-31,0,Activo,41,25+ meses,Anual,Tarjeta automática,Internet estándar,AMBA,Hogar,36.01,0.0345,0,0,Sí,4,1425.47,0.0
C00903,2022-08-05,,2025-12-31,0,Activo,41,25+ meses,Anual,Transferencia,Telefonía móvil,Cuyo,Hogar,24.56,0.0422,0,0,No,4,964.47,0.0
C00904,2022-08-05,2022-12-06,2025-12-31,1,Baja,5,4-6 meses,Mes a mes,Débito automático,Telefonía móvil,AMBA,Profesional,60.72,0.0403,1,0,Sí,5,291.36,728.64
C00905,2022-08-05,2022-12-26,2025-12-31,1,Baja,5,4-6 meses,Mes a mes,Transferencia,Telefonía móvil,NOA,Hogar,50.54,0.0367,0,1,No,5,243.43,606.48
C00906,2022-08-06,,2025-12-31,0,Activo,41,25+ meses,Anual,Transferencia,Internet fibra,Litoral,Profesional,93.29,0.1117,0,0,No,5,3397.65,0.0
C00907,2022-08-06,,2025-12-31,0,Activo,41,25+ meses,Anual,Débito automático,Internet estándar,Patagonia,Hogar,58.86,0.0906,3,0,Sí,4,2194.62,0.0
C00908,2022-08-06,,2025-12-31,0,Activo,41,25+ meses,Dos años,Cheque electrónico,Internet fibra,Cuyo,Hogar,84.78,0.0065,1,1,No,4,3453.39,0.0
C00909,2022-08-06,2023-10-14,2025-12-31,1,Baja,15,13-24 meses,Mes a mes,Débito automático,Internet estándar,NOA,Hogar,61.64,0.1065,0,0,Sí,5,826.13,739.68
C00910,2022-08-07,,2025-12-31,0,Activo,41,25+ meses,Anual,Cheque electrónico,Internet estándar,NOA,Hogar,72.91,0.0557,1,0,No,4,2822.81,0.0
C00911,2022-08-07,2025-07-09,2025-12-31,1,Baja,36,25+ meses,Mes a mes,Tarjeta automática,Telefonía móvil,Litoral,Hogar,70.75,0.0595,0,1,Sí,3,2395.45,849.0
C00912,2022-08-07,2025-10-16,2025-12-31,1,Baja,39,25+ meses,Mes a mes,Transferencia,Streaming,NOA,Hogar,37.05,0.1095,0,1,No,4,1286.73,444.6
C00913,2022-08-08,,2025-12-31,0,Activo,41,25+ meses,Dos años,Cheque electrónico,Internet fibra,Litoral,Hogar,72.94,0.0356,1,2,No,3,2884.08,0.0
C00914,2022-08-08,2023-09-26,2025-12-31,1,Baja,14,13-24 meses,Mes a mes,Tarjeta automática,Streaming,Patagonia,Hogar,29.68,0.1294,1,2,Sí,4,361.75,356.16
C00915,2022-08-08,2023-08-02,2025-12-31,1,Baja,13,13-24 meses,Mes a mes,Débito automático,Telefonía móvil,Centro,Hogar,59.31,0.0937,2,0,Sí,4,698.78,711.72
C00916,2022-08-08,2022-11-26,2025-12-31,1,Baja,4,4-6 meses,Mes a mes,Tarjeta automática,Internet fibra,NOA,Hogar,68.17,0.0831,2,0,Sí,3,250.02,818.04
C00917,2022-08-08,2025-12-21,2025-12-31,1,Baja,41,25+ meses,Mes a mes,Débito automático,Telefonía móvil,Centro,Hogar,57.92,0.0965,1,0,Sí,4,2145.56,695.04
C00918,2022-08-08,,2025-12-31,0,Activo,41,25+ meses,Mes a mes,Débito automático,Internet fibra,Patagonia,Hogar,76.13,0.0099,0,0,Sí,4,3090.43,0.0
C00919,2022-08-08,2025-06-12,2025-12-31,1,Baja,35,25+ meses,Anual,Tarjeta automática,Internet fibra,Litoral,Hogar,80.5,0.0668,0,1,Sí,4,2629.29,966.0
C00920,2022-08-08,2023-09-16,2025-12-31,1,Baja,14,13-24 meses,Mes a mes,Cheque electrónico,Telefonía móvil,AMBA,Hogar,33.12,0.0514,1,2,No,3,439.85,397.44
C00921,2022-08-08,2023-09-22,2025-12-31,1,Baja,14,13-24 meses,Mes a mes,Tarjeta automática,Internet fibra,Patagonia,Hogar,63.44,0.088,1,0,Sí,4,810.0,761.28
C00922,2022-08-08,,2025-12-31,0,Activo,41,25+ meses,Dos años,Débito automático,Streaming,AMBA,Hogar,25.93,0.0933,0,0,Sí,4,963.94,0.0
C00923,2022-08-08,,2025-12-31,0,Activo,41,25+ meses,Mes a mes,Transferencia,Internet fibra,Litoral,Hogar,92.33,0.0552,0,0,No,4,3576.57,0.0
C00924,2022-08-08,,2025-12-31,0,Activo,41,25+ meses,Dos años,Tarjeta automática,Streaming,Patagonia,Hogar,21.28,0.1024,0,3,Sí,3,783.14,0.0
C00925,2022-08-08,,2025-12-31,0,Activo,41,25+ meses,Mes a mes,Tarjeta automática,Streaming,AMBA,Profesional,64.74,0.0107,2,2,Sí,3,2625.94,0.0
C00926,2022-08-09,2022-12-14,2025-12-31,1,Baja,5,4-6 meses,Mes a mes,Cheque electrónico,Telefonía móvil,Cuyo,Profesional,53.7,0.0561,0,0,No,5,253.44,644.4
C00927,2022-08-09,2024-04-09,2025-12-31,1,Baja,21,13-24 meses,Mes a mes,Transferencia,Telefonía móvil,Litoral,Hogar,30.25,0.0725,0,0,No,4,589.19,363.0
C00928,2022-08-09,,2025-12-31,0,Activo,41,25+ meses,Anual,Tarjeta automática,Streaming,NOA,Hogar,31.79,0.0423,1,0,Sí,3,1248.26,0.0
C00929,2022-08-09,2023-10-16,2025-12-31,1,Baja,15,13-24 meses,Mes a mes,Cheque electrónico,Internet estándar,Cuyo,Hogar,56.47,0.0015,1,0,No,3,845.78,677.64
C00930,2022-08-09,,2025-12-31,0,Activo,41,25+ meses,Dos años,Débito automático,Internet fibra,AMBA,Hogar,80.07,0.13,2,0,Sí,4,2856.1,0.0
C00931,2022-08-09,,2025-12-31,0,Activo,41,25+ meses,Mes a mes,Tarjeta automática,Streaming,AMBA,PyME,85.66,0.003,0,0,Sí,5,3501.52,0.0
C00932,2022-08-10,,2025-12-31,0,Activo,41,25+ meses,Anual,Transferencia,Internet estándar,Centro,Hogar,66.63,0.0469,1,1,No,3,2603.71,0.0
C00933,2022-08-10,,2025-12-31,0,Activo,41,25+ meses,Mes a mes,Débito automático,Internet fibra,NOA,Hogar,79.04,0.0355,1,0,Sí,3,3125.6,0.0
C00934,2022-08-10,,2025-12-31,0,Activo,41,25+ meses,Mes a mes,Tarjeta automática,Telefonía móvil,Patagonia,Profesional,54.83,0.0962,1,0,Sí,3,2031.77,0.0
C00935,2022-08-10,2023-01-11,2025-12-31,1,Baja,6,4-6 meses,Mes a mes,Cheque electrónico,Internet estándar,Cuyo,PyME,91.54,0.0144,1,0,No,3,541.33,1098.48
C00936,2022-08-11,,2025-12-31,0,Activo,41,25+ meses,Mes a mes,Tarjeta automática,Internet fibra,NOA,Hogar,92.01,0.0899,0,0,Sí,4,3433.27,0.0
C00937,2022-08-11,2023-11-26,2025-12-31,1,Baja,16,13-24 meses,Mes a mes,Tarjeta automática,Telefonía móvil,NOA,Profesional,55.32,0.0372,2,0,Sí,2,852.19,663.84
C00938,2022-08-11,,2025-12-31,0,Activo,41,25+ meses,Anual,Tarjeta automática,Internet estándar,NOA,Profesional,63.39,0.0351,0,0,Sí,4,2507.77,0.0
C00939,2022-08-11,,2025-12-31,0,Activo,41,25+ meses,Mes a mes,Transferencia,Streaming,AMBA,Profesional,58.57,0.0949,0,1,No,5,2173.48,0.0
C00940,2022-08-11,2022-10-21,2025-12-31,1,Baja,3,0-3 meses,Mes a mes,Transferencia,Internet fibra,AMBA,Hogar,100.6,0.0773,1,0,No,3,278.47,1207.2
C00941,2022-08-11,,2025-12-31,0,Activo,41,25+ meses,Mes a mes,Cheque electrónico,Internet estándar,Patagonia,Profesional,69.76,0.0383,0,1,No,3,2750.62,0.0
C00942,2022-08-11,2022-11-17,2025-12-31,1,Baja,4,4-6 meses,Mes a mes,Tarjeta automática,Streaming,Cuyo,Hogar,27.49,0.0188,1,0,Sí,4,107.89,329.88
C00943,2022-08-12,2022-08-25,2025-12-31,1,Baja,1,0-3 meses,Mes a mes,Cheque electrónico,Internet fibra,AMBA,Hogar,77.94,0.0556,1,0,No,3,73.61,935.28
C00944,2022-08-12,,2025-12-31,0,Activo,41,25+ meses,Anual,Débito automático,Streaming,Litoral,Hogar,23.99,0.0599,0,0,Sí,5,924.67,0.0
C00945,2022-08-12,2022-08-23,2025-12-31,1,Baja,1,0-3 meses,Mes a mes,Tarjeta automática,Internet fibra,Cuyo,Hogar,74.09,0.0359,0,0,Sí,5,71.43,889.08
C00946,2022-08-12,,2025-12-31,0,Activo,41,25+ meses,Dos años,Tarjeta automática,Internet fibra,NOA,Hogar,74.14,0.0631,4,0,Sí,2,2847.93,0.0
C00947,2022-08-12,2022-09-01,2025-12-31,1,Baja,2,0-3 meses,Mes a mes,Cheque electrónico,Internet fibra,Litoral,Hogar,88.02,0.0923,0,2,No,2,159.79,1056.24
C00948,2022-08-13,2025-10-12,2025-12-31,1,Baja,39,25+ meses,Mes a mes,Tarjeta automática,Internet fibra,Centro,Hogar,77.03,0.0495,0,0,Sí,4,2855.46,924.36
C00949,2022-08-13,,2025-12-31,0,Activo,41,25+ meses,Dos años,Transferencia,Internet fibra,NOA,PyME,147.95,0.0147,1,0,No,4,5976.78,0.0
C00950,2022-08-13,2022-08-14,2025-12-31,1,Baja,1,0-3 meses,Mes a mes,Débito automático,Telefonía móvil,Litoral,Hogar,40.72,0.0383,0,0,Sí,5,39.16,488.64
C00951,2022-08-14,2022-09-11,2025-12-31,1,Baja,2,0-3 meses,Mes a mes,Tarjeta automática,Internet estándar,Centro,Hogar,44.96,0.0673,2,1,Sí,5,83.87,539.52
C00952,2022-08-14,,2025-12-31,0,Activo,41,25+ meses,Dos años,Cheque electrónico,Internet fibra,AMBA,Profesional,110.06,0.0134,1,3,No,2,4451.99,0.0
C00953,2022-08-14,,2025-12-31,0,Activo,41,25+ meses,Dos años,Cheque electrónico,Internet estándar,Litoral,Hogar,49.24,0.0215,0,0,No,4,1975.43,0.0
C00954,2022-08-14,,2025-12-31,0,Activo,41,25+ meses,Anual,Débito automático,Internet fibra,Patagonia,Profesional,94.61,0.0933,5,0,Sí,2,3517.1,0.0
C00955,2022-08-15,,2025-12-31,0,Activo,41,25+ meses,Mes a mes,Transferencia,Internet estándar,NOA,Hogar,49.37,0.0799,0,2,No,5,1862.44,0.0
C00956,2022-08-16,,2025-12-31,0,Activo,41,25+ meses,Anual,Débito automático,Telefonía móvil,AMBA,Hogar,58.13,0.1268,0,0,Sí,5,2081.12,0.0
C00957,2022-08-16,,2025-12-31,0,Activo,41,25+ meses,Dos años,Transferencia,Streaming,Cuyo,Hogar,32.37,0.0276,2,0,No,3,1290.54,0.0
C00958,2022-08-17,2024-12-14,2025-12-31,1,Baja,29,25+ meses,Dos años,Tarjeta automática,Streaming,NOA,Hogar,42.74,0.0604,1,0,Sí,3,1164.6,512.88
C00959,2022-08-17,,2025-12-31,0,Activo,41,25+ meses,Mes a mes,Débito automático,Internet fibra,Litoral,Hogar,75.42,0.0473,1,0,Sí,3,2945.96,0.0
C00960,2022-08-18,,2025-12-31,0,Activo,41,25+ meses,Mes a mes,Débito automático,Internet fibra,AMBA,Hogar,89.98,0.117,1,1,Sí,3,3257.55,0.0
C00961,2022-08-18,2023-05-12,2025-12-31,1,Baja,10,7-12 meses,Mes a mes,Débito automático,Streaming,NOA,Hogar,31.61,0.1264,2,2,Sí,3,276.14,379.32
C00962,2022-08-18,2023-08-01,2025-12-31,1,Baja,13,13-24 meses,Mes a mes,Débito automático,Internet estándar,Patagonia,Hogar,58.71,0.0433,1,1,Sí,4,730.18,704.52
C00963,2022-08-18,,2025-12-31,0,Activo,41,25+ meses,Anual,Tarjeta automática,Streaming,Cuyo,Profesional,57.63,0.0048,1,1,Sí,4,2351.49,0.0
C00964,2022-08-18,,2025-12-31,0,Activo,41,25+ meses,Mes a mes,Cheque electrónico,Telefonía móvil,Patagonia,Hogar,31.64,0.0285,0,2,No,3,1260.27,0.0
C00965,2022-08-18,2023-10-26,2025-12-31,1,Baja,15,13-24 meses,Mes a mes,Tarjeta automática,Internet estándar,Litoral,Profesional,67.79,0.099,1,0,Sí,2,916.18,813.48
C00966,2022-08-18,,2025-12-31,0,Activo,41,25+ meses,Mes a mes,Tarjeta automática,Telefonía móvil,Centro,Profesional,70.53,0.0486,0,0,Sí,4,2751.19,0.0
C00967,2022-08-18,2023-02-20,2025-12-31,1,Baja,7,7-12 meses,Mes a mes,Débito automático,Internet estándar,Patagonia,Hogar,61.28,0.0602,0,0,Sí,4,403.14,735.36
C00968,2022-08-19,,2025-12-31,0,Activo,41,25+ meses,Mes a mes,Transferencia,Internet fibra,Centro,PyME,146.79,0.0674,0,0,No,4,5612.75,0.0
C00969,2022-08-19,2023-11-02,2025-12-31,1,Baja,16,13-24 meses,Mes a mes,Tarjeta automática,Internet fibra,Centro,Profesional,97.15,0.065,0,1,Sí,5,1453.36,1165.8
C00970,2022-08-19,2023-04-14,2025-12-31,1,Baja,9,7-12 meses,Mes a mes,Débito automático,Streaming,Litoral,Hogar,45.94,0.1209,1,0,Sí,4,363.47,551.28
C00971,2022-08-19,,2025-12-31,0,Activo,41,25+ meses,Dos años,Transferencia,Internet fibra,AMBA,Hogar,70.77,0.0731,0,0,No,4,2689.47,0.0
C00972,2022-08-19,,2025-12-31,0,Activo,41,25+ meses,Mes a mes,Tarjeta automática,Streaming,Litoral,Hogar,18.0,0.0549,0,0,Sí,5,697.48,0.0
C00973,2022-08-20,2025-04-11,2025-12-31,1,Baja,33,25+ meses,Mes a mes,Cheque electrónico,Streaming,Litoral,PyME,80.95,0.0563,1,1,No,4,2520.95,971.4
C00974,2022-08-20,,2025-12-31,0,Activo,41,25+ meses,Mes a mes,Débito automático,Internet estándar,Patagonia,Hogar,62.15,0.0108,0,1,Sí,5,2520.63,0.0
C00975,2022-08-20,2024-08-16,2025-12-31,1,Baja,25,25+ meses,Mes a mes,Transferencia,Internet estándar,AMBA,Hogar,37.05,0.0401,1,2,No,5,889.11,444.6
C00976,2022-08-20,,2025-12-31,0,Activo,41,25+ meses,Mes a mes,Tarjeta automática,Streaming,Litoral,PyME,67.83,0.0543,0,0,Sí,4,2630.02,0.0
C00977,2022-08-21,2023-08-06,2025-12-31,1,Baja,13,13-24 meses,Mes a mes,Transferencia,Internet estándar,Cuyo,Hogar,30.07,0.0379,3,0,No,4,376.09,360.84
C00978,2022-08-21,2024-02-27,2025-12-31,1,Baja,19,13-24 meses,Mes a mes,Cheque electrónico,Telefonía móvil,Centro,Hogar,50.1,0.0045,0,0,No,4,947.62,601.2
C00979,2022-08-21,,2025-12-31,0,Activo,41,25+ meses,Mes a mes,Tarjeta automática,Internet fibra,Cuyo,Hogar,62.08,0.1113,0,0,Sí,5,2261.99,0.0
C00980,2022-08-21,,2025-12-31,0,Activo,41,25+ meses,Anual,Tarjeta automática,Telefonía móvil,NOA,Profesional,66.04,0.0463,0,1,Sí,4,2582.28,0.0
C00981,2022-08-21,2025-02-22,2025-12-31,1,Baja,31,25+ meses,Mes a mes,Tarjeta automática,Internet fibra,Patagonia,Hogar,74.39,0.0266,2,0,Sí,3,2244.75,892.68
C00982,2022-08-21,,2025-12-31,0,Activo,41,25+ meses,Mes a mes,Tarjeta automática,Internet fibra,AMBA,Hogar,69.52,0.0338,0,0,Sí,3,2753.98,0.0
C00983,2022-08-21,,2025-12-31,0,Activo,41,25+ meses,Anual,Cheque electrónico,Streaming,NOA,Hogar,18.01,0.0268,1,0,No,3,718.62,0.0
C00984,2022-08-21,,2025-12-31,0,Activo,41,25+ meses,Mes a mes,Transferencia,Internet fibra,Litoral,Hogar,80.27,0.099,0,0,No,5,2965.25,0.0
C00985,2022-08-22,2025-04-10,2025-12-31,1,Baja,33,25+ meses,Mes a mes,Transferencia,Internet fibra,AMBA,PyME,124.7,0.0219,0,0,No,5,4024.98,1496.4
C00986,2022-08-22,,2025-12-31,0,Activo,41,25+ meses,Mes a mes,Cheque electrónico,Internet fibra,NOA,Hogar,77.95,0.0618,1,1,No,3,2998.44,0.0
C00987,2022-08-22,2023-02-25,2025-12-31,1,Baja,7,7-12 meses,Mes a mes,Cheque electrónico,Streaming,Litoral,Hogar,33.42,0.1216,3,1,No,4,205.49,401.04
C00988,2022-08-22,2022-11-05,2025-12-31,1,Baja,4,4-6 meses,Mes a mes,Cheque electrónico,Internet estándar,NOA,Profesional,73.74,0.0293,3,0,No,4,286.32,884.88
C00989,2022-08-23,,2025-12-31,0,Activo,41,25+ meses,Dos años,Débito automático,Internet fibra,AMBA,Hogar,88.28,0.0652,0,0,Sí,5,3383.49,0.0
C00990,2022-08-24,,2025-12-31,0,Activo,41,25+ meses,Dos años,Débito automático,Internet estándar,Centro,Hogar,50.81,0.1422,3,0,Sí,4,1786.98,0.0
C00991,2022-08-24,,2025-12-31,0,Activo,41,25+ meses,Dos años,Tarjeta automática,Internet fibra,NOA,PyME,121.45,0.0722,0,0,Sí,4,4619.93,0.0
C00992,2022-08-24,2022-09-05,2025-12-31,1,Baja,2,0-3 meses,Mes a mes,Débito automático,Telefonía móvil,Centro,Profesional,65.12,0.1107,0,1,Sí,3,115.82,781.44
C00993,2022-08-24,2023-07-09,2025-12-31,1,Baja,12,7-12 meses,Mes a mes,Débito automático,Internet fibra,Litoral,Hogar,85.22,0.0465,1,0,Sí,3,975.09,1022.64
C00994,2022-08-25,,2025-12-31,0,Activo,41,25+ meses,Mes a mes,Tarjeta automática,Streaming,Litoral,Hogar,27.0,0.0697,0,0,Sí,5,1029.84,0.0
C00995,2022-08-25,,2025-12-31,0,Activo,41,25+ meses,Mes a mes,Débito automático,Internet estándar,NOA,Hogar,45.83,0.077,2,0,Sí,4,1734.34,0.0
C00996,2022-08-25,,2025-12-31,0,Activo,41,25+ meses,Mes a mes,Débito automático,Internet estándar,Cuyo,Hogar,76.23,0.0344,0,2,Sí,3,3017.92,0.0
C00997,2022-08-25,2025-03-23,2025-12-31,1,Baja,32,25+ meses,Mes a mes,Tarjeta automática,Telefonía móvil,Patagonia,Hogar,27.78,0.0832,0,0,Sí,3,815.0,333.36
C00998,2022-08-25,,2025-12-31,0,Activo,41,25+ meses,Mes a mes,Tarjeta automática,Internet estándar,Patagonia,Hogar,54.43,0.0942,1,0,Sí,3,2021.41,0.0
C00999,2022-08-25,,2025-12-31,0,Activo,41,25+ meses,Mes a mes,Débito automático,Streaming,Patagonia,Hogar,40.51,0.0118,0,0,Sí,3,1641.31,0.0
C01000,2022-08-26,,2025-12-31,0,Activo,41,25+ meses,Mes a mes,Débito automático,Internet estándar,Litoral,Hogar,45.25,0.1009,0,0,Sí,4,1668.06,0.0
C01001,2022-08-26,,2025-12-31,0,Activo,41,25+ meses,Anual,Transferencia,Streaming,AMBA,PyME,82.15,0.0298,1,0,No,4,3267.78,0.0
C01002,2022-08-26,,2025-12-31,0,Activo,41,25+ meses,Mes a mes,Transferencia,Internet estándar,Centro,PyME,99.58,0.1514,0,1,No,2,3464.65,0.0
C01003,2022-08-26,,2025-12-31,0,Activo,41,25+ meses,Dos años,Tarjeta automática,Internet fibra,Litoral,Profesional,96.0,0.1406,2,0,Sí,3,3382.6,0.0
C01004,2022-08-26,,2025-12-31,0,Activo,41,25+ meses,Mes a mes,Tarjeta automática,Internet fibra,Cuyo,Hogar,87.89,0.0146,0,0,Sí,5,3550.88,0.0
C01005,2022-08-26,,2025-12-31,0,Activo,41,25+ meses,Mes a mes,Tarjeta automática,Internet fibra,Centro,Hogar,75.82,0.01,2,0,Sí,4,3077.53,0.0
C01006,2022-08-26,,2025-12-31,0,Activo,41,25+ meses,Mes a mes,Tarjeta automática,Telefonía móvil,Patagonia,Hogar,76.22,0.0164,0,1,Sí,4,3073.77,0.0
C01007,2022-08-26,2023-08-06,2025-12-31,1,Baja,13,13-24 meses,Mes a mes,Débito automático,Telefonía móvil,Cuyo,Hogar,37.02,0.0567,1,0,Sí,4,453.97,444.24
C01008,2022-08-26,2024-03-09,2025-12-31,1,Baja,20,13-24 meses,Mes a mes,Cheque electrónico,Internet fibra,Patagonia,Profesional,111.15,0.0185,0,1,No,5,2181.87,1333.8
C01009,2022-08-26,2025-01-19,2025-12-31,1,Baja,30,25+ meses,Mes a mes,Tarjeta automática,Internet estándar,Litoral,Profesional,72.98,0.0353,4,0,Sí,3,2112.11,875.76
C01010,2022-08-27,2023-11-15,2025-12-31,1,Baja,16,13-24 meses,Anual,Débito automático,Streaming,Cuyo,Hogar,30.19,0.0633,1,0,Sí,4,452.46,362.28
C01011,2022-08-28,2022-11-13,2025-12-31,1,Baja,4,4-6 meses,Mes a mes,Transferencia,Internet estándar,AMBA,Hogar,65.18,0.0338,2,0,No,4,251.91,782.16
C01012,2022-08-28,,2025-12-31,0,Activo,41,25+ meses,Mes a mes,Débito automático,Internet estándar,AMBA,Hogar,31.4,0.0257,1,0,Sí,3,1254.31,0.0
C01013,2022-08-28,2023-06-21,2025-12-31,1,Baja,11,7-12 meses,Dos años,Tarjeta automática,Streaming,Litoral,PyME,88.68,0.0861,0,1,Sí,5,891.49,1064.16
C01014,2022-08-28,2023-12-11,2025-12-31,1,Baja,17,13-24 meses,Mes a mes,Tarjeta automática,Internet fibra,Cuyo,Hogar,70.12,0.0429,0,0,Sí,5,1140.9,841.44
C01015,2022-08-29,2022-08-06,2025-12-31,1,Baja,1,0-3 meses,Mes a mes,Cheque electrónico,Internet estándar,Patagonia,Hogar,44.2,0.0707,1,2,No,3,41.08,530.4
C01016,2022-08-29,,2025-12-31,0,Activo,41,25+ meses,Mes a mes,Tarjeta automática,Internet fibra,Litoral,Hogar,72.69,0.0464,1,0,Sí,4,2842.0,0.0
C01017,2022-08-29,,2025-12-31,0,Activo,41,25+ meses,Mes a mes,Transferencia,Internet fibra,Centro,Profesional,85.4,0.0778,0,0,No,5,3228.99,0.0
C01018,2022-08-30,2022-10-01,2025-12-31,1,Baja,3,0-3 meses,Mes a mes,Cheque electrónico,Streaming,Patagonia,Hogar,18.0,0.0095,3,2,No,3,53.49,216.0
C01019,2022-08-30,2023-09-06,2025-12-31,1,Baja,14,13-24 meses,Mes a mes,Tarjeta automática,Streaming,Litoral,Hogar,33.28,0.1365,1,1,Sí,5,402.32,399.36
C01020,2022-08-30,2022-09-01,2025-12-31,1,Baja,2,0-3 meses,Anual,Transferencia,Telefonía móvil,NOA,Profesional,59.28,0.0369,0,0,No,5,114.19,711.36
C01021,2022-08-31,,2025-12-31,0,Activo,41,25+ meses,Mes a mes,Tarjeta automática,Internet fibra,NOA,PyME,129.69,0.0496,0,0,Sí,5,5053.55,0.0
C01022,2022-08-31,2024-01-14,2025-12-31,1,Baja,18,13-24 meses,Mes a mes,Tarjeta automática,Streaming,NOA,Hogar,37.35,0.0571,1,1,Sí,4,633.91,448.2
C01023,2022-08-31,2023-04-16,2025-12-31,1,Baja,9,7-12 meses,Mes a mes,Débito automático,Telefonía móvil,AMBA,Profesional,64.97,0.0104,0,2,Sí,4,578.65,779.64
C01024,2022-08-31,,2025-12-31,0,Activo,41,25+ meses,Dos años,Cheque electrónico,Streaming,Litoral,Hogar,26.06,0.0881,0,1,No,5,974.33,0.0
C01025,2022-08-31,,2025-12-31,0,Activo,41,25+ meses,Anual,Tarjeta automática,Telefonía móvil,AMBA,Profesional,93.56,0.0625,0,0,Sí,4,3596.21,0.0
C01026,2022-08-31,2023-06-23,2025-12-31,1,Baja,11,7-12 meses,Dos años,Tarjeta automática,Telefonía móvil,NOA,Hogar,53.2,0.0885,0,0,Sí,5,533.41,638.4
C01027,2022-08-31,2024-10-03,2025-12-31,1,Baja,27,25+ meses,Anual,Cheque electrónico,Telefonía móvil,Patagonia,Profesional,86.89,0.1262,2,2,No,2,2049.96,1042.68
C01028,2022-08-31,,2025-12-31,0,Activo,41,25+ meses,Anual,Tarjeta automática,Telefonía móvil,Centro,Profesional,55.44,0.0044,0,0,Sí,4,2263.04,0.0
C01029,2022-09-01,2023-05-15,2025-12-31,1,Baja,9,7-12 meses,Mes a mes,Cheque electrónico,Streaming,Litoral,Hogar,31.75,0.0428,1,0,No,3,273.52,381.0
C01030,2022-09-01,,2025-12-31,0,Activo,40,25+ meses,Dos años,Transferencia,Internet estándar,Litoral,Hogar,35.38,0.0709,1,0,No,5,1314.86,0.0
C01031,2022-09-01,2025-11-16,2025-12-31,1,Baja,39,25+ meses,Mes a mes,Débito automático,Telefonía móvil,Litoral,Profesional,56.36,0.0135,3,1,Sí,2,2168.37,676.32
C01032,2022-09-01,2025-11-01,2025-12-31,1,Baja,39,25+ meses,Mes a mes,Transferencia,Telefonía móvil,Litoral,Hogar,35.58,0.0009,3,0,No,3,1386.37,426.96
C01033,2022-09-01,,2025-12-31,0,Activo,40,25+ meses,Anual,Transferencia,Internet fibra,NOA,Profesional,128.95,0.1003,1,0,No,2,4640.65,0.0
C01034,2022-09-01,2022-09-02,2025-12-31,1,Baja,1,0-3 meses,Mes a mes,Tarjeta automática,Internet fibra,Patagonia,Hogar,70.38,0.1488,2,0,Sí,5,59.91,844.56
C01035,2022-09-02,2023-09-05,2025-12-31,1,Baja,13,13-24 meses,Mes a mes,Cheque electrónico,Internet fibra,Cuyo,Hogar,75.43,0.0215,2,2,No,2,959.51,905.16
C01036,2022-09-02,2024-03-23,2025-12-31,1,Baja,19,13-24 meses,Mes a mes,Cheque electrónico,Telefonía móvil,Patagonia,Profesional,44.01,0.0653,0,1,No,5,781.59,528.12
C01037,2022-09-02,2024-01-10,2025-12-31,1,Baja,17,13-24 meses,Mes a mes,Cheque electrónico,Internet fibra,AMBA,Hogar,83.87,0.0888,0,1,No,3,1299.18,1006.44
C01038,2022-09-03,,2025-12-31,0,Activo,40,25+ meses,Dos años,Transferencia,Internet fibra,Centro,Profesional,86.1,0.0657,1,0,No,3,3217.73,0.0
C01039,2022-09-04,,2025-12-31,0,Activo,40,25+ meses,Mes a mes,Débito automático,Internet estándar,AMBA,Hogar,59.1,0.033,0,0,Sí,5,2285.99,0.0
C01040,2022-09-04,,2025-12-31,0,Activo,40,25+ meses,Anual,Débito automático,Internet fibra,NOA,Hogar,58.33,0.1125,2,0,Sí,2,2070.71,0.0
C01041,2022-09-04,,2025-12-31,0,Activo,40,25+ meses,Mes a mes,Tarjeta automática,Telefonía móvil,AMBA,Hogar,40.66,0.0482,1,0,Sí,4,1548.01,0.0
C01042,2022-09-05,2022-10-23,2025-12-31,1,Baja,2,0-3 meses,Anual,Débito automático,Internet estándar,NOA,Hogar,28.7,0.0188,2,0,Sí,3,56.32,344.4
C01043,2022-09-05,,2025-12-31,0,Activo,40,25+ meses,Mes a mes,Transferencia,Internet fibra,Patagonia,Hogar,72.6,0.032,0,0,No,5,2811.07,0.0
C01044,2022-09-05,,2025-12-31,0,Activo,40,25+ meses,Dos años,Transferencia,Internet fibra,NOA,Hogar,74.84,0.0994,2,0,No,5,2696.04,0.0
C01045,2022-09-05,,2025-12-31,0,Activo,40,25+ meses,Mes a mes,Débito automático,Telefonía móvil,Patagonia,Hogar,35.41,0.1053,0,0,Sí,5,1267.25,0.0
C01046,2022-09-05,2025-07-06,2025-12-31,1,Baja,35,25+ meses,Mes a mes,Débito automático,Streaming,Cuyo,PyME,78.5,0.0621,2,0,Sí,5,2576.88,942.0
C01047,2022-09-06,2023-05-06,2025-12-31,1,Baja,9,7-12 meses,Mes a mes,Transferencia,Internet estándar,Patagonia,Hogar,59.68,0.0392,0,0,No,4,516.06,716.16
C01048,2022-09-07,2022-09-23,2025-12-31,1,Baja,1,0-3 meses,Mes a mes,Débito automático,Internet estándar,NOA,Hogar,72.92,0.0102,0,0,Sí,5,72.18,875.04
C01049,2022-09-07,2022-12-22,2025-12-31,1,Baja,4,4-6 meses,Mes a mes,Cheque electrónico,Telefonía móvil,NOA,PyME,100.73,0.0235,1,2,No,3,393.45,1208.76
C01050,2022-09-07,,2025-12-31,0,Activo,40,25+ meses,Anual,Transferencia,Telefonía móvil,Patagonia,Hogar,32.54,0.0841,0,0,No,5,1192.14,0.0
C01051,2022-09-07,,2025-12-31,0,Activo,40,25+ meses,Dos años,Tarjeta automática,Streaming,Patagonia,Hogar,29.7,0.1094,1,0,Sí,4,1058.03,0.0
C01052,2022-09-07,,2025-12-31,0,Activo,40,25+ meses,Anual,Tarjeta automática,Internet estándar,Litoral,PyME,100.1,0.0145,2,1,Sí,2,3945.94,0.0
C01053,2022-09-07,2025-05-11,2025-12-31,1,Baja,33,25+ meses,Mes a mes,Transferencia,Telefonía móvil,NOA,Hogar,51.78,0.0862,3,1,No,2,1561.45,621.36
C01054,2022-09-07,,2025-12-31,0,Activo,40,25+ meses,Mes a mes,Débito automático,Streaming,Cuyo,Hogar,32.17,0.017,1,1,Sí,4,1264.92,0.0
C01055,2022-09-07,,2025-12-31,0,Activo,40,25+ meses,Anual,Cheque electrónico,Internet estándar,Litoral,Hogar,31.64,0.0715,1,0,No,4,1175.11,0.0
C01056,2022-09-07,,2025-12-31,0,Activo,40,25+ meses,Dos años,Tarjeta automática,Telefonía móvil,NOA,PyME,109.08,0.0947,2,0,Sí,5,3950.0,0.0
C01057,2022-09-08,2023-07-06,2025-12-31,1,Baja,11,7-12 meses,Mes a mes,Tarjeta automática,Telefonía móvil,Centro,Hogar,52.64,0.0735,5,0,Sí,1,536.48,631.68
C01058,2022-09-08,,2025-12-31,0,Activo,40,25+ meses,Dos años,Débito automático,Streaming,Patagonia,Profesional,63.45,0.0726,1,1,Sí,3,2353.74,0.0
C01059,2022-09-08,2022-10-11,2025-12-31,1,Baja,2,0-3 meses,Mes a mes,Transferencia,Telefonía móvil,AMBA,Hogar,36.32,0.0454,1,0,No,1,69.34,435.84
C01060,2022-09-08,2024-10-22,2025-12-31,1,Baja,26,25+ meses,Anual,Cheque electrónico,Internet estándar,Litoral,Hogar,52.31,0.0291,1,1,No,4,1320.48,627.72
C01061,2022-09-08,,2025-12-31,0,Activo,40,25+ meses,Dos años,Cheque electrónico,Internet estándar,AMBA,Profesional,53.97,0.0058,1,0,No,4,2146.28,0.0
C01062,2022-09-09,,2025-12-31,0,Activo,40,25+ meses,Anual,Débito automático,Internet fibra,NOA,PyME,132.44,0.0828,0,0,Sí,5,4858.96,0.0
C01063,2022-09-09,2023-02-12,2025-12-31,1,Baja,6,4-6 meses,Mes a mes,Cheque electrónico,Streaming,NOA,Hogar,33.37,0.0476,1,1,No,4,190.69,400.44
C01064,2022-09-10,,2025-12-31,0,Activo,40,25+ meses,Anual,Tarjeta automática,Internet estándar,Centro,Hogar,42.0,0.0918,1,0,Sí,3,1525.78,0.0
C01065,2022-09-10,2023-11-26,2025-12-31,1,Baja,15,13-24 meses,Mes a mes,Débito automático,Internet estándar,AMBA,Profesional,70.77,0.1229,0,0,Sí,3,931.09,849.24
C01066,2022-09-10,,2025-12-31,0,Activo,40,25+ meses,Anual,Cheque electrónico,Telefonía móvil,Litoral,Hogar,43.85,0.1522,0,0,No,5,1487.04,0.0
C01067,2022-09-10,,2025-12-31,0,Activo,40,25+ meses,Mes a mes,Débito automático,Internet fibra,NOA,Hogar,73.05,0.0303,1,0,Sí,3,2833.46,0.0
C01068,2022-09-10,2024-04-16,2025-12-31,1,Baja,20,13-24 meses,Anual,Cheque electrónico,Telefonía móvil,Centro,Hogar,57.37,0.119,0,2,No,2,1010.86,688.44
C01069,2022-09-10,,2025-12-31,0,Activo,40,25+ meses,Dos años,Tarjeta automática,Internet fibra,NOA,PyME,130.42,0.063,2,1,Sí,4,4888.14,0.0
C01070,2022-09-10,,2025-12-31,0,Activo,40,25+ meses,Mes a mes,Tarjeta automática,Internet fibra,Cuyo,Hogar,79.46,0.0389,1,1,Sí,3,3054.76,0.0
C01071,2022-09-10,,2025-12-31,0,Activo,40,25+ meses,Mes a mes,Débito automático,Internet fibra,Cuyo,Hogar,61.86,0.1276,1,0,Sí,4,2158.67,0.0
C01072,2022-09-11,2025-04-21,2025-12-31,1,Baja,32,25+ meses,Anual,Cheque electrónico,Internet estándar,Cuyo,Hogar,54.71,0.0292,1,2,No,1,1699.6,656.52
C01073,2022-09-11,,2025-12-31,0,Activo,40,25+ meses,Mes a mes,Débito automático,Internet estándar,Centro,Hogar,43.75,0.0637,0,0,Sí,4,1638.52,0.0
C01074,2022-09-11,2024-01-04,2025-12-31,1,Baja,17,13-24 meses,Mes a mes,Cheque electrónico,Internet estándar,Cuyo,Hogar,59.53,0.0192,1,4,No,3,992.58,714.36
C01075,2022-09-11,,2025-12-31,0,Activo,40,25+ meses,Mes a mes,Tarjeta automática,Streaming,Centro,Hogar,18.0,0.0345,3,0,Sí,4,695.16,0.0
C01076,2022-09-11,,2025-12-31,0,Activo,40,25+ meses,Mes a mes,Transferencia,Internet estándar,Cuyo,Hogar,53.74,0.0655,0,0,No,4,2008.8,0.0
C01077,2022-09-11,,2025-12-31,0,Activo,40,25+ meses,Anual,Débito automático,Internet fibra,Centro,Hogar,54.0,0.0215,1,1,Sí,1,2113.56,0.0
C01078,2022-09-11,,2025-12-31,0,Activo,40,25+ meses,Anual,Tarjeta automática,Internet estándar,AMBA,Hogar,55.77,0.0453,1,0,Sí,4,2129.74,0.0
C01079,2022-09-12,2022-12-26,2025-12-31,1,Baja,4,4-6 meses,Mes a mes,Transferencia,Internet fibra,Cuyo,PyME,131.08,0.0462,0,0,No,4,500.1,1572.96
C01080,2022-09-12,2023-03-07,2025-12-31,1,Baja,7,7-12 meses,Mes a mes,Transferencia,Internet fibra,AMBA,Hogar,82.39,0.0392,1,0,No,5,554.12,988.68
C01081,2022-09-12,,2025-12-31,0,Activo,40,25+ meses,Mes a mes,Débito automático,Internet fibra,Centro,Hogar,71.4,0.0131,0,0,Sí,4,2818.59,0.0
C01082,2022-09-12,,2025-12-31,0,Activo,40,25+ meses,Mes a mes,Tarjeta automática,Streaming,Patagonia,Hogar,18.56,0.0133,1,0,Sí,3,732.53,0.0
C01083,2022-09-13,,2025-12-31,0,Activo,40,25+ meses,Anual,Tarjeta automática,Streaming,AMBA,Hogar,24.22,0.0378,0,0,Sí,4,932.18,0.0
C01084,2022-09-13,2024-05-27,2025-12-31,1,Baja,21,13-24 meses,Mes a mes,Cheque electrónico,Telefonía móvil,Centro,Profesional,62.11,0.0445,4,0,No,5,1246.27,745.32
C01085,2022-09-14,2023-07-07,2025-12-31,1,Baja,11,7-12 meses,Mes a mes,Transferencia,Streaming,Patagonia,Hogar,35.34,0.0469,1,1,No,4,370.51,424.08
C01086,2022-09-14,,2025-12-31,0,Activo,40,25+ meses,Dos años,Cheque electrónico,Internet estándar,AMBA,Profesional,70.34,0.053,1,1,No,3,2664.48,0.0
C01087,2022-09-14,2025-06-03,2025-12-31,1,Baja,34,25+ meses,Mes a mes,Transferencia,Internet estándar,Patagonia,Hogar,38.7,0.0133,1,0,No,5,1298.3,464.4
C01088,2022-09-14,,2025-12-31,0,Activo,40,25+ meses,Anual,Cheque electrónico,Internet fibra,AMBA,PyME,153.21,0.1252,1,1,No,3,5361.12,0.0
C01089,2022-09-14,2024-04-06,2025-12-31,1,Baja,20,13-24 meses,Mes a mes,Tarjeta automática,Streaming,AMBA,Hogar,32.66,0.0527,1,0,Sí,3,618.78,391.92
C01090,2022-09-15,2023-01-04,2025-12-31,1,Baja,5,4-6 meses,Mes a mes,Débito automático,Internet fibra,Centro,Hogar,71.15,0.1389,1,0,Sí,3,306.34,853.8
C01091,2022-09-16,2023-07-04,2025-12-31,1,Baja,11,7-12 meses,Mes a mes,Transferencia,Internet fibra,NOA,Hogar,82.67,0.0412,3,0,No,1,871.9,992.04
C01092,2022-09-16,,2025-12-31,0,Activo,40,25+ meses,Anual,Tarjeta automática,Telefonía móvil,AMBA,Hogar,44.82,0.025,0,0,Sí,5,1747.98,0.0
C01093,2022-09-16,,2025-12-31,0,Activo,40,25+ meses,Anual,Tarjeta automática,Internet fibra,AMBA,Hogar,76.07,0.1101,0,0,Sí,4,2707.79,0.0
C01094,2022-09-16,,2025-12-31,0,Activo,40,25+ meses,Mes a mes,Transferencia,Internet fibra,NOA,Hogar,74.78,0.1131,0,1,No,4,2652.9,0.0
C01095,2022-09-16,2023-12-21,2025-12-31,1,Baja,16,13-24 meses,Mes a mes,Cheque electrónico,Telefonía móvil,Litoral,Profesional,70.83,0.0326,0,1,No,4,1096.34,849.96
C01096,2022-09-17,2022-11-01,2025-12-31,1,Baja,3,0-3 meses,Mes a mes,Transferencia,Internet fibra,Litoral,Profesional,115.01,0.0548,6,1,No,1,326.12,1380.12
C01097,2022-09-17,,2025-12-31,0,Activo,40,25+ meses,Anual,Tarjeta automática,Internet estándar,AMBA,Hogar,26.6,0.0037,0,0,Sí,5,1060.06,0.0
C01098,2022-09-17,2023-05-18,2025-12-31,1,Baja,9,7-12 meses,Anual,Cheque electrónico,Internet fibra,Cuyo,Hogar,91.54,0.0274,2,2,No,2,801.29,1098.48
C01099,2022-09-17,,2025-12-31,0,Activo,40,25+ meses,Anual,Tarjeta automática,Internet estándar,Litoral,Hogar,49.22,0.0618,0,0,Sí,4,1847.13,0.0
C01100,2022-09-17,,2025-12-31,0,Activo,40,25+ meses,Dos años,Tarjeta automática,Telefonía móvil,Litoral,Profesional,62.6,0.1523,1,0,Sí,3,2122.64,0.0
C01101,2022-09-17,2024-08-10,2025-12-31,1,Baja,24,13-24 meses,Mes a mes,Cheque electrónico,Streaming,Litoral,Hogar,43.87,0.0153,0,1,No,4,1036.77,526.44
C01102,2022-09-18,,2025-12-31,0,Activo,40,25+ meses,Anual,Transferencia,Internet estándar,AMBA,Hogar,19.8,0.0094,1,0,No,2,784.56,0.0
C01103,2022-09-18,,2025-12-31,0,Activo,40,25+ meses,Mes a mes,Cheque electrónico,Internet fibra,NOA,Hogar,86.96,0.077,0,2,No,5,3210.56,0.0
C01104,2022-09-18,,2025-12-31,0,Activo,40,25+ meses,Mes a mes,Cheque electrónico,Internet estándar,Patagonia,Hogar,63.11,0.0716,0,1,No,4,2343.65,0.0
C01105,2022-09-19,,2025-12-31,0,Activo,40,25+ meses,Dos años,Transferencia,Streaming,Centro,Hogar,21.43,0.0236,0,0,No,3,836.97,0.0
C01106,2022-09-19,2023-01-21,2025-12-31,1,Baja,5,4-6 meses,Mes a mes,Tarjeta automática,Internet fibra,NOA,Profesional,80.67,0.0052,4,0,Sí,2,401.25,968.04
C01107,2022-09-19,,2025-12-31,0,Activo,40,25+ meses,Anual,Débito automático,Internet fibra,Centro,Profesional,114.04,0.0846,0,1,Sí,5,4175.69,0.0
C01108,2022-09-19,,2025-12-31,0,Activo,40,25+ meses,Anual,Cheque electrónico,Streaming,AMBA,PyME,64.68,0.0698,0,2,No,4,2406.61,0.0
C01109,2022-09-20,,2025-12-31,0,Activo,40,25+ meses,Dos años,Cheque electrónico,Telefonía móvil,NOA,Hogar,46.61,0.0642,1,1,No,5,1744.71,0.0
C01110,2022-09-20,2025-03-27,2025-12-31,1,Baja,31,25+ meses,Mes a mes,Débito automático,Telefonía móvil,AMBA,Hogar,53.25,0.0699,1,0,Sí,3,1535.36,639.0
C01111,2022-09-20,,2025-12-31,0,Activo,40,25+ meses,Mes a mes,Débito automático,Telefonía móvil,AMBA,Profesional,64.36,0.055,1,0,Sí,3,2432.81,0.0
C01112,2022-09-20,,2025-12-31,0,Activo,40,25+ meses,Anual,Tarjeta automática,Internet estándar,Litoral,Hogar,55.21,0.0458,1,0,Sí,4,2107.26,0.0
C01113,2022-09-20,,2025-12-31,0,Activo,40,25+ meses,Anual,Débito automático,Telefonía móvil,Centro,Hogar,39.08,0.0285,2,0,Sí,3,1518.65,0.0
C01114,2022-09-20,2023-04-07,2025-12-31,1,Baja,8,7-12 meses,Mes a mes,Cheque electrónico,Telefonía móvil,AMBA,Profesional,65.09,0.0458,1,2,No,4,496.87,781.08
C01115,2022-09-22,,2025-12-31,0,Activo,40,25+ meses,Anual,Tarjeta automática,Internet fibra,AMBA,Hogar,70.21,0.0549,2,0,Sí,4,2654.22,0.0
C01116,2022-09-22,,2025-12-31,0,Activo,40,25+ meses,Mes a mes,Débito automático,Internet estándar,AMBA,Hogar,42.63,0.0081,0,0,Sí,4,1691.39,0.0
C01117,2022-09-22,2022-11-02,2025-12-31,1,Baja,3,0-3 meses,Anual,Cheque electrónico,Internet fibra,NOA,Hogar,78.39,0.0171,0,1,No,3,231.15,940.68
C01118,2022-09-22,,2025-12-31,0,Activo,40,25+ meses,Dos años,Débito automático,Telefonía móvil,Patagonia,Hogar,25.06,0.1093,1,0,Sí,4,892.84,0.0
C01119,2022-09-22,,2025-12-31,0,Activo,40,25+ meses,Mes a mes,Débito automático,Telefonía móvil,NOA,Hogar,48.35,0.0594,0,0,Sí,3,1819.12,0.0
C01120,2022-09-23,,2025-12-31,0,Activo,40,25+ meses,Mes a mes,Débito automático,Telefonía móvil,Litoral,Hogar,18.0,0.0245,1,0,Sí,4,702.36,0.0
C01121,2022-09-23,,2025-12-31,0,Activo,40,25+ meses,Dos años,Tarjeta automática,Internet fibra,Litoral,Hogar,81.99,0.1358,0,0,Sí,5,2834.23,0.0
C01122,2022-09-23,,2025-12-31,0,Activo,40,25+ meses,Anual,Tarjeta automática,Telefonía móvil,Centro,Profesional,65.03,0.0097,0,2,Sí,5,2575.97,0.0
C01123,2022-09-23,,2025-12-31,0,Activo,40,25+ meses,Dos años,Tarjeta automática,Internet fibra,NOA,PyME,124.26,0.1834,0,0,Sí,5,4058.83,0.0
C01124,2022-09-23,2024-02-12,2025-12-31,1,Baja,18,13-24 meses,Mes a mes,Tarjeta automática,Internet fibra,Patagonia,PyME,119.43,0.0031,4,1,Sí,2,2143.08,1433.16
C01125,2022-09-24,,2025-12-31,0,Activo,40,25+ meses,Dos años,Tarjeta automática,Streaming,Litoral,Profesional,42.51,0.0305,1,0,Sí,2,1648.54,0.0
C01126,2022-09-24,2024-12-15,2025-12-31,1,Baja,28,25+ meses,Mes a mes,Tarjeta automática,Telefonía móvil,AMBA,Hogar,49.04,0.0302,1,1,Sí,3,1331.65,588.48
C01127,2022-09-24,,2025-12-31,0,Activo,40,25+ meses,Mes a mes,Tarjeta automática,Telefonía móvil,Patagonia,Hogar,45.8,0.0411,1,0,Sí,4,1756.7,0.0
C01128,2022-09-25,2023-06-03,2025-12-31,1,Baja,10,7-12 meses,Mes a mes,Cheque electrónico,Internet fibra,Centro,Hogar,65.77,0.0392,0,1,No,4,631.92,789.24
C01129,2022-09-25,,2025-12-31,0,Activo,40,25+ meses,Anual,Tarjeta automática,Internet estándar,Centro,Hogar,50.16,0.0085,1,0,Sí,4,1989.35,0.0
C01130,2022-09-25,,2025-12-31,0,Activo,40,25+ meses,Dos años,Débito automático,Internet estándar,Patagonia,Profesional,69.88,0.0793,0,2,Sí,4,2573.54,0.0
C01131,2022-09-25,2025-09-24,2025-12-31,1,Baja,37,25+ meses,Anual,Cheque electrónico,Internet fibra,NOA,Hogar,80.42,0.0848,2,1,No,2,2723.21,965.04
C01132,2022-09-25,2023-07-25,2025-12-31,1,Baja,11,7-12 meses,Anual,Tarjeta automática,Telefonía móvil,Litoral,PyME,86.15,0.0715,2,0,Sí,4,879.89,1033.8
C01133,2022-09-26,,2025-12-31,0,Activo,40,25+ meses,Mes a mes,Débito automático,Internet estándar,AMBA,Hogar,50.71,0.0315,0,0,Sí,4,1964.51,0.0
C01134,2022-09-26,2022-12-23,2025-12-31,1,Baja,4,4-6 meses,Mes a mes,Cheque electrónico,Internet fibra,Litoral,Hogar,88.1,0.04,1,0,No,4,338.3,1057.2
C01135,2022-09-26,,2025-12-31,0,Activo,40,25+ meses,Mes a mes,Débito automático,Internet estándar,NOA,Profesional,72.91,0.0775,1,0,Sí,5,2690.38,0.0
C01136,2022-09-26,,2025-12-31,0,Activo,40,25+ meses,Mes a mes,Tarjeta automática,Streaming,Patagonia,Hogar,33.53,0.0506,1,0,Sí,3,1273.34,0.0
C01137,2022-09-26,,2025-12-31,0,Activo,40,25+ meses,Mes a mes,Transferencia,Telefonía móvil,Centro,Profesional,78.07,0.0664,1,0,No,4,2915.45,0.0
C01138,2022-09-27,,2025-12-31,0,Activo,40,25+ meses,Dos años,Transferencia,Internet fibra,Litoral,Profesional,97.85,0.0138,4,0,No,2,3859.99,0.0
C01139,2022-09-27,,2025-12-31,0,Activo,40,25+ meses,Anual,Débito automático,Internet fibra,Centro,Profesional,86.74,0.0366,1,0,Sí,3,3342.61,0.0
C01140,2022-09-27,2025-06-27,2025-12-31,1,Baja,34,25+ meses,Anual,Tarjeta automática,Telefonía móvil,NOA,Profesional,50.77,0.0902,2,0,Sí,3,1570.48,609.24
C01141,2022-09-27,2023-11-10,2025-12-31,1,Baja,15,13-24 meses,Mes a mes,Tarjeta automática,Internet estándar,NOA,Hogar,50.94,0.067,1,0,Sí,3,712.91,611.28
C01142,2022-09-27,,2025-12-31,0,Activo,40,25+ meses,Mes a mes,Cheque electrónico,Internet estándar,Litoral,Hogar,33.19,0.1307,2,0,No,4,1154.08,0.0
C01143,2022-09-27,,2025-12-31,0,Activo,40,25+ meses,Mes a mes,Débito automático,Internet fibra,AMBA,Profesional,92.58,0.0194,0,0,Sí,5,3631.36,0.0
C01144,2022-09-28,,2025-12-31,0,Activo,40,25+ meses,Mes a mes,Tarjeta automática,Telefonía móvil,Cuyo,Hogar,47.11,0.0912,5,0,Sí,3,1712.54,0.0
C01145,2022-09-28,2023-09-24,2025-12-31,1,Baja,13,13-24 meses,Mes a mes,Débito automático,Streaming,AMBA,Hogar,41.88,0.1053,4,3,Sí,2,487.11,502.56
C01146,2022-09-28,,2025-12-31,0,Activo,40,25+ meses,Mes a mes,Cheque electrónico,Internet fibra,Patagonia,Hogar,61.02,0.0869,0,2,No,4,2228.69,0.0
C01147,2022-09-28,2023-12-03,2025-12-31,1,Baja,16,13-24 meses,Mes a mes,Tarjeta automática,Internet fibra,Patagonia,Hogar,79.09,0.0579,7,1,Sí,1,1192.17,949.08
C01148,2022-09-28,,2025-12-31,0,Activo,40,25+ meses,Anual,Tarjeta automática,Internet fibra,Centro,Hogar,77.25,0.0712,1,0,Sí,5,2869.99,0.0
C01149,2022-09-28,2023-06-24,2025-12-31,1,Baja,10,7-12 meses,Mes a mes,Débito automático,Internet fibra,NOA,PyME,133.41,0.0601,0,1,Sí,5,1253.92,1600.92
C01150,2022-09-28,2022-11-16,2025-12-31,1,Baja,3,0-3 meses,Mes a mes,Transferencia,Internet fibra,Patagonia,Hogar,79.56,0.0592,1,0,No,3,224.55,954.72
C01151,2022-09-29,2023-03-05,2025-12-31,1,Baja,7,7-12 meses,Mes a mes,Débito automático,Internet fibra,NOA,Hogar,77.65,0.0792,1,0,Sí,5,500.5,931.8
C01152,2022-09-29,2023-03-16,2025-12-31,1,Baja,7,7-12 meses,Mes a mes,Cheque electrónico,Internet fibra,Centro,Hogar,93.31,0.0631,1,2,No,4,611.95,1119.72
C01153,2022-09-29,2024-03-15,2025-12-31,1,Baja,19,13-24 meses,Mes a mes,Tarjeta automática,Internet estándar,Centro,Hogar,62.68,0.0627,0,0,Sí,5,1116.25,752.16
C01154,2022-09-29,2023-05-15,2025-12-31,1,Baja,9,7-12 meses,Mes a mes,Débito automático,Internet estándar,Cuyo,Hogar,72.58,0.0088,6,0,Sí,2,647.47,870.96
C01155,2022-09-29,,2025-12-31,0,Activo,40,25+ meses,Anual,Débito automático,Internet estándar,Centro,Profesional,66.88,0.0274,0,2,Sí,4,2601.9,0.0
C01156,2022-09-30,,2025-12-31,0,Activo,40,25+ meses,Mes a mes,Débito automático,Telefonía móvil,Patagonia,Hogar,37.48,0.052,1,0,Sí,4,1421.24,0.0
C01157,2022-09-30,,2025-12-31,0,Activo,40,25+ meses,Dos años,Débito automático,Internet fibra,Cuyo,Hogar,67.35,0.0275,0,1,Sí,4,2619.92,0.0
C01158,2022-10-01,2023-04-03,2025-12-31,1,Baja,7,7-12 meses,Mes a mes,Cheque electrónico,Telefonía móvil,Litoral,Hogar,36.29,0.1065,2,2,No,4,226.98,435.48
C01159,2022-10-01,,2025-12-31,0,Activo,39,25+ meses,Mes a mes,Débito automático,Telefonía móvil,Centro,Hogar,49.86,0.0578,0,0,Sí,3,1832.15,0.0
C01160,2022-10-01,,2025-12-31,0,Activo,39,25+ meses,Mes a mes,Transferencia,Telefonía móvil,AMBA,Profesional,69.55,0.0446,1,0,No,4,2591.47,0.0
C01161,2022-10-02,,2025-12-31,0,Activo,39,25+ meses,Mes a mes,Tarjeta automática,Internet fibra,NOA,PyME,140.43,0.1254,0,0,Sí,5,4789.98,0.0
C01162,2022-10-02,2023-12-17,2025-12-31,1,Baja,15,13-24 meses,Mes a mes,Débito automático,Internet fibra,Cuyo,Profesional,88.69,0.0419,0,0,Sí,4,1274.61,1064.28
C01163,2022-10-02,,2025-12-31,0,Activo,39,25+ meses,Dos años,Débito automático,Streaming,AMBA,Profesional,39.75,0.0286,4,1,Sí,3,1505.91,0.0
C01164,2022-10-02,,2025-12-31,0,Activo,39,25+ meses,Mes a mes,Débito automático,Internet fibra,Patagonia,Hogar,99.52,0.0632,1,0,Sí,4,3635.98,0.0
C01165,2022-10-03,,2025-12-31,0,Activo,39,25+ meses,Anual,Tarjeta automática,Internet fibra,AMBA,PyME,123.85,0.0279,0,1,Sí,3,4695.39,0.0
C01166,2022-10-03,,2025-12-31,0,Activo,39,25+ meses,Mes a mes,Cheque electrónico,Internet fibra,NOA,Hogar,93.58,0.023,0,1,No,5,3565.68,0.0
C01167,2022-10-03,2022-12-11,2025-12-31,1,Baja,3,0-3 meses,Mes a mes,Cheque electrónico,Streaming,Cuyo,Profesional,51.45,0.0042,8,2,No,1,153.7,617.4
C01168,2022-10-03,2023-07-11,2025-12-31,1,Baja,10,7-12 meses,Mes a mes,Cheque electrónico,Telefonía móvil,Cuyo,Hogar,33.94,0.0597,0,1,No,4,319.14,407.28
C01169,2022-10-03,2023-03-10,2025-12-31,1,Baja,6,4-6 meses,Mes a mes,Cheque electrónico,Internet fibra,Centro,Hogar,64.97,0.0649,1,2,No,4,364.52,779.64
C01170,2022-10-04,,2025-12-31,0,Activo,39,25+ meses,Mes a mes,Tarjeta automática,Telefonía móvil,AMBA,Hogar,34.42,0.0528,0,1,Sí,4,1271.5,0.0
C01171,2022-10-04,,2025-12-31,0,Activo,39,25+ meses,Dos años,Débito automático,Telefonía móvil,Cuyo,Hogar,46.59,0.0505,2,1,Sí,3,1725.25,0.0
C01172,2022-10-04,,2025-12-31,0,Activo,39,25+ meses,Anual,Débito automático,Internet fibra,Cuyo,Hogar,67.99,0.0079,0,1,Sí,5,2630.66,0.0
C01173,2022-10-04,,2025-12-31,0,Activo,39,25+ meses,Dos años,Cheque electrónico,Internet estándar,Cuyo,Hogar,66.1,0.0825,4,1,No,2,2365.22,0.0
C01174,2022-10-04,2024-04-14,2025-12-31,1,Baja,19,13-24 meses,Mes a mes,Tarjeta automática,Internet fibra,Cuyo,PyME,130.71,0.0301,1,1,Sí,3,2408.74,1568.52
C01175,2022-10-04,,2025-12-31,0,Activo,39,25+ meses,Anual,Tarjeta automática,Telefonía móvil,Litoral,Hogar,49.7,0.0263,0,0,Sí,4,1887.32,0.0
C01176,2022-10-05,2025-07-13,2025-12-31,1,Baja,34,25+ meses,Mes a mes,Transferencia,Streaming,AMBA,Hogar,35.82,0.0181,1,0,No,4,1195.84,429.84
C01177,2022-10-05,,2025-12-31,0,Activo,39,25+ meses,Anual,Tarjeta automática,Streaming,Cuyo,Hogar,46.84,0.1243,0,0,Sí,4,1599.69,0.0
C01178,2022-10-05,,2025-12-31,0,Activo,39,25+ meses,Dos años,Transferencia,Streaming,NOA,Hogar,24.18,0.0296,0,0,No,4,915.11,0.0
C01179,2022-10-06,,2025-12-31,0,Activo,39,25+ meses,Anual,Tarjeta automática,Internet fibra,NOA,Hogar,79.17,0.1138,4,0,Sí,1,2736.26,0.0
C01180,2022-10-06,,2025-12-31,0,Activo,39,25+ meses,Dos años,Transferencia,Telefonía móvil,Litoral,Hogar,26.58,0.0086,3,0,No,2,1027.71,0.0
C01181,2022-10-06,2023-12-08,2025-12-31,1,Baja,15,13-24 meses,Anual,Cheque electrónico,Telefonía móvil,Cuyo,Hogar,43.13,0.1109,2,2,No,3,575.2,517.56
C01182,2022-10-06,,2025-12-31,0,Activo,39,25+ meses,Mes a mes,Transferencia,Streaming,Cuyo,Hogar,41.54,0.1627,0,0,No,4,1356.48,0.0
C01183,2022-10-06,2025-12-26,2025-12-31,1,Baja,39,25+ meses,Anual,Tarjeta automática,Internet estándar,Patagonia,Hogar,51.41,0.0542,0,0,Sí,3,1896.32,616.92
C01184,2022-10-07,,2025-12-31,0,Activo,39,25+ meses,Mes a mes,Tarjeta automática,Internet fibra,Cuyo,Hogar,103.44,0.0458,1,1,Sí,3,3849.4,0.0
C01185,2022-10-07,,2025-12-31,0,Activo,39,25+ meses,Dos años,Tarjeta automática,Internet fibra,NOA,Profesional,101.72,0.1131,0,0,Sí,4,3518.4,0.0
C01186,2022-10-07,2022-10-21,2025-12-31,1,Baja,1,0-3 meses,Anual,Tarjeta automática,Internet fibra,AMBA,Profesional,90.06,0.0675,0,0,Sí,4,83.98,1080.72
C01187,2022-10-07,2023-01-10,2025-12-31,1,Baja,4,4-6 meses,Mes a mes,Débito automático,Streaming,Litoral,Hogar,34.01,0.1072,4,0,Sí,1,121.46,408.12
C01188,2022-10-07,,2025-12-31,0,Activo,39,25+ meses,Mes a mes,Débito automático,Telefonía móvil,Litoral,Hogar,25.9,0.0782,0,0,Sí,3,931.11,0.0
C01189,2022-10-08,2024-02-08,2025-12-31,1,Baja,17,13-24 meses,Mes a mes,Tarjeta automática,Telefonía móvil,Cuyo,PyME,88.21,0.0378,1,0,Sí,4,1442.89,1058.52
C01190,2022-10-08,2023-01-14,2025-12-31,1,Baja,4,4-6 meses,Mes a mes,Tarjeta automática,Internet fibra,Cuyo,Hogar,64.61,0.0501,0,0,Sí,4,245.49,775.32
C01191,2022-10-08,2023-02-01,2025-12-31,1,Baja,5,4-6 meses,Mes a mes,Cheque electrónico,Internet fibra,AMBA,Hogar,78.18,0.0873,0,1,No,4,356.77,938.16
C01192,2022-10-08,,2025-12-31,0,Activo,39,25+ meses,Anual,Tarjeta automática,Internet fibra,Cuyo,Hogar,77.33,0.0729,1,0,Sí,5,2796.01,0.0
C01193,2022-10-09,2024-06-19,2025-12-31,1,Baja,21,13-24 meses,Mes a mes,Tarjeta automática,Telefonía móvil,Cuyo,Hogar,55.26,0.0593,0,1,Sí,4,1091.64,663.12
C01194,2022-10-09,,2025-12-31,0,Activo,39,25+ meses,Anual,Débito automático,Telefonía móvil,Litoral,Profesional,58.91,0.1579,0,0,Sí,3,1934.72,0.0
C01195,2022-10-09,2022-11-17,2025-12-31,1,Baja,2,0-3 meses,Mes a mes,Tarjeta automática,Internet estándar,Litoral,Profesional,55.97,0.1005,4,1,Sí,1,100.69,671.64
C01196,2022-10-09,2023-02-23,2025-12-31,1,Baja,5,4-6 meses,Mes a mes,Cheque electrónico,Internet estándar,Cuyo,Hogar,66.15,0.0696,2,1,No,3,307.73,793.8
C01197,2022-10-09,2025-02-16,2025-12-31,1,Baja,29,25+ meses,Mes a mes,Tarjeta automática,Internet estándar,Litoral,Hogar,18.0,0.0482,1,0,Sí,3,496.84,216.0
C01198,2022-10-09,,2025-12-31,0,Activo,39,25+ meses,Dos años,Transferencia,Internet fibra,Litoral,Profesional,96.42,0.0381,0,0,No,3,3617.11,0.0
C01199,2022-10-10,2022-12-20,2025-12-31,1,Baja,3,0-3 meses,Mes a mes,Transferencia,Internet fibra,AMBA,Hogar,80.39,0.0733,1,0,No,5,223.49,964.68
C01200,2022-10-10,2025-02-09,2025-12-31,1,Baja,29,25+ meses,Mes a mes,Cheque electrónico,Internet fibra,NOA,Hogar,77.89,0.019,1,1,No,3,2215.89,934.68
C01201,2022-10-10,,2025-12-31,0,Activo,39,25+ meses,Mes a mes,Transferencia,Internet fibra,NOA,Hogar,83.5,0.1394,0,1,No,3,2802.54,0.0
C01202,2022-10-10,,2025-12-31,0,Activo,39,25+ meses,Anual,Transferencia,Internet estándar,Cuyo,Profesional,68.22,0.0782,1,0,No,3,2452.52,0.0
C01203,2022-10-10,,2025-12-31,0,Activo,39,25+ meses,Mes a mes,Débito automático,Internet fibra,Patagonia,Profesional,101.5,0.1599,0,0,Sí,5,3325.54,0.0
C01204,2022-10-11,,2025-12-31,0,Activo,39,25+ meses,Anual,Débito automático,Streaming,Cuyo,Hogar,22.38,0.1161,4,1,Sí,1,771.49,0.0
C01205,2022-10-11,,2025-12-31,0,Activo,39,25+ meses,Anual,Transferencia,Internet estándar,AMBA,Profesional,50.95,0.0211,0,0,No,4,1945.12,0.0
C01206,2022-10-11,,2025-12-31,0,Activo,39,25+ meses,Anual,Débito automático,Internet estándar,NOA,Hogar,48.49,0.0729,0,0,Sí,4,1753.25,0.0
C01207,2022-10-11,2023-02-02,2025-12-31,1,Baja,5,4-6 meses,Mes a mes,Débito automático,Telefonía móvil,Centro,Hogar,30.71,0.0148,0,0,Sí,5,151.28,368.52
C01208,2022-10-11,,2025-12-31,0,Activo,39,25+ meses,Mes a mes,Tarjeta automática,Internet estándar,Cuyo,Profesional,58.99,0.0537,0,0,Sí,4,2177.07,0.0
C01209,2022-10-11,,2025-12-31,0,Activo,39,25+ meses,Mes a mes,Tarjeta automática,Streaming,Litoral,PyME,96.78,0.0358,2,0,Sí,3,3639.3,0.0
C01210,2022-10-11,2023-02-18,2025-12-31,1,Baja,5,4-6 meses,Mes a mes,Débito automático,Internet fibra,Cuyo,Hogar,95.14,0.0235,0,1,Sí,5,464.52,1141.68
C01211,2022-10-12,,2025-12-31,0,Activo,39,25+ meses,Anual,Tarjeta automática,Streaming,Centro,Hogar,41.57,0.0493,2,0,Sí,5,1541.3,0.0
C01212,2022-10-12,2022-12-07,2025-12-31,1,Baja,3,0-3 meses,Mes a mes,Débito automático,Internet estándar,Patagonia,PyME,114.53,0.0396,0,1,Sí,4,329.98,1374.36
C01213,2022-10-13,,2025-12-31,0,Activo,39,25+ meses,Mes a mes,Tarjeta automática,Internet fibra,Cuyo,Hogar,78.66,0.0267,0,0,Sí,4,2985.83,0.0
C01214,2022-10-13,,2025-12-31,0,Activo,39,25+ meses,Mes a mes,Débito automático,Internet fibra,Litoral,Hogar,89.17,0.1621,1,0,Sí,5,2913.91,0.0
C01215,2022-10-13,,2025-12-31,0,Activo,39,25+ meses,Mes a mes,Transferencia,Streaming,Litoral,Hogar,32.91,0.0617,0,0,No,4,1204.3,0.0
C01216,2022-10-13,,2025-12-31,0,Activo,39,25+ meses,Mes a mes,Débito automático,Streaming,NOA,Hogar,50.42,0.0858,0,0,Sí,4,1797.66,0.0
C01217,2022-10-13,2024-06-23,2025-12-31,1,Baja,21,13-24 meses,Anual,Transferencia,Streaming,Cuyo,Hogar,18.9,0.0092,1,1,No,4,393.25,226.8
C01218,2022-10-13,2024-06-20,2025-12-31,1,Baja,21,13-24 meses,Mes a mes,Tarjeta automática,Internet estándar,Cuyo,Hogar,56.4,0.025,0,0,Sí,5,1154.79,676.8
C01219,2022-10-13,,2025-12-31,0,Activo,39,25+ meses,Dos años,Tarjeta automática,Streaming,NOA,Hogar,18.0,0.0824,2,0,Sí,3,644.16,0.0
C01220,2022-10-13,,2025-12-31,0,Activo,39,25+ meses,Anual,Transferencia,Internet estándar,Cuyo,Hogar,56.46,0.0635,0,0,No,5,2062.12,0.0
C01221,2022-10-13,2024-02-01,2025-12-31,1,Baja,17,13-24 meses,Mes a mes,Cheque electrónico,Internet fibra,Centro,Hogar,59.09,0.0573,1,1,No,2,946.97,709.08
C01222,2022-10-14,,2025-12-31,0,Activo,39,25+ meses,Mes a mes,Transferencia,Internet estándar,AMBA,Hogar,35.65,0.0202,0,0,No,4,1362.26,0.0
C01223,2022-10-14,2023-05-12,2025-12-31,1,Baja,8,7-12 meses,Mes a mes,Transferencia,Internet estándar,Centro,Hogar,34.89,0.0231,1,0,No,5,272.67,418.68
C01224,2022-10-14,2025-01-04,2025-12-31,1,Baja,28,25+ meses,Mes a mes,Transferencia,Telefonía móvil,Centro,Hogar,44.77,0.0364,0,0,No,2,1207.93,537.24
C01225,2022-10-14,2025-05-10,2025-12-31,1,Baja,32,25+ meses,Mes a mes,Transferencia,Internet estándar,Centro,Profesional,70.9,0.1177,0,0,No,3,2001.76,850.8
C01226,2022-10-15,,2025-12-31,0,Activo,39,25+ meses,Dos años,Transferencia,Internet estándar,Litoral,PyME,130.96,0.0489,1,0,No,4,4857.69,0.0
C01227,2022-10-15,,2025-12-31,0,Activo,39,25+ meses,Anual,Transferencia,Telefonía móvil,Litoral,Hogar,41.0,0.0475,1,0,No,4,1523.05,0.0
C01228,2022-10-16,2025-02-18,2025-12-31,1,Baja,29,25+ meses,Mes a mes,Tarjeta automática,Telefonía móvil,Centro,Profesional,68.5,0.0961,3,0,Sí,2,1795.6,822.0
C01229,2022-10-16,2024-12-13,2025-12-31,1,Baja,27,25+ meses,Mes a mes,Tarjeta automática,Internet fibra,Cuyo,Profesional,97.77,0.0202,1,1,Sí,4,2586.47,1173.24
C01230,2022-10-16,,2025-12-31,0,Activo,39,25+ meses,Mes a mes,Débito automático,Telefonía móvil,Cuyo,Hogar,49.58,0.0294,0,0,Sí,5,1876.77,0.0
C01231,2022-10-16,,2025-12-31,0,Activo,39,25+ meses,Dos años,Débito automático,Internet fibra,AMBA,PyME,134.58,0.0261,0,0,Sí,4,5111.63,0.0
C01232,2022-10-16,2023-08-15,2025-12-31,1,Baja,11,7-12 meses,Mes a mes,Transferencia,Telefonía móvil,Centro,Hogar,54.1,0.0839,1,0,No,4,545.17,649.2
C01233,2022-10-16,,2025-12-31,0,Activo,39,25+ meses,Anual,Débito automático,Internet fibra,Patagonia,Hogar,66.42,0.0898,2,0,Sí,2,2357.76,0.0
C01234,2022-10-16,,2025-12-31,0,Activo,39,25+ meses,Anual,Tarjeta automática,Internet estándar,AMBA,Hogar,22.08,0.0361,0,0,Sí,5,830.03,0.0
C01235,2022-10-17,,2025-12-31,0,Activo,39,25+ meses,Mes a mes,Cheque electrónico,Telefonía móvil,Centro,Hogar,46.59,0.0513,0,2,No,3,1723.8,0.0
C01236,2022-10-17,,2025-12-31,0,Activo,39,25+ meses,Mes a mes,Tarjeta automática,Internet fibra,Cuyo,Profesional,76.14,0.1454,2,1,Sí,3,2537.7,0.0
C01237,2022-10-17,2023-01-09,2025-12-31,1,Baja,4,4-6 meses,Mes a mes,Cheque electrónico,Telefonía móvil,AMBA,Profesional,74.43,0.0682,6,1,No,1,277.42,893.16
C01238,2022-10-17,,2025-12-31,0,Activo,39,25+ meses,Dos años,Tarjeta automática,Internet estándar,Litoral,Hogar,42.97,0.0782,4,0,Sí,4,1544.78,0.0
C01239,2022-10-17,2023-11-20,2025-12-31,1,Baja,14,13-24 meses,Mes a mes,Débito automático,Internet fibra,Patagonia,Hogar,66.58,0.0412,0,0,Sí,4,893.72,798.96
C01240,2022-10-17,2023-04-25,2025-12-31,1,Baja,7,7-12 meses,Anual,Débito automático,Telefonía móvil,Cuyo,PyME,126.71,0.0153,1,2,Sí,5,873.4,1520.52
C01241,2022-10-17,2023-08-14,2025-12-31,1,Baja,11,7-12 meses,Anual,Tarjeta automática,Internet estándar,Centro,PyME,103.8,0.055,1,0,Sí,3,1079.0,1245.6
C01242,2022-10-17,,2025-12-31,0,Activo,39,25+ meses,Anual,Tarjeta automática,Telefonía móvil,Patagonia,Hogar,39.69,0.0539,2,0,Sí,4,1464.48,0.0
C01243,2022-10-17,,2025-12-31,0,Activo,39,25+ meses,Mes a mes,Tarjeta automática,Telefonía móvil,Centro,Hogar,50.23,0.0605,0,0,Sí,4,1840.45,0.0
C01244,2022-10-18,,2025-12-31,0,Activo,39,25+ meses,Mes a mes,Débito automático,Internet fibra,AMBA,Hogar,86.97,0.1182,0,0,Sí,5,2990.92,0.0
C01245,2022-10-18,,2025-12-31,0,Activo,39,25+ meses,Anual,Débito automático,Internet fibra,AMBA,Hogar,90.53,0.109,0,0,Sí,4,3145.83,0.0
C01246,2022-10-19,2023-08-19,2025-12-31,1,Baja,11,7-12 meses,Mes a mes,Cheque electrónico,Internet estándar,AMBA,Profesional,52.34,0.031,0,3,No,3,557.89,628.08
C01247,2022-10-19,,2025-12-31,0,Activo,39,25+ meses,Dos años,Tarjeta automática,Internet estándar,NOA,Profesional,72.9,0.0046,0,0,Sí,5,2830.02,0.0
C01248,2022-10-19,2024-04-18,2025-12-31,1,Baja,19,13-24 meses,Mes a mes,Débito automático,Internet fibra,NOA,PyME,129.77,0.0199,1,0,Sí,3,2416.56,1557.24
C01249,2022-10-20,2023-06-11,2025-12-31,1,Baja,9,7-12 meses,Mes a mes,Tarjeta automática,Internet estándar,Litoral,Hogar,38.87,0.0145,1,0,Sí,3,344.76,466.44
C01250,2022-10-20,,2025-12-31,0,Activo,39,25+ meses,Anual,Cheque electrónico,Telefonía móvil,NOA,PyME,97.53,0.034,0,0,No,4,3674.35,0.0
C01251,2022-10-20,,2025-12-31,0,Activo,39,25+ meses,Mes a mes,Cheque electrónico,Internet fibra,Patagonia,PyME,113.08,0.0253,4,0,No,3,4298.54,0.0
C01252,2022-10-20,2023-05-16,2025-12-31,1,Baja,8,7-12 meses,Mes a mes,Cheque electrónico,Streaming,Cuyo,Profesional,57.15,0.1165,1,3,No,3,403.94,685.8
C01253,2022-10-21,2024-05-20,2025-12-31,1,Baja,20,13-24 meses,Mes a mes,Cheque electrónico,Internet estándar,Patagonia,PyME,100.8,0.078,1,1,No,3,1858.75,1209.6
C01254,2022-10-21,,2025-12-31,0,Activo,39,25+ meses,Mes a mes,Débito automático,Internet fibra,Cuyo,Hogar,72.75,0.055,2,1,Sí,3,2681.2,0.0
C01255,2022-10-22,,2025-12-31,0,Activo,39,25+ meses,Dos años,Transferencia,Internet fibra,NOA,Hogar,76.49,0.1082,1,0,No,2,2660.34,0.0
C01256,2022-10-22,2024-03-24,2025-12-31,1,Baja,18,13-24 meses,Mes a mes,Tarjeta automática,Internet fibra,NOA,Hogar,76.16,0.0636,0,0,Sí,5,1283.69,913.92
C01257,2022-10-22,,2025-12-31,0,Activo,39,25+ meses,Mes a mes,Cheque electrónico,Streaming,NOA,Hogar,41.55,0.0099,0,2,No,4,1604.41,0.0
C01258,2022-10-22,,2025-12-31,0,Activo,39,25+ meses,Mes a mes,Débito automático,Internet fibra,Litoral,Hogar,65.95,0.0607,1,1,Sí,4,2415.93,0.0
C01259,2022-10-23,2025-02-01,2025-12-31,1,Baja,29,25+ meses,Dos años,Débito automático,Telefonía móvil,Litoral,Profesional,55.8,0.0906,3,0,Sí,4,1471.59,669.6
C01260,2022-10-23,,2025-12-31,0,Activo,39,25+ meses,Mes a mes,Cheque electrónico,Telefonía móvil,AMBA,Hogar,39.62,0.0373,0,0,No,3,1487.54,0.0
C01261,2022-10-23,,2025-12-31,0,Activo,39,25+ meses,Dos años,Cheque electrónico,Internet fibra,Litoral,Hogar,66.28,0.0691,1,0,No,3,2406.3,0.0
C01262,2022-10-24,,2025-12-31,0,Activo,39,25+ meses,Dos años,Cheque electrónico,Telefonía móvil,AMBA,Hogar,43.75,0.1109,2,0,No,5,1517.03,0.0
C01263,2022-10-24,2023-04-06,2025-12-31,1,Baja,7,7-12 meses,Mes a mes,Tarjeta automática,Telefonía móvil,Litoral,Profesional,52.04,0.0568,4,0,Sí,1,343.59,624.48
C01264,2022-10-24,,2025-12-31,0,Activo,39,25+ meses,Anual,Tarjeta automática,Internet fibra,AMBA,PyME,117.55,0.116,1,0,Sí,3,4052.65,0.0
C01265,2022-10-24,,2025-12-31,0,Activo,39,25+ meses,Anual,Tarjeta automática,Telefonía móvil,Cuyo,Hogar,47.79,0.1301,0,0,Sí,4,1621.33,0.0
C01266,2022-10-25,2022-12-16,2025-12-31,1,Baja,3,0-3 meses,Mes a mes,Débito automático,Internet fibra,Patagonia,Profesional,113.02,0.0816,1,0,Sí,1,311.39,1356.24
C01267,2022-10-25,2024-05-06,2025-12-31,1,Baja,20,13-24 meses,Mes a mes,Débito automático,Streaming,Centro,PyME,84.53,0.0086,0,0,Sí,4,1676.06,1014.36
C01268,2022-10-25,2023-06-18,2025-12-31,1,Baja,9,7-12 meses,Anual,Tarjeta automática,Internet fibra,Litoral,Profesional,94.86,0.0311,5,0,Sí,2,827.19,1138.32
C01269,2022-10-25,2024-06-27,2025-12-31,1,Baja,21,13-24 meses,Anual,Cheque electrónico,Telefonía móvil,Centro,Profesional,58.63,0.0853,2,1,No,4,1126.21,703.56
C01270,2022-10-25,,2025-12-31,0,Activo,39,25+ meses,Anual,Tarjeta automática,Telefonía móvil,Centro,Hogar,36.32,0.0336,2,0,Sí,3,1368.89,0.0
C01271,2022-10-26,2024-05-02,2025-12-31,1,Baja,20,13-24 meses,Dos años,Transferencia,Telefonía móvil,Centro,PyME,109.87,0.0115,4,1,No,1,2172.13,1318.44
C01272,2022-10-26,2025-07-06,2025-12-31,1,Baja,34,25+ meses,Mes a mes,Cheque electrónico,Telefonía móvil,AMBA,Hogar,43.03,0.0146,0,1,No,5,1441.66,516.36
C01273,2022-10-26,2024-06-02,2025-12-31,1,Baja,21,13-24 meses,Anual,Transferencia,Internet fibra,Cuyo,Profesional,72.03,0.0805,0,0,No,5,1390.86,864.36
C01274,2022-10-26,,2025-12-31,0,Activo,39,25+ meses,Dos años,Débito automático,Streaming,AMBA,Hogar,42.19,0.0923,2,0,Sí,2,1493.54,0.0
C01275,2022-10-27,,2025-12-31,0,Activo,39,25+ meses,Mes a mes,Tarjeta automática,Internet fibra,NOA,Hogar,88.49,0.0118,2,0,Sí,2,3410.39,0.0
C01276,2022-10-27,,2025-12-31,0,Activo,39,25+ meses,Mes a mes,Tarjeta automática,Internet fibra,Patagonia,Profesional,102.62,0.0326,1,1,Sí,5,3871.71,0.0
C01277,2022-10-28,,2025-12-31,0,Activo,39,25+ meses,Mes a mes,Transferencia,Internet fibra,Centro,Profesional,65.69,0.0347,1,0,No,5,2473.01,0.0
C01278,2022-10-28,,2025-12-31,0,Activo,39,25+ meses,Dos años,Débito automático,Telefonía móvil,NOA,Profesional,59.97,0.0603,1,2,Sí,3,2197.8,0.0
C01279,2022-10-28,,2025-12-31,0,Activo,39,25+ meses,Mes a mes,Tarjeta automática,Streaming,Cuyo,PyME,93.83,0.0152,1,0,Sí,4,3603.75,0.0
C01280,2022-10-28,2023-06-04,2025-12-31,1,Baja,9,7-12 meses,Anual,Cheque electrónico,Internet fibra,Litoral,Profesional,100.17,0.1136,3,3,No,2,799.12,1202.04
C01281,2022-10-28,2025-08-01,2025-12-31,1,Baja,35,25+ meses,Mes a mes,Transferencia,Telefonía móvil,Patagonia,Hogar,44.26,0.0343,1,0,No,3,1495.97,531.12
C01282,2022-10-29,2022-11-07,2025-12-31,1,Baja,2,0-3 meses,Mes a mes,Cheque electrónico,Telefonía móvil,Patagonia,PyME,106.85,0.0594,0,3,No,3,201.01,1282.2
C01283,2022-10-29,,2025-12-31,0,Activo,39,25+ meses,Anual,Débito automático,Internet fibra,AMBA,Hogar,79.53,0.0944,0,1,Sí,4,2808.87,0.0
C01284,2022-10-29,2024-07-17,2025-12-31,1,Baja,22,13-24 meses,Mes a mes,Cheque electrónico,Internet estándar,Centro,Hogar,62.24,0.0651,1,2,No,2,1280.14,746.88
C01285,2022-10-29,,2025-12-31,0,Activo,39,25+ meses,Dos años,Tarjeta automática,Streaming,Cuyo,Hogar,30.78,0.0594,0,0,Sí,5,1129.12,0.0
C01286,2022-10-30,2023-06-26,2025-12-31,1,Baja,9,7-12 meses,Mes a mes,Tarjeta automática,Streaming,Litoral,Hogar,29.9,0.0885,0,1,Sí,3,245.28,358.8
C01287,2022-10-30,,2025-12-31,0,Activo,39,25+ meses,Dos años,Cheque electrónico,Internet estándar,NOA,Profesional,76.82,0.0126,0,0,No,3,2958.23,0.0
C01288,2022-10-30,2023-08-11,2025-12-31,1,Baja,11,7-12 meses,Mes a mes,Cheque electrónico,Internet estándar,Cuyo,Profesional,62.62,0.0083,2,0,No,4,683.1,751.44
C01289,2022-10-31,2023-03-12,2025-12-31,1,Baja,6,4-6 meses,Dos años,Débito automático,Internet fibra,Cuyo,Hogar,65.93,0.0647,0,0,Sí,4,369.99,791.16
C01290,2022-10-31,,2025-12-31,0,Activo,39,25+ meses,Anual,Tarjeta automática,Internet estándar,AMBA,Profesional,67.04,0.0886,0,0,Sí,5,2382.91,0.0
C01291,2022-10-31,,2025-12-31,0,Activo,39,25+ meses,Mes a mes,Tarjeta automática,Internet estándar,Litoral,Hogar,55.49,0.0977,0,0,Sí,4,1952.68,0.0
C01292,2022-10-31,2023-08-23,2025-12-31,1,Baja,11,7-12 meses,Mes a mes,Transferencia,Internet fibra,Cuyo,PyME,143.18,0.0744,4,1,No,2,1457.8,1718.16
C01293,2022-11-01,2025-03-24,2025-12-31,1,Baja,29,25+ meses,Mes a mes,Cheque electrónico,Internet fibra,Litoral,Hogar,88.24,0.0675,0,0,No,4,2386.23,1058.88
C01294,2022-11-01,,2025-12-31,0,Activo,38,25+ meses,Anual,Débito automático,Streaming,NOA,Hogar,28.24,0.1448,2,0,Sí,4,917.73,0.0
C01295,2022-11-02,,2025-12-31,0,Activo,38,25+ meses,Anual,Tarjeta automática,Internet estándar,Litoral,Profesional,65.11,0.0588,1,0,Sí,5,2328.7,0.0
C01296,2022-11-03,,2025-12-31,0,Activo,38,25+ meses,Mes a mes,Transferencia,Internet estándar,AMBA,Hogar,42.49,0.0726,0,1,No,3,1497.4,0.0
C01297,2022-11-03,2023-03-18,2025-12-31,1,Baja,5,4-6 meses,Mes a mes,Transferencia,Internet fibra,Patagonia,Hogar,80.75,0.1144,0,1,No,4,357.56,969.0
C01298,2022-11-03,,2025-12-31,0,Activo,38,25+ meses,Anual,Débito automático,Telefonía móvil,Cuyo,Hogar,23.95,0.0998,0,0,Sí,4,819.27,0.0
C01299,2022-11-03,2024-09-13,2025-12-31,1,Baja,23,13-24 meses,Mes a mes,Débito automático,Internet fibra,Cuyo,Hogar,78.25,0.032,1,1,Sí,3,1742.16,939.0
C01300,2022-11-03,,2025-12-31,0,Activo,38,25+ meses,Anual,Cheque electrónico,Internet estándar,NOA,Hogar,80.35,0.0884,0,1,No,3,2783.39,0.0
C01301,2022-11-03,2024-02-03,2025-12-31,1,Baja,16,13-24 meses,Mes a mes,Tarjeta automática,Internet fibra,Litoral,Hogar,61.46,0.06,1,0,Sí,4,924.36,737.52
C01302,2022-11-04,2023-02-13,2025-12-31,1,Baja,4,4-6 meses,Anual,Débito automático,Streaming,Patagonia,Hogar,30.73,0.0114,4,0,Sí,1,121.52,368.76
C01303,2022-11-04,2022-11-20,2025-12-31,1,Baja,1,0-3 meses,Dos años,Transferencia,Internet estándar,NOA,Profesional,71.16,0.0585,2,0,No,2,67.0,853.92
C01304,2022-11-04,,2025-12-31,0,Activo,38,25+ meses,Mes a mes,Débito automático,Internet estándar,Cuyo,Hogar,54.57,0.0569,0,0,Sí,4,1955.67,0.0
C01305,2022-11-04,2024-09-25,2025-12-31,1,Baja,23,13-24 meses,Mes a mes,Cheque electrónico,Telefonía móvil,NOA,Hogar,31.37,0.0337,2,0,No,1,697.2,376.44
C01306,2022-11-05,,2025-12-31,0,Activo,38,25+ meses,Mes a mes,Transferencia,Streaming,Centro,Profesional,52.67,0.0479,1,0,No,3,1905.59,0.0
C01307,2022-11-05,2025-01-25,2025-12-31,1,Baja,27,25+ meses,Mes a mes,Débito automático,Internet estándar,NOA,Profesional,61.12,0.0485,0,2,Sí,3,1570.2,733.44
C01308,2022-11-05,2025-06-20,2025-12-31,1,Baja,32,25+ meses,Mes a mes,Tarjeta automática,Internet estándar,NOA,Profesional,51.3,0.0232,0,1,Sí,4,1603.51,615.6
C01309,2022-11-05,,2025-12-31,0,Activo,38,25+ meses,Dos años,Transferencia,Telefonía móvil,AMBA,Profesional,70.47,0.0382,0,0,No,3,2575.57,0.0
C01310,2022-11-05,2025-11-08,2025-12-31,1,Baja,37,25+ meses,Anual,Tarjeta automática,Telefonía móvil,AMBA,PyME,104.31,0.0197,5,0,Sí,2,3783.44,1251.72
C01311,2022-11-05,,2025-12-31,0,Activo,38,25+ meses,Mes a mes,Tarjeta automática,Streaming,AMBA,PyME,73.37,0.0657,0,0,Sí,5,2604.88,0.0
C01312,2022-11-06,,2025-12-31,0,Activo,38,25+ meses,Anual,Débito automático,Telefonía móvil,Centro,Hogar,36.02,0.0324,1,1,Sí,3,1324.41,0.0
C01313,2022-11-06,,2025-12-31,0,Activo,38,25+ meses,Mes a mes,Débito automático,Telefonía móvil,NOA,Hogar,35.62,0.0555,4,0,Sí,2,1278.44,0.0
C01314,2022-11-06,,2025-12-31,0,Activo,38,25+ meses,Anual,Cheque electrónico,Telefonía móvil,AMBA,Hogar,23.92,0.0123,1,3,No,3,897.78,0.0
C01315,2022-11-06,2025-01-18,2025-12-31,1,Baja,27,25+ meses,Mes a mes,Transferencia,Internet fibra,AMBA,Hogar,86.39,0.0513,0,0,No,4,2212.87,1036.68
C01316,2022-11-07,,2025-12-31,0,Activo,38,25+ meses,Anual,Cheque electrónico,Telefonía móvil,Cuyo,Hogar,50.8,0.0735,3,1,No,2,1788.52,0.0
C01317,2022-11-07,,2025-12-31,0,Activo,38,25+ meses,Dos años,Débito automático,Streaming,Cuyo,Hogar,25.34,0.0297,0,0,Sí,4,934.32,0.0
C01318,2022-11-07,,2025-12-31,0,Activo,38,25+ meses,Anual,Débito automático,Streaming,Litoral,Hogar,28.69,0.0737,0,2,Sí,3,1009.87,0.0
C01319,2022-11-08,,2025-12-31,0,Activo,38,25+ meses,Dos años,Cheque electrónico,Internet estándar,Litoral,PyME,105.26,0.0262,1,2,No,1,3895.08,0.0
C01320,2022-11-08,,2025-12-31,0,Activo,38,25+ meses,Mes a mes,Débito automático,Internet estándar,Patagonia,Hogar,51.69,0.0921,0,0,Sí,4,1783.32,0.0
C01321,2022-11-09,,2025-12-31,0,Activo,38,25+ meses,Anual,Cheque electrónico,Telefonía móvil,Cuyo,Profesional,45.18,0.2062,1,0,No,3,1362.83,0.0
C01322,2022-11-09,,2025-12-31,0,Activo,38,25+ meses,Mes a mes,Débito automático,Streaming,Cuyo,PyME,89.37,0.0488,0,0,Sí,4,3230.33,0.0
C01323,2022-11-09,,2025-12-31,0,Activo,38,25+ meses,Anual,Tarjeta automática,Internet fibra,AMBA,Profesional,83.07,0.1042,0,1,Sí,4,2827.74,0.0
C01324,2022-11-10,2023-01-14,2025-12-31,1,Baja,3,0-3 meses,Mes a mes,Débito automático,Streaming,NOA,Hogar,36.5,0.0403,0,0,Sí,4,105.09,438.0
C01325,2022-11-10,2024-09-21,2025-12-31,1,Baja,23,13-24 meses,Mes a mes,Tarjeta automática,Internet fibra,Centro,Profesional,84.29,0.0658,3,0,Sí,3,1811.11,1011.48
C01326,2022-11-10,2024-01-16,2025-12-31,1,Baja,15,13-24 meses,Mes a mes,Tarjeta automática,Internet estándar,Litoral,Hogar,34.7,0.051,2,1,Sí,4,493.95,416.4
C01327,2022-11-10,,2025-12-31,0,Activo,38,25+ meses,Mes a mes,Tarjeta automática,Streaming,NOA,Hogar,28.69,0.0395,0,1,Sí,4,1047.16,0.0
C01328,2022-11-10,2025-12-09,2025-12-31,1,Baja,38,25+ meses,Anual,Tarjeta automática,Streaming,Litoral,Hogar,28.44,0.0997,6,0,Sí,1,972.97,341.28
C01329,2022-11-11,,2025-12-31,0,Activo,38,25+ meses,Dos años,Débito automático,Internet fibra,Litoral,Hogar,79.14,0.0896,1,0,Sí,3,2737.86,0.0
C01330,2022-11-11,2023-04-16,2025-12-31,1,Baja,6,4-6 meses,Dos años,Cheque electrónico,Internet fibra,Centro,Profesional,86.18,0.1193,0,0,No,5,455.39,1034.16
C01331,2022-11-12,2025-12-18,2025-12-31,1,Baja,38,25+ meses,Mes a mes,Débito automático,Internet fibra,Patagonia,PyME,135.23,0.0541,0,0,Sí,3,4860.73,1622.76
C01332,2022-11-12,,2025-12-31,0,Activo,38,25+ meses,Dos años,Cheque electrónico,Streaming,Centro,Hogar,32.27,0.0279,1,1,No,4,1192.05,0.0
C01333,2022-11-13,2023-09-22,2025-12-31,1,Baja,11,7-12 meses,Mes a mes,Débito automático,Telefonía móvil,Patagonia,PyME,109.82,0.083,1,1,Sí,3,1107.75,1317.84
C01334,2022-11-13,,2025-12-31,0,Activo,38,25+ meses,Mes a mes,Tarjeta automática,Telefonía móvil,Litoral,Hogar,44.04,0.0774,2,2,Sí,4,1543.99,0.0
C01335,2022-11-13,,2025-12-31,0,Activo,38,25+ meses,Dos años,Tarjeta automática,Streaming,Cuyo,Profesional,40.41,0.0342,1,0,Sí,4,1483.06,0.0
C01336,2022-11-14,,2025-12-31,0,Activo,38,25+ meses,Mes a mes,Cheque electrónico,Internet estándar,Patagonia,Profesional,52.18,0.0537,0,0,No,5,1876.36,0.0
C01337,2022-11-14,,2025-12-31,0,Activo,38,25+ meses,Mes a mes,Transferencia,Internet fibra,Patagonia,Hogar,61.17,0.0542,1,0,No,5,2198.47,0.0
C01338,2022-11-14,2024-06-12,2025-12-31,1,Baja,20,13-24 meses,Mes a mes,Cheque electrónico,Telefonía móvil,Centro,PyME,100.55,0.0429,0,0,No,5,1924.73,1206.6
C01339,2022-11-14,2025-02-15,2025-12-31,1,Baja,28,25+ meses,Mes a mes,Débito automático,Internet estándar,Cuyo,PyME,112.73,0.0973,0,0,Sí,5,2849.32,1352.76
C01340,2022-11-14,,2025-12-31,0,Activo,38,25+ meses,Anual,Transferencia,Internet fibra,Cuyo,Hogar,68.21,0.1093,0,0,No,3,2308.68,0.0
C01341,2022-11-14,2022-11-27,2025-12-31,1,Baja,1,0-3 meses,Mes a mes,Transferencia,Internet estándar,AMBA,Profesional,69.81,0.1074,6,0,No,2,62.31,837.72
C01342,2022-11-14,2023-12-01,2025-12-31,1,Baja,14,13-24 meses,Mes a mes,Cheque electrónico,Streaming,Cuyo,Hogar,27.08,0.0363,1,2,No,2,365.36,324.96
C01343,2022-11-14,2023-10-19,2025-12-31,1,Baja,12,7-12 meses,Mes a mes,Tarjeta automática,Internet estándar,AMBA,Hogar,56.9,0.0274,1,1,Sí,2,664.09,682.8
C01344,2022-11-15,2025-03-10,2025-12-31,1,Baja,29,25+ meses,Mes a mes,Cheque electrónico,Internet fibra,Cuyo,Hogar,87.53,0.0073,0,1,No,4,2519.84,1050.36
C01345,2022-11-16,,2025-12-31,0,Activo,38,25+ meses,Anual,Débito automático,Streaming,Centro,Hogar,18.0,0.01,0,0,Sí,5,677.16,0.0
C01346,2022-11-16,,2025-12-31,0,Activo,38,25+ meses,Dos años,Cheque electrónico,Internet fibra,Centro,Hogar,89.35,0.0278,2,1,No,3,3300.91,0.0
C01347,2022-11-16,,2025-12-31,0,Activo,38,25+ meses,Anual,Débito automático,Internet estándar,Patagonia,Hogar,51.77,0.0475,0,0,Sí,4,1873.82,0.0
C01348,2022-11-16,,2025-12-31,0,Activo,38,25+ meses,Dos años,Débito automático,Telefonía móvil,AMBA,PyME,91.16,0.109,6,0,Sí,2,3086.5,0.0
C01349,2022-11-16,,2025-12-31,0,Activo,38,25+ meses,Mes a mes,Débito automático,Telefonía móvil,AMBA,Hogar,36.46,0.0258,2,0,Sí,3,1349.73,0.0
C01350,2022-11-17,,2025-12-31,0,Activo,38,25+ meses,Anual,Cheque electrónico,Internet estándar,Centro,Profesional,67.35,0.0631,0,1,No,4,2397.81,0.0
C01351,2022-11-17,2023-11-19,2025-12-31,1,Baja,13,13-24 meses,Mes a mes,Tarjeta automática,Internet fibra,AMBA,Hogar,72.46,0.1192,2,1,Sí,3,829.7,869.52
C01352,2022-11-17,2023-03-18,2025-12-31,1,Baja,5,4-6 meses,Mes a mes,Débito automático,Internet estándar,NOA,Hogar,38.69,0.0445,0,1,Sí,3,184.84,464.28
C01353,2022-11-17,,2025-12-31,0,Activo,38,25+ meses,Anual,Débito automático,Internet fibra,NOA,Profesional,88.21,0.0297,0,1,Sí,5,3252.43,0.0
C01354,2022-11-18,2024-12-01,2025-12-31,1,Baja,26,25+ meses,Mes a mes,Transferencia,Telefonía móvil,Patagonia,Hogar,30.56,0.0347,3,0,No,1,766.99,366.72
C01355,2022-11-18,,2025-12-31,0,Activo,38,25+ meses,Dos años,Débito automático,Streaming,Patagonia,Hogar,43.81,0.0265,0,0,Sí,4,1620.66,0.0
C01356,2022-11-18,,2025-12-31,0,Activo,38,25+ meses,Anual,Transferencia,Internet estándar,AMBA,PyME,104.61,0.1038,0,1,No,5,3562.56,0.0
C01357,2022-11-18,,2025-12-31,0,Activo,38,25+ meses,Dos años,Débito automático,Telefonía móvil,Litoral,Hogar,66.78,0.03,0,0,Sí,5,2461.51,0.0
C01358,2022-11-19,,2025-12-31,0,Activo,38,25+ meses,Mes a mes,Transferencia,Internet estándar,AMBA,Hogar,53.08,0.1065,1,0,No,2,1802.23,0.0
C01359,2022-11-19,2023-04-23,2025-12-31,1,Baja,6,4-6 meses,Mes a mes,Transferencia,Internet estándar,Centro,Hogar,55.48,0.0472,0,1,No,4,317.17,665.76
C01360,2022-11-19,,2025-12-31,0,Activo,38,25+ meses,Anual,Transferencia,Telefonía móvil,Cuyo,Hogar,30.32,0.0737,1,0,No,2,1067.25,0.0
C01361,2022-11-19,2025-06-09,2025-12-31,1,Baja,32,25+ meses,Mes a mes,Cheque electrónico,Internet fibra,Patagonia,Profesional,93.6,0.0221,0,0,No,4,2929.01,1123.2
C01362,2022-11-19,,2025-12-31,0,Activo,38,25+ meses,Mes a mes,Débito automático,Internet estándar,Centro,Hogar,49.8,0.0966,0,1,Sí,3,1709.59,0.0
C01363,2022-11-19,,2025-12-31,0,Activo,38,25+ meses,Anual,Tarjeta automática,Telefonía móvil,Centro,Hogar,34.99,0.1129,1,0,Sí,4,1179.51,0.0
C01364,2022-11-20,,2025-12-31,0,Activo,38,25+ meses,Dos años,Transferencia,Internet estándar,Patagonia,Hogar,43.89,0.0228,0,2,No,5,1629.79,0.0
C01365,2022-11-20,,2025-12-31,0,Activo,38,25+ meses,Anual,Tarjeta automática,Internet estándar,Centro,Hogar,53.62,0.096,2,0,Sí,4,1841.95,0.0
C01366,2022-11-20,,2025-12-31,0,Activo,38,25+ meses,Mes a mes,Tarjeta automática,Internet fibra,Cuyo,Hogar,82.84,0.0507,0,0,Sí,4,2988.32,0.0
C01367,2022-11-20,2023-09-26,2025-12-31,1,Baja,11,7-12 meses,Mes a mes,Cheque electrónico,Internet estándar,Centro,PyME,89.29,0.0812,0,1,No,5,902.44,1071.48
C01368,2022-11-20,,2025-12-31,0,Activo,38,25+ meses,Anual,Débito automático,Internet estándar,NOA,Profesional,70.12,0.0087,0,0,Sí,4,2641.38,0.0
C01369,2022-11-21,,2025-12-31,0,Activo,38,25+ meses,Mes a mes,Débito automático,Internet estándar,Litoral,Hogar,55.08,0.0459,1,0,Sí,3,1996.97,0.0
C01370,2022-11-21,2025-11-16,2025-12-31,1,Baja,37,25+ meses,Mes a mes,Cheque electrónico,Internet fibra,AMBA,PyME,126.51,0.0403,1,2,No,3,4492.23,1518.12
C01371,2022-11-21,2025-10-11,2025-12-31,1,Baja,36,25+ meses,Mes a mes,Tarjeta automática,Internet estándar,AMBA,Profesional,59.39,0.0279,0,1,Sí,4,2078.39,712.68
C01372,2022-11-21,,2025-12-31,0,Activo,38,25+ meses,Mes a mes,Tarjeta automática,Streaming,NOA,Hogar,33.86,0.0267,2,1,Sí,5,1252.33,0.0
C01373,2022-11-21,,2025-12-31,0,Activo,38,25+ meses,Mes a mes,Tarjeta automática,Telefonía móvil,NOA,Hogar,18.0,0.0135,2,1,Sí,4,674.77,0.0
C01374,2022-11-21,2023-02-10,2025-12-31,1,Baja,4,4-6 meses,Mes a mes,Tarjeta automática,Streaming,Patagonia,Hogar,29.02,0.1411,3,2,Sí,3,99.7,348.24
C01375,2022-11-22,2025-03-17,2025-12-31,1,Baja,29,25+ meses,Anual,Transferencia,Streaming,AMBA,Hogar,46.98,0.0541,1,0,No,2,1288.71,563.76
C01376,2022-11-22,2025-05-27,2025-12-31,1,Baja,31,25+ meses,Mes a mes,Transferencia,Telefonía móvil,Patagonia,Hogar,18.0,0.1072,0,1,No,4,498.18,216.0
C01377,2022-11-22,,2025-12-31,0,Activo,38,25+ meses,Anual,Débito automático,Internet fibra,Litoral,Hogar,87.05,0.0807,0,0,Sí,5,3040.95,0.0
C01378,2022-11-23,2022-11-06,2025-12-31,1,Baja,1,0-3 meses,Mes a mes,Tarjeta automática,Internet fibra,NOA,PyME,138.99,0.0704,0,0,Sí,5,129.21,1667.88
C01379,2022-11-23,,2025-12-31,0,Activo,38,25+ meses,Dos años,Débito automático,Internet fibra,Cuyo,Hogar,62.18,0.0793,1,0,Sí,5,2175.47,0.0
C01380,2022-11-23,,2025-12-31,0,Activo,38,25+ meses,Mes a mes,Tarjeta automática,Internet estándar,Cuyo,Hogar,54.73,0.0673,0,0,Sí,5,1939.77,0.0
C01381,2022-11-23,2023-12-19,2025-12-31,1,Baja,14,13-24 meses,Mes a mes,Transferencia,Telefonía móvil,Litoral,PyME,108.02,0.0981,2,1,No,4,1363.93,1296.24
C01382,2022-11-24,2023-07-18,2025-12-31,1,Baja,9,7-12 meses,Mes a mes,Transferencia,Internet estándar,AMBA,Hogar,36.06,0.0977,2,0,No,2,292.83,432.72
C01383,2022-11-24,2024-08-07,2025-12-31,1,Baja,22,13-24 meses,Mes a mes,Tarjeta automática,Telefonía móvil,Patagonia,Hogar,34.22,0.0493,1,0,Sí,5,715.72,410.64
C01384,2022-11-25,2024-01-20,2025-12-31,1,Baja,15,13-24 meses,Mes a mes,Cheque electrónico,Internet fibra,Cuyo,Hogar,78.29,0.0515,1,1,No,4,1113.87,939.48
C01385,2022-11-25,2025-09-04,2025-12-31,1,Baja,35,25+ meses,Dos años,Transferencia,Internet estándar,Centro,Profesional,77.75,0.0529,0,1,No,5,2577.3,933.0
C01386,2022-11-26,,2025-12-31,0,Activo,38,25+ meses,Dos años,Tarjeta automática,Internet estándar,Patagonia,Hogar,43.05,0.0309,0,2,Sí,4,1585.35,0.0
C01387,2022-11-26,2025-02-06,2025-12-31,1,Baja,28,25+ meses,Mes a mes,Transferencia,Internet fibra,Centro,Hogar,77.54,0.0226,2,0,No,4,2122.05,930.48
C01388,2022-11-26,,2025-12-31,0,Activo,38,25+ meses,Mes a mes,Transferencia,Internet estándar,NOA,Profesional,59.69,0.0074,1,0,No,4,2251.44,0.0
C01389,2022-11-26,2023-09-25,2025-12-31,1,Baja,11,7-12 meses,Anual,Tarjeta automática,Streaming,Centro,Profesional,47.27,0.0382,2,2,Sí,3,500.11,567.24
C01390,2022-11-26,,2025-12-31,0,Activo,38,25+ meses,Anual,Tarjeta automática,Internet estándar,Cuyo,Profesional,78.51,0.0431,1,1,Sí,3,2854.8,0.0
C01391,2022-11-27,,2025-12-31,0,Activo,38,25+ meses,Mes a mes,Transferencia,Telefonía móvil,Cuyo,Profesional,61.16,0.0607,1,0,No,3,2183.01,0.0
C01392,2022-11-27,,2025-12-31,0,Activo,38,25+ meses,Anual,Cheque electrónico,Telefonía móvil,Patagonia,Profesional,56.07,0.0583,0,0,No,4,2006.44,0.0
C01393,2022-11-29,2024-06-22,2025-12-31,1,Baja,20,13-24 meses,Mes a mes,Débito automático,Internet estándar,Centro,Hogar,48.64,0.0502,2,1,Sí,2,923.97,583.68
C01394,2022-11-29,,2025-12-31,0,Activo,38,25+ meses,Anual,Débito automático,Telefonía móvil,Centro,Hogar,33.19,0.0414,3,0,Sí,2,1209.01,0.0
C01395,2022-11-29,2025-08-08,2025-12-31,1,Baja,34,25+ meses,Mes a mes,Transferencia,Internet fibra,Centro,Hogar,67.06,0.0628,1,1,No,5,2136.85,804.72
C01396,2022-11-29,2024-01-18,2025-12-31,1,Baja,15,13-24 meses,Mes a mes,Débito automático,Internet fibra,Centro,Hogar,91.24,0.0353,6,0,Sí,2,1320.29,1094.88
C01397,2022-11-29,2024-08-14,2025-12-31,1,Baja,22,13-24 meses,Mes a mes,Tarjeta automática,Internet estándar,Cuyo,Hogar,67.01,0.02,4,0,Sí,2,1444.74,804.12
C01398,2022-11-29,,2025-12-31,0,Activo,38,25+ meses,Anual,Débito automático,Streaming,Litoral,Hogar,18.0,0.0567,1,1,Sí,5,645.22,0.0
C01399,2022-11-29,2025-01-22,2025-12-31,1,Baja,27,25+ meses,Mes a mes,Cheque electrónico,Internet estándar,NOA,Hogar,55.4,0.0313,3,0,No,3,1448.98,664.8
C01400,2022-11-30,2023-11-07,2025-12-31,1,Baja,13,13-24 meses,Anual,Cheque electrónico,Internet estándar,Cuyo,Hogar,58.45,0.0536,2,4,No,2,719.12,701.4
C01401,2022-11-30,,2025-12-31,0,Activo,38,25+ meses,Anual,Cheque electrónico,Telefonía móvil,Cuyo,Hogar,28.67,0.1385,1,1,No,4,938.57,0.0
C01402,2022-12-01,,2025-12-31,0,Activo,37,25+ meses,Anual,Tarjeta automática,Internet fibra,AMBA,PyME,127.81,0.0435,1,1,Sí,3,4523.26,0.0
C01403,2022-12-01,2023-01-08,2025-12-31,1,Baja,2,0-3 meses,Mes a mes,Débito automático,Telefonía móvil,AMBA,Hogar,35.65,0.0545,0,0,Sí,4,67.41,427.8
C01404,2022-12-01,2023-07-26,2025-12-31,1,Baja,8,7-12 meses,Mes a mes,Débito automático,Internet estándar,Patagonia,Profesional,87.91,0.0197,0,0,Sí,5,689.43,1054.92
C01405,2022-12-01,2023-05-16,2025-12-31,1,Baja,6,4-6 meses,Mes a mes,Tarjeta automática,Internet estándar,Litoral,Hogar,67.18,0.1154,0,0,Sí,5,356.56,806.16
C01406,2022-12-02,,2025-12-31,0,Activo,37,25+ meses,Anual,Tarjeta automática,Internet fibra,Litoral,Hogar,67.87,0.0575,1,0,Sí,4,2366.8,0.0
C01407,2022-12-02,,2025-12-31,0,Activo,37,25+ meses,Dos años,Cheque electrónico,Internet fibra,Cuyo,Profesional,79.95,0.0623,1,3,No,3,2773.86,0.0
C01408,2022-12-02,,2025-12-31,0,Activo,37,25+ meses,Mes a mes,Transferencia,Internet estándar,Litoral,PyME,112.5,0.0221,0,1,No,4,4070.51,0.0
C01409,2022-12-02,,2025-12-31,0,Activo,37,25+ meses,Dos años,Transferencia,Telefonía móvil,NOA,Profesional,65.98,0.0172,0,1,No,4,2399.27,0.0
C01410,2022-12-03,2023-02-07,2025-12-31,1,Baja,3,0-3 meses,Mes a mes,Tarjeta automática,Internet estándar,Centro,PyME,117.68,0.0163,1,0,Sí,4,347.29,1412.16
C01411,2022-12-03,,2025-12-31,0,Activo,37,25+ meses,Mes a mes,Débito automático,Internet fibra,Cuyo,Hogar,66.35,0.0273,1,0,Sí,4,2387.93,0.0
C01412,2022-12-03,2024-11-15,2025-12-31,1,Baja,24,13-24 meses,Mes a mes,Tarjeta automática,Streaming,Centro,PyME,91.96,0.0812,0,0,Sí,5,2027.83,1103.52
C01413,2022-12-03,,2025-12-31,0,Activo,37,25+ meses,Anual,Tarjeta automática,Streaming,AMBA,PyME,75.95,0.1407,1,1,Sí,2,2414.76,0.0
C01414,2022-12-03,,2025-12-31,0,Activo,37,25+ meses,Mes a mes,Débito automático,Telefonía móvil,Patagonia,Profesional,66.85,0.1233,1,0,Sí,3,2168.47,0.0
C01415,2022-12-03,2024-10-21,2025-12-31,1,Baja,23,13-24 meses,Mes a mes,Tarjeta automática,Internet estándar,Patagonia,Profesional,66.59,0.054,1,0,Sí,3,1448.87,799.08
C01416,2022-12-04,,2025-12-31,0,Activo,37,25+ meses,Anual,Cheque electrónico,Streaming,NOA,Profesional,67.91,0.0192,1,0,No,4,2464.43,0.0
C01417,2022-12-04,,2025-12-31,0,Activo,37,25+ meses,Mes a mes,Débito automático,Internet estándar,AMBA,Hogar,53.92,0.0363,1,0,Sí,4,1922.62,0.0
C01418,2022-12-04,,2025-12-31,0,Activo,37,25+ meses,Mes a mes,Tarjeta automática,Streaming,Centro,Hogar,25.55,0.0188,0,0,Sí,5,927.58,0.0
C01419,2022-12-04,,2025-12-31,0,Activo,37,25+ meses,Mes a mes,Tarjeta automática,Internet estándar,Litoral,Hogar,50.52,0.0575,1,0,Sí,4,1761.76,0.0
C01420,2022-12-05,,2025-12-31,0,Activo,37,25+ meses,Mes a mes,Transferencia,Internet fibra,Patagonia,Profesional,94.89,0.0538,2,0,No,3,3322.04,0.0
C01421,2022-12-05,,2025-12-31,0,Activo,37,25+ meses,Mes a mes,Tarjeta automática,Telefonía móvil,NOA,Hogar,29.3,0.0254,2,0,Sí,5,1056.56,0.0
C01422,2022-12-05,2025-10-24,2025-12-31,1,Baja,35,25+ meses,Mes a mes,Tarjeta automática,Streaming,Patagonia,Profesional,68.17,0.0256,1,0,Sí,4,2324.87,818.04
C01423,2022-12-05,,2025-12-31,0,Activo,37,25+ meses,Anual,Débito automático,Streaming,NOA,Hogar,46.59,0.0529,1,0,Sí,2,1632.64,0.0
C01424,2022-12-05,,2025-12-31,0,Activo,37,25+ meses,Mes a mes,Tarjeta automática,Internet estándar,Patagonia,Hogar,47.06,0.0442,2,0,Sí,4,1664.26,0.0
C01425,2022-12-05,,2025-12-31,0,Activo,37,25+ meses,Anual,Transferencia,Streaming,Centro,Hogar,36.7,0.0743,1,1,No,5,1257.01,0.0
C01426,2022-12-06,,2025-12-31,0,Activo,37,25+ meses,Mes a mes,Débito automático,Internet fibra,Litoral,Hogar,100.57,0.0997,0,1,Sí,5,3350.1,0.0
C01427,2022-12-06,,2025-12-31,0,Activo,37,25+ meses,Mes a mes,Tarjeta automática,Internet estándar,Litoral,Hogar,62.61,0.0366,0,0,Sí,4,2231.78,0.0
C01428,2022-12-07,2023-12-06,2025-12-31,1,Baja,13,13-24 meses,Mes a mes,Cheque electrónico,Internet fibra,Cuyo,Hogar,74.62,0.0105,0,0,No,4,959.87,895.44
C01429,2022-12-07,,2025-12-31,0,Activo,37,25+ meses,Mes a mes,Débito automático,Internet fibra,NOA,Hogar,77.03,0.1047,0,0,Sí,5,2551.7,0.0
C01430,2022-12-07,,2025-12-31,0,Activo,37,25+ meses,Mes a mes,Transferencia,Internet fibra,Patagonia,Hogar,59.11,0.1358,1,0,No,4,1890.07,0.0
C01431,2022-12-07,,2025-12-31,0,Activo,37,25+ meses,Mes a mes,Tarjeta automática,Streaming,Litoral,Hogar,37.52,0.0987,1,0,Sí,4,1251.22,0.0
C01432,2022-12-08,,2025-12-31,0,Activo,37,25+ meses,Dos años,Transferencia,Internet fibra,Cuyo,Hogar,91.67,0.0217,0,0,No,4,3318.19,0.0
C01433,2022-12-08,,2025-12-31,0,Activo,37,25+ meses,Anual,Tarjeta automática,Telefonía móvil,Patagonia,Hogar,55.75,0.0203,3,0,Sí,3,2020.88,0.0
C01434,2022-12-08,2023-06-16,2025-12-31,1,Baja,7,7-12 meses,Mes a mes,Débito automático,Telefonía móvil,Centro,Profesional,67.71,0.0603,1,1,Sí,3,445.39,812.52
C01435,2022-12-08,,2025-12-31,0,Activo,37,25+ meses,Anual,Tarjeta automática,Internet fibra,Centro,Profesional,99.88,0.0329,2,1,Sí,3,3573.98,0.0
C01436,2022-12-08,2023-06-26,2025-12-31,1,Baja,7,7-12 meses,Mes a mes,Cheque electrónico,Streaming,Cuyo,PyME,73.02,0.0899,2,2,No,2,465.19,876.24
C01437,2022-12-09,,2025-12-31,0,Activo,37,25+ meses,Anual,Tarjeta automática,Internet estándar,AMBA,Hogar,52.52,0.0731,2,2,Sí,2,1801.19,0.0
C01438,2022-12-09,2023-06-06,2025-12-31,1,Baja,7,7-12 meses,Mes a mes,Cheque electrónico,Telefonía móvil,Cuyo,Hogar,35.05,0.0424,0,1,No,3,234.95,420.6
C01439,2022-12-09,2023-01-15,2025-12-31,1,Baja,2,0-3 meses,Mes a mes,Cheque electrónico,Internet estándar,Cuyo,Hogar,54.78,0.101,0,1,No,3,98.49,657.36
C01440,2022-12-10,,2025-12-31,0,Activo,37,25+ meses,Mes a mes,Débito automático,Internet estándar,Litoral,Hogar,40.6,0.0206,0,0,Sí,4,1471.25,0.0
C01441,2022-12-10,2022-12-03,2025-12-31,1,Baja,1,0-3 meses,Mes a mes,Tarjeta automática,Internet fibra,Cuyo,Hogar,83.71,0.105,2,0,Sí,4,74.92,1004.52
C01442,2022-12-10,2025-07-17,2025-12-31,1,Baja,32,25+ meses,Mes a mes,Débito automático,Telefonía móvil,NOA,Hogar,56.55,0.0294,1,0,Sí,4,1756.4,678.6
C01443,2022-12-10,,2025-12-31,0,Activo,37,25+ meses,Dos años,Cheque electrónico,Internet fibra,Centro,Hogar,82.15,0.0804,0,1,No,5,2795.17,0.0
C01444,2022-12-10,,2025-12-31,0,Activo,37,25+ meses,Dos años,Transferencia,Telefonía móvil,Cuyo,Hogar,45.61,0.0245,1,0,No,3,1646.22,0.0
C01445,2022-12-10,,2025-12-31,0,Activo,37,25+ meses,Mes a mes,Débito automático,Internet fibra,Patagonia,Hogar,88.04,0.0514,0,0,Sí,3,3090.05,0.0
C01446,2022-12-11,2023-10-08,2025-12-31,1,Baja,11,7-12 meses,Mes a mes,Tarjeta automática,Streaming,Centro,Hogar,48.47,0.056,3,0,Sí,3,503.31,581.64
C01447,2022-12-11,2025-11-24,2025-12-31,1,Baja,36,25+ meses,Mes a mes,Cheque electrónico,Internet estándar,Litoral,Profesional,65.82,0.2265,0,1,No,4,1832.82,789.84
C01448,2022-12-11,2023-06-24,2025-12-31,1,Baja,7,7-12 meses,Mes a mes,Tarjeta automática,Internet fibra,NOA,Hogar,83.73,0.0509,4,0,Sí,2,556.28,1004.76
C01449,2022-12-11,,2025-12-31,0,Activo,37,25+ meses,Mes a mes,Tarjeta automática,Internet fibra,Cuyo,Hogar,94.62,0.1395,2,1,Sí,2,3012.56,0.0
C01450,2022-12-11,2023-03-06,2025-12-31,1,Baja,4,4-6 meses,Mes a mes,Tarjeta automática,Internet fibra,Centro,Hogar,85.36,0.0758,0,1,Sí,4,315.56,1024.32
C01451,2022-12-12,2024-06-03,2025-12-31,1,Baja,19,13-24 meses,Dos años,Débito automático,Telefonía móvil,Centro,Hogar,19.97,0.0128,0,1,Sí,5,374.57,239.64
C01452,2022-12-12,2023-01-19,2025-12-31,1,Baja,2,0-3 meses,Dos años,Cheque electrónico,Streaming,AMBA,Hogar,21.13,0.1549,2,0,No,2,35.71,253.56
C01453,2022-12-12,,2025-12-31,0,Activo,37,25+ meses,Anual,Cheque electrónico,Internet fibra,Centro,Hogar,86.26,0.0305,0,1,No,3,3094.28,0.0
C01454,2022-12-12,,2025-12-31,0,Activo,37,25+ meses,Anual,Tarjeta automática,Internet estándar,NOA,Hogar,44.6,0.0157,0,1,Sí,4,1624.29,0.0
C01455,2022-12-12,,2025-12-31,0,Activo,37,25+ meses,Mes a mes,Débito automático,Internet fibra,Centro,Hogar,93.84,0.0793,1,0,Sí,3,3196.74,0.0
C01456,2022-12-12,2023-10-13,2025-12-31,1,Baja,11,7-12 meses,Mes a mes,Cheque electrónico,Streaming,NOA,Profesional,67.44,0.0417,0,1,No,5,710.91,809.28
C01457,2022-12-12,2023-02-26,2025-12-31,1,Baja,3,0-3 meses,Mes a mes,Débito automático,Telefonía móvil,NOA,Profesional,53.51,0.031,6,0,Sí,1,155.55,642.12
C01458,2022-12-12,,2025-12-31,0,Activo,37,25+ meses,Anual,Tarjeta automática,Telefonía móvil,Patagonia,Hogar,30.64,0.0467,0,0,Sí,3,1080.74,0.0
C01459,2022-12-13,2025-10-10,2025-12-31,1,Baja,35,25+ meses,Mes a mes,Débito automático,Telefonía móvil,NOA,Hogar,38.03,0.0359,0,0,Sí,4,1283.27,456.36
C01460,2022-12-13,,2025-12-31,0,Activo,37,25+ meses,Anual,Transferencia,Internet estándar,Cuyo,PyME,99.39,0.0608,4,1,No,2,3453.84,0.0
C01461,2022-12-14,2024-02-14,2025-12-31,1,Baja,15,13-24 meses,Mes a mes,Cheque electrónico,Internet fibra,NOA,Hogar,94.9,0.021,4,3,No,1,1393.61,1138.8
C01462,2022-12-15,2023-12-20,2025-12-31,1,Baja,13,13-24 meses,Mes a mes,Transferencia,Telefonía móvil,Litoral,Profesional,48.61,0.0231,0,0,No,3,617.33,583.32
C01463,2022-12-15,2022-12-27,2025-12-31,1,Baja,1,0-3 meses,Mes a mes,Tarjeta automática,Internet fibra,AMBA,Hogar,86.17,0.0511,1,1,Sí,5,81.77,1034.04
C01464,2022-12-15,,2025-12-31,0,Activo,37,25+ meses,Dos años,Transferencia,Internet fibra,Patagonia,PyME,148.27,0.0918,0,0,No,4,4982.38,0.0
C01465,2022-12-15,2024-06-07,2025-12-31,1,Baja,19,13-24 meses,Mes a mes,Tarjeta automática,Internet estándar,NOA,Hogar,58.01,0.0031,1,1,Sí,5,1098.77,696.12
C01466,2022-12-15,2024-11-21,2025-12-31,1,Baja,24,13-24 meses,Mes a mes,Cheque electrónico,Telefonía móvil,NOA,Hogar,46.8,0.0521,0,2,No,2,1064.68,561.6
C01467,2022-12-16,,2025-12-31,0,Activo,37,25+ meses,Mes a mes,Débito automático,Streaming,Cuyo,PyME,82.22,0.0605,0,0,Sí,5,2858.09,0.0
C01468,2022-12-16,2025-05-08,2025-12-31,1,Baja,30,25+ meses,Anual,Tarjeta automática,Telefonía móvil,AMBA,Profesional,80.34,0.0389,0,0,Sí,5,2316.44,964.08
C01469,2022-12-16,,2025-12-31,0,Activo,37,25+ meses,Dos años,Débito automático,Internet estándar,Litoral,Hogar,46.3,0.0399,0,1,Sí,4,1644.75,0.0
C01470,2022-12-16,2024-12-05,2025-12-31,1,Baja,25,25+ meses,Mes a mes,Tarjeta automática,Internet fibra,NOA,Profesional,106.43,0.068,1,0,Sí,2,2479.82,1277.16
C01471,2022-12-16,,2025-12-31,0,Activo,37,25+ meses,Dos años,Tarjeta automática,Internet estándar,NOA,PyME,102.25,0.037,2,0,Sí,3,3643.27,0.0
C01472,2022-12-16,2024-05-05,2025-12-31,1,Baja,18,13-24 meses,Mes a mes,Débito automático,Telefonía móvil,Litoral,Hogar,21.74,0.0704,1,1,Sí,2,363.77,260.88
C01473,2022-12-16,,2025-12-31,0,Activo,37,25+ meses,Anual,Transferencia,Internet fibra,Patagonia,Hogar,75.03,0.0409,2,0,No,3,2662.57,0.0
C01474,2022-12-16,,2025-12-31,0,Activo,37,25+ meses,Mes a mes,Cheque electrónico,Telefonía móvil,AMBA,Hogar,40.28,0.0398,0,1,No,5,1431.04,0.0
C01475,2022-12-17,,2025-12-31,0,Activo,37,25+ meses,Mes a mes,Débito automático,Internet estándar,Litoral,PyME,102.42,0.0456,1,0,Sí,4,3616.74,0.0
C01476,2022-12-17,,2025-12-31,0,Activo,37,25+ meses,Anual,Tarjeta automática,Telefonía móvil,AMBA,Hogar,34.74,0.0666,1,0,Sí,4,1199.77,0.0
C01477,2022-12-17,2022-12-17,2025-12-31,1,Baja,1,0-3 meses,Mes a mes,Débito automático,Telefonía móvil,Patagonia,Hogar,48.88,0.0267,4,0,Sí,3,47.57,586.56
C01478,2022-12-17,2025-01-09,2025-12-31,1,Baja,26,25+ meses,Mes a mes,Débito automático,Internet estándar,AMBA,Hogar,57.11,0.0483,3,0,Sí,3,1413.14,685.32
C01479,2022-12-17,,2025-12-31,0,Activo,37,25+ meses,Anual,Tarjeta automática,Streaming,Litoral,Hogar,25.64,0.0599,1,0,Sí,5,891.85,0.0
C01480,2022-12-17,,2025-12-31,0,Activo,37,25+ meses,Dos años,Cheque electrónico,Internet estándar,NOA,Hogar,45.54,0.0137,0,0,No,4,1661.9,0.0
C01481,2022-12-17,2025-12-22,2025-12-31,1,Baja,37,25+ meses,Mes a mes,Cheque electrónico,Telefonía móvil,AMBA,Hogar,30.44,0.0583,0,2,No,5,1060.62,365.28
C01482,2022-12-18,,2025-12-31,0,Activo,37,25+ meses,Anual,Tarjeta automática,Telefonía móvil,Cuyo,Hogar,44.8,0.0459,0,0,Sí,4,1581.52,0.0
C01483,2022-12-18,,2025-12-31,0,Activo,37,25+ meses,Anual,Cheque electrónico,Internet estándar,AMBA,Hogar,64.16,0.1464,0,3,No,4,2026.38,0.0
C01484,2022-12-18,2023-08-09,2025-12-31,1,Baja,9,7-12 meses,Mes a mes,Transferencia,Internet fibra,Patagonia,Hogar,93.16,0.0357,0,0,No,4,808.51,1117.92
C01485,2022-12-18,,2025-12-31,0,Activo,37,25+ meses,Dos años,Tarjeta automática,Telefonía móvil,NOA,Hogar,35.41,0.0102,0,0,Sí,5,1296.81,0.0
C01486,2022-12-18,2025-12-18,2025-12-31,1,Baja,37,25+ meses,Mes a mes,Transferencia,Telefonía móvil,AMBA,Hogar,63.9,0.0251,1,0,No,4,2304.96,766.8
C01487,2022-12-18,,2025-12-31,0,Activo,37,25+ meses,Anual,Tarjeta automática,Streaming,Litoral,Profesional,43.02,0.0111,2,0,Sí,3,1574.07,0.0
C01488,2022-12-18,2023-01-18,2025-12-31,1,Baja,2,0-3 meses,Mes a mes,Tarjeta automática,Telefonía móvil,Patagonia,Hogar,30.82,0.031,2,0,Sí,2,59.73,369.84
C01489,2022-12-18,2025-01-20,2025-12-31,1,Baja,26,25+ meses,Mes a mes,Cheque electrónico,Internet estándar,AMBA,Hogar,34.02,0.0582,0,3,No,4,833.04,408.24
C01490,2022-12-19,2023-12-20,2025-12-31,1,Baja,13,13-24 meses,Mes a mes,Transferencia,Internet estándar,Cuyo,Hogar,37.16,0.0675,0,0,No,5,450.47,445.92
C01491,2022-12-19,2023-03-17,2025-12-31,1,Baja,4,4-6 meses,Mes a mes,Tarjeta automática,Internet estándar,AMBA,Profesional,70.67,0.0284,0,1,Sí,4,274.65,848.04
C01492,2022-12-19,,2025-12-31,0,Activo,37,25+ meses,Dos años,Débito automático,Internet fibra,NOA,Profesional,93.17,0.1171,1,1,Sí,5,3043.61,0.0
C01493,2022-12-19,,2025-12-31,0,Activo,37,25+ meses,Dos años,Cheque electrónico,Internet estándar,Litoral,PyME,97.05,0.0487,1,0,No,4,3415.98,0.0
C01494,2022-12-20,2025-10-20,2025-12-31,1,Baja,35,25+ meses,Mes a mes,Débito automático,Streaming,Litoral,Hogar,19.68,0.0031,1,0,Sí,4,686.66,236.16
C01495,2022-12-20,2023-07-21,2025-12-31,1,Baja,8,7-12 meses,Mes a mes,Cheque electrónico,Internet fibra,NOA,Hogar,66.05,0.0313,1,0,No,4,511.86,792.6
C01496,2022-12-20,2023-02-02,2025-12-31,1,Baja,3,0-3 meses,Mes a mes,Cheque electrónico,Internet fibra,Patagonia,Hogar,68.21,0.0149,2,3,No,2,201.58,818.52
C01497,2022-12-20,2025-03-26,2025-12-31,1,Baja,28,25+ meses,Mes a mes,Débito automático,Streaming,Centro,Hogar,40.17,0.0576,1,0,Sí,4,1059.97,482.04
C01498,2022-12-21,,2025-12-31,0,Activo,37,25+ meses,Mes a mes,Transferencia,Telefonía móvil,Litoral,PyME,116.84,0.1068,2,0,No,3,3861.38,0.0
C01499,2022-12-21,2025-10-24,2025-12-31,1,Baja,35,25+ meses,Dos años,Transferencia,Telefonía móvil,Centro,Hogar,62.52,0.0341,0,0,No,2,2113.58,750.24
C01500,2022-12-21,,2025-12-31,0,Activo,37,25+ meses,Anual,Transferencia,Internet fibra,Litoral,Profesional,103.56,0.028,2,0,No,3,3724.43,0.0
C01501,2022-12-21,2023-01-01,2025-12-31,1,Baja,2,0-3 meses,Mes a mes,Débito automático,Telefonía móvil,Patagonia,PyME,91.58,0.1211,5,0,Sí,1,160.98,1098.96
C01502,2022-12-21,,2025-12-31,0,Activo,37,25+ meses,Mes a mes,Tarjeta automática,Internet fibra,NOA,Profesional,88.65,0.0623,1,0,Sí,3,3075.7,0.0
C01503,2022-12-22,,2025-12-31,0,Activo,37,25+ meses,Anual,Tarjeta automática,Internet fibra,NOA,Hogar,86.32,0.0393,1,0,Sí,3,3068.32,0.0
C01504,2022-12-22,2023-01-01,2025-12-31,1,Baja,2,0-3 meses,Mes a mes,Transferencia,Streaming,Cuyo,PyME,81.29,0.074,2,0,No,5,150.55,975.48
C01505,2022-12-22,,2025-12-31,0,Activo,37,25+ meses,Mes a mes,Transferencia,Internet estándar,NOA,Hogar,53.53,0.0458,0,0,No,3,1889.9,0.0
C01506,2022-12-22,2025-03-12,2025-12-31,1,Baja,28,25+ meses,Mes a mes,Transferencia,Telefonía móvil,NOA,Hogar,63.23,0.0518,1,0,No,4,1678.73,758.76
C01507,2022-12-22,2023-10-07,2025-12-31,1,Baja,11,7-12 meses,Mes a mes,Débito automático,Internet fibra,Litoral,Hogar,80.39,0.1088,0,0,Sí,3,788.08,964.68
C01508,2022-12-22,,2025-12-31,0,Activo,37,25+ meses,Mes a mes,Tarjeta automática,Internet fibra,AMBA,PyME,158.06,0.0598,0,0,Sí,5,5498.5,0.0
C01509,2022-12-23,,2025-12-31,0,Activo,37,25+ meses,Anual,Tarjeta automática,Internet estándar,AMBA,Profesional,54.6,0.1318,1,1,Sí,4,1753.94,0.0
C01510,2022-12-23,2025-05-06,2025-12-31,1,Baja,30,25+ meses,Mes a mes,Cheque electrónico,Internet fibra,Litoral,Hogar,82.92,0.0541,1,0,No,3,2353.02,995.04
C01511,2022-12-23,,2025-12-31,0,Activo,37,25+ meses,Anual,Débito automático,Internet fibra,Patagonia,Profesional,99.45,0.1121,1,1,Sí,3,3267.16,0.0
C01512,2022-12-23,2025-03-19,2025-12-31,1,Baja,28,25+ meses,Mes a mes,Cheque electrónico,Internet fibra,NOA,Hogar,67.18,0.0101,0,3,No,3,1862.04,806.16
C01513,2022-12-23,,2025-12-31,0,Activo,37,25+ meses,Dos años,Tarjeta automática,Internet estándar,Centro,Profesional,75.82,0.0481,0,1,Sí,5,2670.4,0.0
C01514,2022-12-24,2024-02-11,2025-12-31,1,Baja,15,13-24 meses,Mes a mes,Débito automático,Telefonía móvil,NOA,Hogar,58.84,0.0151,1,1,Sí,4,869.27,706.08
C01515,2022-12-24,2023-01-18,2025-12-31,1,Baja,2,0-3 meses,Mes a mes,Cheque electrónico,Internet fibra,Patagonia,Hogar,102.23,0.0162,0,0,No,5,201.15,1226.76
C01516,2022-12-24,2025-03-22,2025-12-31,1,Baja,28,25+ meses,Mes a mes,Tarjeta automática,Streaming,Cuyo,Hogar,33.52,0.0588,1,0,Sí,4,883.37,402.24
C01517,2022-12-24,,2025-12-31,0,Activo,37,25+ meses,Mes a mes,Tarjeta automática,Streaming,Cuyo,PyME,63.1,0.0574,1,0,Sí,2,2200.69,0.0
C01518,2022-12-25,,2025-12-31,0,Activo,37,25+ meses,Mes a mes,Transferencia,Internet estándar,Cuyo,PyME,109.25,0.0259,0,0,No,3,3937.56,0.0
C01519,2022-12-25,,2025-12-31,0,Activo,37,25+ meses,Anual,Transferencia,Internet estándar,Patagonia,Hogar,57.16,0.0727,1,0,No,3,1961.17,0.0
C01520,2022-12-25,2023-03-10,2025-12-31,1,Baja,4,4-6 meses,Mes a mes,Cheque electrónico,Streaming,Patagonia,Hogar,26.41,0.0144,0,2,No,3,104.12,316.92
C01521,2022-12-25,2023-04-14,2025-12-31,1,Baja,5,4-6 meses,Mes a mes,Cheque electrónico,Telefonía móvil,Centro,Hogar,44.37,0.129,0,1,No,4,193.23,532.44
C01522,2022-12-26,2025-03-05,2025-12-31,1,Baja,28,25+ meses,Mes a mes,Transferencia,Internet fibra,Cuyo,Profesional,90.68,0.0192,0,1,No,4,2490.29,1088.16
C01523,2022-12-26,,2025-12-31,0,Activo,37,25+ meses,Anual,Tarjeta automática,Telefonía móvil,AMBA,Hogar,40.53,0.0843,0,0,Sí,4,1373.19,0.0
C01524,2022-12-27,2023-08-03,2025-12-31,1,Baja,9,7-12 meses,Dos años,Débito automático,Internet fibra,NOA,Hogar,89.19,0.0141,0,0,Sí,3,791.39,1070.28
C01525,2022-12-27,2024-05-11,2025-12-31,1,Baja,18,13-24 meses,Anual,Cheque electrónico,Internet estándar,Cuyo,Hogar,64.28,0.0656,1,1,No,4,1081.14,771.36
C01526,2022-12-28,,2025-12-31,0,Activo,37,25+ meses,Mes a mes,Débito automático,Internet estándar,Centro,Hogar,35.02,0.0883,1,0,Sí,4,1181.33,0.0
C01527,2022-12-28,2023-05-13,2025-12-31,1,Baja,6,4-6 meses,Anual,Cheque electrónico,Internet fibra,Centro,PyME,127.38,0.0283,1,1,No,3,742.65,1528.56
C01528,2022-12-29,,2025-12-31,0,Activo,37,25+ meses,Anual,Transferencia,Internet fibra,AMBA,Hogar,60.53,0.061,0,0,No,4,2102.99,0.0
C01529,2022-12-29,,2025-12-31,0,Activo,37,25+ meses,Mes a mes,Tarjeta automática,Internet fibra,Cuyo,Hogar,98.22,0.0235,0,0,Sí,4,3548.74,0.0
C01530,2022-12-29,2024-12-03,2025-12-31,1,Baja,25,25+ meses,Mes a mes,Débito automático,Internet fibra,Patagonia,Hogar,87.58,0.0694,0,3,Sí,3,2037.55,1050.96
C01531,2022-12-29,,2025-12-31,0,Activo,37,25+ meses,Anual,Transferencia,Internet estándar,Centro,Hogar,26.99,0.0111,0,0,No,5,987.55,0.0
C01532,2022-12-29,2024-07-14,2025-12-31,1,Baja,20,13-24 meses,Mes a mes,Tarjeta automática,Internet fibra,Cuyo,Hogar,77.29,0.0592,2,1,Sí,3,1454.29,927.48
C01533,2022-12-29,,2025-12-31,0,Activo,37,25+ meses,Anual,Débito automático,Telefonía móvil,Litoral,Hogar,38.88,0.0836,1,1,Sí,4,1318.3,0.0
C01534,2022-12-30,2025-12-22,2025-12-31,1,Baja,37,25+ meses,Mes a mes,Transferencia,Telefonía móvil,Cuyo,Profesional,51.68,0.039,0,1,No,4,1837.59,620.16
C01535,2022-12-30,,2025-12-31,0,Activo,37,25+ meses,Mes a mes,Tarjeta automática,Internet fibra,Patagonia,Hogar,89.4,0.0532,0,0,Sí,4,3131.83,0.0
C01536,2022-12-30,2025-10-08,2025-12-31,1,Baja,35,25+ meses,Mes a mes,Débito automático,Internet fibra,Centro,Hogar,89.15,0.0412,1,0,Sí,2,2991.7,1069.8
C01537,2022-12-30,,2025-12-31,0,Activo,37,25+ meses,Anual,Transferencia,Internet estándar,Cuyo,Hogar,51.96,0.0343,1,1,No,5,1856.58,0.0
C01538,2022-12-31,,2025-12-31,0,Activo,37,25+ meses,Dos años,Transferencia,Telefonía móvil,NOA,Hogar,34.94,0.0214,2,1,No,4,1265.11,0.0
C01539,2022-12-31,2023-03-19,2025-12-31,1,Baja,4,4-6 meses,Mes a mes,Débito automático,Internet estándar,NOA,Hogar,42.03,0.0854,0,0,Sí,5,153.76,504.36
C01540,2022-12-31,2024-07-25,2025-12-31,1,Baja,20,13-24 meses,Mes a mes,Cheque electrónico,Internet fibra,Litoral,Profesional,96.48,0.071,1,1,No,3,1792.6,1157.76
C01541,2022-12-31,2024-09-05,2025-12-31,1,Baja,22,13-24 meses,Mes a mes,Cheque electrónico,Telefonía móvil,Cuyo,Hogar,36.97,0.1277,0,2,No,4,709.48,443.64
C01542,2022-12-31,,2025-12-31,0,Activo,37,25+ meses,Mes a mes,Débito automático,Internet estándar,NOA,Profesional,66.94,0.0278,0,0,Sí,4,2407.93,0.0
C01543,2022-12-31,,2025-12-31,0,Activo,37,25+ meses,Dos años,Tarjeta automática,Internet estándar,Cuyo,Hogar,55.14,0.0724,0,0,Sí,5,1892.47,0.0
C01544,2022-12-31,2023-09-10,2025-12-31,1,Baja,10,7-12 meses,Mes a mes,Transferencia,Telefonía móvil,Cuyo,Hogar,25.13,0.0483,0,0,No,5,239.16,301.56
C01545,2022-12-31,2023-03-02,2025-12-31,1,Baja,4,4-6 meses,Mes a mes,Tarjeta automática,Telefonía móvil,Litoral,Hogar,33.66,0.0633,0,0,Sí,5,126.12,403.92
C01546,2023-01-01,,2025-12-31,0,Activo,36,25+ meses,Mes a mes,Cheque electrónico,Internet estándar,Cuyo,Profesional,66.63,0.1666,0,2,No,4,1999.06,0.0
C01547,2023-01-01,,2025-12-31,0,Activo,36,25+ meses,Dos años,Débito automático,Internet fibra,NOA,Hogar,95.22,0.1011,1,0,Sí,4,3081.36,0.0
C01548,2023-01-01,,2025-12-31,0,Activo,36,25+ meses,Mes a mes,Débito automático,Internet estándar,Centro,Profesional,76.3,0.0163,0,0,Sí,5,2702.03,0.0
C01549,2023-01-01,,2025-12-31,0,Activo,36,25+ meses,Anual,Débito automático,Internet fibra,AMBA,Hogar,77.96,0.0035,0,0,Sí,4,2796.74,0.0
C01550,2023-01-01,2024-07-20,2025-12-31,1,Baja,19,13-24 meses,Mes a mes,Débito automático,Internet estándar,Cuyo,Hogar,53.43,0.0547,2,1,Sí,3,959.64,641.16
C01551,2023-01-01,2023-02-12,2025-12-31,1,Baja,2,0-3 meses,Mes a mes,Cheque electrónico,Internet fibra,NOA,Hogar,76.88,0.0407,1,0,No,3,147.5,922.56
C01552,2023-01-02,,2025-12-31,0,Activo,36,25+ meses,Anual,Tarjeta automática,Streaming,AMBA,Hogar,40.85,0.0165,0,0,Sí,3,1446.34,0.0
C01553,2023-01-03,,2025-12-31,0,Activo,36,25+ meses,Mes a mes,Cheque electrónico,Streaming,Patagonia,Hogar,33.77,0.1016,1,1,No,4,1092.2,0.0
C01554,2023-01-03,,2025-12-31,0,Activo,36,25+ meses,Anual,Tarjeta automática,Telefonía móvil,AMBA,Hogar,56.07,0.0588,1,0,Sí,3,1899.83,0.0
C01555,2023-01-03,2023-04-07,2025-12-31,1,Baja,4,4-6 meses,Mes a mes,Transferencia,Telefonía móvil,Litoral,Hogar,27.09,0.0306,1,1,No,3,105.04,325.08
C01556,2023-01-03,,2025-12-31,0,Activo,36,25+ meses,Anual,Cheque electrónico,Internet fibra,Cuyo,Hogar,69.13,0.0292,0,1,No,4,2416.01,0.0
C01557,2023-01-04,,2025-12-31,0,Activo,36,25+ meses,Anual,Débito automático,Internet fibra,AMBA,Profesional,99.02,0.0253,1,0,Sí,5,3474.53,0.0
C01558,2023-01-04,,2025-12-31,0,Activo,36,25+ meses,Anual,Tarjeta automática,Internet estándar,Patagonia,Profesional,72.43,0.0565,1,1,Sí,3,2460.16,0.0
C01559,2023-01-04,2023-07-11,2025-12-31,1,Baja,7,7-12 meses,Mes a mes,Cheque electrónico,Internet fibra,Centro,Hogar,104.4,0.0517,2,1,No,2,693.02,1252.8
C01560,2023-01-04,,2025-12-31,0,Activo,36,25+ meses,Anual,Cheque electrónico,Internet fibra,Cuyo,Hogar,58.11,0.0876,0,1,No,3,1908.7,0.0
C01561,2023-01-04,,2025-12-31,0,Activo,36,25+ meses,Dos años,Débito automático,Streaming,Litoral,Hogar,28.64,0.0595,0,0,Sí,4,969.69,0.0
C01562,2023-01-04,2025-06-10,2025-12-31,1,Baja,30,25+ meses,Mes a mes,Débito automático,Internet estándar,Litoral,Hogar,48.14,0.0985,1,0,Sí,4,1301.95,577.68
C01563,2023-01-04,2023-05-08,2025-12-31,1,Baja,5,4-6 meses,Mes a mes,Cheque electrónico,Internet fibra,AMBA,Hogar,80.62,0.0564,4,1,No,1,380.37,967.44
C01564,2023-01-04,,2025-12-31,0,Activo,36,25+ meses,Anual,Tarjeta automática,Internet estándar,Cuyo,Hogar,68.07,0.0573,0,0,Sí,4,2310.11,0.0
C01565,2023-01-05,,2025-12-31,0,Activo,36,25+ meses,Mes a mes,Transferencia,Telefonía móvil,Litoral,Hogar,51.64,0.0422,0,0,No,3,1780.59,0.0
C01566,2023-01-05,2023-02-04,2025-12-31,1,Baja,2,0-3 meses,Anual,Débito automático,Streaming,Litoral,Hogar,18.0,0.0251,1,0,Sí,3,35.1,216.0
C01567,2023-01-05,2025-10-01,2025-12-31,1,Baja,34,25+ meses,Anual,Tarjeta automática,Internet fibra,Patagonia,Hogar,94.87,0.0125,5,1,Sí,3,3185.26,1138.44
C01568,2023-01-06,2023-10-06,2025-12-31,1,Baja,10,7-12 meses,Mes a mes,Cheque electrónico,Internet estándar,Patagonia,Hogar,65.56,0.0538,3,0,No,2,620.33,786.72
C01569,2023-01-06,2023-03-22,2025-12-31,1,Baja,3,0-3 meses,Mes a mes,Débito automático,Telefonía móvil,Centro,Hogar,44.89,0.0681,0,0,Sí,4,125.5,538.68
C01570,2023-01-06,2024-05-13,2025-12-31,1,Baja,17,13-24 meses,Anual,Cheque electrónico,Internet fibra,Patagonia,Hogar,60.2,0.1005,6,1,No,1,920.55,722.4
C01571,2023-01-06,2024-01-18,2025-12-31,1,Baja,13,13-24 meses,Mes a mes,Débito automático,Streaming,NOA,Profesional,45.33,0.0564,1,0,Sí,5,556.05,543.96
C01572,2023-01-06,,2025-12-31,0,Activo,36,25+ meses,Dos años,Débito automático,Streaming,NOA,Hogar,34.16,0.0739,0,0,Sí,5,1138.88,0.0
C01573,2023-01-07,,2025-12-31,0,Activo,36,25+ meses,Mes a mes,Débito automático,Streaming,NOA,Hogar,39.96,0.0738,0,1,Sí,5,1332.39,0.0
C01574,2023-01-08,,2025-12-31,0,Activo,36,25+ meses,Mes a mes,Débito automático,Internet fibra,Centro,Profesional,76.53,0.0435,1,0,Sí,3,2635.23,0.0
C01575,2023-01-08,,2025-12-31,0,Activo,36,25+ meses,Dos años,Cheque electrónico,Telefonía móvil,Litoral,Hogar,33.54,0.0926,1,2,No,2,1095.63,0.0
C01576,2023-01-08,,2025-12-31,0,Activo,36,25+ meses,Mes a mes,Transferencia,Internet estándar,Cuyo,Hogar,61.08,0.0309,2,0,No,3,2130.93,0.0
C01577,2023-01-08,,2025-12-31,0,Activo,36,25+ meses,Anual,Transferencia,Internet fibra,NOA,Profesional,112.52,0.0224,4,1,No,4,3959.98,0.0
C01578,2023-01-08,2023-06-21,2025-12-31,1,Baja,6,4-6 meses,Mes a mes,Débito automático,Internet fibra,Patagonia,Hogar,82.74,0.0555,8,0,Sí,1,468.89,992.88
C01579,2023-01-08,,2025-12-31,0,Activo,36,25+ meses,Mes a mes,Tarjeta automática,Internet estándar,AMBA,PyME,116.63,0.0717,0,0,Sí,4,3897.63,0.0
C01580,2023-01-09,,2025-12-31,0,Activo,36,25+ meses,Mes a mes,Tarjeta automática,Internet fibra,NOA,PyME,138.01,0.0368,2,0,Sí,3,4785.52,0.0
C01581,2023-01-09,,2025-12-31,0,Activo,36,25+ meses,Anual,Transferencia,Telefonía móvil,Patagonia,Profesional,70.59,0.0137,1,1,No,5,2506.43,0.0
C01582,2023-01-09,,2025-12-31,0,Activo,36,25+ meses,Anual,Débito automático,Telefonía móvil,Litoral,Hogar,43.6,0.0116,6,0,Sí,1,1551.39,0.0
C01583,2023-01-10,,2025-12-31,0,Activo,36,25+ meses,Dos años,Débito automático,Internet fibra,Cuyo,Hogar,83.28,0.0791,0,0,Sí,4,2760.93,0.0
C01584,2023-01-10,,2025-12-31,0,Activo,36,25+ meses,Dos años,Débito automático,Telefonía móvil,Cuyo,Hogar,28.56,0.0285,1,0,Sí,4,998.86,0.0
C01585,2023-01-10,,2025-12-31,0,Activo,36,25+ meses,Anual,Débito automático,Telefonía móvil,Patagonia,Hogar,49.94,0.0411,5,0,Sí,1,1723.95,0.0
C01586,2023-01-11,,2025-12-31,0,Activo,36,25+ meses,Anual,Transferencia,Internet fibra,Patagonia,PyME,119.22,0.1328,1,0,No,4,3721.95,0.0
C01587,2023-01-11,,2025-12-31,0,Activo,36,25+ meses,Mes a mes,Transferencia,Streaming,Litoral,Hogar,36.93,0.0113,2,0,No,4,1314.46,0.0
C01588,2023-01-11,,2025-12-31,0,Activo,36,25+ meses,Dos años,Cheque electrónico,Telefonía móvil,NOA,PyME,92.17,0.0278,3,2,No,2,3225.88,0.0
C01589,2023-01-11,2023-11-25,2025-12-31,1,Baja,11,7-12 meses,Anual,Tarjeta automática,Telefonía móvil,Centro,Hogar,46.07,0.0984,4,0,Sí,3,456.9,552.84
C01590,2023-01-12,2025-03-04,2025-12-31,1,Baja,27,25+ meses,Dos años,Débito automático,Internet estándar,Cuyo,Hogar,38.52,0.0367,4,0,Sí,2,1001.87,462.24
C01591,2023-01-12,2024-11-25,2025-12-31,1,Baja,23,13-24 meses,Mes a mes,Tarjeta automática,Telefonía móvil,Litoral,Profesional,54.46,0.0211,1,0,Sí,4,1226.15,653.52
C01592,2023-01-12,2023-03-07,2025-12-31,1,Baja,3,0-3 meses,Mes a mes,Cheque electrónico,Streaming,AMBA,Hogar,33.05,0.1118,1,3,No,2,88.07,396.6
C01593,2023-01-12,2024-06-08,2025-12-31,1,Baja,18,13-24 meses,Anual,Transferencia,Internet fibra,Cuyo,Hogar,86.3,0.0691,0,0,No,4,1446.06,1035.6
C01594,2023-01-12,,2025-12-31,0,Activo,36,25+ meses,Mes a mes,Débito automático,Internet fibra,NOA,Hogar,90.03,0.0549,0,0,Sí,3,3063.14,0.0
C01595,2023-01-12,2023-01-20,2025-12-31,1,Baja,1,0-3 meses,Mes a mes,Cheque electrónico,Internet estándar,Patagonia,Hogar,36.35,0.0255,0,1,No,4,35.42,436.2
C01596,2023-01-13,,2025-12-31,0,Activo,36,25+ meses,Dos años,Débito automático,Internet estándar,Patagonia,Hogar,32.49,0.1281,2,0,Sí,5,1019.81,0.0
C01597,2023-01-14,2025-10-16,2025-12-31,1,Baja,34,25+ meses,Mes a mes,Tarjeta automática,Internet estándar,AMBA,Profesional,56.27,0.053,2,1,Sí,4,1811.78,675.24
C01598,2023-01-14,,2025-12-31,0,Activo,36,25+ meses,Mes a mes,Débito automático,Internet fibra,AMBA,PyME,121.28,0.0552,2,1,Sí,3,4125.07,0.0
C01599,2023-01-14,2023-10-04,2025-12-31,1,Baja,10,7-12 meses,Mes a mes,Tarjeta automática,Telefonía móvil,Cuyo,Profesional,77.24,0.0457,1,1,Sí,4,737.1,926.88
C01600,2023-01-14,2024-03-14,2025-12-31,1,Baja,15,13-24 meses,Mes a mes,Cheque electrónico,Streaming,Centro,Profesional,61.74,0.0246,0,1,No,3,903.32,740.88
C01601,2023-01-14,2025-05-20,2025-12-31,1,Baja,29,25+ meses,Anual,Transferencia,Internet estándar,AMBA,Profesional,56.04,0.0425,0,0,No,5,1556.09,672.48
C01602,2023-01-14,,2025-12-31,0,Activo,36,25+ meses,Dos años,Transferencia,Internet fibra,Litoral,Hogar,96.81,0.06,2,0,No,5,3276.05,0.0
C01603,2023-01-14,,2025-12-31,0,Activo,36,25+ meses,Dos años,Cheque electrónico,Internet fibra,Patagonia,Profesional,110.09,0.0417,2,0,No,4,3797.97,0.0
C01604,2023-01-14,,2025-12-31,0,Activo,36,25+ meses,Anual,Cheque electrónico,Internet fibra,Patagonia,Profesional,78.07,0.0717,2,0,No,3,2609.01,0.0
C01605,2023-01-14,,2025-12-31,0,Activo,36,25+ meses,Anual,Débito automático,Streaming,AMBA,Hogar,18.0,0.0322,2,0,Sí,3,627.13,0.0
C01606,2023-01-15,,2025-12-31,0,Activo,36,25+ meses,Mes a mes,Tarjeta automática,Internet fibra,Patagonia,Hogar,59.75,0.1105,1,0,Sí,4,1913.31,0.0
C01607,2023-01-15,,2025-12-31,0,Activo,36,25+ meses,Dos años,Débito automático,Telefonía móvil,Cuyo,Profesional,59.05,0.0696,0,0,Sí,4,1977.84,0.0
C01608,2023-01-15,2023-10-14,2025-12-31,1,Baja,10,7-12 meses,Mes a mes,Cheque electrónico,Internet fibra,AMBA,PyME,133.19,0.0522,2,1,No,3,1262.37,1598.28
C01609,2023-01-16,2023-07-26,2025-12-31,1,Baja,7,7-12 meses,Mes a mes,Cheque electrónico,Internet fibra,Cuyo,PyME,133.17,0.1171,0,2,No,4,823.03,1598.04
C01610,2023-01-16,2024-03-12,2025-12-31,1,Baja,15,13-24 meses,Dos años,Transferencia,Telefonía móvil,Centro,Hogar,19.71,0.0258,6,1,No,1,288.02,236.52
C01611,2023-01-16,,2025-12-31,0,Activo,36,25+ meses,Dos años,Tarjeta automática,Internet estándar,Patagonia,Profesional,51.3,0.0583,1,0,Sí,4,1739.13,0.0
C01612,2023-01-16,2023-06-08,2025-12-31,1,Baja,6,4-6 meses,Mes a mes,Tarjeta automática,Internet estándar,Patagonia,Hogar,51.86,0.0679,4,0,Sí,3,290.03,622.32
C01613,2023-01-16,,2025-12-31,0,Activo,36,25+ meses,Anual,Cheque electrónico,Internet fibra,Patagonia,Profesional,102.84,0.053,0,1,No,5,3506.02,0.0
C01614,2023-01-17,,2025-12-31,0,Activo,36,25+ meses,Mes a mes,Tarjeta automática,Streaming,AMBA,Hogar,18.0,0.1231,0,0,Sí,4,568.23,0.0
C01615,2023-01-17,,2025-12-31,0,Activo,36,25+ meses,Mes a mes,Débito automático,Internet estándar,Cuyo,PyME,89.91,0.0087,0,0,Sí,5,3208.6,0.0
C01616,2023-01-17,2024-08-13,2025-12-31,1,Baja,20,13-24 meses,Mes a mes,Débito automático,Telefonía móvil,Cuyo,PyME,108.25,0.0747,0,1,Sí,4,2003.27,1299.0
C01617,2023-01-18,,2025-12-31,0,Activo,36,25+ meses,Mes a mes,Tarjeta automática,Streaming,NOA,Hogar,18.0,0.0781,3,0,Sí,2,597.39,0.0
C01618,2023-01-18,2024-11-22,2025-12-31,1,Baja,23,13-24 meses,Mes a mes,Transferencia,Telefonía móvil,Litoral,PyME,96.84,0.0617,2,0,No,4,2089.89,1162.08
C01619,2023-01-19,2025-12-26,2025-12-31,1,Baja,36,25+ meses,Mes a mes,Cheque electrónico,Streaming,Litoral,Profesional,32.49,0.102,1,1,No,4,1050.34,389.88
C01620,2023-01-19,,2025-12-31,0,Activo,36,25+ meses,Mes a mes,Transferencia,Telefonía móvil,Cuyo,Hogar,51.15,0.0339,0,1,No,5,1778.98,0.0
C01621,2023-01-20,,2025-12-31,0,Activo,36,25+ meses,Mes a mes,Débito automático,Streaming,Centro,Hogar,18.0,0.0197,0,1,Sí,4,635.23,0.0
C01622,2023-01-20,,2025-12-31,0,Activo,36,25+ meses,Dos años,Débito automático,Internet estándar,Patagonia,Profesional,63.65,0.0851,1,1,Sí,2,2096.4,0.0
C01623,2023-01-20,,2025-12-31,0,Activo,36,25+ meses,Anual,Cheque electrónico,Streaming,NOA,Hogar,39.34,0.0724,0,2,No,2,1313.7,0.0
C01624,2023-01-20,,2025-12-31,0,Activo,36,25+ meses,Dos años,Débito automático,Streaming,AMBA,Hogar,35.71,0.0686,2,1,Sí,3,1197.37,0.0
C01625,2023-01-20,,2025-12-31,0,Activo,36,25+ meses,Mes a mes,Débito automático,Internet fibra,Litoral,Hogar,72.89,0.0265,0,0,Sí,4,2554.5,0.0
C01626,2023-01-21,,2025-12-31,0,Activo,36,25+ meses,Anual,Transferencia,Streaming,Patagonia,Hogar,21.31,0.063,1,0,No,4,718.83,0.0
C01627,2023-01-21,2025-09-07,2025-12-31,1,Baja,33,25+ meses,Dos años,Tarjeta automática,Internet fibra,AMBA,Hogar,75.44,0.0756,1,0,Sí,3,2301.31,905.28
C01628,2023-01-22,,2025-12-31,0,Activo,36,25+ meses,Mes a mes,Tarjeta automática,Internet estándar,Litoral,Profesional,52.82,0.0771,1,0,Sí,3,1754.91,0.0
C01629,2023-01-22,2023-01-13,2025-12-31,1,Baja,1,0-3 meses,Mes a mes,Cheque electrónico,Internet fibra,Cuyo,Hogar,76.9,0.0308,0,0,No,3,74.53,922.8
C01630,2023-01-22,2024-10-23,2025-12-31,1,Baja,22,13-24 meses,Mes a mes,Transferencia,Internet fibra,Litoral,Hogar,77.09,0.1894,2,0,No,2,1374.76,925.08
C01631,2023-01-22,,2025-12-31,0,Activo,36,25+ meses,Mes a mes,Tarjeta automática,Internet fibra,Litoral,Hogar,73.4,0.0629,1,1,Sí,3,2476.19,0.0
C01632,2023-01-23,,2025-12-31,0,Activo,36,25+ meses,Mes a mes,Tarjeta automática,Internet fibra,NOA,Profesional,107.0,0.0427,0,1,Sí,4,3687.52,0.0
C01633,2023-01-23,,2025-12-31,0,Activo,36,25+ meses,Mes a mes,Cheque electrónico,Internet fibra,AMBA,Hogar,66.22,0.0899,0,2,No,5,2169.61,0.0
C01634,2023-01-23,2025-08-14,2025-12-31,1,Baja,32,25+ meses,Mes a mes,Transferencia,Internet fibra,Centro,Profesional,77.25,0.0043,1,0,No,4,2461.37,927.0
C01635,2023-01-23,,2025-12-31,0,Activo,36,25+ meses,Anual,Transferencia,Internet estándar,Cuyo,Profesional,61.22,0.0389,0,0,No,3,2118.19,0.0
C01636,2023-01-23,,2025-12-31,0,Activo,36,25+ meses,Mes a mes,Tarjeta automática,Internet estándar,Patagonia,PyME,105.36,0.0485,0,0,Sí,4,3609.0,0.0
C01637,2023-01-23,2025-06-07,2025-12-31,1,Baja,30,25+ meses,Mes a mes,Cheque electrónico,Telefonía móvil,Litoral,Hogar,40.83,0.0528,1,0,No,4,1160.23,489.96
C01638,2023-01-23,,2025-12-31,0,Activo,36,25+ meses,Anual,Cheque electrónico,Telefonía móvil,Centro,Hogar,40.34,0.0247,0,2,No,2,1416.37,0.0
C01639,2023-01-25,,2025-12-31,0,Activo,36,25+ meses,Mes a mes,Débito automático,Internet fibra,AMBA,Hogar,65.61,0.0297,0,0,Sí,5,2291.81,0.0
C01640,2023-01-25,,2025-12-31,0,Activo,36,25+ meses,Mes a mes,Tarjeta automática,Internet estándar,NOA,Hogar,38.19,0.0339,2,1,Sí,3,1328.23,0.0
C01641,2023-01-25,,2025-12-31,0,Activo,36,25+ meses,Mes a mes,Transferencia,Internet estándar,AMBA,Hogar,43.63,0.0385,0,0,No,5,1510.21,0.0
C01642,2023-01-26,2025-03-16,2025-12-31,1,Baja,27,25+ meses,Mes a mes,Cheque electrónico,Internet estándar,AMBA,Hogar,42.76,0.0656,0,0,No,5,1078.78,513.12
C01643,2023-01-26,2023-10-08,2025-12-31,1,Baja,10,7-12 meses,Mes a mes,Cheque electrónico,Internet estándar,Cuyo,Hogar,61.08,0.0312,2,2,No,2,591.74,732.96
C01644,2023-01-26,2024-05-04,2025-12-31,1,Baja,17,13-24 meses,Mes a mes,Cheque electrónico,Streaming,Litoral,Hogar,31.9,0.0625,1,1,No,3,508.41,382.8
C01645,2023-01-26,,2025-12-31,0,Activo,36,25+ meses,Mes a mes,Transferencia,Streaming,Centro,Hogar,23.14,0.0276,2,2,No,2,810.05,0.0
C01646,2023-01-26,,2025-12-31,0,Activo,36,25+ meses,Dos años,Débito automático,Internet estándar,Centro,Hogar,61.05,0.1425,1,0,Sí,4,1884.61,0.0
C01647,2023-01-27,2025-01-25,2025-12-31,1,Baja,25,25+ meses,Dos años,Débito automático,Streaming,AMBA,Profesional,51.91,0.0316,1,0,Sí,3,1256.74,622.92
C01648,2023-01-27,2024-09-21,2025-12-31,1,Baja,21,13-24 meses,Mes a mes,Cheque electrónico,Internet fibra,Cuyo,Hogar,63.07,0.0353,1,0,No,4,1277.72,756.84
C01649,2023-01-27,2024-06-01,2025-12-31,1,Baja,18,13-24 meses,Mes a mes,Tarjeta automática,Telefonía móvil,NOA,Hogar,18.0,0.0285,0,1,Sí,5,314.77,216.0
C01650,2023-01-27,2024-08-05,2025-12-31,1,Baja,20,13-24 meses,Mes a mes,Tarjeta automática,Telefonía móvil,AMBA,Hogar,27.41,0.0101,1,0,Sí,4,542.66,328.92
C01651,2023-01-28,,2025-12-31,0,Activo,36,25+ meses,Dos años,Transferencia,Internet fibra,Litoral,Profesional,102.54,0.0104,0,0,No,4,3653.05,0.0
C01652,2023-01-28,2023-03-16,2025-12-31,1,Baja,3,0-3 meses,Anual,Débito automático,Telefonía móvil,Centro,Profesional,69.81,0.0235,4,0,Sí,2,204.51,837.72
C01653,2023-01-28,2025-08-06,2025-12-31,1,Baja,32,25+ meses,Mes a mes,Cheque electrónico,Telefonía móvil,Patagonia,Hogar,23.74,0.0583,1,0,No,3,715.39,284.88
C01654,2023-01-28,2023-01-17,2025-12-31,1,Baja,1,0-3 meses,Mes a mes,Tarjeta automática,Internet estándar,AMBA,Hogar,56.25,0.0092,1,0,Sí,2,55.73,675.0
C01655,2023-01-29,2023-12-17,2025-12-31,1,Baja,12,7-12 meses,Mes a mes,Débito automático,Internet fibra,Centro,Profesional,102.83,0.0126,2,0,Sí,2,1218.41,1233.96
C01656,2023-01-29,,2025-12-31,0,Activo,36,25+ meses,Dos años,Tarjeta automática,Telefonía móvil,AMBA,Profesional,75.35,0.0683,2,1,Sí,2,2527.33,0.0
C01657,2023-01-29,,2025-12-31,0,Activo,36,25+ meses,Dos años,Transferencia,Internet estándar,Litoral,Hogar,59.45,0.0398,0,0,No,5,2055.02,0.0
C01658,2023-01-29,2025-01-15,2025-12-31,1,Baja,25,25+ meses,Mes a mes,Transferencia,Internet fibra,Patagonia,Hogar,92.87,0.081,1,0,No,3,2133.69,1114.44
C01659,2023-01-30,,2025-12-31,0,Activo,36,25+ meses,Anual,Débito automático,Streaming,Centro,Hogar,34.37,0.0802,0,0,Sí,4,1138.09,0.0
C01660,2023-01-30,,2025-12-31,0,Activo,36,25+ meses,Mes a mes,Débito automático,Internet estándar,Cuyo,Profesional,72.0,0.0878,0,1,Sí,5,2364.42,0.0
C01661,2023-01-30,,2025-12-31,0,Activo,36,25+ meses,Anual,Tarjeta automática,Internet fibra,Centro,Hogar,74.29,0.0201,0,0,Sí,5,2620.68,0.0
C01662,2023-01-30,,2025-12-31,0,Activo,36,25+ meses,Dos años,Transferencia,Telefonía móvil,AMBA,Profesional,69.02,0.0256,1,0,No,5,2421.11,0.0
C01663,2023-01-31,2023-10-24,2025-12-31,1,Baja,10,7-12 meses,Mes a mes,Cheque electrónico,Internet fibra,AMBA,Profesional,81.34,0.0151,5,0,No,2,801.12,976.08
C01664,2023-01-31,2023-11-03,2025-12-31,1,Baja,11,7-12 meses,Mes a mes,Transferencia,Internet estándar,NOA,Profesional,65.47,0.0668,3,0,No,1,672.06,785.64
C01665,2023-01-31,,2025-12-31,0,Activo,36,25+ meses,Anual,Tarjeta automática,Streaming,Litoral,PyME,89.94,0.0444,0,1,Sí,5,3094.08,0.0
C01666,2023-01-31,2024-09-24,2025-12-31,1,Baja,21,13-24 meses,Mes a mes,Transferencia,Internet fibra,Litoral,Hogar,93.49,0.024,1,1,No,4,1916.17,1121.88
C01667,2023-01-31,,2025-12-31,0,Activo,36,25+ meses,Anual,Tarjeta automática,Streaming,Centro,Profesional,41.74,0.0229,0,0,Sí,4,1468.23,0.0
C01668,2023-02-01,,2025-12-31,0,Activo,35,25+ meses,Mes a mes,Tarjeta automática,Streaming,Centro,Profesional,57.63,0.0593,0,0,Sí,5,1897.44,0.0
C01669,2023-02-01,,2025-12-31,0,Activo,35,25+ meses,Dos años,Tarjeta automática,Internet estándar,Patagonia,Profesional,64.83,0.1058,0,0,Sí,5,2028.98,0.0
C01670,2023-02-01,2024-11-15,2025-12-31,1,Baja,22,13-24 meses,Mes a mes,Tarjeta automática,Internet estándar,Cuyo,Hogar,59.86,0.0399,5,1,Sí,2,1264.37,718.32
C01671,2023-02-01,2025-06-21,2025-12-31,1,Baja,29,25+ meses,Mes a mes,Tarjeta automática,Telefonía móvil,AMBA,Hogar,33.19,0.0682,4,0,Sí,2,896.87,398.28
C01672,2023-02-02,2023-03-02,2025-12-31,1,Baja,2,0-3 meses,Mes a mes,Cheque electrónico,Telefonía móvil,Cuyo,PyME,104.99,0.0384,4,1,No,2,201.92,1259.88
C01673,2023-02-02,,2025-12-31,0,Activo,35,25+ meses,Mes a mes,Tarjeta automática,Internet fibra,Litoral,Hogar,76.95,0.1108,1,0,Sí,4,2394.84,0.0
C01674,2023-02-02,,2025-12-31,0,Activo,35,25+ meses,Mes a mes,Transferencia,Internet estándar,Litoral,PyME,90.96,0.1448,1,0,No,5,2722.61,0.0
C01675,2023-02-02,,2025-12-31,0,Activo,35,25+ meses,Anual,Cheque electrónico,Internet estándar,Litoral,Hogar,47.31,0.0654,1,1,No,3,1547.56,0.0
C01676,2023-02-02,,2025-12-31,0,Activo,35,25+ meses,Mes a mes,Débito automático,Telefonía móvil,NOA,Hogar,56.54,0.0423,0,0,Sí,4,1895.19,0.0
C01677,2023-02-02,2023-05-21,2025-12-31,1,Baja,4,4-6 meses,Mes a mes,Débito automático,Telefonía móvil,Centro,PyME,85.79,0.0577,1,1,Sí,3,323.36,1029.48
C01678,2023-02-04,2025-09-18,2025-12-31,1,Baja,32,25+ meses,Mes a mes,Transferencia,Internet estándar,Litoral,Profesional,50.67,0.0976,0,0,No,5,1463.19,608.04
C01679,2023-02-04,2024-12-24,2025-12-31,1,Baja,23,13-24 meses,Mes a mes,Tarjeta automática,Telefonía móvil,NOA,Hogar,46.39,0.0303,1,1,Sí,4,1034.64,556.68
C01680,2023-02-04,,2025-12-31,0,Activo,35,25+ meses,Dos años,Débito automático,Internet estándar,NOA,Hogar,30.54,0.0402,4,0,Sí,3,1025.93,0.0
C01681,2023-02-04,,2025-12-31,0,Activo,35,25+ meses,Dos años,Débito automático,Internet fibra,NOA,Hogar,95.2,0.0693,5,0,Sí,2,3101.09,0.0
C01682,2023-02-05,2024-12-26,2025-12-31,1,Baja,23,13-24 meses,Mes a mes,Cheque electrónico,Streaming,Patagonia,Hogar,45.92,0.0625,0,1,No,4,990.15,551.04
C01683,2023-02-06,,2025-12-31,0,Activo,35,25+ meses,Anual,Cheque electrónico,Internet estándar,AMBA,Hogar,60.42,0.0978,0,2,No,4,1907.88,0.0
C01684,2023-02-06,,2025-12-31,0,Activo,35,25+ meses,Anual,Cheque electrónico,Streaming,NOA,Hogar,28.88,0.0983,2,0,No,3,911.44,0.0
C01685,2023-02-06,2024-08-22,2025-12-31,1,Baja,19,13-24 meses,Dos años,Transferencia,Internet estándar,AMBA,Hogar,67.31,0.09,1,0,No,3,1163.79,807.72
C01686,2023-02-06,2023-02-08,2025-12-31,1,Baja,1,0-3 meses,Mes a mes,Débito automático,Telefonía móvil,Litoral,Hogar,56.8,0.1621,4,0,Sí,1,47.59,681.6
C01687,2023-02-06,2023-04-18,2025-12-31,1,Baja,3,0-3 meses,Mes a mes,Cheque electrónico,Telefonía móvil,Cuyo,PyME,91.14,0.0518,1,1,No,5,259.26,1093.68
C01688,2023-02-06,2023-08-10,2025-12-31,1,Baja,7,7-12 meses,Mes a mes,Cheque electrónico,Internet fibra,Patagonia,Profesional,111.83,0.0094,2,3,No,2,775.45,1341.96
C01689,2023-02-06,,2025-12-31,0,Activo,35,25+ meses,Dos años,Débito automático,Internet estándar,Patagonia,Hogar,38.97,0.0093,0,0,Sí,4,1351.27,0.0
C01690,2023-02-06,,2025-12-31,0,Activo,35,25+ meses,Anual,Cheque electrónico,Streaming,Patagonia,PyME,81.83,0.1522,1,0,No,4,2428.14,0.0
C01691,2023-02-07,,2025-12-31,0,Activo,35,25+ meses,Mes a mes,Cheque electrónico,Internet fibra,Centro,Hogar,58.27,0.0502,0,0,No,5,1937.07,0.0
C01692,2023-02-07,2023-05-24,2025-12-31,1,Baja,4,4-6 meses,Mes a mes,Débito automático,Telefonía móvil,Patagonia,Hogar,43.61,0.0456,1,1,Sí,3,166.49,523.32
C01693,2023-02-08,,2025-12-31,0,Activo,35,25+ meses,Anual,Tarjeta automática,Streaming,Patagonia,Hogar,25.76,0.1242,1,0,Sí,3,789.62,0.0
C01694,2023-02-08,,2025-12-31,0,Activo,35,25+ meses,Dos años,Tarjeta automática,Internet fibra,AMBA,PyME,128.03,0.052,0,1,Sí,4,4248.04,0.0
C01695,2023-02-09,2024-05-17,2025-12-31,1,Baja,16,13-24 meses,Mes a mes,Transferencia,Telefonía móvil,Litoral,Hogar,40.18,0.0326,0,0,No,5,621.92,482.16
C01696,2023-02-09,,2025-12-31,0,Activo,35,25+ meses,Anual,Tarjeta automática,Internet estándar,AMBA,Hogar,42.63,0.0835,0,1,Sí,4,1367.46,0.0
C01697,2023-02-09,,2025-12-31,0,Activo,35,25+ meses,Mes a mes,Débito automático,Internet fibra,Litoral,PyME,133.46,0.0997,0,0,Sí,4,4205.39,0.0
C01698,2023-02-09,,2025-12-31,0,Activo,35,25+ meses,Mes a mes,Transferencia,Internet fibra,Centro,Profesional,110.12,0.0869,0,0,No,3,3519.27,0.0
C01699,2023-02-09,2023-02-21,2025-12-31,1,Baja,1,0-3 meses,Mes a mes,Cheque electrónico,Telefonía móvil,Cuyo,Profesional,48.32,0.06,2,0,No,2,45.42,579.84
C01700,2023-02-09,2023-03-04,2025-12-31,1,Baja,2,0-3 meses,Anual,Cheque electrónico,Telefonía móvil,Centro,Profesional,69.49,0.0623,1,1,No,4,130.32,833.88
C01701,2023-02-10,,2025-12-31,0,Activo,35,25+ meses,Dos años,Transferencia,Internet estándar,NOA,Profesional,69.37,0.0485,1,0,No,4,2310.19,0.0
C01702,2023-02-10,2024-09-11,2025-12-31,1,Baja,20,13-24 meses,Mes a mes,Débito automático,Internet fibra,NOA,Hogar,82.12,0.0674,3,0,Sí,2,1531.7,985.44
C01703,2023-02-10,2023-03-20,2025-12-31,1,Baja,2,0-3 meses,Mes a mes,Tarjeta automática,Internet fibra,Patagonia,Profesional,95.66,0.0965,1,1,Sí,3,172.86,1147.92
C01704,2023-02-10,2024-02-05,2025-12-31,1,Baja,13,13-24 meses,Mes a mes,Transferencia,Streaming,Patagonia,Hogar,21.11,0.0584,1,0,No,3,258.4,253.32
C01705,2023-02-10,,2025-12-31,0,Activo,35,25+ meses,Mes a mes,Tarjeta automática,Internet estándar,Cuyo,Hogar,53.89,0.0389,0,0,Sí,4,1812.78,0.0
C01706,2023-02-11,,2025-12-31,0,Activo,35,25+ meses,Mes a mes,Débito automático,Internet estándar,AMBA,PyME,109.71,0.0027,0,0,Sí,5,3829.48,0.0
C01707,2023-02-11,2023-04-06,2025-12-31,1,Baja,3,0-3 meses,Mes a mes,Cheque electrónico,Internet estándar,Litoral,Hogar,40.19,0.0411,4,0,No,2,115.61,482.28
C01708,2023-02-11,,2025-12-31,0,Activo,35,25+ meses,Mes a mes,Débito automático,Internet estándar,Cuyo,Hogar,34.28,0.1101,1,0,Sí,5,1067.7,0.0
C01709,2023-02-11,2025-07-14,2025-12-31,1,Baja,30,25+ meses,Mes a mes,Transferencia,Streaming,Centro,Hogar,29.94,0.0121,0,0,No,3,887.33,359.28
C01710,2023-02-11,,2025-12-31,0,Activo,35,25+ meses,Mes a mes,Transferencia,Internet estándar,Centro,Profesional,75.3,0.0511,1,0,No,3,2500.83,0.0
C01711,2023-02-11,,2025-12-31,0,Activo,35,25+ meses,Anual,Cheque electrónico,Internet fibra,AMBA,PyME,144.06,0.0254,0,1,No,4,4914.03,0.0
C01712,2023-02-12,2023-09-06,2025-12-31,1,Baja,8,7-12 meses,Mes a mes,Débito automático,Internet estándar,Patagonia,Hogar,62.24,0.0511,1,2,Sí,3,472.48,746.88
C01713,2023-02-12,,2025-12-31,0,Activo,35,25+ meses,Anual,Débito automático,Internet estándar,Centro,Hogar,53.09,0.029,1,0,Sí,4,1804.26,0.0
C01714,2023-02-12,,2025-12-31,0,Activo,35,25+ meses,Dos años,Tarjeta automática,Internet estándar,NOA,Profesional,64.1,0.0519,0,1,Sí,4,2127.06,0.0
C01715,2023-02-12,2025-02-19,2025-12-31,1,Baja,25,25+ meses,Mes a mes,Transferencia,Internet fibra,Patagonia,Hogar,77.98,0.0687,1,0,No,4,1815.57,935.76
C01716,2023-02-12,,2025-12-31,0,Activo,35,25+ meses,Mes a mes,Tarjeta automática,Internet fibra,AMBA,Hogar,64.33,0.0399,2,0,Sí,4,2161.71,0.0
C01717,2023-02-12,2023-05-01,2025-12-31,1,Baja,4,4-6 meses,Mes a mes,Débito automático,Internet estándar,AMBA,Hogar,41.49,0.0484,1,0,Sí,4,157.93,497.88
C01718,2023-02-12,,2025-12-31,0,Activo,35,25+ meses,Anual,Transferencia,Internet fibra,Cuyo,Hogar,77.41,0.0585,1,1,No,3,2550.85,0.0
C01719,2023-02-12,,2025-12-31,0,Activo,35,25+ meses,Mes a mes,Tarjeta automática,Streaming,AMBA,Hogar,26.07,0.0115,0,0,Sí,5,901.96,0.0
C01720,2023-02-13,,2025-12-31,0,Activo,35,25+ meses,Mes a mes,Débito automático,Internet estándar,NOA,Profesional,68.01,0.101,0,0,Sí,3,2139.93,0.0
C01721,2023-02-14,,2025-12-31,0,Activo,35,25+ meses,Mes a mes,Tarjeta automática,Internet fibra,NOA,Hogar,62.88,0.0663,1,0,Sí,3,2054.89,0.0
C01722,2023-02-14,,2025-12-31,0,Activo,35,25+ meses,Mes a mes,Tarjeta automática,Streaming,Litoral,Profesional,34.33,0.0657,0,0,Sí,5,1122.61,0.0
C01723,2023-02-14,2023-10-14,2025-12-31,1,Baja,9,7-12 meses,Mes a mes,Tarjeta automática,Internet estándar,Centro,Profesional,75.53,0.0563,2,1,Sí,3,641.5,906.36
C01724,2023-02-14,,2025-12-31,0,Activo,35,25+ meses,Anual,Tarjeta automática,Internet fibra,NOA,Hogar,68.83,0.0825,1,0,Sí,3,2210.3,0.0
C01725,2023-02-14,2025-02-07,2025-12-31,1,Baja,25,25+ meses,Mes a mes,Cheque electrónico,Telefonía móvil,Litoral,Profesional,52.56,0.008,0,2,No,4,1303.49,630.72
C01726,2023-02-15,2024-01-14,2025-12-31,1,Baja,12,7-12 meses,Mes a mes,Cheque electrónico,Internet estándar,Cuyo,Hogar,50.05,0.0881,0,5,No,3,547.69,600.6
C01727,2023-02-15,,2025-12-31,0,Activo,35,25+ meses,Anual,Transferencia,Telefonía móvil,NOA,Hogar,31.76,0.0322,1,0,No,5,1075.81,0.0
C01728,2023-02-15,2023-07-04,2025-12-31,1,Baja,6,4-6 meses,Mes a mes,Transferencia,Internet fibra,Centro,Hogar,90.17,0.0889,3,1,No,2,492.92,1082.04
C01729,2023-02-15,,2025-12-31,0,Activo,35,25+ meses,Anual,Transferencia,Telefonía móvil,Litoral,Profesional,46.17,0.0161,2,0,No,4,1589.93,0.0
C01730,2023-02-16,2025-10-21,2025-12-31,1,Baja,33,25+ meses,Mes a mes,Cheque electrónico,Telefonía móvil,Patagonia,Profesional,60.02,0.0262,1,1,No,3,1928.77,720.24
C01731,2023-02-16,,2025-12-31,0,Activo,35,25+ meses,Mes a mes,Débito automático,Internet fibra,NOA,Hogar,69.77,0.0965,2,1,Sí,4,2206.3,0.0
C01732,2023-02-16,,2025-12-31,0,Activo,35,25+ meses,Dos años,Tarjeta automática,Internet estándar,AMBA,Profesional,68.72,0.0265,0,0,Sí,4,2341.46,0.0
C01733,2023-02-16,2025-01-13,2025-12-31,1,Baja,24,13-24 meses,Mes a mes,Transferencia,Streaming,Centro,Hogar,23.53,0.0884,2,1,No,2,514.8,282.36
C01734,2023-02-16,,2025-12-31,0,Activo,35,25+ meses,Mes a mes,Cheque electrónico,Internet estándar,NOA,Hogar,48.74,0.0661,0,0,No,4,1593.14,0.0
C01735,2023-02-16,,2025-12-31,0,Activo,35,25+ meses,Dos años,Tarjeta automática,Internet estándar,Cuyo,Hogar,62.43,0.0195,1,0,Sí,4,2142.44,0.0
C01736,2023-02-17,,2025-12-31,0,Activo,35,25+ meses,Anual,Débito automático,Telefonía móvil,Patagonia,PyME,89.44,0.102,0,0,Sí,4,2811.1,0.0
C01737,2023-02-17,,2025-12-31,0,Activo,35,25+ meses,Anual,Débito automático,Streaming,Patagonia,Hogar,21.35,0.0677,1,1,Sí,3,696.66,0.0
C01738,2023-02-17,,2025-12-31,0,Activo,35,25+ meses,Mes a mes,Débito automático,Telefonía móvil,Centro,Hogar,38.53,0.02,1,0,Sí,5,1321.58,0.0
C01739,2023-02-17,2023-02-20,2025-12-31,1,Baja,1,0-3 meses,Mes a mes,Transferencia,Telefonía móvil,Centro,Profesional,76.21,0.0789,1,0,No,4,70.2,914.52
C01740,2023-02-17,,2025-12-31,0,Activo,35,25+ meses,Anual,Débito automático,Telefonía móvil,Cuyo,Hogar,41.01,0.0661,0,0,Sí,2,1340.47,0.0
C01741,2023-02-17,,2025-12-31,0,Activo,35,25+ meses,Mes a mes,Cheque electrónico,Streaming,AMBA,Hogar,42.58,0.0061,0,2,No,4,1481.21,0.0
C01742,2023-02-18,2023-07-18,2025-12-31,1,Baja,6,4-6 meses,Mes a mes,Cheque electrónico,Streaming,Patagonia,Hogar,27.05,0.0244,2,3,No,3,158.34,324.6
C01743,2023-02-18,2024-05-24,2025-12-31,1,Baja,16,13-24 meses,Anual,Tarjeta automática,Telefonía móvil,AMBA,Hogar,55.09,0.0422,1,0,Sí,2,844.24,661.08
C01744,2023-02-18,2023-08-21,2025-12-31,1,Baja,7,7-12 meses,Mes a mes,Cheque electrónico,Streaming,NOA,Hogar,33.48,0.0296,0,3,No,3,227.42,401.76
C01745,2023-02-18,2025-02-05,2025-12-31,1,Baja,25,25+ meses,Mes a mes,Transferencia,Internet fibra,Patagonia,Hogar,84.1,0.0417,1,2,No,4,2014.83,1009.2
C01746,2023-02-18,,2025-12-31,0,Activo,35,25+ meses,Mes a mes,Débito automático,Streaming,Cuyo,Profesional,31.21,0.0586,0,1,Sí,4,1028.34,0.0
C01747,2023-02-19,2025-02-12,2025-12-31,1,Baja,25,25+ meses,Mes a mes,Débito automático,Internet fibra,AMBA,Profesional,78.57,0.068,0,0,Sí,4,1830.68,942.84
C01748,2023-02-19,2023-03-16,2025-12-31,1,Baja,2,0-3 meses,Anual,Cheque electrónico,Telefonía móvil,Patagonia,PyME,108.77,0.0488,7,2,No,1,206.92,1305.24
C01749,2023-02-19,,2025-12-31,0,Activo,35,25+ meses,Dos años,Débito automático,Streaming,Cuyo,Hogar,40.64,0.0288,0,0,Sí,4,1381.43,0.0
C01750,2023-02-19,2023-04-03,2025-12-31,1,Baja,3,0-3 meses,Mes a mes,Tarjeta automática,Internet estándar,Centro,Hogar,75.64,0.0828,5,1,Sí,1,208.13,907.68
C01751,2023-02-19,2024-01-23,2025-12-31,1,Baja,12,7-12 meses,Mes a mes,Débito automático,Internet fibra,Cuyo,Hogar,61.65,0.0618,0,0,Sí,3,694.08,739.8
C01752,2023-02-19,,2025-12-31,0,Activo,35,25+ meses,Mes a mes,Tarjeta automática,Internet estándar,NOA,Hogar,54.34,0.051,2,1,Sí,1,1804.9,0.0
C01753,2023-02-19,2023-02-16,2025-12-31,1,Baja,1,0-3 meses,Mes a mes,Transferencia,Internet estándar,Patagonia,Hogar,37.74,0.0638,0,0,No,5,35.33,452.88
C01754,2023-02-19,,2025-12-31,0,Activo,35,25+ meses,Mes a mes,Tarjeta automática,Streaming,Patagonia,Hogar,20.85,0.0145,2,0,Sí,3,719.17,0.0
C01755,2023-02-20,,2025-12-31,0,Activo,35,25+ meses,Dos años,Transferencia,Streaming,Litoral,Profesional,41.48,0.1205,3,0,No,3,1276.86,0.0
C01756,2023-02-20,2023-06-14,2025-12-31,1,Baja,5,4-6 meses,Mes a mes,Débito automático,Internet estándar,AMBA,Profesional,71.21,0.0173,2,0,Sí,4,349.89,854.52
C01757,2023-02-21,2025-07-01,2025-12-31,1,Baja,30,25+ meses,Mes a mes,Cheque electrónico,Internet fibra,NOA,Hogar,70.7,0.1587,1,1,No,4,1784.4,848.4
C01758,2023-02-21,2024-06-15,2025-12-31,1,Baja,17,13-24 meses,Dos años,Débito automático,Internet estándar,Patagonia,PyME,104.37,0.0217,6,1,Sí,1,1735.79,1252.44
C01759,2023-02-21,2024-04-14,2025-12-31,1,Baja,15,13-24 meses,Mes a mes,Cheque electrónico,Internet estándar,Litoral,Hogar,58.15,0.0888,0,2,No,4,794.79,697.8
C01760,2023-02-21,,2025-12-31,0,Activo,35,25+ meses,Dos años,Cheque electrónico,Telefonía móvil,Patagonia,PyME,109.41,0.0884,0,0,No,5,3490.84,0.0
C01761,2023-02-21,,2025-12-31,0,Activo,35,25+ meses,Mes a mes,Tarjeta automática,Telefonía móvil,Cuyo,Hogar,49.62,0.0727,0,0,Sí,4,1610.44,0.0
C01762,2023-02-21,2025-11-26,2025-12-31,1,Baja,34,25+ meses,Mes a mes,Transferencia,Streaming,Patagonia,Hogar,33.97,0.059,2,0,No,2,1086.84,407.64
C01763,2023-02-21,,2025-12-31,0,Activo,35,25+ meses,Dos años,Tarjeta automática,Internet estándar,NOA,Hogar,47.44,0.0375,3,1,Sí,2,1598.14,0.0
C01764,2023-02-21,2023-05-04,2025-12-31,1,Baja,4,4-6 meses,Mes a mes,Cheque electrónico,Internet fibra,Cuyo,Hogar,71.74,0.0562,1,1,No,3,270.83,860.88
C01765,2023-02-22,2023-06-19,2025-12-31,1,Baja,5,4-6 meses,Mes a mes,Transferencia,Telefonía móvil,AMBA,Profesional,65.93,0.0865,4,0,No,2,301.14,791.16
C01766,2023-02-22,2024-05-24,2025-12-31,1,Baja,16,13-24 meses,Mes a mes,Tarjeta automática,Telefonía móvil,Patagonia,Hogar,30.44,0.0337,4,0,Sí,1,470.63,365.28
C01767,2023-02-23,,2025-12-31,0,Activo,35,25+ meses,Anual,Tarjeta automática,Internet fibra,NOA,Profesional,97.31,0.0867,2,0,Sí,3,3110.56,0.0
C01768,2023-02-23,2024-11-26,2025-12-31,1,Baja,22,13-24 meses,Mes a mes,Débito automático,Streaming,Patagonia,Hogar,18.0,0.0802,1,1,Sí,3,364.24,216.0
C01769,2023-02-23,2024-08-06,2025-12-31,1,Baja,19,13-24 meses,Mes a mes,Cheque electrónico,Internet estándar,NOA,PyME,103.55,0.0731,1,3,No,4,1823.63,1242.6
C01770,2023-02-24,,2025-12-31,0,Activo,35,25+ meses,Anual,Cheque electrónico,Internet fibra,Cuyo,Hogar,66.41,0.0192,0,0,No,4,2279.72,0.0
C01771,2023-02-24,,2025-12-31,0,Activo,35,25+ meses,Anual,Tarjeta automática,Telefonía móvil,NOA,Profesional,55.59,0.0196,0,1,Sí,5,1907.52,0.0
C01772,2023-02-25,2025-04-22,2025-12-31,1,Baja,27,25+ meses,Mes a mes,Tarjeta automática,Telefonía móvil,Centro,Profesional,52.56,0.0158,2,0,Sí,3,1396.7,630.72
C01773,2023-02-25,,2025-12-31,0,Activo,35,25+ meses,Mes a mes,Débito automático,Telefonía móvil,Litoral,Hogar,33.24,0.084,0,2,Sí,4,1065.67,0.0
C01774,2023-02-26,2025-12-15,2025-12-31,1,Baja,35,25+ meses,Mes a mes,Débito automático,Internet fibra,NOA,Hogar,77.04,0.0555,2,0,Sí,1,2546.75,924.48
C01775,2023-02-26,2023-09-22,2025-12-31,1,Baja,8,7-12 meses,Mes a mes,Tarjeta automática,Internet estándar,NOA,Hogar,22.34,0.0321,4,2,Sí,1,172.98,268.08
C01776,2023-02-26,,2025-12-31,0,Activo,35,25+ meses,Mes a mes,Débito automático,Telefonía móvil,Litoral,Profesional,40.17,0.0393,0,0,Sí,3,1350.7,0.0
C01777,2023-02-26,2023-08-14,2025-12-31,1,Baja,7,7-12 meses,Mes a mes,Cheque electrónico,Streaming,Litoral,Profesional,55.84,0.0624,1,1,No,5,366.49,670.08
C01778,2023-02-26,2024-04-05,2025-12-31,1,Baja,15,13-24 meses,Mes a mes,Débito automático,Internet estándar,Cuyo,Hogar,50.62,0.0635,0,0,Sí,4,711.08,607.44
C01779,2023-02-26,,2025-12-31,0,Activo,35,25+ meses,Mes a mes,Transferencia,Internet estándar,NOA,PyME,96.04,0.0246,0,0,No,3,3278.71,0.0
C01780,2023-02-27,,2025-12-31,0,Activo,35,25+ meses,Anual,Débito automático,Internet fibra,NOA,PyME,143.71,0.1064,1,0,Sí,4,4494.67,0.0
C01781,2023-02-27,,2025-12-31,0,Activo,35,25+ meses,Mes a mes,Débito automático,Streaming,Centro,Profesional,39.97,0.0022,0,0,Sí,5,1395.87,0.0
C01782,2023-02-27,,2025-12-31,0,Activo,35,25+ meses,Dos años,Transferencia,Telefonía móvil,AMBA,Hogar,35.62,0.0584,0,0,No,4,1173.89,0.0
C01783,2023-02-28,,2025-12-31,0,Activo,35,25+ meses,Dos años,Tarjeta automática,Internet fibra,Patagonia,Hogar,69.38,0.0799,0,0,Sí,4,2234.28,0.0
C01784,2023-02-28,,2025-12-31,0,Activo,35,25+ meses,Anual,Tarjeta automática,Internet fibra,Patagonia,PyME,153.97,0.0355,1,1,Sí,4,5197.64,0.0
C01785,2023-02-28,2023-10-03,2025-12-31,1,Baja,9,7-12 meses,Dos años,Cheque electrónico,Internet estándar,AMBA,Profesional,69.59,0.0488,1,2,No,3,595.75,835.08
C01786,2023-02-28,,2025-12-31,0,Activo,35,25+ meses,Dos años,Cheque electrónico,Internet estándar,Cuyo,Hogar,51.15,0.0234,1,0,No,4,1748.36,0.0
C01787,2023-02-28,2023-07-14,2025-12-31,1,Baja,6,4-6 meses,Mes a mes,Transferencia,Internet estándar,Litoral,PyME,109.13,0.0383,1,0,No,3,629.7,1309.56
C01788,2023-02-28,,2025-12-31,0,Activo,35,25+ meses,Anual,Tarjeta automática,Internet fibra,AMBA,Hogar,57.62,0.1267,0,0,Sí,5,1761.18,0.0
C01789,2023-03-01,,2025-12-31,0,Activo,34,25+ meses,Mes a mes,Tarjeta automática,Streaming,Litoral,Profesional,40.47,0.0798,0,1,Sí,2,1266.18,0.0
C01790,2023-03-01,,2025-12-31,0,Activo,34,25+ meses,Anual,Tarjeta automática,Internet fibra,NOA,Hogar,83.0,0.0415,1,0,Sí,4,2704.89,0.0
C01791,2023-03-01,2023-06-08,2025-12-31,1,Baja,4,4-6 meses,Mes a mes,Cheque electrónico,Streaming,Centro,Profesional,46.95,0.0229,3,1,No,1,183.5,563.4
C01792,2023-03-01,2024-03-16,2025-12-31,1,Baja,13,13-24 meses,Mes a mes,Cheque electrónico,Internet estándar,Patagonia,Profesional,91.26,0.0384,0,0,No,5,1140.82,1095.12
C01793,2023-03-01,,2025-12-31,0,Activo,34,25+ meses,Mes a mes,Débito automático,Internet estándar,AMBA,Hogar,43.11,0.0586,1,0,Sí,5,1379.85,0.0
C01794,2023-03-02,2023-04-16,2025-12-31,1,Baja,2,0-3 meses,Dos años,Cheque electrónico,Streaming,Centro,Hogar,39.38,0.0402,2,2,No,3,75.59,472.56
C01795,2023-03-02,,2025-12-31,0,Activo,34,25+ meses,Mes a mes,Tarjeta automática,Streaming,Litoral,PyME,92.87,0.0416,0,0,Sí,5,3026.22,0.0
C01796,2023-03-03,,2025-12-31,0,Activo,34,25+ meses,Mes a mes,Débito automático,Internet estándar,NOA,Profesional,68.57,0.0016,0,1,Sí,5,2327.65,0.0
C01797,2023-03-04,2024-02-11,2025-12-31,1,Baja,12,7-12 meses,Mes a mes,Tarjeta automática,Internet estándar,NOA,Hogar,52.57,0.0548,1,0,Sí,4,596.27,630.84
C01798,2023-03-04,2023-03-13,2025-12-31,1,Baja,1,0-3 meses,Mes a mes,Tarjeta automática,Internet estándar,NOA,PyME,100.81,0.0447,2,0,Sí,3,96.3,1209.72
C01799,2023-03-04,,2025-12-31,0,Activo,34,25+ meses,Dos años,Cheque electrónico,Internet estándar,NOA,Hogar,27.3,0.0973,2,2,No,3,837.89,0.0
C01800,2023-03-04,,2025-12-31,0,Activo,34,25+ meses,Anual,Cheque electrónico,Internet estándar,Patagonia,Hogar,52.84,0.0384,0,2,No,4,1727.57,0.0
C01801,2023-03-04,2024-08-21,2025-12-31,1,Baja,18,13-24 meses,Mes a mes,Tarjeta automática,Internet estándar,Cuyo,PyME,108.71,0.0758,3,0,Sí,1,1808.46,1304.52
C01802,2023-03-04,2023-08-20,2025-12-31,1,Baja,6,4-6 meses,Mes a mes,Tarjeta automática,Internet estándar,AMBA,Profesional,73.44,0.0882,3,1,Sí,2,401.78,881.28
C01803,2023-03-05,2023-10-12,2025-12-31,1,Baja,8,7-12 meses,Mes a mes,Transferencia,Internet fibra,Patagonia,PyME,133.69,0.0816,0,0,No,4,982.25,1604.28
C01804,2023-03-05,,2025-12-31,0,Activo,34,25+ meses,Mes a mes,Tarjeta automática,Streaming,Centro,PyME,94.67,0.0502,0,0,Sí,5,3057.2,0.0
C01805,2023-03-05,,2025-12-31,0,Activo,34,25+ meses,Anual,Débito automático,Internet fibra,Litoral,Hogar,68.47,0.0647,1,0,Sí,4,2177.36,0.0
C01806,2023-03-05,,2025-12-31,0,Activo,34,25+ meses,Anual,Débito automático,Telefonía móvil,Patagonia,Hogar,58.15,0.0894,0,0,Sí,4,1800.35,0.0
C01807,2023-03-05,,2025-12-31,0,Activo,34,25+ meses,Mes a mes,Tarjeta automática,Streaming,AMBA,Profesional,36.13,0.0428,1,0,Sí,3,1175.84,0.0
C01808,2023-03-05,2024-07-12,2025-12-31,1,Baja,17,13-24 meses,Anual,Tarjeta automática,Internet fibra,NOA,Hogar,76.81,0.0574,3,0,Sí,2,1230.82,921.72
C01809,2023-03-05,2025-10-08,2025-12-31,1,Baja,32,25+ meses,Mes a mes,Tarjeta automática,Streaming,Centro,Hogar,36.49,0.0277,0,0,Sí,5,1135.34,437.88
C01810,2023-03-05,,2025-12-31,0,Activo,34,25+ meses,Anual,Cheque electrónico,Internet estándar,Centro,Hogar,43.34,0.0981,1,0,No,2,1329.0,0.0
C01811,2023-03-06,,2025-12-31,0,Activo,34,25+ meses,Mes a mes,Débito automático,Telefonía móvil,Cuyo,Hogar,50.24,0.0678,0,0,Sí,5,1592.35,0.0
C01812,2023-03-06,,2025-12-31,0,Activo,34,25+ meses,Anual,Débito automático,Telefonía móvil,Cuyo,Hogar,38.23,0.018,1,0,Sí,5,1276.42,0.0
C01813,2023-03-07,,2025-12-31,0,Activo,34,25+ meses,Mes a mes,Tarjeta automática,Telefonía móvil,Cuyo,Hogar,43.3,0.0653,1,1,Sí,3,1376.07,0.0
C01814,2023-03-07,,2025-12-31,0,Activo,34,25+ meses,Dos años,Transferencia,Internet estándar,AMBA,Profesional,65.01,0.0694,2,0,No,4,2056.94,0.0
C01815,2023-03-07,2025-06-16,2025-12-31,1,Baja,28,25+ meses,Mes a mes,Tarjeta automática,Telefonía móvil,Centro,Hogar,35.66,0.1143,0,1,Sí,4,884.35,427.92
C01816,2023-03-07,,2025-12-31,0,Activo,34,25+ meses,Mes a mes,Tarjeta automática,Streaming,Cuyo,Hogar,53.76,0.1027,0,0,Sí,4,1640.12,0.0
C01817,2023-03-07,,2025-12-31,0,Activo,34,25+ meses,Mes a mes,Transferencia,Telefonía móvil,Centro,Hogar,32.76,0.0708,1,1,No,3,1034.98,0.0
C01818,2023-03-07,,2025-12-31,0,Activo,34,25+ meses,Mes a mes,Transferencia,Internet fibra,Litoral,Profesional,70.85,0.0139,2,0,No,3,2375.42,0.0
C01819,2023-03-08,,2025-12-31,0,Activo,34,25+ meses,Mes a mes,Tarjeta automática,Telefonía móvil,NOA,Hogar,33.16,0.0504,0,0,Sí,5,1070.62,0.0
C01820,2023-03-08,,2025-12-31,0,Activo,34,25+ meses,Mes a mes,Débito automático,Streaming,AMBA,Hogar,30.44,0.0595,1,2,Sí,3,973.38,0.0
C01821,2023-03-08,,2025-12-31,0,Activo,34,25+ meses,Anual,Cheque electrónico,Internet fibra,AMBA,Profesional,91.85,0.0444,2,1,No,3,2984.24,0.0
C01822,2023-03-08,2023-11-11,2025-12-31,1,Baja,9,7-12 meses,Mes a mes,Tarjeta automática,Telefonía móvil,Litoral,Hogar,53.2,0.0979,1,2,Sí,3,431.93,638.4
C01823,2023-03-08,,2025-12-31,0,Activo,34,25+ meses,Anual,Tarjeta automática,Streaming,AMBA,Hogar,39.8,0.0895,1,0,Sí,5,1232.09,0.0
C01824,2023-03-08,2025-08-15,2025-12-31,1,Baja,30,25+ meses,Anual,Débito automático,Telefonía móvil,Litoral,PyME,93.5,0.0769,1,0,Sí,5,2589.3,1122.0
C01825,2023-03-08,,2025-12-31,0,Activo,34,25+ meses,Mes a mes,Tarjeta automática,Internet fibra,Cuyo,Hogar,59.5,0.1011,0,0,Sí,4,1818.47,0.0
C01826,2023-03-08,2024-07-19,2025-12-31,1,Baja,17,13-24 meses,Mes a mes,Transferencia,Internet estándar,Cuyo,Hogar,34.89,0.0673,2,0,No,4,553.21,418.68
C01827,2023-03-08,,2025-12-31,0,Activo,34,25+ meses,Mes a mes,Transferencia,Streaming,Litoral,Hogar,28.65,0.0632,0,0,No,5,912.54,0.0
C01828,2023-03-08,,2025-12-31,0,Activo,34,25+ meses,Mes a mes,Débito automático,Internet fibra,NOA,Profesional,78.79,0.0777,0,0,Sí,5,2470.71,0.0
C01829,2023-03-08,,2025-12-31,0,Activo,34,25+ meses,Anual,Transferencia,Telefonía móvil,AMBA,PyME,92.95,0.0093,0,0,No,5,3130.91,0.0
C01830,2023-03-09,2025-09-16,2025-12-31,1,Baja,31,25+ meses,Dos años,Débito automático,Streaming,AMBA,Profesional,62.63,0.0418,3,1,Sí,1,1860.37,751.56
C01831,2023-03-09,,2025-12-31,0,Activo,34,25+ meses,Anual,Transferencia,Internet fibra,Patagonia,PyME,136.77,0.0293,0,0,No,5,4513.93,0.0
C01832,2023-03-09,,2025-12-31,0,Activo,34,25+ meses,Mes a mes,Tarjeta automática,Streaming,AMBA,Profesional,47.5,0.0785,0,0,Sí,4,1488.22,0.0
C01833,2023-03-10,,2025-12-31,0,Activo,34,25+ meses,Anual,Débito automático,Internet fibra,Cuyo,Hogar,66.55,0.1009,0,0,Sí,5,2034.39,0.0
C01834,2023-03-10,,2025-12-31,0,Activo,34,25+ meses,Anual,Transferencia,Telefonía móvil,Cuyo,Hogar,44.0,0.0531,1,0,No,3,1416.56,0.0
C01835,2023-03-10,2023-09-11,2025-12-31,1,Baja,7,7-12 meses,Mes a mes,Débito automático,Telefonía móvil,Cuyo,Profesional,57.16,0.007,0,0,Sí,5,397.32,685.92
C01836,2023-03-10,,2025-12-31,0,Activo,34,25+ meses,Anual,Tarjeta automática,Internet estándar,Litoral,Profesional,69.63,0.1914,1,1,Sí,3,1914.3,0.0
C01837,2023-03-10,,2025-12-31,0,Activo,34,25+ meses,Mes a mes,Débito automático,Internet estándar,AMBA,Hogar,57.0,0.0616,1,0,Sí,5,1818.62,0.0
C01838,2023-03-11,,2025-12-31,0,Activo,34,25+ meses,Mes a mes,Transferencia,Internet estándar,Centro,Hogar,58.88,0.0763,1,1,No,4,1849.17,0.0
C01839,2023-03-11,,2025-12-31,0,Activo,34,25+ meses,Mes a mes,Tarjeta automática,Internet estándar,AMBA,Hogar,50.42,0.1217,0,0,Sí,4,1505.65,0.0
C01840,2023-03-11,,2025-12-31,0,Activo,34,25+ meses,Mes a mes,Transferencia,Telefonía móvil,NOA,Hogar,47.63,0.1576,0,0,No,5,1364.2,0.0
C01841,2023-03-12,2024-01-01,2025-12-31,1,Baja,11,7-12 meses,Dos años,Transferencia,Internet fibra,Patagonia,Hogar,72.37,0.0503,0,0,No,5,756.03,868.44
C01842,2023-03-12,,2025-12-31,0,Activo,34,25+ meses,Mes a mes,Transferencia,Internet estándar,Centro,Profesional,79.46,0.133,1,0,No,4,2342.32,0.0
C01843,2023-03-13,2024-02-23,2025-12-31,1,Baja,12,7-12 meses,Mes a mes,Tarjeta automática,Internet fibra,AMBA,Profesional,86.24,0.0505,1,0,Sí,4,982.62,1034.88
C01844,2023-03-13,2023-05-20,2025-12-31,1,Baja,3,0-3 meses,Mes a mes,Cheque electrónico,Streaming,Centro,Hogar,26.72,0.0074,0,0,No,3,79.57,320.64
C01845,2023-03-13,2023-11-25,2025-12-31,1,Baja,9,7-12 meses,Mes a mes,Tarjeta automática,Telefonía móvil,NOA,Profesional,73.6,0.0785,0,0,Sí,3,610.4,883.2
C01846,2023-03-13,2023-07-23,2025-12-31,1,Baja,5,4-6 meses,Mes a mes,Cheque electrónico,Internet fibra,Patagonia,Hogar,72.7,0.1607,4,2,No,1,305.09,872.4
C01847,2023-03-14,,2025-12-31,0,Activo,34,25+ meses,Mes a mes,Transferencia,Internet fibra,Litoral,Hogar,63.25,0.0056,2,1,No,4,2138.46,0.0
C01848,2023-03-14,2024-01-05,2025-12-31,1,Baja,11,7-12 meses,Anual,Tarjeta automática,Internet fibra,NOA,Profesional,91.48,0.025,2,0,Sí,4,981.12,1097.76
C01849,2023-03-14,2024-07-08,2025-12-31,1,Baja,17,13-24 meses,Mes a mes,Cheque electrónico,Internet fibra,Centro,PyME,148.31,0.1331,0,1,No,3,2185.69,1779.72
C01850,2023-03-14,2024-03-14,2025-12-31,1,Baja,13,13-24 meses,Anual,Débito automático,Internet estándar,Litoral,PyME,79.02,0.124,5,0,Sí,3,899.88,948.24
C01851,2023-03-14,,2025-12-31,0,Activo,34,25+ meses,Mes a mes,Débito automático,Telefonía móvil,Patagonia,Hogar,43.13,0.0264,1,0,Sí,4,1427.71,0.0
C01852,2023-03-14,2024-08-01,2025-12-31,1,Baja,18,13-24 meses,Anual,Débito automático,Internet estándar,AMBA,Hogar,42.03,0.0943,3,0,Sí,2,685.2,504.36
C01853,2023-03-15,,2025-12-31,0,Activo,34,25+ meses,Anual,Transferencia,Internet fibra,Cuyo,Profesional,94.16,0.0721,2,0,No,4,2970.62,0.0
C01854,2023-03-16,2024-07-24,2025-12-31,1,Baja,17,13-24 meses,Mes a mes,Transferencia,Streaming,Cuyo,Profesional,43.17,0.0417,1,1,No,3,703.29,518.04
C01855,2023-03-16,2025-08-24,2025-12-31,1,Baja,30,25+ meses,Mes a mes,Cheque electrónico,Telefonía móvil,Centro,Hogar,52.57,0.068,1,0,No,2,1469.86,630.84
C01856,2023-03-16,,2025-12-31,0,Activo,34,25+ meses,Dos años,Tarjeta automática,Internet estándar,Centro,Hogar,49.59,0.0472,1,1,Sí,3,1606.48,0.0
C01857,2023-03-16,2023-10-20,2025-12-31,1,Baja,8,7-12 meses,Mes a mes,Transferencia,Internet fibra,NOA,Hogar,89.12,0.0584,0,0,No,3,671.32,1069.44
C01858,2023-03-16,2025-10-24,2025-12-31,1,Baja,32,25+ meses,Anual,Transferencia,Telefonía móvil,Litoral,Hogar,56.13,0.0321,0,2,No,2,1738.5,673.56
C01859,2023-03-16,2023-11-13,2025-12-31,1,Baja,9,7-12 meses,Mes a mes,Transferencia,Internet fibra,AMBA,Hogar,78.33,0.062,0,0,No,4,661.26,939.96
C01860,2023-03-16,2023-12-14,2025-12-31,1,Baja,10,7-12 meses,Mes a mes,Débito automático,Telefonía móvil,Patagonia,Hogar,38.05,0.0997,5,0,Sí,1,342.56,456.6
C01861,2023-03-17,,2025-12-31,0,Activo,34,25+ meses,Mes a mes,Débito automático,Telefonía móvil,Litoral,Hogar,46.15,0.0211,0,0,Sí,3,1535.99,0.0
C01862,2023-03-17,,2025-12-31,0,Activo,34,25+ meses,Dos años,Transferencia,Telefonía móvil,Cuyo,Profesional,66.27,0.0294,0,0,No,4,2186.94,0.0
C01863,2023-03-17,2025-03-07,2025-12-31,1,Baja,25,25+ meses,Mes a mes,Tarjeta automática,Internet fibra,Cuyo,Hogar,65.31,0.0105,0,0,Sí,4,1615.61,783.72
C01864,2023-03-17,2025-09-07,2025-12-31,1,Baja,31,25+ meses,Anual,Tarjeta automática,Internet fibra,Litoral,Hogar,80.6,0.0435,2,0,Sí,4,2389.91,967.2
C01865,2023-03-17,,2025-12-31,0,Activo,34,25+ meses,Anual,Débito automático,Telefonía móvil,NOA,Hogar,39.21,0.0277,4,0,Sí,2,1296.21,0.0
C01866,2023-03-17,2025-06-15,2025-12-31,1,Baja,28,25+ meses,Mes a mes,Tarjeta automática,Internet estándar,Patagonia,PyME,99.38,0.0099,1,0,Sí,4,2755.09,1192.56
C01867,2023-03-17,2023-08-08,2025-12-31,1,Baja,6,4-6 meses,Mes a mes,Tarjeta automática,Internet estándar,Cuyo,Hogar,41.4,0.0284,0,0,Sí,5,241.35,496.8
C01868,2023-03-18,,2025-12-31,0,Activo,34,25+ meses,Mes a mes,Tarjeta automática,Internet estándar,Centro,PyME,97.12,0.092,0,0,Sí,3,2998.29,0.0
C01869,2023-03-18,,2025-12-31,0,Activo,34,25+ meses,Mes a mes,Transferencia,Internet fibra,AMBA,Hogar,91.81,0.119,0,0,No,5,2750.08,0.0
C01870,2023-03-18,2023-07-19,2025-12-31,1,Baja,5,4-6 meses,Anual,Cheque electrónico,Streaming,Centro,Hogar,25.0,0.1104,1,3,No,4,111.2,300.0
C01871,2023-03-18,,2025-12-31,0,Activo,34,25+ meses,Mes a mes,Débito automático,Telefonía móvil,AMBA,PyME,109.58,0.1101,1,0,Sí,4,3315.52,0.0
C01872,2023-03-19,,2025-12-31,0,Activo,34,25+ meses,Mes a mes,Tarjeta automática,Streaming,Patagonia,Hogar,30.44,0.0391,0,0,Sí,4,994.49,0.0
C01873,2023-03-19,,2025-12-31,0,Activo,34,25+ meses,Anual,Cheque electrónico,Internet estándar,Litoral,Hogar,36.54,0.0444,0,1,No,5,1187.2,0.0
C01874,2023-03-19,,2025-12-31,0,Activo,34,25+ meses,Anual,Tarjeta automática,Telefonía móvil,AMBA,PyME,99.1,0.1324,0,1,Sí,3,2923.29,0.0
C01875,2023-03-19,2025-01-08,2025-12-31,1,Baja,23,13-24 meses,Mes a mes,Cheque electrónico,Streaming,NOA,Hogar,18.0,0.0708,0,0,No,3,384.69,216.0
C01876,2023-03-20,,2025-12-31,0,Activo,34,25+ meses,Mes a mes,Débito automático,Internet fibra,AMBA,Hogar,84.68,0.0297,0,0,Sí,4,2793.61,0.0
C01877,2023-03-20,,2025-12-31,0,Activo,34,25+ meses,Mes a mes,Tarjeta automática,Streaming,Litoral,PyME,81.71,0.1519,1,0,Sí,5,2356.14,0.0
C01878,2023-03-20,2024-11-01,2025-12-31,1,Baja,21,13-24 meses,Anual,Débito automático,Internet fibra,AMBA,Hogar,87.41,0.0292,0,0,Sí,5,1782.01,1048.92
C01879,2023-03-20,,2025-12-31,0,Activo,34,25+ meses,Mes a mes,Débito automático,Internet fibra,Litoral,Hogar,93.77,0.1184,0,1,Sí,5,2810.7,0.0
C01880,2023-03-20,2023-03-24,2025-12-31,1,Baja,1,0-3 meses,Mes a mes,Transferencia,Streaming,Litoral,Profesional,27.91,0.0875,1,0,No,4,25.47,334.92
C01881,2023-03-21,,2025-12-31,0,Activo,34,25+ meses,Mes a mes,Tarjeta automática,Internet fibra,NOA,Profesional,90.93,0.0942,1,0,Sí,4,2800.39,0.0
C01882,2023-03-21,2023-08-17,2025-12-31,1,Baja,6,4-6 meses,Anual,Cheque electrónico,Internet fibra,Litoral,Hogar,64.7,0.0322,4,4,No,1,375.7,776.4
C01883,2023-03-21,,2025-12-31,0,Activo,34,25+ meses,Anual,Transferencia,Streaming,Cuyo,Hogar,52.74,0.0439,1,1,No,3,1714.44,0.0
C01884,2023-03-21,2024-12-21,2025-12-31,1,Baja,22,13-24 meses,Mes a mes,Cheque electrónico,Internet fibra,Litoral,Profesional,91.16,0.0296,0,3,No,3,1946.16,1093.92
C01885,2023-03-22,,2025-12-31,0,Activo,34,25+ meses,Dos años,Cheque electrónico,Internet estándar,Litoral,Profesional,52.53,0.0594,1,3,No,3,1679.93,0.0
C01886,2023-03-22,,2025-12-31,0,Activo,34,25+ meses,Dos años,Tarjeta automática,Internet fibra,Cuyo,Hogar,102.64,0.0385,1,2,Sí,5,3355.4,0.0
C01887,2023-03-23,,2025-12-31,0,Activo,34,25+ meses,Mes a mes,Débito automático,Streaming,Patagonia,Hogar,21.01,0.0209,1,1,Sí,3,699.41,0.0
C01888,2023-03-23,2023-06-24,2025-12-31,1,Baja,4,4-6 meses,Anual,Cheque electrónico,Telefonía móvil,Litoral,Hogar,24.16,0.0291,2,4,No,2,93.83,289.92
C01889,2023-03-23,,2025-12-31,0,Activo,34,25+ meses,Mes a mes,Débito automático,Internet fibra,NOA,Hogar,65.26,0.0466,1,0,Sí,4,2115.44,0.0
C01890,2023-03-23,,2025-12-31,0,Activo,34,25+ meses,Dos años,Tarjeta automática,Telefonía móvil,Centro,Profesional,61.58,0.0313,0,0,Sí,5,2028.19,0.0
C01891,2023-03-24,2023-06-12,2025-12-31,1,Baja,4,4-6 meses,Mes a mes,Tarjeta automática,Internet fibra,Patagonia,PyME,133.5,0.1014,1,1,Sí,4,479.85,1602.0
C01892,2023-03-24,,2025-12-31,0,Activo,34,25+ meses,Mes a mes,Tarjeta automática,Internet estándar,Patagonia,Hogar,39.8,0.1065,0,0,Sí,4,1209.08,0.0
C01893,2023-03-24,2023-08-13,2025-12-31,1,Baja,6,4-6 meses,Mes a mes,Cheque electrónico,Internet estándar,Patagonia,PyME,98.66,0.0476,2,2,No,2,563.78,1183.92
C01894,2023-03-25,,2025-12-31,0,Activo,34,25+ meses,Mes a mes,Débito automático,Internet fibra,NOA,Profesional,96.58,0.0478,1,1,Sí,3,3126.76,0.0
C01895,2023-03-25,,2025-12-31,0,Activo,34,25+ meses,Anual,Transferencia,Internet fibra,Cuyo,Profesional,110.56,0.0747,0,0,No,4,3478.24,0.0
C01896,2023-03-25,,2025-12-31,0,Activo,34,25+ meses,Mes a mes,Cheque electrónico,Telefonía móvil,Litoral,PyME,100.67,0.1228,0,2,No,4,3002.46,0.0
C01897,2023-03-26,2025-08-24,2025-12-31,1,Baja,30,25+ meses,Mes a mes,Tarjeta automática,Telefonía móvil,AMBA,Hogar,35.81,0.0669,1,0,Sí,4,1002.43,429.72
C01898,2023-03-26,,2025-12-31,0,Activo,34,25+ meses,Mes a mes,Transferencia,Telefonía móvil,Cuyo,PyME,94.49,0.0349,2,0,No,4,3100.54,0.0
C01899,2023-03-26,2024-11-14,2025-12-31,1,Baja,21,13-24 meses,Dos años,Tarjeta automática,Telefonía móvil,AMBA,Hogar,50.47,0.0344,3,0,Sí,2,1023.41,605.64
C01900,2023-03-26,,2025-12-31,0,Activo,34,25+ meses,Anual,Tarjeta automática,Internet estándar,Patagonia,Hogar,67.48,0.1502,0,0,Sí,5,1949.71,0.0
C01901,2023-03-26,,2025-12-31,0,Activo,34,25+ meses,Mes a mes,Tarjeta automática,Internet fibra,Patagonia,Hogar,65.85,0.0324,1,0,Sí,5,2166.36,0.0
C01902,2023-03-26,2024-01-24,2025-12-31,1,Baja,11,7-12 meses,Mes a mes,Débito automático,Internet fibra,Centro,Hogar,90.26,0.027,2,1,Sí,1,966.05,1083.12
C01903,2023-03-26,2023-09-02,2025-12-31,1,Baja,7,7-12 meses,Mes a mes,Débito automático,Internet estándar,Patagonia,Profesional,63.56,0.118,1,0,Sí,4,392.42,762.72
C01904,2023-03-27,,2025-12-31,0,Activo,34,25+ meses,Dos años,Débito automático,Telefonía móvil,Centro,Hogar,24.13,0.0399,1,0,Sí,5,787.69,0.0
C01905,2023-03-27,,2025-12-31,0,Activo,34,25+ meses,Anual,Tarjeta automática,Internet fibra,Patagonia,Hogar,57.96,0.0683,4,0,Sí,3,1836.05,0.0
C01906,2023-03-27,,2025-12-31,0,Activo,34,25+ meses,Anual,Tarjeta automática,Internet fibra,NOA,Hogar,92.68,0.0814,0,0,Sí,4,2894.62,0.0
C01907,2023-03-27,2023-10-07,2025-12-31,1,Baja,8,7-12 meses,Dos años,Transferencia,Internet estándar,Patagonia,Hogar,64.99,0.0208,6,0,No,2,509.11,779.88
C01908,2023-03-28,2025-05-05,2025-12-31,1,Baja,27,25+ meses,Mes a mes,Tarjeta automática,Telefonía móvil,Centro,Hogar,35.74,0.0399,0,1,Sí,4,926.48,428.88
C01909,2023-03-28,2024-12-24,2025-12-31,1,Baja,22,13-24 meses,Anual,Cheque electrónico,Internet estándar,Centro,Hogar,46.67,0.0243,2,0,No,4,1001.79,560.04
C01910,2023-03-28,2024-07-17,2025-12-31,1,Baja,17,13-24 meses,Mes a mes,Cheque electrónico,Streaming,AMBA,PyME,64.39,0.0249,1,0,No,4,1067.37,772.68
C01911,2023-03-28,2024-01-05,2025-12-31,1,Baja,11,7-12 meses,Mes a mes,Transferencia,Internet estándar,NOA,Profesional,75.38,0.0295,0,0,No,5,804.72,904.56
C01912,2023-03-28,,2025-12-31,0,Activo,34,25+ meses,Mes a mes,Transferencia,Internet estándar,Litoral,Hogar,48.69,0.0172,0,0,No,4,1626.99,0.0
C01913,2023-03-29,,2025-12-31,0,Activo,34,25+ meses,Mes a mes,Transferencia,Internet estándar,AMBA,Hogar,31.92,0.1257,0,0,No,5,948.86,0.0
C01914,2023-03-29,2024-01-01,2025-12-31,1,Baja,11,7-12 meses,Dos años,Transferencia,Telefonía móvil,Litoral,Hogar,44.25,0.0605,0,0,No,4,457.3,531.0
C01915,2023-03-29,2023-07-07,2025-12-31,1,Baja,5,4-6 meses,Mes a mes,Cheque electrónico,Streaming,Litoral,Hogar,18.0,0.0806,0,0,No,4,82.75,216.0
C01916,2023-03-29,2023-08-02,2025-12-31,1,Baja,6,4-6 meses,Anual,Cheque electrónico,Internet estándar,Litoral,Hogar,55.13,0.0555,3,1,No,2,312.42,661.56
C01917,2023-03-29,,2025-12-31,0,Activo,34,25+ meses,Anual,Débito automático,Internet fibra,Litoral,Hogar,66.09,0.1173,0,1,Sí,5,1983.48,0.0
C01918,2023-03-30,,2025-12-31,0,Activo,34,25+ meses,Anual,Transferencia,Internet fibra,AMBA,Hogar,81.71,0.0091,0,0,No,5,2752.86,0.0
C01919,2023-03-30,2024-05-06,2025-12-31,1,Baja,15,13-24 meses,Dos años,Cheque electrónico,Internet fibra,Cuyo,PyME,125.82,0.0112,1,0,No,4,1866.16,1509.84
C01920,2023-03-30,2023-03-09,2025-12-31,1,Baja,1,0-3 meses,Mes a mes,Tarjeta automática,Internet fibra,Patagonia,Hogar,51.98,0.0596,1,0,Sí,5,48.88,623.76
C01921,2023-03-30,,2025-12-31,0,Activo,34,25+ meses,Mes a mes,Débito automático,Internet fibra,NOA,Hogar,88.96,0.0475,0,0,Sí,5,2880.97,0.0
C01922,2023-03-31,,2025-12-31,0,Activo,34,25+ meses,Mes a mes,Transferencia,Streaming,Centro,Hogar,40.56,0.0771,1,0,No,5,1272.72,0.0
C01923,2023-03-31,,2025-12-31,0,Activo,34,25+ meses,Mes a mes,Transferencia,Telefonía móvil,Litoral,Profesional,54.26,0.047,0,1,No,3,1758.13,0.0
C01924,2023-03-31,,2025-12-31,0,Activo,34,25+ meses,Dos años,Débito automático,Streaming,NOA,PyME,87.02,0.0623,1,0,Sí,4,2774.35,0.0
C01925,2023-03-31,2025-02-09,2025-12-31,1,Baja,24,13-24 meses,Mes a mes,Tarjeta automática,Streaming,Litoral,Hogar,33.82,0.0565,0,0,Sí,5,765.82,405.84
C01926,2023-04-01,2024-10-24,2025-12-31,1,Baja,19,13-24 meses,Mes a mes,Tarjeta automática,Telefonía móvil,Centro,Hogar,47.18,0.0536,3,1,Sí,2,848.37,566.16
C01927,2023-04-01,,2025-12-31,0,Activo,33,25+ meses,Mes a mes,Débito automático,Telefonía móvil,Litoral,Profesional,78.98,0.012,0,0,Sí,4,2575.06,0.0
C01928,2023-04-01,2023-06-18,2025-12-31,1,Baja,3,0-3 meses,Mes a mes,Cheque electrónico,Internet fibra,AMBA,Hogar,82.58,0.0846,5,4,No,2,226.78,990.96
C01929,2023-04-02,,2025-12-31,0,Activo,33,25+ meses,Anual,Cheque electrónico,Internet fibra,Cuyo,Hogar,74.07,0.0774,4,1,No,1,2255.12,0.0
C01930,2023-04-02,2024-10-13,2025-12-31,1,Baja,19,13-24 meses,Mes a mes,Débito automático,Internet fibra,Litoral,Profesional,100.71,0.0338,2,1,Sí,3,1848.81,1208.52
C01931,2023-04-02,,2025-12-31,0,Activo,33,25+ meses,Anual,Tarjeta automática,Telefonía móvil,AMBA,Hogar,37.27,0.0622,0,0,Sí,4,1153.41,0.0
C01932,2023-04-02,,2025-12-31,0,Activo,33,25+ meses,Anual,Cheque electrónico,Internet fibra,Centro,Hogar,66.28,0.0239,0,1,No,4,2134.96,0.0
C01933,2023-04-02,,2025-12-31,0,Activo,33,25+ meses,Anual,Transferencia,Internet estándar,NOA,Hogar,62.42,0.0411,0,1,No,3,1975.2,0.0
C01934,2023-04-03,2024-07-01,2025-12-31,1,Baja,16,13-24 meses,Mes a mes,Débito automático,Internet estándar,Litoral,Hogar,54.88,0.0686,2,0,Sí,2,817.84,658.56
C01935,2023-04-03,,2025-12-31,0,Activo,33,25+ meses,Anual,Débito automático,Streaming,Cuyo,PyME,63.52,0.0854,1,0,Sí,2,1917.15,0.0
C01936,2023-04-03,,2025-12-31,0,Activo,33,25+ meses,Mes a mes,Tarjeta automática,Streaming,Centro,Hogar,21.48,0.1384,0,0,Sí,5,610.74,0.0
C01937,2023-04-04,,2025-12-31,0,Activo,33,25+ meses,Mes a mes,Cheque electrónico,Telefonía móvil,AMBA,Hogar,50.33,0.0689,0,0,No,3,1546.45,0.0
C01938,2023-04-04,,2025-12-31,0,Activo,33,25+ meses,Anual,Transferencia,Internet estándar,Cuyo,Profesional,49.8,0.035,2,1,No,4,1585.88,0.0
C01939,2023-04-04,,2025-12-31,0,Activo,33,25+ meses,Anual,Débito automático,Telefonía móvil,Litoral,Profesional,51.72,0.0458,0,0,Sí,4,1628.59,0.0
C01940,2023-04-04,2023-11-07,2025-12-31,1,Baja,8,7-12 meses,Mes a mes,Cheque electrónico,Internet fibra,Centro,Hogar,107.28,0.0602,0,1,No,2,806.57,1287.36
C01941,2023-04-04,,2025-12-31,0,Activo,33,25+ meses,Dos años,Transferencia,Telefonía móvil,Patagonia,Hogar,38.36,0.0371,1,0,No,4,1218.92,0.0
C01942,2023-04-04,2024-05-20,2025-12-31,1,Baja,14,13-24 meses,Mes a mes,Cheque electrónico,Streaming,Cuyo,Hogar,40.91,0.0501,4,1,No,4,544.05,490.92
C01943,2023-04-04,,2025-12-31,0,Activo,33,25+ meses,Anual,Débito automático,Internet fibra,AMBA,Hogar,94.51,0.011,2,1,Sí,2,3084.52,0.0
C01944,2023-04-04,,2025-12-31,0,Activo,33,25+ meses,Dos años,Débito automático,Telefonía móvil,AMBA,Hogar,32.01,0.0147,2,0,Sí,5,1040.8,0.0
C01945,2023-04-04,2023-11-15,2025-12-31,1,Baja,8,7-12 meses,Mes a mes,Cheque electrónico,Telefonía móvil,NOA,Profesional,62.93,0.047,0,2,No,5,479.78,755.16
C01946,2023-04-04,,2025-12-31,0,Activo,33,25+ meses,Anual,Cheque electrónico,Telefonía móvil,Cuyo,Hogar,64.65,0.0275,0,1,No,3,2074.78,0.0
C01947,2023-04-04,,2025-12-31,0,Activo,33,25+ meses,Anual,Cheque electrónico,Telefonía móvil,Cuyo,Hogar,47.05,0.0786,0,0,No,3,1430.61,0.0
C01948,2023-04-05,,2025-12-31,0,Activo,33,25+ meses,Anual,Cheque electrónico,Internet estándar,Centro,Hogar,75.02,0.0509,0,0,No,4,2349.65,0.0
C01949,2023-04-05,,2025-12-31,0,Activo,33,25+ meses,Anual,Débito automático,Internet fibra,Patagonia,Hogar,70.99,0.0674,1,0,Sí,5,2184.77,0.0
C01950,2023-04-05,2024-12-22,2025-12-31,1,Baja,21,13-24 meses,Anual,Tarjeta automática,Internet fibra,Patagonia,Hogar,97.77,0.0375,3,0,Sí,1,1976.18,1173.24
C01951,2023-04-05,,2025-12-31,0,Activo,33,25+ meses,Mes a mes,Débito automático,Telefonía móvil,Centro,Hogar,42.18,0.0551,0,0,Sí,5,1315.24,0.0
C01952,2023-04-05,2024-11-16,2025-12-31,1,Baja,20,13-24 meses,Anual,Cheque electrónico,Telefonía móvil,Patagonia,PyME,93.4,0.0886,2,1,No,3,1702.5,1120.8
C01953,2023-04-06,2025-06-24,2025-12-31,1,Baja,27,25+ meses,Mes a mes,Débito automático,Telefonía móvil,Cuyo,Profesional,67.04,0.0719,1,2,Sí,3,1679.94,804.48
C01954,2023-04-07,,2025-12-31,0,Activo,33,25+ meses,Dos años,Transferencia,Telefonía móvil,Centro,Hogar,40.77,0.0009,2,0,No,3,1344.2,0.0
C01955,2023-04-07,2024-03-16,2025-12-31,1,Baja,12,7-12 meses,Mes a mes,Cheque electrónico,Streaming,Patagonia,Hogar,28.07,0.0167,0,1,No,4,331.21,336.84
C01956,2023-04-07,2023-05-23,2025-12-31,1,Baja,2,0-3 meses,Mes a mes,Cheque electrónico,Internet fibra,AMBA,PyME,138.34,0.0991,0,1,No,4,249.26,1660.08
C01957,2023-04-07,2023-08-15,2025-12-31,1,Baja,5,4-6 meses,Dos años,Cheque electrónico,Internet fibra,NOA,Hogar,58.11,0.1026,1,1,No,5,260.74,697.32
C01958,2023-04-08,,2025-12-31,0,Activo,33,25+ meses,Mes a mes,Débito automático,Internet estándar,AMBA,Profesional,58.21,0.0379,1,0,Sí,3,1848.13,0.0
C01959,2023-04-08,2025-11-13,2025-12-31,1,Baja,32,25+ meses,Mes a mes,Débito automático,Telefonía móvil,Centro,Hogar,49.95,0.0959,0,0,Sí,4,1445.11,599.4
C01960,2023-04-08,,2025-12-31,0,Activo,33,25+ meses,Anual,Cheque electrónico,Internet fibra,Centro,Hogar,88.91,0.0353,1,5,No,3,2830.46,0.0
C01961,2023-04-08,,2025-12-31,0,Activo,33,25+ meses,Mes a mes,Tarjeta automática,Telefonía móvil,Centro,Hogar,45.93,0.0316,1,0,Sí,3,1467.79,0.0
C01962,2023-04-08,,2025-12-31,0,Activo,33,25+ meses,Mes a mes,Tarjeta automática,Streaming,Cuyo,Profesional,50.03,0.0065,0,1,Sí,5,1640.26,0.0
C01963,2023-04-09,2023-06-05,2025-12-31,1,Baja,3,0-3 meses,Mes a mes,Cheque electrónico,Internet estándar,Patagonia,PyME,108.43,0.118,1,2,No,3,286.91,1301.16
C01964,2023-04-09,,2025-12-31,0,Activo,33,25+ meses,Mes a mes,Transferencia,Telefonía móvil,Cuyo,Hogar,52.54,0.033,0,0,No,5,1676.6,0.0
C01965,2023-04-09,,2025-12-31,0,Activo,33,25+ meses,Mes a mes,Débito automático,Streaming,Litoral,Profesional,31.31,0.0187,0,1,Sí,4,1013.91,0.0
C01966,2023-04-10,,2025-12-31,0,Activo,33,25+ meses,Mes a mes,Tarjeta automática,Streaming,NOA,PyME,78.4,0.0272,1,0,Sí,4,2516.83,0.0
C01967,2023-04-10,,2025-12-31,0,Activo,33,25+ meses,Mes a mes,Débito automático,Internet estándar,Cuyo,PyME,103.18,0.0143,2,0,Sí,5,3356.25,0.0
C01968,2023-04-10,2024-02-22,2025-12-31,1,Baja,11,7-12 meses,Mes a mes,Cheque electrónico,Internet estándar,Patagonia,Hogar,51.15,0.0294,0,0,No,5,546.11,613.8
C01969,2023-04-10,,2025-12-31,0,Activo,33,25+ meses,Mes a mes,Transferencia,Internet fibra,Cuyo,Hogar,54.79,0.0809,0,0,No,4,1661.8,0.0
C01970,2023-04-10,,2025-12-31,0,Activo,33,25+ meses,Anual,Débito automático,Internet estándar,AMBA,PyME,90.17,0.055,0,0,Sí,4,2811.95,0.0
C01971,2023-04-11,,2025-12-31,0,Activo,33,25+ meses,Anual,Débito automático,Telefonía móvil,Centro,Hogar,41.82,0.0386,0,0,Sí,5,1326.79,0.0
C01972,2023-04-11,2023-10-25,2025-12-31,1,Baja,7,7-12 meses,Mes a mes,Cheque electrónico,Telefonía móvil,AMBA,Hogar,53.14,0.0759,1,2,No,4,343.75,637.68
C01973,2023-04-11,2024-03-24,2025-12-31,1,Baja,12,7-12 meses,Mes a mes,Cheque electrónico,Telefonía móvil,NOA,Hogar,37.39,0.0729,1,0,No,3,415.97,448.68
C01974,2023-04-11,,2025-12-31,0,Activo,33,25+ meses,Dos años,Débito automático,Internet fibra,AMBA,Hogar,70.66,0.0767,0,0,Sí,5,2152.93,0.0
C01975,2023-04-11,,2025-12-31,0,Activo,33,25+ meses,Anual,Transferencia,Telefonía móvil,Patagonia,Hogar,47.82,0.1195,3,0,No,2,1389.48,0.0
C01976,2023-04-11,,2025-12-31,0,Activo,33,25+ meses,Mes a mes,Tarjeta automática,Internet fibra,AMBA,Hogar,74.39,0.0206,0,0,Sí,4,2404.3,0.0
C01977,2023-04-12,2025-11-12,2025-12-31,1,Baja,32,25+ meses,Mes a mes,Débito automático,Internet fibra,AMBA,PyME,142.69,0.0164,1,0,Sí,4,4491.2,1712.28
C01978,2023-04-12,2025-06-10,2025-12-31,1,Baja,27,25+ meses,Mes a mes,Tarjeta automática,Streaming,Litoral,Hogar,26.57,0.0271,1,0,Sí,4,697.95,318.84
C01979,2023-04-12,,2025-12-31,0,Activo,33,25+ meses,Anual,Débito automático,Telefonía móvil,AMBA,PyME,84.73,0.0316,0,0,Sí,3,2707.73,0.0
C01980,2023-04-12,,2025-12-31,0,Activo,33,25+ meses,Dos años,Débito automático,Telefonía móvil,AMBA,PyME,112.63,0.0795,2,0,Sí,3,3421.31,0.0
C01981,2023-04-12,,2025-12-31,0,Activo,33,25+ meses,Dos años,Débito automático,Telefonía móvil,Patagonia,Profesional,73.61,0.0638,3,1,Sí,3,2274.15,0.0
C01982,2023-04-13,,2025-12-31,0,Activo,33,25+ meses,Mes a mes,Tarjeta automática,Internet fibra,AMBA,Hogar,67.49,0.0656,1,1,Sí,3,2081.07,0.0
C01983,2023-04-13,2024-04-17,2025-12-31,1,Baja,13,13-24 meses,Mes a mes,Tarjeta automática,Internet fibra,Litoral,PyME,137.35,0.0169,2,0,Sí,3,1755.37,1648.2
C01984,2023-04-14,2024-05-09,2025-12-31,1,Baja,14,13-24 meses,Mes a mes,Tarjeta automática,Internet fibra,AMBA,Hogar,74.41,0.0105,2,2,Sí,2,1030.8,892.92
C01985,2023-04-14,,2025-12-31,0,Activo,33,25+ meses,Mes a mes,Transferencia,Streaming,AMBA,Hogar,35.81,0.0678,0,0,No,5,1101.61,0.0
C01986,2023-04-14,2023-08-07,2025-12-31,1,Baja,5,4-6 meses,Mes a mes,Tarjeta automática,Internet estándar,Patagonia,PyME,94.37,0.0489,0,0,Sí,5,448.78,1132.44
C01987,2023-04-14,,2025-12-31,0,Activo,33,25+ meses,Anual,Tarjeta automática,Internet fibra,Cuyo,Hogar,87.59,0.0261,0,0,Sí,5,2815.03,0.0
C01988,2023-04-14,,2025-12-31,0,Activo,33,25+ meses,Mes a mes,Cheque electrónico,Internet estándar,AMBA,PyME,117.14,0.047,0,1,No,4,3683.94,0.0
C01989,2023-04-15,,2025-12-31,0,Activo,33,25+ meses,Dos años,Tarjeta automática,Internet estándar,Patagonia,Hogar,38.58,0.0246,1,1,Sí,3,1241.82,0.0
C01990,2023-04-15,,2025-12-31,0,Activo,33,25+ meses,Mes a mes,Cheque electrónico,Streaming,NOA,Hogar,29.74,0.0096,0,2,No,4,972.0,0.0
C01991,2023-04-15,2025-05-23,2025-12-31,1,Baja,26,25+ meses,Mes a mes,Transferencia,Internet estándar,Litoral,Profesional,80.38,0.0258,0,0,No,4,2035.96,964.56
C01992,2023-04-15,,2025-12-31,0,Activo,33,25+ meses,Dos años,Transferencia,Internet estándar,Cuyo,Hogar,37.99,0.0488,1,0,No,4,1192.49,0.0
C01993,2023-04-15,2024-11-15,2025-12-31,1,Baja,20,13-24 meses,Anual,Débito automático,Streaming,NOA,Hogar,21.64,0.0451,2,0,Sí,4,413.28,259.68
C01994,2023-04-16,,2025-12-31,0,Activo,33,25+ meses,Mes a mes,Tarjeta automática,Streaming,Cuyo,PyME,91.28,0.0638,0,0,Sí,3,2820.06,0.0
C01995,2023-04-16,2024-01-26,2025-12-31,1,Baja,10,7-12 meses,Anual,Cheque electrónico,Internet fibra,Litoral,Hogar,76.23,0.0285,1,1,No,3,740.57,914.76
C01996,2023-04-16,,2025-12-31,0,Activo,33,25+ meses,Mes a mes,Cheque electrónico,Internet fibra,Cuyo,Hogar,60.67,0.0473,0,0,No,4,1907.41,0.0
C01997,2023-04-16,,2025-12-31,0,Activo,33,25+ meses,Mes a mes,Débito automático,Telefonía móvil,Patagonia,Profesional,56.48,0.042,0,0,Sí,3,1785.56,0.0
C01998,2023-04-16,2025-09-04,2025-12-31,1,Baja,30,25+ meses,Mes a mes,Transferencia,Streaming,Litoral,Hogar,48.21,0.0793,1,0,No,5,1331.61,578.52
C01999,2023-04-17,2024-12-14,2025-12-31,1,Baja,21,13-24 meses,Mes a mes,Débito automático,Internet fibra,Cuyo,Hogar,100.69,0.0953,3,1,Sí,1,1912.98,1208.28
C02000,2023-04-17,,2025-12-31,0,Activo,33,25+ meses,Anual,Cheque electrónico,Internet estándar,Cuyo,Hogar,41.99,0.0122,1,0,No,5,1368.76,0.0
C02001,2023-04-17,2024-02-24,2025-12-31,1,Baja,11,7-12 meses,Mes a mes,Cheque electrónico,Streaming,Centro,Hogar,18.95,0.0492,0,0,No,3,198.19,227.4
C02002,2023-04-17,,2025-12-31,0,Activo,33,25+ meses,Anual,Tarjeta automática,Internet fibra,Cuyo,PyME,127.96,0.0732,0,1,Sí,5,3913.58,0.0
C02003,2023-04-18,,2025-12-31,0,Activo,33,25+ meses,Anual,Cheque electrónico,Internet fibra,AMBA,Hogar,97.82,0.0522,4,1,No,3,3059.56,0.0
C02004,2023-04-18,2024-03-22,2025-12-31,1,Baja,12,7-12 meses,Mes a mes,Cheque electrónico,Telefonía móvil,Cuyo,Profesional,69.26,0.0674,1,0,No,2,775.1,831.12
C02005,2023-04-18,,2025-12-31,0,Activo,33,25+ meses,Mes a mes,Transferencia,Internet estándar,AMBA,Hogar,65.1,0.1071,1,0,No,4,1918.22,0.0
C02006,2023-04-18,2025-08-27,2025-12-31,1,Baja,29,25+ meses,Mes a mes,Tarjeta automática,Internet fibra,Centro,Hogar,88.99,0.0545,3,1,Sí,4,2440.06,1067.88
C02007,2023-04-18,,2025-12-31,0,Activo,33,25+ meses,Anual,Cheque electrónico,Telefonía móvil,Cuyo,PyME,82.49,0.0409,0,1,No,4,2610.83,0.0
C02008,2023-04-18,,2025-12-31,0,Activo,33,25+ meses,Anual,Transferencia,Internet estándar,AMBA,Hogar,38.56,0.0517,1,0,No,5,1206.69,0.0
C02009,2023-04-18,2023-06-03,2025-12-31,1,Baja,3,0-3 meses,Anual,Débito automático,Streaming,Centro,Hogar,21.34,0.0736,1,0,Sí,4,59.31,256.08
C02010,2023-04-18,2024-11-21,2025-12-31,1,Baja,20,13-24 meses,Mes a mes,Cheque electrónico,Internet fibra,Patagonia,Profesional,90.26,0.0601,0,0,No,5,1696.71,1083.12
C02011,2023-04-18,2025-03-17,2025-12-31,1,Baja,24,13-24 meses,Mes a mes,Débito automático,Internet fibra,NOA,Profesional,88.54,0.0533,1,0,Sí,5,2011.7,1062.48
C02012,2023-04-18,2023-10-26,2025-12-31,1,Baja,7,7-12 meses,Mes a mes,Cheque electrónico,Internet fibra,Litoral,Hogar,71.82,0.0357,1,1,No,3,484.79,861.84
C02013,2023-04-19,2023-05-15,2025-12-31,1,Baja,2,0-3 meses,Mes a mes,Transferencia,Telefonía móvil,Patagonia,Profesional,67.05,0.0498,0,1,No,4,127.42,804.6
C02014,2023-04-19,,2025-12-31,0,Activo,33,25+ meses,Anual,Tarjeta automática,Streaming,Patagonia,PyME,85.49,0.0139,0,1,Sí,4,2781.96,0.0
C02015,2023-04-19,2023-10-04,2025-12-31,1,Baja,7,7-12 meses,Mes a mes,Cheque electrónico,Telefonía móvil,NOA,Hogar,55.42,0.0455,7,3,No,1,370.29,665.04
C02016,2023-04-19,2024-10-12,2025-12-31,1,Baja,19,13-24 meses,Mes a mes,Débito automático,Internet fibra,NOA,Hogar,80.77,0.0605,0,0,Sí,5,1441.78,969.24
C02017,2023-04-20,2023-10-05,2025-12-31,1,Baja,7,7-12 meses,Mes a mes,Débito automático,Telefonía móvil,AMBA,Hogar,34.56,0.0747,1,0,Sí,4,223.85,414.72
C02018,2023-04-20,,2025-12-31,0,Activo,33,25+ meses,Mes a mes,Débito automático,Internet estándar,Cuyo,Hogar,51.07,0.0911,3,0,Sí,4,1531.78,0.0
C02019,2023-04-21,2025-05-21,2025-12-31,1,Baja,26,25+ meses,Anual,Tarjeta automática,Streaming,NOA,Hogar,18.0,0.048,0,0,Sí,5,445.54,216.0
C02020,2023-04-21,,2025-12-31,0,Activo,33,25+ meses,Mes a mes,Transferencia,Internet estándar,NOA,Hogar,23.57,0.0022,0,0,No,4,776.1,0.0
C02021,2023-04-22,,2025-12-31,0,Activo,33,25+ meses,Dos años,Débito automático,Streaming,Litoral,Profesional,54.08,0.0294,0,0,Sí,4,1732.17,0.0
C02022,2023-04-22,2025-07-08,2025-12-31,1,Baja,28,25+ meses,Anual,Cheque electrónico,Internet fibra,Cuyo,Hogar,89.2,0.1021,2,2,No,2,2242.6,1070.4
C02023,2023-04-22,,2025-12-31,0,Activo,33,25+ meses,Dos años,Cheque electrónico,Internet fibra,AMBA,Hogar,78.79,0.0179,3,2,No,3,2553.53,0.0
C02024,2023-04-22,,2025-12-31,0,Activo,33,25+ meses,Anual,Transferencia,Telefonía móvil,Cuyo,Hogar,37.7,0.0754,0,0,No,3,1150.29,0.0
C02025,2023-04-22,,2025-12-31,0,Activo,33,25+ meses,Anual,Tarjeta automática,Internet fibra,Litoral,Hogar,63.24,0.0692,0,0,Sí,5,1942.51,0.0
C02026,2023-04-23,,2025-12-31,0,Activo,33,25+ meses,Anual,Transferencia,Internet fibra,Litoral,Hogar,90.84,0.0087,1,0,No,3,2971.64,0.0
C02027,2023-04-23,2024-05-18,2025-12-31,1,Baja,14,13-24 meses,Mes a mes,Tarjeta automática,Telefonía móvil,Litoral,Hogar,47.42,0.0055,0,0,Sí,5,660.23,569.04
C02028,2023-04-23,2023-08-16,2025-12-31,1,Baja,5,4-6 meses,Mes a mes,Cheque electrónico,Internet fibra,Centro,Hogar,81.2,0.1228,1,1,No,4,356.14,974.4
C02029,2023-04-23,,2025-12-31,0,Activo,33,25+ meses,Anual,Débito automático,Streaming,NOA,Hogar,28.95,0.0258,0,1,Sí,4,930.7,0.0
C02030,2023-04-23,,2025-12-31,0,Activo,33,25+ meses,Mes a mes,Cheque electrónico,Telefonía móvil,Centro,Hogar,36.83,0.0268,0,0,No,5,1182.82,0.0
C02031,2023-04-23,2023-09-17,2025-12-31,1,Baja,6,4-6 meses,Mes a mes,Débito automático,Streaming,Cuyo,Hogar,18.0,0.0277,2,2,Sí,2,105.01,216.0
C02032,2023-04-24,,2025-12-31,0,Activo,33,25+ meses,Dos años,Tarjeta automática,Internet fibra,Litoral,Hogar,80.78,0.0617,2,0,Sí,3,2501.26,0.0
C02033,2023-04-24,2025-05-14,2025-12-31,1,Baja,26,25+ meses,Mes a mes,Cheque electrónico,Internet estándar,Centro,Profesional,61.08,0.0486,1,2,No,1,1510.9,732.96
C02034,2023-04-24,,2025-12-31,0,Activo,33,25+ meses,Mes a mes,Débito automático,Internet estándar,AMBA,Hogar,44.34,0.0459,1,0,Sí,4,1396.06,0.0
C02035,2023-04-25,2024-09-18,2025-12-31,1,Baja,18,13-24 meses,Anual,Cheque electrónico,Internet estándar,Litoral,Hogar,67.9,0.0539,0,2,No,4,1156.32,814.8
C02036,2023-04-25,2024-09-10,2025-12-31,1,Baja,18,13-24 meses,Mes a mes,Cheque electrónico,Streaming,Centro,Hogar,28.47,0.1439,0,3,No,3,438.72,341.64
C02037,2023-04-25,,2025-12-31,0,Activo,33,25+ meses,Dos años,Débito automático,Telefonía móvil,NOA,Hogar,18.0,0.0371,1,1,Sí,3,571.96,0.0
C02038,2023-04-25,2025-09-05,2025-12-31,1,Baja,30,25+ meses,Mes a mes,Débito automático,Internet fibra,Patagonia,Hogar,72.11,0.0418,1,0,Sí,3,2072.87,865.32
C02039,2023-04-25,,2025-12-31,0,Activo,33,25+ meses,Dos años,Débito automático,Internet fibra,Cuyo,Hogar,66.98,0.0923,0,0,Sí,4,2006.33,0.0
C02040,2023-04-26,2023-08-26,2025-12-31,1,Baja,5,4-6 meses,Anual,Cheque electrónico,Streaming,Cuyo,PyME,82.47,0.0747,1,1,No,5,381.55,989.64
C02041,2023-04-26,2025-10-13,2025-12-31,1,Baja,31,25+ meses,Mes a mes,Cheque electrónico,Internet estándar,NOA,Hogar,33.33,0.0552,1,1,No,4,976.2,399.96
C02042,2023-04-26,2024-07-01,2025-12-31,1,Baja,16,13-24 meses,Mes a mes,Débito automático,Telefonía móvil,AMBA,Hogar,46.77,0.0296,1,1,Sí,3,726.17,561.24
C02043,2023-04-27,2025-09-09,2025-12-31,1,Baja,30,25+ meses,Mes a mes,Transferencia,Internet fibra,Cuyo,Profesional,92.74,0.0814,0,0,No,2,2555.73,1112.88
C02044,2023-04-27,2023-05-25,2025-12-31,1,Baja,2,0-3 meses,Mes a mes,Tarjeta automática,Internet fibra,AMBA,PyME,127.77,0.1066,2,0,Sí,5,228.3,1533.24
C02045,2023-04-27,2023-06-22,2025-12-31,1,Baja,3,0-3 meses,Mes a mes,Transferencia,Streaming,AMBA,Hogar,30.65,0.126,0,0,No,2,80.36,367.8
C02046,2023-04-27,,2025-12-31,0,Activo,33,25+ meses,Dos años,Cheque electrónico,Telefonía móvil,NOA,Hogar,41.16,0.0178,0,0,No,5,1334.1,0.0
C02047,2023-04-27,2023-07-18,2025-12-31,1,Baja,4,4-6 meses,Mes a mes,Cheque electrónico,Internet fibra,AMBA,Hogar,76.52,0.0174,3,1,No,3,300.75,918.24
C02048,2023-04-28,,2025-12-31,0,Activo,33,25+ meses,Anual,Débito automático,Telefonía móvil,NOA,Profesional,57.53,0.0448,0,1,Sí,4,1813.44,0.0
C02049,2023-04-28,2024-03-22,2025-12-31,1,Baja,12,7-12 meses,Mes a mes,Débito automático,Internet estándar,Patagonia,Hogar,48.78,0.0612,3,0,Sí,2,549.54,585.36
C02050,2023-04-29,,2025-12-31,0,Activo,33,25+ meses,Dos años,Tarjeta automática,Internet fibra,Litoral,Hogar,81.77,0.1249,1,0,Sí,4,2361.38,0.0
C02051,2023-04-29,2024-08-22,2025-12-31,1,Baja,17,13-24 meses,Mes a mes,Tarjeta automática,Internet estándar,Patagonia,Hogar,51.4,0.1232,1,1,Sí,4,766.15,616.8
C02052,2023-04-29,,2025-12-31,0,Activo,33,25+ meses,Mes a mes,Débito automático,Internet fibra,Centro,Hogar,90.4,0.0608,1,1,Sí,4,2801.82,0.0
C02053,2023-04-29,,2025-12-31,0,Activo,33,25+ meses,Mes a mes,Cheque electrónico,Streaming,AMBA,Profesional,40.99,0.0504,1,0,No,5,1284.5,0.0
C02054,2023-04-29,,2025-12-31,0,Activo,33,25+ meses,Mes a mes,Débito automático,Internet fibra,Cuyo,Hogar,80.62,0.032,0,0,Sí,3,2575.33,0.0
C02055,2023-04-29,,2025-12-31,0,Activo,33,25+ meses,Anual,Débito automático,Internet estándar,Patagonia,Hogar,75.91,0.1249,0,0,Sí,4,2192.15,0.0
C02056,2023-04-29,2023-10-17,2025-12-31,1,Baja,7,7-12 meses,Mes a mes,Transferencia,Internet fibra,Centro,Hogar,77.55,0.0647,3,1,No,2,507.73,930.6
C02057,2023-04-30,,2025-12-31,0,Activo,33,25+ meses,Mes a mes,Tarjeta automática,Telefonía móvil,Centro,Profesional,59.98,0.0373,1,0,Sí,4,1905.51,0.0
C02058,2023-04-30,,2025-12-31,0,Activo,33,25+ meses,Mes a mes,Tarjeta automática,Telefonía móvil,Patagonia,Hogar,28.1,0.0504,0,1,Sí,4,880.56,0.0
C02059,2023-04-30,,2025-12-31,0,Activo,33,25+ meses,Anual,Cheque electrónico,Internet estándar,Litoral,PyME,96.15,0.0301,0,2,No,5,3077.44,0.0
C02060,2023-04-30,2023-11-04,2025-12-31,1,Baja,8,7-12 meses,Mes a mes,Tarjeta automática,Internet estándar,Litoral,Hogar,47.83,0.0302,3,0,Sí,3,371.08,573.96
C02061,2023-04-30,,2025-12-31,0,Activo,33,25+ meses,Mes a mes,Débito automático,Telefonía móvil,Cuyo,Hogar,47.87,0.0695,1,0,Sí,4,1469.92,0.0
C02062,2023-04-30,,2025-12-31,0,Activo,33,25+ meses,Mes a mes,Débito automático,Internet fibra,Patagonia,Hogar,85.14,0.08,0,1,Sí,4,2584.85,0.0
C02063,2023-04-30,,2025-12-31,0,Activo,33,25+ meses,Mes a mes,Tarjeta automática,Telefonía móvil,Patagonia,Hogar,45.59,0.0415,1,0,Sí,5,1442.03,0.0
C02064,2023-05-01,2024-06-07,2025-12-31,1,Baja,14,13-24 meses,Mes a mes,Tarjeta automática,Internet estándar,Cuyo,Hogar,57.85,0.0832,1,0,Sí,3,742.52,694.2
C02065,2023-05-01,,2025-12-31,0,Activo,32,25+ meses,Dos años,Tarjeta automática,Telefonía móvil,AMBA,Hogar,31.01,0.017,0,0,Sí,4,975.45,0.0
C02066,2023-05-01,,2025-12-31,0,Activo,32,25+ meses,Mes a mes,Débito automático,Internet fibra,NOA,Hogar,83.38,0.0392,1,0,Sí,4,2563.57,0.0
C02067,2023-05-01,,2025-12-31,0,Activo,32,25+ meses,Anual,Cheque electrónico,Internet fibra,AMBA,Hogar,78.15,0.0436,0,0,No,5,2391.77,0.0
C02068,2023-05-01,2023-05-04,2025-12-31,1,Baja,1,0-3 meses,Mes a mes,Débito automático,Internet estándar,Cuyo,Profesional,68.37,0.0362,3,0,Sí,2,65.9,820.44
C02069,2023-05-01,2025-11-24,2025-12-31,1,Baja,31,25+ meses,Mes a mes,Débito automático,Internet fibra,NOA,Hogar,74.01,0.0284,3,1,Sí,2,2229.15,888.12
C02070,2023-05-01,2025-01-22,2025-12-31,1,Baja,21,13-24 meses,Mes a mes,Débito automático,Internet fibra,Cuyo,Profesional,85.52,0.0564,5,0,Sí,1,1694.63,1026.24
C02071,2023-05-02,2025-11-18,2025-12-31,1,Baja,31,25+ meses,Mes a mes,Cheque electrónico,Telefonía móvil,Patagonia,Profesional,46.63,0.0673,0,2,No,3,1348.25,559.56
C02072,2023-05-02,,2025-12-31,0,Activo,32,25+ meses,Mes a mes,Tarjeta automática,Internet fibra,Cuyo,Profesional,99.53,0.0588,1,0,Sí,3,2997.68,0.0
C02073,2023-05-03,2024-04-08,2025-12-31,1,Baja,12,7-12 meses,Mes a mes,Cheque electrónico,Internet fibra,Patagonia,Hogar,83.48,0.0983,4,1,No,1,903.29,1001.76
C02074,2023-05-03,,2025-12-31,0,Activo,32,25+ meses,Mes a mes,Débito automático,Internet fibra,Litoral,Hogar,76.57,0.03,0,0,Sí,5,2376.73,0.0
C02075,2023-05-04,,2025-12-31,0,Activo,32,25+ meses,Dos años,Cheque electrónico,Internet estándar,Centro,Profesional,66.84,0.0958,0,2,No,4,1933.98,0.0
C02076,2023-05-04,,2025-12-31,0,Activo,32,25+ meses,Mes a mes,Débito automático,Internet estándar,NOA,Hogar,41.08,0.065,1,0,Sí,3,1229.11,0.0
C02077,2023-05-04,,2025-12-31,0,Activo,32,25+ meses,Mes a mes,Tarjeta automática,Internet fibra,Cuyo,Hogar,83.53,0.0213,0,1,Sí,5,2616.03,0.0
C02078,2023-05-04,,2025-12-31,0,Activo,32,25+ meses,Mes a mes,Débito automático,Telefonía móvil,Cuyo,Hogar,42.67,0.0826,1,0,Sí,5,1252.65,0.0
C02079,2023-05-04,,2025-12-31,0,Activo,32,25+ meses,Mes a mes,Tarjeta automática,Telefonía móvil,Litoral,Hogar,37.98,0.1036,1,1,Sí,5,1089.45,0.0
C02080,2023-05-05,,2025-12-31,0,Activo,32,25+ meses,Anual,Transferencia,Internet fibra,NOA,Hogar,87.53,0.0376,0,0,No,4,2695.64,0.0
C02081,2023-05-05,2025-11-09,2025-12-31,1,Baja,31,25+ meses,Mes a mes,Transferencia,Telefonía móvil,NOA,Hogar,49.1,0.0953,0,0,No,5,1377.04,589.2
C02082,2023-05-05,,2025-12-31,0,Activo,32,25+ meses,Anual,Transferencia,Internet estándar,Cuyo,Hogar,32.11,0.0931,1,0,No,5,931.86,0.0
C02083,2023-05-05,2024-07-09,2025-12-31,1,Baja,15,13-24 meses,Mes a mes,Tarjeta automática,Internet estándar,Centro,Hogar,49.54,0.0889,4,0,Sí,2,677.04,594.48
C02084,2023-05-05,2025-06-26,2025-12-31,1,Baja,26,25+ meses,Mes a mes,Transferencia,Telefonía móvil,Centro,Hogar,31.46,0.1019,0,0,No,4,734.61,377.52
C02085,2023-05-05,2023-05-13,2025-12-31,1,Baja,1,0-3 meses,Dos años,Débito automático,Telefonía móvil,Centro,PyME,98.53,0.0882,0,0,Sí,4,89.84,1182.36
C02086,2023-05-05,2024-12-12,2025-12-31,1,Baja,20,13-24 meses,Mes a mes,Cheque electrónico,Internet estándar,Centro,Hogar,18.0,0.0769,1,1,No,4,332.32,216.0
C02087,2023-05-05,,2025-12-31,0,Activo,32,25+ meses,Anual,Transferencia,Internet estándar,Cuyo,Hogar,51.17,0.1418,0,0,No,5,1405.25,0.0
C02088,2023-05-05,2023-08-14,2025-12-31,1,Baja,4,4-6 meses,Mes a mes,Transferencia,Internet fibra,AMBA,Hogar,85.83,0.146,0,0,No,4,293.2,1029.96
C02089,2023-05-05,,2025-12-31,0,Activo,32,25+ meses,Dos años,Cheque electrónico,Internet estándar,Litoral,Hogar,47.78,0.1132,1,3,No,3,1355.88,0.0
C02090,2023-05-06,2023-09-05,2025-12-31,1,Baja,5,4-6 meses,Mes a mes,Débito automático,Streaming,NOA,Hogar,18.0,0.0685,5,0,Sí,2,83.84,216.0
C02091,2023-05-06,2025-06-15,2025-12-31,1,Baja,26,25+ meses,Mes a mes,Débito automático,Internet fibra,Cuyo,Hogar,99.52,0.1245,5,0,Sí,3,2265.37,1194.24
C02092,2023-05-06,,2025-12-31,0,Activo,32,25+ meses,Anual,Tarjeta automática,Telefonía móvil,AMBA,Profesional,72.72,0.0173,2,1,Sí,1,2286.78,0.0
C02093,2023-05-06,2023-05-10,2025-12-31,1,Baja,1,0-3 meses,Mes a mes,Transferencia,Streaming,Cuyo,PyME,78.16,0.0245,2,2,No,3,76.25,937.92
C02094,2023-05-06,,2025-12-31,0,Activo,32,25+ meses,Mes a mes,Débito automático,Internet fibra,Cuyo,Hogar,75.13,0.04,2,0,Sí,3,2307.99,0.0
C02095,2023-05-07,,2025-12-31,0,Activo,32,25+ meses,Dos años,Tarjeta automática,Telefonía móvil,Litoral,Profesional,38.21,0.0197,3,1,Sí,2,1198.63,0.0
C02096,2023-05-07,2023-10-06,2025-12-31,1,Baja,6,4-6 meses,Mes a mes,Cheque electrónico,Streaming,Centro,Hogar,34.21,0.0441,2,1,No,2,196.21,410.52
C02097,2023-05-07,,2025-12-31,0,Activo,32,25+ meses,Anual,Tarjeta automática,Internet estándar,Centro,Profesional,51.94,0.0757,2,1,Sí,4,1536.26,0.0
C02098,2023-05-07,,2025-12-31,0,Activo,32,25+ meses,Anual,Transferencia,Internet estándar,Patagonia,Hogar,56.33,0.0029,0,1,No,4,1797.33,0.0
C02099,2023-05-08,,2025-12-31,0,Activo,32,25+ meses,Anual,Tarjeta automática,Telefonía móvil,Centro,Hogar,53.29,0.0523,1,0,Sí,4,1616.09,0.0
C02100,2023-05-08,2025-08-07,2025-12-31,1,Baja,28,25+ meses,Dos años,Débito automático,Telefonía móvil,NOA,Hogar,41.23,0.1281,0,0,Sí,3,1006.56,494.76
C02101,2023-05-08,2025-01-16,2025-12-31,1,Baja,21,13-24 meses,Mes a mes,Cheque electrónico,Internet fibra,Centro,Hogar,66.29,0.0455,1,0,No,2,1328.75,795.48
C02102,2023-05-08,2023-07-03,2025-12-31,1,Baja,3,0-3 meses,Mes a mes,Tarjeta automática,Streaming,Patagonia,PyME,97.74,0.0607,7,2,Sí,1,275.42,1172.88
C02103,2023-05-09,2024-09-06,2025-12-31,1,Baja,17,13-24 meses,Mes a mes,Transferencia,Telefonía móvil,AMBA,Hogar,42.02,0.1328,0,1,No,4,619.48,504.24
C02104,2023-05-09,,2025-12-31,0,Activo,32,25+ meses,Anual,Transferencia,Telefonía móvil,Centro,Hogar,43.03,0.059,4,0,No,1,1295.72,0.0
C02105,2023-05-09,2024-07-08,2025-12-31,1,Baja,15,13-24 meses,Anual,Cheque electrónico,Internet fibra,Cuyo,Hogar,67.75,0.0216,5,2,No,1,994.3,813.0
C02106,2023-05-10,2024-03-24,2025-12-31,1,Baja,11,7-12 meses,Mes a mes,Tarjeta automática,Internet estándar,Cuyo,PyME,106.12,0.1338,0,2,Sí,5,1011.13,1273.44
C02107,2023-05-10,2024-03-06,2025-12-31,1,Baja,11,7-12 meses,Mes a mes,Cheque electrónico,Telefonía móvil,AMBA,Hogar,39.77,0.066,0,2,No,2,408.6,477.24
C02108,2023-05-10,2025-03-08,2025-12-31,1,Baja,23,13-24 meses,Mes a mes,Débito automático,Internet fibra,Centro,Hogar,63.39,0.0178,1,1,Sí,3,1432.02,760.68
C02109,2023-05-11,,2025-12-31,0,Activo,32,25+ meses,Mes a mes,Débito automático,Internet estándar,NOA,Hogar,63.74,0.0499,0,0,Sí,4,1937.9,0.0
C02110,2023-05-11,,2025-12-31,0,Activo,32,25+ meses,Anual,Débito automático,Streaming,NOA,Hogar,48.35,0.0168,1,0,Sí,4,1521.21,0.0
C02111,2023-05-11,2023-11-13,2025-12-31,1,Baja,7,7-12 meses,Mes a mes,Débito automático,Internet estándar,Cuyo,Hogar,60.2,0.0088,6,0,Sí,2,417.69,722.4
C02112,2023-05-12,,2025-12-31,0,Activo,32,25+ meses,Anual,Débito automático,Streaming,AMBA,Profesional,56.56,0.059,0,1,Sí,4,1703.13,0.0
C02113,2023-05-12,,2025-12-31,0,Activo,32,25+ meses,Anual,Tarjeta automática,Internet fibra,Centro,PyME,152.42,0.0285,2,0,Sí,3,4738.43,0.0
C02114,2023-05-12,,2025-12-31,0,Activo,32,25+ meses,Dos años,Débito automático,Telefonía móvil,NOA,Profesional,48.48,0.1243,5,1,Sí,1,1358.53,0.0
C02115,2023-05-13,,2025-12-31,0,Activo,32,25+ meses,Mes a mes,Transferencia,Internet fibra,NOA,Hogar,66.35,0.0607,0,0,No,5,1994.32,0.0
C02116,2023-05-13,,2025-12-31,0,Activo,32,25+ meses,Dos años,Débito automático,Telefonía móvil,Patagonia,Hogar,37.44,0.0384,0,1,Sí,5,1152.07,0.0
C02117,2023-05-13,,2025-12-31,0,Activo,32,25+ meses,Anual,Tarjeta automática,Internet estándar,NOA,Profesional,70.28,0.1018,1,0,Sí,4,2020.02,0.0
C02118,2023-05-13,,2025-12-31,0,Activo,32,25+ meses,Anual,Débito automático,Internet fibra,Patagonia,Hogar,74.78,0.0163,0,1,Sí,5,2353.95,0.0
C02119,2023-05-13,,2025-12-31,0,Activo,32,25+ meses,Mes a mes,Débito automático,Telefonía móvil,Litoral,Profesional,48.78,0.0412,1,0,Sí,4,1496.65,0.0
C02120,2023-05-13,2024-05-10,2025-12-31,1,Baja,13,13-24 meses,Mes a mes,Transferencia,Telefonía móvil,Patagonia,Hogar,42.06,0.0854,3,1,No,1,500.08,504.72
C02121,2023-05-14,,2025-12-31,0,Activo,32,25+ meses,Anual,Cheque electrónico,Internet estándar,Litoral,PyME,102.96,0.0646,0,1,No,5,3081.88,0.0
C02122,2023-05-14,2025-07-18,2025-12-31,1,Baja,27,25+ meses,Mes a mes,Débito automático,Internet fibra,Cuyo,Hogar,87.25,0.1201,1,1,Sí,4,2072.82,1047.0
C02123,2023-05-14,2024-09-26,2025-12-31,1,Baja,17,13-24 meses,Mes a mes,Transferencia,Streaming,Litoral,PyME,84.49,0.1128,0,1,No,5,1274.31,1013.88
C02124,2023-05-14,2024-04-18,2025-12-31,1,Baja,12,7-12 meses,Mes a mes,Tarjeta automática,Telefonía móvil,Centro,Hogar,21.05,0.0213,0,0,Sí,5,247.22,252.6
C02125,2023-05-15,2025-08-03,2025-12-31,1,Baja,28,25+ meses,Mes a mes,Cheque electrónico,Internet fibra,Litoral,Profesional,100.24,0.0303,0,1,No,5,2721.68,1202.88
C02126,2023-05-16,2024-03-06,2025-12-31,1,Baja,11,7-12 meses,Mes a mes,Débito automático,Telefonía móvil,Cuyo,Hogar,59.4,0.0418,1,2,Sí,3,626.09,712.8
C02127,2023-05-16,,2025-12-31,0,Activo,32,25+ meses,Mes a mes,Débito automático,Internet estándar,Cuyo,Hogar,49.32,0.2299,0,0,Sí,4,1215.4,0.0
C02128,2023-05-16,2025-04-01,2025-12-31,1,Baja,24,13-24 meses,Mes a mes,Tarjeta automática,Streaming,Centro,Hogar,39.86,0.032,3,0,Sí,3,926.03,478.32
C02129,2023-05-17,,2025-12-31,0,Activo,32,25+ meses,Dos años,Tarjeta automática,Internet estándar,NOA,Hogar,43.44,0.0146,1,1,Sí,2,1369.78,0.0
C02130,2023-05-17,,2025-12-31,0,Activo,32,25+ meses,Dos años,Cheque electrónico,Internet fibra,Patagonia,Hogar,84.22,0.0928,4,1,No,1,2444.94,0.0
C02131,2023-05-17,2024-07-02,2025-12-31,1,Baja,15,13-24 meses,Mes a mes,Tarjeta automática,Telefonía móvil,AMBA,Hogar,33.81,0.0751,1,1,Sí,3,469.06,405.72
C02132,2023-05-17,,2025-12-31,0,Activo,32,25+ meses,Mes a mes,Tarjeta automática,Internet fibra,Cuyo,PyME,130.29,0.0278,0,0,Sí,3,4053.37,0.0
C02133,2023-05-17,,2025-12-31,0,Activo,32,25+ meses,Mes a mes,Tarjeta automática,Telefonía móvil,Cuyo,Profesional,57.38,0.0102,1,2,Sí,3,1817.43,0.0
C02134,2023-05-18,,2025-12-31,0,Activo,32,25+ meses,Mes a mes,Cheque electrónico,Internet fibra,NOA,Profesional,101.24,0.0339,0,1,No,4,3129.85,0.0
C02135,2023-05-18,,2025-12-31,0,Activo,32,25+ meses,Dos años,Cheque electrónico,Internet fibra,Patagonia,Hogar,68.93,0.0461,0,2,No,3,2104.07,0.0
C02136,2023-05-18,2025-12-01,2025-12-31,1,Baja,32,25+ meses,Mes a mes,Cheque electrónico,Telefonía móvil,NOA,Hogar,25.89,0.187,2,1,No,2,673.55,310.68
C02137,2023-05-18,2024-09-14,2025-12-31,1,Baja,17,13-24 meses,Mes a mes,Cheque electrónico,Streaming,Cuyo,Hogar,34.17,0.0319,0,1,No,3,562.36,410.04
C02138,2023-05-18,,2025-12-31,0,Activo,32,25+ meses,Mes a mes,Cheque electrónico,Internet fibra,AMBA,Hogar,82.76,0.0261,1,3,No,3,2579.2,0.0
C02139,2023-05-19,2024-07-03,2025-12-31,1,Baja,15,13-24 meses,Mes a mes,Débito automático,Streaming,Patagonia,Hogar,30.24,0.0527,1,0,Sí,4,429.7,362.88
C02140,2023-05-19,,2025-12-31,0,Activo,32,25+ meses,Dos años,Tarjeta automática,Internet fibra,Centro,Profesional,106.26,0.0498,0,0,Sí,4,3230.98,0.0
C02141,2023-05-19,,2025-12-31,0,Activo,32,25+ meses,Anual,Débito automático,Telefonía móvil,Litoral,Hogar,39.77,0.0997,0,0,Sí,4,1145.76,0.0
C02142,2023-05-19,2023-11-20,2025-12-31,1,Baja,7,7-12 meses,Mes a mes,Tarjeta automática,Internet fibra,Cuyo,Hogar,81.09,0.067,3,0,Sí,3,529.6,973.08
C02143,2023-05-19,2023-05-06,2025-12-31,1,Baja,1,0-3 meses,Mes a mes,Transferencia,Internet estándar,Cuyo,Hogar,45.15,0.0479,0,0,No,5,42.99,541.8
C02144,2023-05-19,,2025-12-31,0,Activo,32,25+ meses,Dos años,Tarjeta automática,Internet fibra,AMBA,Hogar,75.16,0.0333,0,1,Sí,3,2325.03,0.0
C02145,2023-05-20,2023-11-05,2025-12-31,1,Baja,7,7-12 meses,Mes a mes,Tarjeta automática,Streaming,Patagonia,Hogar,32.74,0.0776,3,1,Sí,2,211.4,392.88
C02146,2023-05-20,,2025-12-31,0,Activo,32,25+ meses,Anual,Transferencia,Telefonía móvil,Patagonia,Hogar,66.93,0.0234,2,0,No,2,2091.64,0.0
C02147,2023-05-21,,2025-12-31,0,Activo,32,25+ meses,Dos años,Tarjeta automática,Telefonía móvil,Cuyo,Hogar,50.17,0.0143,2,0,Sí,4,1582.48,0.0
C02148,2023-05-21,,2025-12-31,0,Activo,32,25+ meses,Mes a mes,Tarjeta automática,Internet estándar,Patagonia,Hogar,55.03,0.0113,0,1,Sí,5,1741.06,0.0
C02149,2023-05-21,,2025-12-31,0,Activo,32,25+ meses,Dos años,Tarjeta automática,Internet fibra,NOA,Profesional,104.51,0.0764,1,0,Sí,5,3088.81,0.0
C02150,2023-05-21,2024-12-15,2025-12-31,1,Baja,20,13-24 meses,Mes a mes,Transferencia,Internet fibra,Patagonia,PyME,107.17,0.0787,1,0,No,4,1974.71,1286.04
C02151,2023-05-22,,2025-12-31,0,Activo,32,25+ meses,Anual,Tarjeta automática,Telefonía móvil,NOA,Hogar,45.51,0.0595,0,0,Sí,4,1369.67,0.0
C02152,2023-05-23,,2025-12-31,0,Activo,32,25+ meses,Mes a mes,Tarjeta automática,Internet fibra,Cuyo,Hogar,88.02,0.0677,0,0,Sí,5,2625.95,0.0
C02153,2023-05-23,,2025-12-31,0,Activo,32,25+ meses,Mes a mes,Tarjeta automática,Streaming,Cuyo,Hogar,29.93,0.0323,0,1,Sí,3,926.82,0.0
C02154,2023-05-23,,2025-12-31,0,Activo,32,25+ meses,Mes a mes,Transferencia,Internet estándar,NOA,Profesional,66.53,0.0428,3,0,No,3,2037.84,0.0
C02155,2023-05-23,,2025-12-31,0,Activo,32,25+ meses,Mes a mes,Tarjeta automática,Telefonía móvil,Litoral,Hogar,31.66,0.013,0,2,Sí,4,999.95,0.0
C02156,2023-05-23,,2025-12-31,0,Activo,32,25+ meses,Mes a mes,Tarjeta automática,Internet estándar,Litoral,Hogar,44.23,0.1569,0,0,Sí,4,1193.29,0.0
C02157,2023-05-24,2024-04-14,2025-12-31,1,Baja,12,7-12 meses,Mes a mes,Cheque electrónico,Internet estándar,Litoral,Hogar,39.83,0.0436,0,0,No,4,457.12,477.96
C02158,2023-05-24,,2025-12-31,0,Activo,32,25+ meses,Anual,Cheque electrónico,Telefonía móvil,NOA,PyME,107.99,0.1737,0,2,No,4,2855.43,0.0
C02159,2023-05-24,2024-11-18,2025-12-31,1,Baja,19,13-24 meses,Mes a mes,Tarjeta automática,Telefonía móvil,Patagonia,Hogar,58.52,0.0564,2,0,Sí,2,1049.17,702.24
C02160,2023-05-27,,2025-12-31,0,Activo,32,25+ meses,Mes a mes,Tarjeta automática,Streaming,Patagonia,Hogar,50.29,0.044,1,0,Sí,3,1538.47,0.0
C02161,2023-05-27,,2025-12-31,0,Activo,32,25+ meses,Dos años,Tarjeta automática,Telefonía móvil,AMBA,Hogar,32.65,0.0305,0,0,Sí,5,1012.93,0.0
C02162,2023-05-27,,2025-12-31,0,Activo,32,25+ meses,Dos años,Transferencia,Streaming,Patagonia,Hogar,21.65,0.0112,6,0,No,1,685.04,0.0
C02163,2023-05-28,,2025-12-31,0,Activo,32,25+ meses,Mes a mes,Tarjeta automática,Internet estándar,Centro,Hogar,40.75,0.0035,0,0,Sí,4,1299.44,0.0
C02164,2023-05-28,2024-01-06,2025-12-31,1,Baja,9,7-12 meses,Mes a mes,Cheque electrónico,Internet fibra,AMBA,PyME,121.8,0.0439,1,0,No,5,1048.08,1461.6
C02165,2023-05-29,,2025-12-31,0,Activo,32,25+ meses,Anual,Cheque electrónico,Streaming,Centro,Profesional,35.97,0.0593,1,0,No,4,1082.78,0.0
C02166,2023-05-29,,2025-12-31,0,Activo,32,25+ meses,Anual,Débito automático,Streaming,Patagonia,PyME,78.33,0.0669,3,0,Sí,3,2338.87,0.0
C02167,2023-05-29,2025-12-05,2025-12-31,1,Baja,32,25+ meses,Mes a mes,Tarjeta automática,Internet fibra,Patagonia,PyME,142.62,0.0627,1,0,Sí,4,4277.69,1711.44
C02168,2023-05-30,,2025-12-31,0,Activo,32,25+ meses,Anual,Cheque electrónico,Internet fibra,Centro,Hogar,70.1,0.1103,1,1,No,5,1995.78,0.0
C02169,2023-05-30,2024-05-08,2025-12-31,1,Baja,13,13-24 meses,Mes a mes,Transferencia,Streaming,Centro,Profesional,58.58,0.0427,3,0,No,2,729.02,702.96
C02170,2023-05-30,2023-10-24,2025-12-31,1,Baja,6,4-6 meses,Mes a mes,Cheque electrónico,Internet fibra,Cuyo,Profesional,111.04,0.0536,2,1,No,3,630.53,1332.48
C02171,2023-05-30,,2025-12-31,0,Activo,32,25+ meses,Anual,Tarjeta automática,Streaming,Centro,Hogar,32.14,0.0571,3,0,Sí,2,969.75,0.0
C02172,2023-05-30,,2025-12-31,0,Activo,32,25+ meses,Anual,Transferencia,Streaming,Cuyo,Hogar,42.52,0.0856,3,0,No,2,1244.17,0.0
C02173,2023-05-30,2023-10-20,2025-12-31,1,Baja,6,4-6 meses,Anual,Cheque electrónico,Internet estándar,Patagonia,PyME,89.03,0.1337,1,3,No,3,462.76,1068.36
C02174,2023-05-30,2024-01-05,2025-12-31,1,Baja,9,7-12 meses,Mes a mes,Cheque electrónico,Internet fibra,Centro,Profesional,89.86,0.0109,0,1,No,5,799.92,1078.32
C02175,2023-05-31,2023-07-21,2025-12-31,1,Baja,3,0-3 meses,Mes a mes,Débito automático,Internet estándar,Centro,Profesional,69.08,0.0209,5,0,Sí,1,202.91,828.96
C02176,2023-05-31,,2025-12-31,0,Activo,32,25+ meses,Mes a mes,Débito automático,Internet estándar,AMBA,Hogar,51.46,0.015,0,1,Sí,5,1622.02,0.0
C02177,2023-05-31,,2025-12-31,0,Activo,32,25+ meses,Mes a mes,Débito automático,Streaming,Patagonia,Profesional,62.72,0.0703,0,0,Sí,4,1865.95,0.0
C02178,2023-05-31,2024-12-17,2025-12-31,1,Baja,20,13-24 meses,Mes a mes,Transferencia,Streaming,Centro,Hogar,18.01,0.0312,2,0,No,3,348.96,216.12
C02179,2023-05-31,2024-08-22,2025-12-31,1,Baja,16,13-24 meses,Mes a mes,Cheque electrónico,Telefonía móvil,Centro,Hogar,36.09,0.0563,1,0,No,4,544.93,433.08
C02180,2023-05-31,,2025-12-31,0,Activo,32,25+ meses,Mes a mes,Transferencia,Internet fibra,Patagonia,Profesional,95.07,0.0277,2,0,No,3,2957.97,0.0
C02181,2023-06-01,,2025-12-31,0,Activo,31,25+ meses,Anual,Tarjeta automática,Streaming,AMBA,Hogar,23.3,0.1313,0,0,Sí,4,627.46,0.0
C02182,2023-06-01,,2025-12-31,0,Activo,31,25+ meses,Mes a mes,Tarjeta automática,Internet estándar,Litoral,Hogar,37.53,0.0987,0,0,Sí,3,1048.6,0.0
C02183,2023-06-01,,2025-12-31,0,Activo,31,25+ meses,Mes a mes,Transferencia,Telefonía móvil,AMBA,Profesional,54.76,0.0692,1,1,No,5,1580.09,0.0
C02184,2023-06-01,,2025-12-31,0,Activo,31,25+ meses,Anual,Cheque electrónico,Internet fibra,NOA,Hogar,75.3,0.0753,2,1,No,3,2158.53,0.0
C02185,2023-06-02,2023-11-24,2025-12-31,1,Baja,6,4-6 meses,Mes a mes,Tarjeta automática,Internet estándar,Patagonia,Hogar,64.92,0.0408,1,1,Sí,5,373.63,779.04
C02186,2023-06-02,,2025-12-31,0,Activo,31,25+ meses,Dos años,Débito automático,Internet estándar,Patagonia,Hogar,37.78,0.0939,4,0,Sí,2,1061.21,0.0
C02187,2023-06-02,2023-09-04,2025-12-31,1,Baja,4,4-6 meses,Mes a mes,Cheque electrónico,Internet estándar,Litoral,Hogar,57.97,0.0802,1,2,No,4,213.28,695.64
C02188,2023-06-03,2024-02-14,2025-12-31,1,Baja,9,7-12 meses,Mes a mes,Débito automático,Telefonía móvil,Cuyo,Hogar,55.99,0.1127,4,0,Sí,1,447.12,671.88
C02189,2023-06-03,,2025-12-31,0,Activo,31,25+ meses,Dos años,Tarjeta automática,Internet fibra,NOA,Hogar,72.36,0.0138,0,2,Sí,3,2212.2,0.0
C02190,2023-06-03,,2025-12-31,0,Activo,31,25+ meses,Anual,Débito automático,Internet fibra,Patagonia,PyME,135.86,0.0439,0,0,Sí,4,4026.77,0.0
C02191,2023-06-03,,2025-12-31,0,Activo,31,25+ meses,Anual,Débito automático,Streaming,AMBA,Hogar,35.34,0.0359,2,0,Sí,5,1056.21,0.0
C02192,2023-06-04,,2025-12-31,0,Activo,31,25+ meses,Anual,Tarjeta automática,Internet estándar,Litoral,PyME,108.52,0.0312,2,0,Sí,3,3259.16,0.0
C02193,2023-06-05,,2025-12-31,0,Activo,31,25+ meses,Mes a mes,Transferencia,Internet fibra,Litoral,Hogar,78.9,0.0076,1,0,No,5,2427.31,0.0
C02194,2023-06-05,,2025-12-31,0,Activo,31,25+ meses,Anual,Transferencia,Internet fibra,Centro,Hogar,70.53,0.0978,1,0,No,5,1972.6,0.0
C02195,2023-06-05,2025-02-21,2025-12-31,1,Baja,21,13-24 meses,Dos años,Transferencia,Internet fibra,Cuyo,Profesional,103.29,0.0188,0,0,No,5,2128.31,1239.48
C02196,2023-06-06,,2025-12-31,0,Activo,31,25+ meses,Dos años,Transferencia,Telefonía móvil,NOA,Hogar,37.88,0.0394,0,1,No,5,1128.01,0.0
C02197,2023-06-06,2023-10-26,2025-12-31,1,Baja,5,4-6 meses,Mes a mes,Tarjeta automática,Internet estándar,AMBA,PyME,104.32,0.0705,1,3,Sí,3,484.83,1251.84
C02198,2023-06-06,2024-10-07,2025-12-31,1,Baja,17,13-24 meses,Mes a mes,Tarjeta automática,Internet fibra,NOA,Hogar,79.93,0.0652,0,2,Sí,5,1270.22,959.16
C02199,2023-06-06,,2025-12-31,0,Activo,31,25+ meses,Anual,Tarjeta automática,Internet estándar,Patagonia,Profesional,76.42,0.0587,1,0,Sí,4,2229.96,0.0
C02200,2023-06-07,,2025-12-31,0,Activo,31,25+ meses,Mes a mes,Tarjeta automática,Telefonía móvil,AMBA,Hogar,63.21,0.0249,2,0,Sí,4,1910.72,0.0
C02201,2023-06-07,,2025-12-31,0,Activo,31,25+ meses,Mes a mes,Transferencia,Telefonía móvil,Centro,Profesional,51.88,0.0407,1,0,No,4,1542.82,0.0
C02202,2023-06-07,2023-10-14,2025-12-31,1,Baja,5,4-6 meses,Mes a mes,Tarjeta automática,Internet fibra,NOA,Hogar,78.58,0.1145,5,0,Sí,2,347.91,942.96
C02203,2023-06-07,2024-01-15,2025-12-31,1,Baja,8,7-12 meses,Mes a mes,Transferencia,Streaming,Patagonia,Hogar,18.0,0.0363,3,0,No,3,138.77,216.0
C02204,2023-06-08,,2025-12-31,0,Activo,31,25+ meses,Mes a mes,Tarjeta automática,Internet fibra,AMBA,Hogar,94.3,0.0417,0,1,Sí,4,2801.4,0.0
C02205,2023-06-08,2023-09-22,2025-12-31,1,Baja,4,4-6 meses,Mes a mes,Tarjeta automática,Internet fibra,AMBA,Profesional,96.48,0.0702,1,0,Sí,3,358.83,1157.76
C02206,2023-06-08,,2025-12-31,0,Activo,31,25+ meses,Mes a mes,Tarjeta automática,Telefonía móvil,NOA,Hogar,38.7,0.0412,2,0,Sí,4,1150.27,0.0
C02207,2023-06-08,2025-06-09,2025-12-31,1,Baja,25,25+ meses,Mes a mes,Débito automático,Telefonía móvil,AMBA,Hogar,42.57,0.0274,0,1,Sí,4,1035.09,510.84
C02208,2023-06-09,,2025-12-31,0,Activo,31,25+ meses,Dos años,Transferencia,Internet fibra,Litoral,Hogar,79.13,0.0261,0,0,No,4,2389.01,0.0
C02209,2023-06-09,2023-09-14,2025-12-31,1,Baja,4,4-6 meses,Mes a mes,Cheque electrónico,Telefonía móvil,NOA,Hogar,33.95,0.0322,1,1,No,4,131.43,407.4
C02210,2023-06-09,2023-09-27,2025-12-31,1,Baja,4,4-6 meses,Mes a mes,Tarjeta automática,Streaming,AMBA,Profesional,60.07,0.0541,2,0,Sí,4,227.28,720.84
C02211,2023-06-09,2023-06-05,2025-12-31,1,Baja,1,0-3 meses,Mes a mes,Transferencia,Telefonía móvil,AMBA,Profesional,67.09,0.1051,1,1,No,4,60.04,805.08
C02212,2023-06-09,2024-08-18,2025-12-31,1,Baja,15,13-24 meses,Mes a mes,Transferencia,Telefonía móvil,Patagonia,Hogar,50.63,0.0598,2,0,No,4,714.03,607.56
C02213,2023-06-10,,2025-12-31,0,Activo,31,25+ meses,Dos años,Débito automático,Internet estándar,NOA,Profesional,59.52,0.0585,0,0,Sí,5,1737.18,0.0
C02214,2023-06-10,,2025-12-31,0,Activo,31,25+ meses,Dos años,Tarjeta automática,Telefonía móvil,Litoral,Hogar,33.92,0.0357,0,1,Sí,4,1013.98,0.0
C02215,2023-06-11,2024-04-20,2025-12-31,1,Baja,11,7-12 meses,Mes a mes,Tarjeta automática,Internet fibra,Centro,Hogar,76.75,0.0795,1,0,Sí,4,777.13,921.0
C02216,2023-06-11,2024-02-21,2025-12-31,1,Baja,9,7-12 meses,Mes a mes,Tarjeta automática,Internet estándar,AMBA,Hogar,57.8,0.0975,4,3,Sí,1,469.48,693.6
C02217,2023-06-11,2023-12-17,2025-12-31,1,Baja,7,7-12 meses,Mes a mes,Cheque electrónico,Internet estándar,NOA,Hogar,54.52,0.0667,0,2,No,3,356.18,654.24
C02218,2023-06-11,2023-11-11,2025-12-31,1,Baja,6,4-6 meses,Mes a mes,Débito automático,Telefonía móvil,Patagonia,Profesional,51.45,0.0263,0,0,Sí,4,300.58,617.4
C02219,2023-06-12,2023-09-01,2025-12-31,1,Baja,4,4-6 meses,Mes a mes,Débito automático,Internet fibra,NOA,PyME,140.35,0.0749,1,0,Sí,4,519.35,1684.2
C02220,2023-06-12,2024-05-09,2025-12-31,1,Baja,12,7-12 meses,Mes a mes,Transferencia,Internet estándar,Patagonia,PyME,93.31,0.0341,1,0,No,4,1081.54,1119.72
C02221,2023-06-12,2024-08-09,2025-12-31,1,Baja,15,13-24 meses,Mes a mes,Débito automático,Telefonía móvil,Cuyo,Profesional,52.72,0.0377,3,1,Sí,3,760.99,632.64
C02222,2023-06-12,,2025-12-31,0,Activo,31,25+ meses,Mes a mes,Transferencia,Internet estándar,Cuyo,Hogar,50.73,0.0152,0,1,No,4,1548.73,0.0
C02223,2023-06-13,2024-11-08,2025-12-31,1,Baja,18,13-24 meses,Mes a mes,Tarjeta automática,Internet fibra,Cuyo,Hogar,65.11,0.013,1,2,Sí,4,1156.74,781.32
C02224,2023-06-13,2024-01-15,2025-12-31,1,Baja,8,7-12 meses,Mes a mes,Débito automático,Internet fibra,Patagonia,Hogar,67.4,0.0558,4,0,Sí,3,509.11,808.8
C02225,2023-06-13,,2025-12-31,0,Activo,31,25+ meses,Mes a mes,Tarjeta automática,Streaming,AMBA,Profesional,64.07,0.0225,0,1,Sí,4,1941.48,0.0
C02226,2023-06-13,,2025-12-31,0,Activo,31,25+ meses,Mes a mes,Tarjeta automática,Internet fibra,AMBA,Hogar,93.03,0.0188,1,0,Sí,5,2829.71,0.0
C02227,2023-06-13,,2025-12-31,0,Activo,31,25+ meses,Mes a mes,Tarjeta automática,Internet estándar,NOA,PyME,129.19,0.0613,0,0,Sí,5,3759.39,0.0
C02228,2023-06-13,,2025-12-31,0,Activo,31,25+ meses,Mes a mes,Transferencia,Internet estándar,Centro,Hogar,53.96,0.0255,1,0,No,4,1630.1,0.0
C02229,2023-06-14,,2025-12-31,0,Activo,31,25+ meses,Mes a mes,Transferencia,Telefonía móvil,AMBA,Hogar,49.09,0.0393,1,0,No,3,1461.98,0.0
C02230,2023-06-14,2023-12-05,2025-12-31,1,Baja,7,7-12 meses,Mes a mes,Transferencia,Telefonía móvil,Patagonia,Profesional,58.3,0.0266,5,1,No,1,397.24,699.6
C02231,2023-06-14,,2025-12-31,0,Activo,31,25+ meses,Anual,Tarjeta automática,Internet fibra,Cuyo,Hogar,74.15,0.06,0,0,Sí,4,2160.73,0.0
C02232,2023-06-14,,2025-12-31,0,Activo,31,25+ meses,Dos años,Cheque electrónico,Telefonía móvil,Centro,Hogar,51.59,0.0627,0,2,No,4,1499.01,0.0
C02233,2023-06-14,2024-11-13,2025-12-31,1,Baja,18,13-24 meses,Mes a mes,Tarjeta automática,Telefonía móvil,Cuyo,Hogar,56.98,0.0912,5,0,Sí,1,932.1,683.76
C02234,2023-06-14,2024-08-15,2025-12-31,1,Baja,15,13-24 meses,Mes a mes,Cheque electrónico,Streaming,Cuyo,PyME,92.65,0.0145,1,0,No,3,1369.6,1111.8
C02235,2023-06-15,,2025-12-31,0,Activo,31,25+ meses,Anual,Transferencia,Internet estándar,Litoral,Hogar,39.76,0.0509,4,0,No,2,1169.82,0.0
C02236,2023-06-15,,2025-12-31,0,Activo,31,25+ meses,Anual,Transferencia,Internet fibra,NOA,Hogar,82.31,0.1141,0,0,No,4,2260.47,0.0
C02237,2023-06-15,2024-05-21,2025-12-31,1,Baja,12,7-12 meses,Mes a mes,Débito automático,Streaming,NOA,Hogar,20.53,0.0418,2,1,Sí,1,236.06,246.36
C02238,2023-06-15,2023-09-25,2025-12-31,1,Baja,4,4-6 meses,Mes a mes,Transferencia,Internet estándar,Patagonia,Hogar,45.43,0.0741,3,0,No,3,168.25,545.16
C02239,2023-06-15,2025-10-13,2025-12-31,1,Baja,29,25+ meses,Mes a mes,Transferencia,Internet fibra,Cuyo,Hogar,96.0,0.035,2,0,No,4,2686.56,1152.0
C02240,2023-06-15,2024-03-07,2025-12-31,1,Baja,10,7-12 meses,Mes a mes,Tarjeta automática,Internet fibra,Litoral,Hogar,64.8,0.0485,2,0,Sí,4,616.57,777.6
C02241,2023-06-15,,2025-12-31,0,Activo,31,25+ meses,Mes a mes,Cheque electrónico,Internet fibra,AMBA,Hogar,101.86,0.0118,1,0,No,2,3120.4,0.0
C02242,2023-06-16,2024-05-08,2025-12-31,1,Baja,12,7-12 meses,Mes a mes,Tarjeta automática,Streaming,Litoral,PyME,90.04,0.0594,1,0,Sí,4,1016.3,1080.48
C02243,2023-06-16,2023-09-13,2025-12-31,1,Baja,4,4-6 meses,Mes a mes,Débito automático,Internet fibra,Patagonia,Profesional,90.87,0.016,3,0,Sí,3,357.66,1090.44
C02244,2023-06-16,2023-11-08,2025-12-31,1,Baja,6,4-6 meses,Mes a mes,Transferencia,Streaming,NOA,Profesional,47.75,0.1468,0,0,No,5,244.44,573.0
C02245,2023-06-17,2025-04-24,2025-12-31,1,Baja,23,13-24 meses,Mes a mes,Cheque electrónico,Telefonía móvil,AMBA,Hogar,34.47,0.0147,0,1,No,5,781.16,413.64
C02246,2023-06-17,,2025-12-31,0,Activo,31,25+ meses,Anual,Débito automático,Internet estándar,NOA,Hogar,42.98,0.067,3,1,Sí,2,1243.11,0.0
C02247,2023-06-17,,2025-12-31,0,Activo,31,25+ meses,Mes a mes,Tarjeta automática,Internet fibra,Litoral,Hogar,78.81,0.0785,0,0,Sí,4,2251.33,0.0
C02248,2023-06-17,,2025-12-31,0,Activo,31,25+ meses,Mes a mes,Débito automático,Internet fibra,AMBA,Hogar,74.38,0.0003,0,1,Sí,5,2305.09,0.0
C02249,2023-06-17,2023-09-03,2025-12-31,1,Baja,4,4-6 meses,Mes a mes,Tarjeta automática,Internet estándar,NOA,Hogar,38.74,0.1416,4,1,Sí,1,133.02,464.88
C02250,2023-06-18,,2025-12-31,0,Activo,31,25+ meses,Anual,Débito automático,Telefonía móvil,Cuyo,Hogar,39.56,0.071,1,0,Sí,3,1139.29,0.0
C02251,2023-06-18,2024-01-20,2025-12-31,1,Baja,8,7-12 meses,Mes a mes,Débito automático,Streaming,Cuyo,Hogar,18.0,0.0729,8,1,Sí,1,133.5,216.0
C02252,2023-06-19,,2025-12-31,0,Activo,31,25+ meses,Mes a mes,Cheque electrónico,Telefonía móvil,Centro,Hogar,28.01,0.0389,0,0,No,5,834.53,0.0
C02253,2023-06-19,,2025-12-31,0,Activo,31,25+ meses,Mes a mes,Tarjeta automática,Telefonía móvil,AMBA,Hogar,27.9,0.0886,1,0,Sí,4,788.27,0.0
C02254,2023-06-19,,2025-12-31,0,Activo,31,25+ meses,Anual,Tarjeta automática,Internet fibra,AMBA,Hogar,96.38,0.0546,2,0,Sí,2,2824.65,0.0
C02255,2023-06-19,,2025-12-31,0,Activo,31,25+ meses,Anual,Débito automático,Streaming,Centro,Profesional,51.46,0.0298,0,1,Sí,2,1547.72,0.0
C02256,2023-06-20,,2025-12-31,0,Activo,31,25+ meses,Dos años,Tarjeta automática,Internet estándar,Centro,Hogar,55.55,0.0593,0,0,Sí,4,1619.93,0.0
C02257,2023-06-20,2025-02-13,2025-12-31,1,Baja,21,13-24 meses,Anual,Tarjeta automática,Internet estándar,Cuyo,Profesional,67.12,0.0496,2,0,Sí,3,1339.61,805.44
C02258,2023-06-20,,2025-12-31,0,Activo,31,25+ meses,Mes a mes,Débito automático,Internet estándar,Litoral,Hogar,54.57,0.0223,1,0,Sí,4,1653.95,0.0
C02259,2023-06-21,,2025-12-31,0,Activo,31,25+ meses,Mes a mes,Débito automático,Internet estándar,NOA,PyME,116.93,0.0143,0,0,Sí,5,3572.99,0.0
C02260,2023-06-21,,2025-12-31,0,Activo,31,25+ meses,Mes a mes,Tarjeta automática,Streaming,Patagonia,Hogar,33.49,0.0278,0,0,Sí,5,1009.33,0.0
C02261,2023-06-22,,2025-12-31,0,Activo,31,25+ meses,Anual,Débito automático,Streaming,Cuyo,Hogar,47.04,0.0317,1,0,Sí,2,1412.01,0.0
C02262,2023-06-23,,2025-12-31,0,Activo,31,25+ meses,Anual,Cheque electrónico,Internet estándar,NOA,Hogar,48.59,0.0149,0,1,No,5,1483.85,0.0
C02263,2023-06-23,2023-06-05,2025-12-31,1,Baja,1,0-3 meses,Mes a mes,Débito automático,Internet fibra,Litoral,Hogar,84.59,0.0547,1,1,Sí,1,79.96,1015.08
C02264,2023-06-23,,2025-12-31,0,Activo,31,25+ meses,Dos años,Tarjeta automática,Internet estándar,Cuyo,Hogar,56.74,0.0514,0,1,Sí,4,1668.53,0.0
C02265,2023-06-23,,2025-12-31,0,Activo,31,25+ meses,Mes a mes,Tarjeta automática,Streaming,Centro,Hogar,18.75,0.0841,0,0,Sí,4,532.37,0.0
C02266,2023-06-23,2024-06-20,2025-12-31,1,Baja,13,13-24 meses,Mes a mes,Tarjeta automática,Internet estándar,Cuyo,PyME,104.47,0.0933,1,0,Sí,4,1231.4,1253.64
C02267,2023-06-23,,2025-12-31,0,Activo,31,25+ meses,Mes a mes,Débito automático,Internet fibra,AMBA,Profesional,75.74,0.0526,1,1,Sí,2,2224.44,0.0
C02268,2023-06-24,,2025-12-31,0,Activo,31,25+ meses,Dos años,Transferencia,Internet fibra,AMBA,Hogar,76.57,0.1549,3,0,No,3,2005.99,0.0
C02269,2023-06-24,,2025-12-31,0,Activo,31,25+ meses,Dos años,Tarjeta automática,Telefonía móvil,NOA,Profesional,56.93,0.0298,0,0,Sí,4,1712.24,0.0
C02270,2023-06-24,,2025-12-31,0,Activo,31,25+ meses,Mes a mes,Tarjeta automática,Streaming,Centro,Hogar,25.27,0.0617,3,0,Sí,3,735.04,0.0
C02271,2023-06-24,,2025-12-31,0,Activo,31,25+ meses,Dos años,Débito automático,Internet fibra,Litoral,Hogar,73.52,0.0309,2,0,Sí,1,2208.7,0.0
C02272,2023-06-24,,2025-12-31,0,Activo,31,25+ meses,Dos años,Débito automático,Internet estándar,AMBA,Hogar,54.63,0.0431,2,0,Sí,3,1620.54,0.0
C02273,2023-06-25,,2025-12-31,0,Activo,31,25+ meses,Anual,Cheque electrónico,Internet estándar,Litoral,Hogar,39.26,0.0647,0,2,No,4,1138.32,0.0
C02274,2023-06-25,2025-07-11,2025-12-31,1,Baja,26,25+ meses,Dos años,Tarjeta automática,Streaming,NOA,PyME,104.46,0.0939,0,0,Sí,3,2460.93,1253.52
C02275,2023-06-25,2023-10-15,2025-12-31,1,Baja,5,4-6 meses,Mes a mes,Tarjeta automática,Internet fibra,Cuyo,Profesional,102.24,0.0805,3,1,Sí,3,470.05,1226.88
C02276,2023-06-25,,2025-12-31,0,Activo,31,25+ meses,Anual,Débito automático,Streaming,AMBA,PyME,75.17,0.0442,1,1,Sí,4,2227.27,0.0
C02277,2023-06-25,,2025-12-31,0,Activo,31,25+ meses,Anual,Tarjeta automática,Telefonía móvil,AMBA,Hogar,49.12,0.0325,2,0,Sí,3,1473.23,0.0
C02278,2023-06-26,,2025-12-31,0,Activo,31,25+ meses,Anual,Tarjeta automática,Internet estándar,Patagonia,Hogar,59.94,0.0572,0,0,Sí,4,1751.85,0.0
C02279,2023-06-26,,2025-12-31,0,Activo,31,25+ meses,Mes a mes,Débito automático,Internet estándar,AMBA,Profesional,71.06,0.0787,1,0,Sí,4,2029.49,0.0
C02280,2023-06-26,,2025-12-31,0,Activo,31,25+ meses,Anual,Tarjeta automática,Internet fibra,Centro,Hogar,66.94,0.041,2,0,Sí,4,1990.06,0.0
C02281,2023-06-27,,2025-12-31,0,Activo,31,25+ meses,Dos años,Tarjeta automática,Internet fibra,NOA,Profesional,120.61,0.0747,0,0,Sí,5,3459.61,0.0
C02282,2023-06-27,,2025-12-31,0,Activo,31,25+ meses,Mes a mes,Transferencia,Telefonía móvil,Litoral,Hogar,49.03,0.0247,0,0,No,4,1482.39,0.0
C02283,2023-06-27,,2025-12-31,0,Activo,31,25+ meses,Dos años,Débito automático,Telefonía móvil,NOA,Profesional,46.28,0.0901,1,1,Sí,3,1305.42,0.0
C02284,2023-06-27,2024-01-27,2025-12-31,1,Baja,8,7-12 meses,Mes a mes,Tarjeta automática,Internet fibra,NOA,Profesional,98.3,0.038,0,0,Sí,5,756.52,1179.6
C02285,2023-06-27,2023-09-11,2025-12-31,1,Baja,4,4-6 meses,Mes a mes,Cheque electrónico,Telefonía móvil,Litoral,Hogar,39.58,0.0707,2,1,No,2,147.13,474.96
C02286,2023-06-27,,2025-12-31,0,Activo,31,25+ meses,Mes a mes,Tarjeta automática,Internet fibra,NOA,Hogar,78.07,0.1054,0,0,Sí,5,2165.08,0.0
C02287,2023-06-28,2024-04-04,2025-12-31,1,Baja,11,7-12 meses,Anual,Cheque electrónico,Internet estándar,AMBA,Hogar,35.87,0.0629,6,2,No,2,369.75,430.44
C02288,2023-06-28,2024-02-07,2025-12-31,1,Baja,9,7-12 meses,Mes a mes,Cheque electrónico,Streaming,Centro,Hogar,29.6,0.0741,3,0,No,2,246.66,355.2
C02289,2023-06-28,,2025-12-31,0,Activo,31,25+ meses,Mes a mes,Débito automático,Internet estándar,Centro,Profesional,57.86,0.0807,0,0,Sí,4,1648.91,0.0
C02290,2023-06-28,,2025-12-31,0,Activo,31,25+ meses,Anual,Tarjeta automática,Internet estándar,NOA,Hogar,45.16,0.098,4,0,Sí,3,1262.76,0.0
C02291,2023-06-28,2023-06-17,2025-12-31,1,Baja,1,0-3 meses,Mes a mes,Cheque electrónico,Streaming,Litoral,Hogar,33.26,0.0916,1,0,No,4,30.21,399.12
C02292,2023-06-29,,2025-12-31,0,Activo,31,25+ meses,Mes a mes,Débito automático,Internet fibra,Centro,Hogar,72.76,0.0525,1,0,Sí,4,2137.14,0.0
C02293,2023-06-29,,2025-12-31,0,Activo,31,25+ meses,Dos años,Tarjeta automática,Telefonía móvil,Centro,Hogar,38.81,0.0923,1,0,Sí,4,1092.06,0.0
C02294,2023-06-29,,2025-12-31,0,Activo,31,25+ meses,Anual,Débito automático,Internet fibra,Patagonia,Hogar,87.02,0.0584,3,1,Sí,3,2540.08,0.0
C02295,2023-06-29,,2025-12-31,0,Activo,31,25+ meses,Anual,Débito automático,Internet fibra,NOA,Profesional,86.23,0.0436,0,2,Sí,3,2556.58,0.0
C02296,2023-06-29,,2025-12-31,0,Activo,31,25+ meses,Anual,Cheque electrónico,Telefonía móvil,AMBA,Profesional,52.87,0.057,0,3,No,3,1545.55,0.0
C02297,2023-06-30,,2025-12-31,0,Activo,31,25+ meses,Dos años,Transferencia,Internet estándar,Cuyo,PyME,90.2,0.1116,1,1,No,2,2484.14,0.0
C02298,2023-06-30,2024-09-01,2025-12-31,1,Baja,16,13-24 meses,Mes a mes,Cheque electrónico,Internet estándar,Litoral,Hogar,39.95,0.0859,2,0,No,2,584.29,479.4
C02299,2023-07-01,,2025-12-31,0,Activo,30,25+ meses,Mes a mes,Transferencia,Internet fibra,Centro,Hogar,79.42,0.1,0,0,No,4,2144.34,0.0
C02300,2023-07-01,,2025-12-31,0,Activo,30,25+ meses,Mes a mes,Transferencia,Internet fibra,Patagonia,Hogar,85.03,0.0727,0,0,No,4,2365.45,0.0
C02301,2023-07-02,,2025-12-31,0,Activo,30,25+ meses,Mes a mes,Débito automático,Internet fibra,Patagonia,Hogar,69.13,0.0926,0,0,Sí,5,1881.86,0.0
C02302,2023-07-02,2025-11-06,2025-12-31,1,Baja,29,25+ meses,Anual,Cheque electrónico,Internet estándar,NOA,Hogar,55.71,0.0512,1,0,No,4,1532.87,668.52
C02303,2023-07-03,,2025-12-31,0,Activo,30,25+ meses,Anual,Cheque electrónico,Internet estándar,Patagonia,Hogar,50.16,0.0584,3,0,No,3,1416.92,0.0
C02304,2023-07-03,2023-09-01,2025-12-31,1,Baja,3,0-3 meses,Mes a mes,Cheque electrónico,Internet estándar,NOA,Hogar,33.79,0.0398,2,0,No,3,97.34,405.48
C02305,2023-07-03,,2025-12-31,0,Activo,30,25+ meses,Mes a mes,Transferencia,Telefonía móvil,Cuyo,Hogar,43.92,0.1317,0,0,No,5,1144.07,0.0
C02306,2023-07-03,,2025-12-31,0,Activo,30,25+ meses,Anual,Débito automático,Telefonía móvil,Centro,Hogar,55.14,0.0268,0,0,Sí,3,1609.87,0.0
C02307,2023-07-03,,2025-12-31,0,Activo,30,25+ meses,Dos años,Tarjeta automática,Internet estándar,Centro,Hogar,28.19,0.0453,0,1,Sí,4,807.39,0.0
C02308,2023-07-03,2024-07-13,2025-12-31,1,Baja,13,13-24 meses,Mes a mes,Cheque electrónico,Telefonía móvil,NOA,Profesional,82.06,0.0798,1,2,No,4,981.65,984.72
C02309,2023-07-04,,2025-12-31,0,Activo,30,25+ meses,Mes a mes,Tarjeta automática,Telefonía móvil,Litoral,Hogar,35.28,0.0717,1,1,Sí,3,982.51,0.0
C02310,2023-07-04,2024-10-11,2025-12-31,1,Baja,16,13-24 meses,Mes a mes,Tarjeta automática,Telefonía móvil,Centro,Profesional,41.86,0.0388,1,1,Sí,3,643.77,502.32
C02311,2023-07-04,2025-07-09,2025-12-31,1,Baja,25,25+ meses,Mes a mes,Débito automático,Streaming,Patagonia,Hogar,30.52,0.0575,0,0,Sí,3,719.13,366.24
C02312,2023-07-04,,2025-12-31,0,Activo,30,25+ meses,Mes a mes,Débito automático,Internet fibra,Centro,Hogar,87.14,0.0803,0,0,Sí,4,2404.28,0.0
C02313,2023-07-04,,2025-12-31,0,Activo,30,25+ meses,Mes a mes,Débito automático,Internet fibra,Centro,Hogar,74.92,0.1091,3,1,Sí,4,2002.39,0.0
C02314,2023-07-05,,2025-12-31,0,Activo,30,25+ meses,Anual,Tarjeta automática,Telefonía móvil,AMBA,Hogar,45.43,0.0789,2,0,Sí,3,1255.37,0.0
C02315,2023-07-05,,2025-12-31,0,Activo,30,25+ meses,Mes a mes,Tarjeta automática,Internet estándar,NOA,Hogar,72.32,0.1075,1,0,Sí,5,1936.37,0.0
C02316,2023-07-05,,2025-12-31,0,Activo,30,25+ meses,Mes a mes,Tarjeta automática,Telefonía móvil,Centro,Profesional,62.26,0.0555,0,0,Sí,5,1764.14,0.0
C02317,2023-07-05,2023-11-10,2025-12-31,1,Baja,5,4-6 meses,Mes a mes,Débito automático,Streaming,Patagonia,Profesional,79.81,0.0276,1,0,Sí,3,388.04,957.72
C02318,2023-07-05,,2025-12-31,0,Activo,30,25+ meses,Dos años,Tarjeta automática,Internet fibra,AMBA,Hogar,91.91,0.0352,1,0,Sí,3,2660.24,0.0
C02319,2023-07-06,,2025-12-31,0,Activo,30,25+ meses,Mes a mes,Transferencia,Internet estándar,AMBA,Hogar,49.57,0.0375,0,0,No,5,1431.33,0.0
C02320,2023-07-06,,2025-12-31,0,Activo,30,25+ meses,Mes a mes,Tarjeta automática,Telefonía móvil,Patagonia,Hogar,45.21,0.0551,0,0,Sí,4,1281.57,0.0
C02321,2023-07-06,2024-09-18,2025-12-31,1,Baja,15,13-24 meses,Mes a mes,Débito automático,Internet fibra,AMBA,PyME,129.49,0.0368,0,0,Sí,3,1870.87,1553.88
C02322,2023-07-07,,2025-12-31,0,Activo,30,25+ meses,Anual,Débito automático,Streaming,AMBA,Hogar,31.75,0.0194,1,0,Sí,5,934.02,0.0
C02323,2023-07-07,2024-01-16,2025-12-31,1,Baja,7,7-12 meses,Dos años,Débito automático,Telefonía móvil,Centro,Hogar,48.18,0.0437,0,0,Sí,5,322.52,578.16
C02324,2023-07-08,2025-03-24,2025-12-31,1,Baja,21,13-24 meses,Mes a mes,Cheque electrónico,Internet fibra,Litoral,Hogar,73.55,0.0853,3,0,No,4,1412.8,882.6
C02325,2023-07-09,,2025-12-31,0,Activo,30,25+ meses,Mes a mes,Tarjeta automática,Internet fibra,AMBA,Profesional,80.82,0.003,0,0,Sí,5,2417.33,0.0
C02326,2023-07-09,2024-11-22,2025-12-31,1,Baja,17,13-24 meses,Mes a mes,Débito automático,Internet estándar,AMBA,Hogar,63.53,0.179,0,0,Sí,5,886.69,762.36
C02327,2023-07-09,,2025-12-31,0,Activo,30,25+ meses,Anual,Transferencia,Telefonía móvil,Cuyo,Hogar,52.71,0.0564,0,0,No,5,1492.11,0.0
C02328,2023-07-09,,2025-12-31,0,Activo,30,25+ meses,Dos años,Tarjeta automática,Internet estándar,Patagonia,Hogar,33.41,0.0341,0,0,Sí,4,968.12,0.0
C02329,2023-07-10,,2025-12-31,0,Activo,30,25+ meses,Mes a mes,Cheque electrónico,Internet fibra,AMBA,Profesional,97.88,0.0497,1,1,No,4,2790.46,0.0
C02330,2023-07-10,2024-02-27,2025-12-31,1,Baja,8,7-12 meses,Mes a mes,Cheque electrónico,Internet fibra,Centro,Hogar,89.3,0.0448,2,1,No,3,682.39,1071.6
C02331,2023-07-10,,2025-12-31,0,Activo,30,25+ meses,Anual,Transferencia,Internet estándar,Centro,PyME,114.16,0.0664,0,0,No,5,3197.39,0.0
C02332,2023-07-10,,2025-12-31,0,Activo,30,25+ meses,Anual,Cheque electrónico,Internet estándar,Centro,PyME,96.37,0.092,2,0,No,3,2625.12,0.0
C02333,2023-07-11,2024-07-19,2025-12-31,1,Baja,13,13-24 meses,Mes a mes,Débito automático,Internet fibra,Centro,Hogar,88.8,0.0745,0,0,Sí,4,1068.4,1065.6
C02334,2023-07-11,2024-11-01,2025-12-31,1,Baja,17,13-24 meses,Mes a mes,Débito automático,Telefonía móvil,Litoral,PyME,97.17,0.034,1,0,Sí,3,1595.73,1166.04
C02335,2023-07-11,2023-10-18,2025-12-31,1,Baja,4,4-6 meses,Mes a mes,Tarjeta automática,Internet fibra,AMBA,Profesional,100.28,0.1169,0,1,Sí,5,354.23,1203.36
C02336,2023-07-12,,2025-12-31,0,Activo,30,25+ meses,Anual,Tarjeta automática,Telefonía móvil,NOA,Hogar,31.89,0.0425,2,1,Sí,5,916.04,0.0
C02337,2023-07-12,,2025-12-31,0,Activo,30,25+ meses,Anual,Tarjeta automática,Telefonía móvil,Centro,Profesional,18.0,0.0067,0,0,Sí,5,536.38,0.0
C02338,2023-07-12,,2025-12-31,0,Activo,30,25+ meses,Anual,Débito automático,Streaming,NOA,Hogar,20.45,0.1555,1,0,Sí,4,518.1,0.0
C02339,2023-07-12,,2025-12-31,0,Activo,30,25+ meses,Anual,Débito automático,Streaming,Patagonia,Hogar,34.9,0.0287,0,0,Sí,4,1016.95,0.0
C02340,2023-07-12,2023-09-10,2025-12-31,1,Baja,3,0-3 meses,Mes a mes,Tarjeta automática,Internet fibra,Cuyo,Hogar,75.74,0.0586,0,0,Sí,4,213.9,908.88
C02341,2023-07-13,,2025-12-31,0,Activo,30,25+ meses,Mes a mes,Transferencia,Internet estándar,Centro,Profesional,74.15,0.1308,0,1,No,5,1933.54,0.0
C02342,2023-07-14,,2025-12-31,0,Activo,30,25+ meses,Mes a mes,Tarjeta automática,Internet estándar,NOA,PyME,116.17,0.029,1,0,Sí,3,3384.03,0.0
C02343,2023-07-14,,2025-12-31,0,Activo,30,25+ meses,Dos años,Débito automático,Internet fibra,NOA,Hogar,74.36,0.1094,0,0,Sí,3,1986.75,0.0
C02344,2023-07-14,,2025-12-31,0,Activo,30,25+ meses,Anual,Tarjeta automática,Streaming,Litoral,Hogar,24.28,0.047,0,1,Sí,5,694.17,0.0
C02345,2023-07-14,2024-10-19,2025-12-31,1,Baja,16,13-24 meses,Mes a mes,Transferencia,Internet fibra,AMBA,Hogar,53.94,0.0418,0,0,No,5,826.96,647.28
C02346,2023-07-14,,2025-12-31,0,Activo,30,25+ meses,Mes a mes,Débito automático,Internet fibra,NOA,PyME,115.98,0.0293,0,0,Sí,4,3377.45,0.0
C02347,2023-07-15,,2025-12-31,0,Activo,30,25+ meses,Anual,Transferencia,Streaming,Cuyo,Hogar,18.0,0.0564,0,0,No,4,509.54,0.0
C02348,2023-07-15,,2025-12-31,0,Activo,30,25+ meses,Anual,Tarjeta automática,Internet estándar,AMBA,Hogar,55.12,0.0323,3,0,Sí,3,1600.19,0.0
C02349,2023-07-15,,2025-12-31,0,Activo,30,25+ meses,Anual,Débito automático,Internet fibra,Patagonia,Hogar,74.47,0.0516,2,0,Sí,2,2118.82,0.0
C02350,2023-07-15,,2025-12-31,0,Activo,30,25+ meses,Mes a mes,Cheque electrónico,Internet fibra,AMBA,Hogar,72.12,0.047,1,0,No,3,2061.91,0.0
C02351,2023-07-15,,2025-12-31,0,Activo,30,25+ meses,Dos años,Tarjeta automática,Internet fibra,Cuyo,Hogar,70.86,0.0569,0,1,Sí,4,2004.84,0.0
C02352,2023-07-16,,2025-12-31,0,Activo,30,25+ meses,Anual,Débito automático,Internet estándar,AMBA,Hogar,40.43,0.0339,1,0,Sí,3,1171.78,0.0
C02353,2023-07-16,,2025-12-31,0,Activo,30,25+ meses,Anual,Tarjeta automática,Internet estándar,Cuyo,Hogar,59.16,0.0398,2,0,Sí,2,1704.16,0.0
C02354,2023-07-16,,2025-12-31,0,Activo,30,25+ meses,Anual,Tarjeta automática,Internet fibra,Patagonia,PyME,134.03,0.0675,3,0,Sí,2,3749.49,0.0
C02355,2023-07-16,,2025-12-31,0,Activo,30,25+ meses,Dos años,Débito automático,Streaming,AMBA,Hogar,39.9,0.0701,4,0,Sí,2,1113.09,0.0
C02356,2023-07-16,,2025-12-31,0,Activo,30,25+ meses,Dos años,Tarjeta automática,Telefonía móvil,AMBA,Hogar,18.0,0.1122,0,0,Sí,4,479.41,0.0
C02357,2023-07-16,,2025-12-31,0,Activo,30,25+ meses,Anual,Débito automático,Streaming,NOA,Profesional,52.86,0.0081,0,0,Sí,4,1572.96,0.0
C02358,2023-07-16,2024-09-13,2025-12-31,1,Baja,15,13-24 meses,Mes a mes,Cheque electrónico,Internet estándar,Centro,Hogar,43.68,0.0848,1,0,No,4,599.64,524.16
C02359,2023-07-17,,2025-12-31,0,Activo,30,25+ meses,Mes a mes,Tarjeta automática,Streaming,AMBA,Profesional,43.9,0.0744,0,2,Sí,3,1219.02,0.0
C02360,2023-07-17,,2025-12-31,0,Activo,30,25+ meses,Anual,Tarjeta automática,Telefonía móvil,Litoral,Profesional,74.88,0.0612,3,0,Sí,3,2108.92,0.0
C02361,2023-07-17,,2025-12-31,0,Activo,30,25+ meses,Anual,Cheque electrónico,Telefonía móvil,Centro,Hogar,37.71,0.0059,1,2,No,3,1124.63,0.0
C02362,2023-07-17,2025-04-14,2025-12-31,1,Baja,22,13-24 meses,Mes a mes,Débito automático,Internet fibra,NOA,Hogar,83.41,0.1103,4,1,Sí,2,1632.62,1000.92
C02363,2023-07-17,,2025-12-31,0,Activo,30,25+ meses,Mes a mes,Cheque electrónico,Internet fibra,AMBA,Hogar,66.8,0.0523,0,0,No,4,1899.19,0.0
C02364,2023-07-17,,2025-12-31,0,Activo,30,25+ meses,Dos años,Tarjeta automática,Internet fibra,Litoral,Hogar,78.4,0.0587,0,2,Sí,2,2213.94,0.0
C02365,2023-07-17,,2025-12-31,0,Activo,30,25+ meses,Dos años,Transferencia,Telefonía móvil,NOA,Hogar,24.5,0.0182,1,0,No,4,721.62,0.0
C02366,2023-07-18,,2025-12-31,0,Activo,30,25+ meses,Dos años,Cheque electrónico,Internet fibra,Patagonia,Hogar,77.37,0.03,0,1,No,5,2251.47,0.0
C02367,2023-07-18,2023-09-14,2025-12-31,1,Baja,3,0-3 meses,Mes a mes,Tarjeta automática,Telefonía móvil,AMBA,Hogar,46.24,0.0322,0,0,Sí,5,134.25,554.88
C02368,2023-07-18,2024-06-16,2025-12-31,1,Baja,12,7-12 meses,Anual,Cheque electrónico,Internet fibra,Centro,Hogar,90.17,0.081,6,0,No,1,994.39,1082.04
C02369,2023-07-18,,2025-12-31,0,Activo,30,25+ meses,Anual,Transferencia,Streaming,AMBA,Hogar,20.0,0.1004,0,0,No,3,539.76,0.0
C02370,2023-07-18,2023-10-26,2025-12-31,1,Baja,4,4-6 meses,Mes a mes,Cheque electrónico,Internet fibra,NOA,Hogar,72.18,0.0437,4,1,No,3,276.1,866.16
C02371,2023-07-19,,2025-12-31,0,Activo,30,25+ meses,Mes a mes,Tarjeta automática,Internet estándar,Centro,Hogar,41.91,0.0389,1,0,Sí,4,1208.39,0.0
C02372,2023-07-19,,2025-12-31,0,Activo,30,25+ meses,Dos años,Débito automático,Internet estándar,AMBA,Hogar,46.21,0.0482,4,0,Sí,2,1319.48,0.0
C02373,2023-07-19,,2025-12-31,0,Activo,30,25+ meses,Mes a mes,Tarjeta automática,Streaming,Cuyo,Profesional,36.4,0.0517,1,0,Sí,5,1035.54,0.0
C02374,2023-07-19,2025-01-13,2025-12-31,1,Baja,19,13-24 meses,Anual,Cheque electrónico,Internet estándar,Centro,PyME,80.27,0.0263,0,0,No,5,1485.02,963.24
C02375,2023-07-19,,2025-12-31,0,Activo,30,25+ meses,Anual,Tarjeta automática,Internet estándar,AMBA,Profesional,55.53,0.0188,1,0,Sí,4,1634.58,0.0
C02376,2023-07-19,,2025-12-31,0,Activo,30,25+ meses,Anual,Tarjeta automática,Streaming,Cuyo,Hogar,28.46,0.1009,1,1,Sí,5,767.65,0.0
C02377,2023-07-20,2024-02-16,2025-12-31,1,Baja,8,7-12 meses,Mes a mes,Cheque electrónico,Telefonía móvil,NOA,Hogar,40.37,0.0397,1,1,No,5,310.14,484.44
C02378,2023-07-20,2023-09-04,2025-12-31,1,Baja,3,0-3 meses,Anual,Tarjeta automática,Telefonía móvil,Centro,Hogar,48.07,0.0847,2,0,Sí,4,132.0,576.84
C02379,2023-07-20,,2025-12-31,0,Activo,30,25+ meses,Mes a mes,Transferencia,Streaming,NOA,Profesional,56.26,0.0174,1,0,No,4,1658.43,0.0
C02380,2023-07-21,,2025-12-31,0,Activo,30,25+ meses,Anual,Tarjeta automática,Internet estándar,Litoral,PyME,99.05,0.0358,2,0,Sí,3,2865.12,0.0
C02381,2023-07-21,2024-02-26,2025-12-31,1,Baja,8,7-12 meses,Mes a mes,Transferencia,Telefonía móvil,Cuyo,Hogar,24.56,0.057,3,0,No,3,185.28,294.72
C02382,2023-07-21,,2025-12-31,0,Activo,30,25+ meses,Anual,Tarjeta automática,Internet estándar,Patagonia,Hogar,53.44,0.0458,1,0,Sí,4,1529.77,0.0
C02383,2023-07-21,,2025-12-31,0,Activo,30,25+ meses,Anual,Débito automático,Telefonía móvil,Cuyo,Hogar,41.89,0.0334,2,0,Sí,3,1214.73,0.0
C02384,2023-07-22,,2025-12-31,0,Activo,30,25+ meses,Mes a mes,Débito automático,Telefonía móvil,Centro,PyME,94.16,0.0885,2,0,Sí,3,2574.81,0.0
C02385,2023-07-22,,2025-12-31,0,Activo,30,25+ meses,Mes a mes,Débito automático,Internet fibra,Centro,Hogar,91.42,0.0247,0,0,Sí,4,2674.86,0.0
C02386,2023-07-23,,2025-12-31,0,Activo,30,25+ meses,Anual,Tarjeta automática,Internet fibra,AMBA,Profesional,100.96,0.0516,2,0,Sí,3,2872.51,0.0
C02387,2023-07-23,,2025-12-31,0,Activo,30,25+ meses,Mes a mes,Tarjeta automática,Streaming,Litoral,Profesional,48.35,0.0732,0,2,Sí,3,1344.32,0.0
C02388,2023-07-23,,2025-12-31,0,Activo,30,25+ meses,Mes a mes,Transferencia,Streaming,AMBA,PyME,85.8,0.0557,2,1,No,3,2430.63,0.0
C02389,2023-07-23,,2025-12-31,0,Activo,30,25+ meses,Mes a mes,Tarjeta automática,Streaming,Centro,Hogar,38.35,0.093,3,0,Sí,2,1043.5,0.0
C02390,2023-07-23,,2025-12-31,0,Activo,30,25+ meses,Dos años,Tarjeta automática,Telefonía móvil,AMBA,PyME,89.41,0.0402,0,0,Sí,5,2574.47,0.0
C02391,2023-07-24,,2025-12-31,0,Activo,30,25+ meses,Mes a mes,Débito automático,Internet estándar,AMBA,PyME,94.32,0.0487,0,0,Sí,5,2691.8,0.0
C02392,2023-07-24,,2025-12-31,0,Activo,30,25+ meses,Mes a mes,Débito automático,Internet estándar,NOA,Profesional,64.42,0.0487,0,1,Sí,5,1838.48,0.0
C02393,2023-07-24,,2025-12-31,0,Activo,30,25+ meses,Dos años,Transferencia,Internet estándar,AMBA,PyME,91.04,0.0876,0,0,No,3,2491.95,0.0
C02394,2023-07-24,,2025-12-31,0,Activo,30,25+ meses,Mes a mes,Débito automático,Internet fibra,Litoral,Hogar,77.5,0.0266,1,0,Sí,4,2263.16,0.0
C02395,2023-07-25,2025-12-13,2025-12-31,1,Baja,30,25+ meses,Mes a mes,Cheque electrónico,Internet estándar,Centro,Profesional,68.07,0.0834,0,1,No,5,1871.79,816.84
C02396,2023-07-25,,2025-12-31,0,Activo,30,25+ meses,Mes a mes,Transferencia,Telefonía móvil,AMBA,Hogar,41.24,0.022,0,0,No,4,1209.98,0.0
C02397,2023-07-25,2024-09-24,2025-12-31,1,Baja,15,13-24 meses,Mes a mes,Cheque electrónico,Internet fibra,Centro,Profesional,92.02,0.0234,0,0,No,5,1348.0,1104.24
C02398,2023-07-26,,2025-12-31,0,Activo,30,25+ meses,Mes a mes,Transferencia,Telefonía móvil,AMBA,Profesional,78.18,0.0298,1,0,No,5,2275.51,0.0
C02399,2023-07-26,,2025-12-31,0,Activo,30,25+ meses,Anual,Tarjeta automática,Telefonía móvil,Centro,Profesional,70.35,0.0655,0,0,Sí,3,1972.26,0.0
C02400,2023-07-27,,2025-12-31,0,Activo,30,25+ meses,Mes a mes,Cheque electrónico,Internet fibra,Patagonia,Hogar,76.93,0.036,1,0,No,5,2224.82,0.0
C02401,2023-07-27,,2025-12-31,0,Activo,30,25+ meses,Anual,Cheque electrónico,Telefonía móvil,Litoral,Profesional,61.02,0.025,1,1,No,3,1784.84,0.0
C02402,2023-07-27,,2025-12-31,0,Activo,30,25+ meses,Mes a mes,Débito automático,Telefonía móvil,Patagonia,PyME,112.14,0.0299,1,0,Sí,3,3263.61,0.0
C02403,2023-07-27,2024-08-01,2025-12-31,1,Baja,14,13-24 meses,Mes a mes,Tarjeta automática,Internet estándar,Patagonia,Hogar,42.57,0.0424,4,0,Sí,2,570.71,510.84
C02404,2023-07-28,,2025-12-31,0,Activo,30,25+ meses,Mes a mes,Tarjeta automática,Internet fibra,NOA,Hogar,67.38,0.0655,0,0,Sí,4,1889.0,0.0
C02405,2023-07-28,,2025-12-31,0,Activo,30,25+ meses,Mes a mes,Transferencia,Internet fibra,AMBA,Profesional,98.5,0.0634,0,0,No,5,2767.65,0.0
C02406,2023-07-28,,2025-12-31,0,Activo,30,25+ meses,Anual,Débito automático,Streaming,AMBA,Profesional,51.55,0.0914,0,0,Sí,5,1405.15,0.0
C02407,2023-07-28,,2025-12-31,0,Activo,30,25+ meses,Mes a mes,Transferencia,Internet fibra,Cuyo,Hogar,83.37,0.0735,2,1,No,3,2317.27,0.0
C02408,2023-07-28,,2025-12-31,0,Activo,30,25+ meses,Mes a mes,Débito automático,Internet estándar,Litoral,Hogar,58.11,0.0414,0,0,Sí,4,1671.13,0.0
C02409,2023-07-28,,2025-12-31,0,Activo,30,25+ meses,Mes a mes,Débito automático,Telefonía móvil,Patagonia,Profesional,51.94,0.0041,2,0,Sí,3,1551.81,0.0
C02410,2023-07-29,,2025-12-31,0,Activo,30,25+ meses,Anual,Tarjeta automática,Streaming,AMBA,Profesional,31.51,0.0457,2,2,Sí,2,902.1,0.0
C02411,2023-07-29,,2025-12-31,0,Activo,30,25+ meses,Mes a mes,Tarjeta automática,Streaming,AMBA,Hogar,22.57,0.0722,1,0,Sí,4,628.21,0.0
C02412,2023-07-29,2024-04-20,2025-12-31,1,Baja,10,7-12 meses,Anual,Tarjeta automática,Telefonía móvil,Patagonia,Hogar,48.4,0.049,0,0,Sí,5,460.28,580.8
C02413,2023-07-29,2024-04-12,2025-12-31,1,Baja,10,7-12 meses,Mes a mes,Cheque electrónico,Internet fibra,Litoral,PyME,122.86,0.0281,1,2,No,4,1194.08,1474.32
C02414,2023-07-30,2024-01-15,2025-12-31,1,Baja,7,7-12 meses,Mes a mes,Débito automático,Internet fibra,Cuyo,PyME,111.73,0.0582,4,0,Sí,1,736.59,1340.76
C02415,2023-07-30,2025-06-27,2025-12-31,1,Baja,24,13-24 meses,Anual,Cheque electrónico,Streaming,Centro,Hogar,30.59,0.0808,0,1,No,4,674.84,367.08
C02416,2023-07-30,,2025-12-31,0,Activo,30,25+ meses,Mes a mes,Transferencia,Internet estándar,Patagonia,PyME,97.76,0.075,0,0,No,5,2712.84,0.0
C02417,2023-07-30,2025-06-04,2025-12-31,1,Baja,24,13-24 meses,Mes a mes,Transferencia,Internet fibra,Patagonia,Hogar,59.0,0.0892,0,1,No,5,1289.69,708.0
C02418,2023-07-30,,2025-12-31,0,Activo,30,25+ meses,Dos años,Débito automático,Telefonía móvil,AMBA,Hogar,42.82,0.0541,2,0,Sí,3,1215.1,0.0
C02419,2023-07-30,2023-07-27,2025-12-31,1,Baja,1,0-3 meses,Mes a mes,Cheque electrónico,Internet fibra,AMBA,Profesional,91.75,0.0385,0,1,No,5,88.22,1101.0
C02420,2023-07-31,2024-11-08,2025-12-31,1,Baja,17,13-24 meses,Mes a mes,Cheque electrónico,Internet estándar,Patagonia,Hogar,67.44,0.0713,0,0,No,3,1064.74,809.28
C02421,2023-07-31,,2025-12-31,0,Activo,30,25+ meses,Mes a mes,Transferencia,Internet estándar,NOA,Hogar,49.98,0.0479,0,0,No,4,1427.58,0.0
C02422,2023-07-31,2024-03-05,2025-12-31,1,Baja,9,7-12 meses,Mes a mes,Tarjeta automática,Streaming,Centro,PyME,90.45,0.1112,1,1,Sí,4,723.53,1085.4
C02423,2023-07-31,,2025-12-31,0,Activo,30,25+ meses,Anual,Transferencia,Internet estándar,Patagonia,Hogar,48.81,0.1096,3,0,No,1,1303.81,0.0
C02424,2023-07-31,,2025-12-31,0,Activo,30,25+ meses,Mes a mes,Tarjeta automática,Internet fibra,NOA,Hogar,71.43,0.0437,0,0,Sí,5,2049.26,0.0
C02425,2023-07-31,,2025-12-31,0,Activo,30,25+ meses,Dos años,Tarjeta automática,Telefonía móvil,AMBA,Hogar,36.64,0.0736,0,0,Sí,5,1018.3,0.0
C02426,2023-07-31,,2025-12-31,0,Activo,30,25+ meses,Anual,Transferencia,Telefonía móvil,Centro,Hogar,53.89,0.0158,2,0,No,3,1591.16,0.0
C02427,2023-08-01,,2025-12-31,0,Activo,29,25+ meses,Dos años,Cheque electrónico,Internet estándar,AMBA,Hogar,57.23,0.0265,0,3,No,2,1615.69,0.0
C02428,2023-08-01,,2025-12-31,0,Activo,29,25+ meses,Anual,Tarjeta automática,Internet fibra,Patagonia,Hogar,61.63,0.0797,0,0,Sí,5,1644.82,0.0
C02429,2023-08-01,,2025-12-31,0,Activo,29,25+ meses,Dos años,Tarjeta automática,Streaming,Patagonia,Hogar,18.0,0.1081,3,0,Sí,4,465.57,0.0
C02430,2023-08-01,2024-12-11,2025-12-31,1,Baja,17,13-24 meses,Anual,Cheque electrónico,Internet estándar,AMBA,Hogar,35.88,0.0203,0,0,No,4,597.58,430.56
C02431,2023-08-01,,2025-12-31,0,Activo,29,25+ meses,Mes a mes,Tarjeta automática,Internet fibra,Centro,Hogar,89.66,0.0277,0,1,Sí,4,2528.12,0.0
C02432,2023-08-02,,2025-12-31,0,Activo,29,25+ meses,Mes a mes,Tarjeta automática,Internet fibra,Litoral,PyME,113.95,0.0103,2,1,Sí,3,3270.51,0.0
C02433,2023-08-02,,2025-12-31,0,Activo,29,25+ meses,Anual,Transferencia,Internet fibra,NOA,Hogar,86.65,0.1491,0,1,No,5,2138.18,0.0
C02434,2023-08-03,2024-05-13,2025-12-31,1,Baja,10,7-12 meses,Mes a mes,Cheque electrónico,Internet estándar,Patagonia,PyME,108.38,0.0687,1,0,No,5,1009.34,1300.56
C02435,2023-08-04,,2025-12-31,0,Activo,29,25+ meses,Anual,Débito automático,Internet fibra,Centro,PyME,134.61,0.0247,1,0,Sí,4,3807.27,0.0
C02436,2023-08-05,,2025-12-31,0,Activo,29,25+ meses,Mes a mes,Débito automático,Telefonía móvil,Cuyo,Hogar,36.8,0.0722,0,0,Sí,4,990.15,0.0
C02437,2023-08-05,,2025-12-31,0,Activo,29,25+ meses,Anual,Débito automático,Internet estándar,AMBA,Hogar,62.07,0.0316,0,0,Sí,5,1743.15,0.0
C02438,2023-08-05,2023-09-12,2025-12-31,1,Baja,2,0-3 meses,Mes a mes,Tarjeta automática,Internet estándar,Centro,Hogar,50.25,0.013,0,0,Sí,3,99.19,603.0
C02439,2023-08-05,,2025-12-31,0,Activo,29,25+ meses,Dos años,Transferencia,Internet fibra,Litoral,PyME,117.11,0.0373,0,1,No,5,3269.51,0.0
C02440,2023-08-06,,2025-12-31,0,Activo,29,25+ meses,Mes a mes,Cheque electrónico,Telefonía móvil,Cuyo,Hogar,28.68,0.1849,0,2,No,5,677.93,0.0
C02441,2023-08-06,2025-02-17,2025-12-31,1,Baja,19,13-24 meses,Mes a mes,Débito automático,Internet fibra,Litoral,Hogar,59.91,0.068,1,1,Sí,3,1060.89,718.92
C02442,2023-08-06,,2025-12-31,0,Activo,29,25+ meses,Anual,Tarjeta automática,Internet fibra,Centro,Profesional,109.2,0.0692,3,0,Sí,4,2947.66,0.0
C02443,2023-08-06,,2025-12-31,0,Activo,29,25+ meses,Anual,Tarjeta automática,Streaming,Litoral,Profesional,62.67,0.0201,0,2,Sí,5,1780.9,0.0
C02444,2023-08-06,,2025-12-31,0,Activo,29,25+ meses,Anual,Tarjeta automática,Streaming,Litoral,Hogar,40.95,0.0334,1,0,Sí,4,1147.89,0.0
C02445,2023-08-07,,2025-12-31,0,Activo,29,25+ meses,Dos años,Tarjeta automática,Telefonía móvil,Centro,Hogar,40.43,0.108,1,1,Sí,3,1045.84,0.0
C02446,2023-08-07,,2025-12-31,0,Activo,29,25+ meses,Mes a mes,Tarjeta automática,Internet estándar,AMBA,Hogar,33.31,0.0625,0,0,Sí,5,905.62,0.0
C02447,2023-08-07,2024-09-10,2025-12-31,1,Baja,14,13-24 meses,Anual,Cheque electrónico,Internet estándar,Cuyo,PyME,92.41,0.0256,2,3,No,2,1260.62,1108.92
C02448,2023-08-07,,2025-12-31,0,Activo,29,25+ meses,Mes a mes,Tarjeta automática,Internet fibra,AMBA,Profesional,85.12,0.1181,0,0,Sí,5,2176.95,0.0
C02449,2023-08-08,2024-09-09,2025-12-31,1,Baja,14,13-24 meses,Mes a mes,Transferencia,Internet estándar,AMBA,Hogar,48.5,0.0705,2,0,No,3,631.13,582.0
C02450,2023-08-08,,2025-12-31,0,Activo,29,25+ meses,Mes a mes,Débito automático,Internet estándar,Centro,Profesional,82.26,0.016,0,0,Sí,5,2347.37,0.0
C02451,2023-08-08,2024-07-14,2025-12-31,1,Baja,12,7-12 meses,Mes a mes,Cheque electrónico,Internet estándar,Cuyo,Hogar,64.22,0.0201,0,1,No,4,755.15,770.64
C02452,2023-08-08,,2025-12-31,0,Activo,29,25+ meses,Anual,Cheque electrónico,Internet fibra,Centro,PyME,127.63,0.0949,0,1,No,3,3350.02,0.0
C02453,2023-08-08,,2025-12-31,0,Activo,29,25+ meses,Anual,Débito automático,Telefonía móvil,AMBA,Hogar,18.0,0.0499,2,0,Sí,4,495.95,0.0
C02454,2023-08-09,,2025-12-31,0,Activo,29,25+ meses,Mes a mes,Tarjeta automática,Internet fibra,Centro,Hogar,65.16,0.0949,0,0,Sí,4,1710.31,0.0
C02455,2023-08-09,,2025-12-31,0,Activo,29,25+ meses,Dos años,Transferencia,Internet fibra,NOA,Hogar,91.07,0.1332,0,0,No,3,2289.24,0.0
C02456,2023-08-09,2023-08-22,2025-12-31,1,Baja,1,0-3 meses,Mes a mes,Tarjeta automática,Telefonía móvil,Patagonia,Hogar,44.55,0.0533,1,0,Sí,5,42.18,534.6
C02457,2023-08-09,2024-07-06,2025-12-31,1,Baja,12,7-12 meses,Mes a mes,Tarjeta automática,Streaming,Cuyo,Profesional,43.09,0.0411,4,0,Sí,4,495.83,517.08
C02458,2023-08-09,,2025-12-31,0,Activo,29,25+ meses,Anual,Tarjeta automática,Internet estándar,AMBA,Hogar,44.32,0.0062,1,0,Sí,4,1277.31,0.0
C02459,2023-08-09,,2025-12-31,0,Activo,29,25+ meses,Mes a mes,Cheque electrónico,Streaming,Cuyo,Hogar,20.74,0.0382,1,0,No,4,578.48,0.0
C02460,2023-08-10,,2025-12-31,0,Activo,29,25+ meses,Mes a mes,Tarjeta automática,Internet fibra,NOA,Profesional,82.76,0.0225,0,0,Sí,5,2346.04,0.0
C02461,2023-08-10,,2025-12-31,0,Activo,29,25+ meses,Anual,Débito automático,Telefonía móvil,Patagonia,Hogar,64.79,0.0418,0,0,Sí,5,1800.37,0.0
C02462,2023-08-10,2024-04-19,2025-12-31,1,Baja,9,7-12 meses,Mes a mes,Débito automático,Internet fibra,Patagonia,Hogar,96.9,0.079,1,0,Sí,4,803.2,1162.8
C02463,2023-08-10,,2025-12-31,0,Activo,29,25+ meses,Mes a mes,Transferencia,Telefonía móvil,Centro,Hogar,32.96,0.0397,1,1,No,4,917.89,0.0
C02464,2023-08-10,,2025-12-31,0,Activo,29,25+ meses,Anual,Tarjeta automática,Internet fibra,Cuyo,PyME,113.71,0.0196,0,0,Sí,4,3232.96,0.0
C02465,2023-08-10,2024-12-02,2025-12-31,1,Baja,17,13-24 meses,Mes a mes,Cheque electrónico,Streaming,AMBA,Hogar,30.86,0.0603,2,0,No,3,492.99,370.32
C02466,2023-08-10,,2025-12-31,0,Activo,29,25+ meses,Anual,Transferencia,Internet estándar,NOA,Profesional,65.38,0.0512,1,0,No,3,1798.94,0.0
C02467,2023-08-10,,2025-12-31,0,Activo,29,25+ meses,Anual,Débito automático,Internet fibra,AMBA,Profesional,102.91,0.0413,3,1,Sí,3,2861.13,0.0
C02468,2023-08-11,,2025-12-31,0,Activo,29,25+ meses,Mes a mes,Débito automático,Internet estándar,Litoral,Hogar,58.4,0.1048,0,1,Sí,4,1516.11,0.0
C02469,2023-08-12,2025-10-21,2025-12-31,1,Baja,27,25+ meses,Mes a mes,Cheque electrónico,Telefonía móvil,Centro,Hogar,29.13,0.032,2,1,No,4,761.34,349.56
C02470,2023-08-12,,2025-12-31,0,Activo,29,25+ meses,Mes a mes,Transferencia,Internet fibra,Litoral,Profesional,110.08,0.0674,2,2,No,3,2977.16,0.0
C02471,2023-08-12,,2025-12-31,0,Activo,29,25+ meses,Anual,Débito automático,Telefonía móvil,Patagonia,Hogar,38.12,0.0596,3,1,Sí,1,1039.59,0.0
C02472,2023-08-12,,2025-12-31,0,Activo,29,25+ meses,Mes a mes,Débito automático,Internet fibra,Centro,PyME,139.69,0.0816,0,0,Sí,5,3720.45,0.0
C02473,2023-08-12,,2025-12-31,0,Activo,29,25+ meses,Dos años,Tarjeta automática,Streaming,AMBA,Hogar,26.12,0.1467,1,0,Sí,5,646.36,0.0
C02474,2023-08-12,,2025-12-31,0,Activo,29,25+ meses,Mes a mes,Tarjeta automática,Streaming,Litoral,Hogar,39.15,0.0777,0,0,Sí,4,1047.13,0.0
C02475,2023-08-12,2024-11-09,2025-12-31,1,Baja,16,13-24 meses,Anual,Tarjeta automática,Internet estándar,Litoral,Hogar,23.01,0.0423,1,0,Sí,4,352.59,276.12
C02476,2023-08-12,,2025-12-31,0,Activo,29,25+ meses,Mes a mes,Tarjeta automática,Streaming,AMBA,Hogar,37.12,0.0466,2,0,Sí,3,1026.32,0.0
C02477,2023-08-13,,2025-12-31,0,Activo,29,25+ meses,Mes a mes,Tarjeta automática,Streaming,AMBA,Hogar,19.85,0.0506,1,0,Sí,4,546.52,0.0
C02478,2023-08-13,2025-08-05,2025-12-31,1,Baja,25,25+ meses,Mes a mes,Cheque electrónico,Streaming,Litoral,Profesional,47.81,0.0265,1,1,No,3,1163.58,573.72
C02479,2023-08-13,2024-09-05,2025-12-31,1,Baja,14,13-24 meses,Anual,Cheque electrónico,Internet estándar,Litoral,Profesional,80.69,0.0788,0,1,No,3,1040.64,968.28
C02480,2023-08-13,,2025-12-31,0,Activo,29,25+ meses,Dos años,Cheque electrónico,Streaming,AMBA,PyME,75.17,0.0654,1,1,No,3,2037.36,0.0
C02481,2023-08-14,2024-09-14,2025-12-31,1,Baja,14,13-24 meses,Mes a mes,Transferencia,Internet estándar,Litoral,Hogar,38.44,0.0451,2,1,No,4,513.89,461.28
C02482,2023-08-14,2023-10-06,2025-12-31,1,Baja,3,0-3 meses,Mes a mes,Transferencia,Internet fibra,Cuyo,Hogar,73.91,0.0339,3,1,No,3,214.21,886.92
C02483,2023-08-15,2025-12-25,2025-12-31,1,Baja,29,25+ meses,Mes a mes,Tarjeta automática,Internet fibra,AMBA,PyME,128.21,0.0548,1,0,Sí,5,3514.34,1538.52
C02484,2023-08-15,2024-07-06,2025-12-31,1,Baja,12,7-12 meses,Mes a mes,Transferencia,Streaming,Litoral,Hogar,18.0,0.0322,0,1,No,4,209.04,216.0
C02485,2023-08-15,,2025-12-31,0,Activo,29,25+ meses,Dos años,Tarjeta automática,Telefonía móvil,Litoral,Hogar,43.17,0.0746,2,0,Sí,2,1158.54,0.0
C02486,2023-08-15,,2025-12-31,0,Activo,29,25+ meses,Dos años,Débito automático,Internet fibra,AMBA,Hogar,79.74,0.0232,1,0,Sí,5,2258.81,0.0
C02487,2023-08-15,,2025-12-31,0,Activo,29,25+ meses,Dos años,Cheque electrónico,Internet estándar,Patagonia,Profesional,72.09,0.0749,0,0,No,5,1934.02,0.0
C02488,2023-08-15,,2025-12-31,0,Activo,29,25+ meses,Mes a mes,Cheque electrónico,Internet fibra,Centro,Profesional,86.98,0.0277,1,1,No,3,2452.55,0.0
C02489,2023-08-16,,2025-12-31,0,Activo,29,25+ meses,Mes a mes,Tarjeta automática,Internet estándar,Litoral,Hogar,38.62,0.1062,1,0,Sí,5,1001.04,0.0
C02490,2023-08-16,,2025-12-31,0,Activo,29,25+ meses,Anual,Transferencia,Streaming,Patagonia,Hogar,27.7,0.0392,2,0,No,4,771.81,0.0
C02491,2023-08-16,2024-09-14,2025-12-31,1,Baja,14,13-24 meses,Mes a mes,Tarjeta automática,Streaming,NOA,Hogar,26.3,0.0582,0,0,Sí,4,346.77,315.6
C02492,2023-08-16,,2025-12-31,0,Activo,29,25+ meses,Anual,Tarjeta automática,Streaming,Centro,Hogar,26.52,0.0191,2,0,Sí,4,754.39,0.0
C02493,2023-08-16,2025-10-13,2025-12-31,1,Baja,27,25+ meses,Mes a mes,Tarjeta automática,Telefonía móvil,Cuyo,Hogar,34.22,0.0416,1,0,Sí,3,885.5,410.64
C02494,2023-08-16,2025-12-14,2025-12-31,1,Baja,29,25+ meses,Mes a mes,Tarjeta automática,Internet fibra,AMBA,Profesional,99.63,0.0543,3,0,Sí,1,2732.38,1195.56
C02495,2023-08-17,,2025-12-31,0,Activo,29,25+ meses,Dos años,Transferencia,Internet estándar,NOA,PyME,93.63,0.0728,1,0,No,4,2517.6,0.0
C02496,2023-08-17,2024-11-24,2025-12-31,1,Baja,16,13-24 meses,Mes a mes,Débito automático,Internet fibra,Centro,Profesional,94.66,0.1309,0,0,Sí,5,1316.3,1135.92
C02497,2023-08-17,,2025-12-31,0,Activo,29,25+ meses,Dos años,Tarjeta automática,Telefonía móvil,Patagonia,Profesional,56.63,0.0133,0,0,Sí,4,1620.43,0.0
C02498,2023-08-17,,2025-12-31,0,Activo,29,25+ meses,Mes a mes,Cheque electrónico,Telefonía móvil,NOA,PyME,96.63,0.1061,1,0,No,3,2504.95,0.0
C02499,2023-08-17,,2025-12-31,0,Activo,29,25+ meses,Mes a mes,Débito automático,Internet fibra,Cuyo,Profesional,109.04,0.0556,1,0,Sí,4,2986.34,0.0
C02500,2023-08-17,2024-06-09,2025-12-31,1,Baja,11,7-12 meses,Mes a mes,Débito automático,Internet fibra,Patagonia,Hogar,63.54,0.0154,2,0,Sí,3,688.18,762.48
C02501,2023-08-17,2025-11-12,2025-12-31,1,Baja,28,25+ meses,Mes a mes,Débito automático,Internet estándar,Cuyo,Profesional,40.7,0.098,0,0,Sí,4,1027.92,488.4
C02502,2023-08-17,,2025-12-31,0,Activo,29,25+ meses,Mes a mes,Débito automático,Telefonía móvil,Litoral,Hogar,35.46,0.0692,0,0,Sí,5,957.18,0.0
C02503,2023-08-17,2024-01-05,2025-12-31,1,Baja,6,4-6 meses,Mes a mes,Débito automático,Internet fibra,Centro,Hogar,65.34,0.0444,6,0,Sí,1,374.63,784.08
C02504,2023-08-18,,2025-12-31,0,Activo,29,25+ meses,Anual,Transferencia,Internet estándar,NOA,Hogar,18.0,0.1145,1,0,No,5,462.23,0.0
C02505,2023-08-18,,2025-12-31,0,Activo,29,25+ meses,Dos años,Cheque electrónico,Internet estándar,AMBA,Hogar,68.21,0.0086,1,2,No,4,1961.08,0.0
C02506,2023-08-18,,2025-12-31,0,Activo,29,25+ meses,Mes a mes,Tarjeta automática,Streaming,Litoral,PyME,90.16,0.0929,2,0,Sí,4,2371.74,0.0
C02507,2023-08-19,2023-11-02,2025-12-31,1,Baja,4,4-6 meses,Mes a mes,Débito automático,Streaming,NOA,Profesional,54.34,0.0165,2,0,Sí,2,213.77,652.08
C02508,2023-08-19,,2025-12-31,0,Activo,29,25+ meses,Mes a mes,Tarjeta automática,Internet fibra,Patagonia,Hogar,74.86,0.0489,4,1,Sí,3,2064.78,0.0
C02509,2023-08-19,,2025-12-31,0,Activo,29,25+ meses,Anual,Cheque electrónico,Telefonía móvil,Patagonia,Hogar,46.63,0.0597,1,3,No,4,1271.54,0.0
C02510,2023-08-19,,2025-12-31,0,Activo,29,25+ meses,Anual,Tarjeta automática,Internet fibra,Litoral,Profesional,91.35,0.0446,2,0,Sí,2,2531.0,0.0
C02511,2023-08-19,,2025-12-31,0,Activo,29,25+ meses,Mes a mes,Tarjeta automática,Telefonía móvil,NOA,Profesional,68.96,0.0208,0,2,Sí,3,1958.24,0.0
C02512,2023-08-20,2024-02-08,2025-12-31,1,Baja,7,7-12 meses,Mes a mes,Cheque electrónico,Internet fibra,NOA,Hogar,80.08,0.0356,0,2,No,3,540.6,960.96
C02513,2023-08-20,,2025-12-31,0,Activo,29,25+ meses,Mes a mes,Débito automático,Streaming,Centro,Hogar,28.6,0.0649,1,1,Sí,4,775.57,0.0
C02514,2023-08-20,,2025-12-31,0,Activo,29,25+ meses,Mes a mes,Tarjeta automática,Internet estándar,Litoral,Hogar,49.43,0.0911,1,0,Sí,5,1302.88,0.0
C02515,2023-08-20,2024-09-16,2025-12-31,1,Baja,14,13-24 meses,Mes a mes,Tarjeta automática,Streaming,Cuyo,PyME,100.12,0.0226,2,0,Sí,3,1370.0,1201.44
C02516,2023-08-20,,2025-12-31,0,Activo,29,25+ meses,Dos años,Débito automático,Internet fibra,Centro,Hogar,79.84,0.0228,1,0,Sí,3,2262.57,0.0
C02517,2023-08-21,2025-02-13,2025-12-31,1,Baja,19,13-24 meses,Mes a mes,Cheque electrónico,Internet estándar,Patagonia,Profesional,55.67,0.0518,1,1,No,2,1002.94,668.04
C02518,2023-08-21,,2025-12-31,0,Activo,29,25+ meses,Mes a mes,Débito automático,Internet fibra,AMBA,Hogar,81.7,0.0242,0,0,Sí,3,2311.96,0.0
C02519,2023-08-21,,2025-12-31,0,Activo,29,25+ meses,Mes a mes,Tarjeta automática,Internet estándar,AMBA,PyME,109.38,0.0254,1,0,Sí,3,3091.45,0.0
C02520,2023-08-21,,2025-12-31,0,Activo,29,25+ meses,Anual,Débito automático,Telefonía móvil,AMBA,Hogar,40.41,0.0137,0,0,Sí,4,1155.84,0.0
C02521,2023-08-21,,2025-12-31,0,Activo,29,25+ meses,Mes a mes,Débito automático,Internet estándar,Centro,Profesional,66.43,0.0872,1,0,Sí,4,1758.48,0.0
C02522,2023-08-22,2023-08-09,2025-12-31,1,Baja,1,0-3 meses,Mes a mes,Tarjeta automática,Internet estándar,Litoral,Profesional,55.27,0.1131,5,0,Sí,2,49.02,663.24
C02523,2023-08-22,2024-06-03,2025-12-31,1,Baja,11,7-12 meses,Mes a mes,Cheque electrónico,Streaming,NOA,Profesional,48.07,0.0418,1,2,No,3,506.67,576.84
C02524,2023-08-22,,2025-12-31,0,Activo,29,25+ meses,Anual,Tarjeta automática,Internet estándar,NOA,Profesional,53.64,0.0799,0,1,Sí,4,1431.27,0.0
C02525,2023-08-22,2025-10-14,2025-12-31,1,Baja,27,25+ meses,Mes a mes,Cheque electrónico,Telefonía móvil,NOA,Hogar,39.24,0.0271,1,2,No,3,1030.77,470.88
C02526,2023-08-22,,2025-12-31,0,Activo,29,25+ meses,Dos años,Cheque electrónico,Internet estándar,Patagonia,Hogar,41.64,0.0813,1,1,No,3,1109.39,0.0
C02527,2023-08-22,2024-11-10,2025-12-31,1,Baja,16,13-24 meses,Mes a mes,Tarjeta automática,Telefonía móvil,Cuyo,Hogar,52.81,0.0627,1,0,Sí,3,791.98,633.72
C02528,2023-08-22,2024-06-11,2025-12-31,1,Baja,11,7-12 meses,Mes a mes,Transferencia,Telefonía móvil,Patagonia,Profesional,77.05,0.0412,1,0,No,4,812.63,924.6
C02529,2023-08-22,,2025-12-31,0,Activo,29,25+ meses,Dos años,Transferencia,Internet estándar,Centro,Profesional,54.41,0.0221,0,0,No,5,1543.02,0.0
C02530,2023-08-22,,2025-12-31,0,Activo,29,25+ meses,Anual,Transferencia,Internet estándar,Litoral,Hogar,48.95,0.043,1,0,No,5,1358.51,0.0
C02531,2023-08-23,,2025-12-31,0,Activo,29,25+ meses,Mes a mes,Débito automático,Streaming,AMBA,Profesional,43.59,0.0167,1,0,Sí,3,1243.0,0.0
C02532,2023-08-23,,2025-12-31,0,Activo,29,25+ meses,Dos años,Tarjeta automática,Streaming,NOA,Hogar,34.11,0.0161,1,0,Sí,4,973.26,0.0
C02533,2023-08-23,,2025-12-31,0,Activo,29,25+ meses,Mes a mes,Tarjeta automática,Internet fibra,NOA,Hogar,79.06,0.0451,2,0,Sí,4,2189.34,0.0
C02534,2023-08-24,,2025-12-31,0,Activo,29,25+ meses,Mes a mes,Transferencia,Internet fibra,Patagonia,Hogar,73.74,0.0746,1,0,No,4,1978.93,0.0
C02535,2023-08-24,,2025-12-31,0,Activo,29,25+ meses,Anual,Tarjeta automática,Internet fibra,Centro,Profesional,97.03,0.061,0,0,Sí,4,2642.22,0.0
C02536,2023-08-24,,2025-12-31,0,Activo,29,25+ meses,Anual,Tarjeta automática,Telefonía móvil,Centro,Hogar,39.64,0.0446,2,0,Sí,4,1098.29,0.0
C02537,2023-08-24,,2025-12-31,0,Activo,29,25+ meses,Mes a mes,Débito automático,Streaming,Patagonia,PyME,101.48,0.0668,2,0,Sí,4,2746.33,0.0
C02538,2023-08-24,,2025-12-31,0,Activo,29,25+ meses,Anual,Tarjeta automática,Internet fibra,Cuyo,Profesional,87.27,0.102,1,0,Sí,4,2272.69,0.0
C02539,2023-08-24,,2025-12-31,0,Activo,29,25+ meses,Mes a mes,Cheque electrónico,Internet estándar,Litoral,Hogar,51.83,0.0544,0,0,No,4,1421.3,0.0
C02540,2023-08-25,,2025-12-31,0,Activo,29,25+ meses,Mes a mes,Cheque electrónico,Telefonía móvil,Cuyo,Hogar,47.61,0.0392,0,2,No,3,1326.57,0.0
C02541,2023-08-25,,2025-12-31,0,Activo,29,25+ meses,Dos años,Cheque electrónico,Telefonía móvil,NOA,Profesional,64.82,0.0693,1,1,No,4,1749.51,0.0
C02542,2023-08-25,2023-11-19,2025-12-31,1,Baja,4,4-6 meses,Mes a mes,Tarjeta automática,Internet fibra,AMBA,PyME,129.72,0.0261,0,0,Sí,5,505.34,1556.64
C02543,2023-08-26,,2025-12-31,0,Activo,29,25+ meses,Anual,Débito automático,Internet fibra,Cuyo,Hogar,93.05,0.1027,0,0,Sí,3,2421.32,0.0
C02544,2023-08-27,2023-12-21,2025-12-31,1,Baja,5,4-6 meses,Anual,Cheque electrónico,Internet estándar,Centro,Hogar,26.02,0.0199,7,2,No,1,127.51,312.24
C02545,2023-08-27,,2025-12-31,0,Activo,29,25+ meses,Mes a mes,Débito automático,Streaming,Patagonia,Hogar,18.0,0.015,0,1,Sí,4,514.17,0.0
C02546,2023-08-28,,2025-12-31,0,Activo,29,25+ meses,Mes a mes,Transferencia,Internet fibra,Centro,Hogar,85.3,0.0522,0,0,No,3,2344.57,0.0
C02547,2023-08-28,2025-11-25,2025-12-31,1,Baja,28,25+ meses,Dos años,Débito automático,Internet fibra,Centro,Hogar,68.32,0.0487,1,0,Sí,4,1819.8,819.84
C02548,2023-08-28,,2025-12-31,0,Activo,29,25+ meses,Anual,Débito automático,Telefonía móvil,Centro,Profesional,49.68,0.0456,0,0,Sí,4,1375.02,0.0
C02549,2023-08-28,2025-01-08,2025-12-31,1,Baja,18,13-24 meses,Anual,Tarjeta automática,Internet estándar,NOA,Hogar,43.86,0.0634,5,2,Sí,1,739.43,526.32
C02550,2023-08-28,,2025-12-31,0,Activo,29,25+ meses,Mes a mes,Transferencia,Internet fibra,Centro,Profesional,87.36,0.0636,0,0,No,5,2372.31,0.0
C02551,2023-08-28,2025-01-25,2025-12-31,1,Baja,18,13-24 meses,Mes a mes,Tarjeta automática,Internet estándar,NOA,Hogar,56.01,0.0322,1,1,Sí,5,975.72,672.12
C02552,2023-08-29,2023-09-01,2025-12-31,1,Baja,2,0-3 meses,Mes a mes,Cheque electrónico,Internet fibra,NOA,Hogar,87.95,0.0391,4,0,No,3,169.02,1055.4
C02553,2023-08-29,,2025-12-31,0,Activo,29,25+ meses,Mes a mes,Débito automático,Internet estándar,NOA,PyME,104.97,0.0265,2,0,Sí,3,2963.46,0.0
C02554,2023-08-29,,2025-12-31,0,Activo,29,25+ meses,Mes a mes,Tarjeta automática,Internet estándar,Cuyo,Hogar,60.6,0.0296,1,0,Sí,2,1705.38,0.0
C02555,2023-08-29,,2025-12-31,0,Activo,29,25+ meses,Anual,Transferencia,Internet fibra,Litoral,Hogar,62.75,0.0572,0,0,No,5,1715.66,0.0
C02556,2023-08-30,,2025-12-31,0,Activo,29,25+ meses,Dos años,Débito automático,Internet fibra,Patagonia,Hogar,78.83,0.1047,2,0,Sí,3,2046.72,0.0
C02557,2023-08-30,,2025-12-31,0,Activo,29,25+ meses,Mes a mes,Tarjeta automática,Telefonía móvil,AMBA,Hogar,56.83,0.101,2,0,Sí,3,1481.61,0.0
C02558,2023-08-30,,2025-12-31,0,Activo,29,25+ meses,Mes a mes,Cheque electrónico,Telefonía móvil,AMBA,Profesional,70.75,0.1052,0,1,No,4,1835.91,0.0
C02559,2023-08-31,,2025-12-31,0,Activo,29,25+ meses,Anual,Transferencia,Internet fibra,Centro,Profesional,111.8,0.0176,1,1,No,5,3185.14,0.0
C02560,2023-08-31,2025-07-02,2025-12-31,1,Baja,24,13-24 meses,Mes a mes,Transferencia,Streaming,NOA,Profesional,40.51,0.0382,3,0,No,4,935.1,486.12
C02561,2023-08-31,,2025-12-31,0,Activo,29,25+ meses,Dos años,Cheque electrónico,Internet fibra,AMBA,PyME,143.09,0.0225,0,1,No,5,4056.24,0.0
C02562,2023-08-31,,2025-12-31,0,Activo,29,25+ meses,Mes a mes,Débito automático,Telefonía móvil,Patagonia,Hogar,37.31,0.0241,0,0,Sí,5,1055.91,0.0
C02563,2023-08-31,2024-03-09,2025-12-31,1,Baja,8,7-12 meses,Mes a mes,Débito automático,Telefonía móvil,NOA,Hogar,48.55,0.0361,4,1,Sí,2,374.38,582.6
C02564,2023-08-31,,2025-12-31,0,Activo,29,25+ meses,Mes a mes,Tarjeta automática,Streaming,NOA,Hogar,43.42,0.0288,1,1,Sí,3,1222.92,0.0
C02565,2023-09-01,2024-06-07,2025-12-31,1,Baja,10,7-12 meses,Dos años,Tarjeta automática,Streaming,Litoral,Profesional,38.27,0.0808,3,1,Sí,3,351.78,459.24
C02566,2023-09-02,2023-09-09,2025-12-31,1,Baja,1,0-3 meses,Mes a mes,Débito automático,Internet estándar,Litoral,Hogar,28.59,0.0471,4,1,Sí,2,27.24,343.08
C02567,2023-09-02,,2025-12-31,0,Activo,28,25+ meses,Anual,Débito automático,Internet fibra,Patagonia,Hogar,98.32,0.0483,2,1,Sí,3,2619.99,0.0
C02568,2023-09-02,2024-09-02,2025-12-31,1,Baja,13,13-24 meses,Mes a mes,Transferencia,Internet estándar,Litoral,PyME,109.37,0.1473,1,0,No,4,1212.38,1312.44
C02569,2023-09-02,,2025-12-31,0,Activo,28,25+ meses,Mes a mes,Débito automático,Internet fibra,Patagonia,Hogar,76.82,0.0447,0,0,Sí,5,2054.81,0.0
C02570,2023-09-03,2023-12-24,2025-12-31,1,Baja,4,4-6 meses,Dos años,Transferencia,Streaming,Cuyo,Hogar,27.22,0.0819,0,2,No,5,99.96,326.64
C02571,2023-09-04,2023-12-04,2025-12-31,1,Baja,4,4-6 meses,Mes a mes,Cheque electrónico,Internet estándar,NOA,Hogar,25.94,0.0625,5,1,No,2,97.28,311.28
C02572,2023-09-04,2024-02-09,2025-12-31,1,Baja,6,4-6 meses,Mes a mes,Cheque electrónico,Internet fibra,Cuyo,Hogar,80.3,0.0519,1,1,No,3,456.79,963.6
C02573,2023-09-04,,2025-12-31,0,Activo,28,25+ meses,Mes a mes,Débito automático,Streaming,Centro,Hogar,23.16,0.0704,1,1,Sí,2,602.83,0.0
C02574,2023-09-05,,2025-12-31,0,Activo,28,25+ meses,Dos años,Cheque electrónico,Telefonía móvil,Patagonia,Hogar,42.58,0.0217,0,1,No,5,1166.37,0.0
C02575,2023-09-05,2025-09-20,2025-12-31,1,Baja,25,25+ meses,Mes a mes,Cheque electrónico,Streaming,Litoral,Hogar,29.33,0.0398,0,1,No,4,704.07,351.96
C02576,2023-09-05,,2025-12-31,0,Activo,28,25+ meses,Mes a mes,Tarjeta automática,Internet estándar,AMBA,Profesional,29.84,0.0981,2,0,Sí,3,753.56,0.0
C02577,2023-09-05,,2025-12-31,0,Activo,28,25+ meses,Dos años,Débito automático,Telefonía móvil,AMBA,Hogar,47.39,0.1489,1,0,Sí,2,1129.34,0.0
C02578,2023-09-05,2023-11-16,2025-12-31,1,Baja,3,0-3 meses,Anual,Tarjeta automática,Internet fibra,AMBA,Profesional,98.08,0.01,1,0,Sí,4,291.3,1176.96
C02579,2023-09-06,,2025-12-31,0,Activo,28,25+ meses,Dos años,Transferencia,Streaming,Litoral,Profesional,50.56,0.0407,1,0,No,4,1358.06,0.0
C02580,2023-09-06,,2025-12-31,0,Activo,28,25+ meses,Anual,Débito automático,Internet estándar,NOA,Profesional,64.98,0.0327,0,1,Sí,4,1759.94,0.0
C02581,2023-09-06,,2025-12-31,0,Activo,28,25+ meses,Anual,Débito automático,Internet fibra,Centro,PyME,133.54,0.0099,1,0,Sí,4,3702.1,0.0
C02582,2023-09-06,,2025-12-31,0,Activo,28,25+ meses,Mes a mes,Transferencia,Telefonía móvil,AMBA,Hogar,43.9,0.0325,0,0,No,5,1189.25,0.0
C02583,2023-09-07,,2025-12-31,0,Activo,28,25+ meses,Mes a mes,Débito automático,Internet estándar,NOA,Hogar,52.02,0.005,1,0,Sí,3,1449.28,0.0
C02584,2023-09-08,,2025-12-31,0,Activo,28,25+ meses,Anual,Débito automático,Internet estándar,Patagonia,Hogar,54.23,0.1161,1,0,Sí,5,1342.15,0.0
C02585,2023-09-09,,2025-12-31,0,Activo,28,25+ meses,Anual,Cheque electrónico,Internet fibra,Litoral,Hogar,81.11,0.0209,1,2,No,3,2223.61,0.0
C02586,2023-09-09,,2025-12-31,0,Activo,28,25+ meses,Dos años,Cheque electrónico,Telefonía móvil,Centro,Profesional,80.35,0.0254,0,1,No,3,2192.66,0.0
C02587,2023-09-09,,2025-12-31,0,Activo,28,25+ meses,Mes a mes,Transferencia,Telefonía móvil,Patagonia,Hogar,34.01,0.0468,0,0,No,4,907.71,0.0
C02588,2023-09-09,,2025-12-31,0,Activo,28,25+ meses,Mes a mes,Tarjeta automática,Internet fibra,Cuyo,Hogar,73.88,0.0219,0,1,Sí,5,2023.34,0.0
C02589,2023-09-09,,2025-12-31,0,Activo,28,25+ meses,Mes a mes,Tarjeta automática,Internet estándar,Centro,Hogar,67.62,0.0389,0,0,Sí,4,1819.71,0.0
C02590,2023-09-09,,2025-12-31,0,Activo,28,25+ meses,Anual,Tarjeta automática,Internet fibra,Centro,PyME,131.3,0.0386,1,1,Sí,3,3534.49,0.0
C02591,2023-09-09,,2025-12-31,0,Activo,28,25+ meses,Mes a mes,Débito automático,Streaming,AMBA,Hogar,39.25,0.0144,0,0,Sí,3,1083.17,0.0
C02592,2023-09-09,,2025-12-31,0,Activo,28,25+ meses,Anual,Tarjeta automática,Internet estándar,Cuyo,Hogar,50.49,0.0743,2,0,Sí,4,1308.68,0.0
C02593,2023-09-10,,2025-12-31,0,Activo,28,25+ meses,Anual,Cheque electrónico,Internet fibra,Patagonia,PyME,130.49,0.0292,0,3,No,3,3547.03,0.0
C02594,2023-09-10,2023-11-15,2025-12-31,1,Baja,3,0-3 meses,Mes a mes,Transferencia,Internet estándar,Patagonia,Profesional,77.85,0.071,2,1,No,3,216.97,934.2
C02595,2023-09-10,2025-05-12,2025-12-31,1,Baja,21,13-24 meses,Mes a mes,Débito automático,Telefonía móvil,Patagonia,Hogar,47.7,0.0356,0,1,Sí,5,966.04,572.4
C02596,2023-09-10,2025-12-27,2025-12-31,1,Baja,28,25+ meses,Anual,Tarjeta automática,Internet estándar,NOA,Hogar,32.13,0.0136,1,0,Sí,3,887.4,385.56
C02597,2023-09-10,,2025-12-31,0,Activo,28,25+ meses,Dos años,Débito automático,Internet fibra,NOA,Profesional,97.91,0.0074,3,1,Sí,3,2721.19,0.0
C02598,2023-09-10,,2025-12-31,0,Activo,28,25+ meses,Mes a mes,Débito automático,Telefonía móvil,Centro,Hogar,31.05,0.0503,2,0,Sí,4,825.67,0.0
C02599,2023-09-11,2024-09-18,2025-12-31,1,Baja,13,13-24 meses,Anual,Transferencia,Internet fibra,Cuyo,PyME,146.98,0.1102,0,0,No,5,1700.18,1763.76
C02600,2023-09-12,,2025-12-31,0,Activo,28,25+ meses,Mes a mes,Tarjeta automática,Internet estándar,Cuyo,Profesional,86.29,0.0235,0,1,Sí,3,2359.34,0.0
C02601,2023-09-12,,2025-12-31,0,Activo,28,25+ meses,Mes a mes,Cheque electrónico,Internet estándar,Patagonia,Hogar,69.61,0.0153,0,3,No,4,1919.26,0.0
C02602,2023-09-12,2025-03-22,2025-12-31,1,Baja,19,13-24 meses,Mes a mes,Tarjeta automática,Internet fibra,NOA,Profesional,99.93,0.0889,0,1,Sí,4,1729.88,1199.16
C02603,2023-09-12,,2025-12-31,0,Activo,28,25+ meses,Dos años,Tarjeta automática,Internet fibra,NOA,PyME,127.92,0.1154,2,0,Sí,3,3168.42,0.0
C02604,2023-09-12,2025-04-24,2025-12-31,1,Baja,20,13-24 meses,Dos años,Cheque electrónico,Internet fibra,AMBA,Hogar,81.54,0.0662,4,3,No,2,1522.84,978.48
C02605,2023-09-13,,2025-12-31,0,Activo,28,25+ meses,Mes a mes,Tarjeta automática,Internet fibra,Litoral,Hogar,67.66,0.0168,0,0,Sí,3,1862.65,0.0
C02606,2023-09-13,,2025-12-31,0,Activo,28,25+ meses,Mes a mes,Tarjeta automática,Internet estándar,AMBA,Profesional,92.8,0.0213,0,1,Sí,4,2543.05,0.0
C02607,2023-09-13,,2025-12-31,0,Activo,28,25+ meses,Mes a mes,Transferencia,Telefonía móvil,Centro,Hogar,55.14,0.1204,0,1,No,4,1358.03,0.0
C02608,2023-09-13,,2025-12-31,0,Activo,28,25+ meses,Anual,Débito automático,Internet fibra,Cuyo,Profesional,99.35,0.1233,0,0,Sí,5,2438.8,0.0
C02609,2023-09-13,,2025-12-31,0,Activo,28,25+ meses,Mes a mes,Tarjeta automática,Streaming,Litoral,Hogar,39.97,0.0758,0,0,Sí,3,1034.33,0.0
C02610,2023-09-13,,2025-12-31,0,Activo,28,25+ meses,Anual,Tarjeta automática,Internet estándar,Patagonia,Hogar,43.59,0.0046,0,0,Sí,5,1214.91,0.0
C02611,2023-09-13,,2025-12-31,0,Activo,28,25+ meses,Mes a mes,Tarjeta automática,Internet fibra,NOA,Hogar,65.81,0.0924,1,1,Sí,3,1672.42,0.0
C02612,2023-09-13,,2025-12-31,0,Activo,28,25+ meses,Anual,Débito automático,Internet estándar,Cuyo,Profesional,42.65,0.0754,4,0,Sí,3,1104.16,0.0
C02613,2023-09-14,2024-03-22,2025-12-31,1,Baja,7,7-12 meses,Mes a mes,Tarjeta automática,Internet fibra,Litoral,Hogar,78.91,0.0215,3,0,Sí,2,540.49,946.92
C02614,2023-09-14,,2025-12-31,0,Activo,28,25+ meses,Anual,Transferencia,Streaming,AMBA,Hogar,26.71,0.0514,0,0,No,4,709.44,0.0
C02615,2023-09-14,,2025-12-31,0,Activo,28,25+ meses,Anual,Cheque electrónico,Internet estándar,AMBA,Hogar,54.71,0.0758,1,1,No,3,1415.76,0.0
C02616,2023-09-14,2024-09-19,2025-12-31,1,Baja,13,13-24 meses,Mes a mes,Tarjeta automática,Streaming,NOA,Hogar,29.14,0.0746,2,1,Sí,3,350.56,349.68
C02617,2023-09-14,2025-11-23,2025-12-31,1,Baja,27,25+ meses,Mes a mes,Débito automático,Telefonía móvil,NOA,Hogar,47.21,0.0586,0,3,Sí,4,1199.97,566.52
C02618,2023-09-14,,2025-12-31,0,Activo,28,25+ meses,Anual,Tarjeta automática,Internet fibra,NOA,PyME,141.92,0.0883,0,0,Sí,5,3622.88,0.0
C02619,2023-09-15,,2025-12-31,0,Activo,28,25+ meses,Anual,Tarjeta automática,Telefonía móvil,Centro,Profesional,43.94,0.0059,2,2,Sí,3,1223.06,0.0
C02620,2023-09-15,2024-05-20,2025-12-31,1,Baja,9,7-12 meses,Mes a mes,Tarjeta automática,Internet fibra,Litoral,Hogar,87.56,0.0829,0,0,Sí,5,722.71,1050.72
C02621,2023-09-15,,2025-12-31,0,Activo,28,25+ meses,Mes a mes,Cheque electrónico,Internet fibra,Centro,Hogar,73.53,0.0697,0,1,No,5,1915.34,0.0
C02622,2023-09-15,,2025-12-31,0,Activo,28,25+ meses,Mes a mes,Débito automático,Internet fibra,Patagonia,PyME,138.69,0.0283,1,2,Sí,3,3773.42,0.0
C02623,2023-09-15,2024-01-27,2025-12-31,1,Baja,5,4-6 meses,Anual,Débito automático,Telefonía móvil,Cuyo,PyME,108.24,0.0579,2,1,Sí,3,509.86,1298.88
C02624,2023-09-16,,2025-12-31,0,Activo,28,25+ meses,Anual,Transferencia,Streaming,NOA,Profesional,58.32,0.0926,0,0,No,4,1481.75,0.0
C02625,2023-09-16,2024-05-24,2025-12-31,1,Baja,9,7-12 meses,Mes a mes,Cheque electrónico,Telefonía móvil,Cuyo,Hogar,43.42,0.0482,0,0,No,5,371.94,521.04
C02626,2023-09-16,,2025-12-31,0,Activo,28,25+ meses,Anual,Tarjeta automática,Streaming,Litoral,Hogar,30.96,0.0632,0,0,Sí,4,812.09,0.0
C02627,2023-09-16,,2025-12-31,0,Activo,28,25+ meses,Anual,Tarjeta automática,Internet estándar,Litoral,Hogar,58.81,0.0202,0,0,Sí,5,1613.42,0.0
C02628,2023-09-17,,2025-12-31,0,Activo,28,25+ meses,Anual,Cheque electrónico,Telefonía móvil,Patagonia,Hogar,25.49,0.1009,0,0,No,4,641.71,0.0
C02629,2023-09-17,,2025-12-31,0,Activo,28,25+ meses,Mes a mes,Débito automático,Telefonía móvil,AMBA,Hogar,31.53,0.0867,1,1,Sí,3,806.3,0.0
C02630,2023-09-17,2023-10-05,2025-12-31,1,Baja,2,0-3 meses,Mes a mes,Transferencia,Telefonía móvil,Cuyo,PyME,93.93,0.1035,1,1,No,4,168.42,1127.16
C02631,2023-09-17,,2025-12-31,0,Activo,28,25+ meses,Mes a mes,Transferencia,Internet estándar,Cuyo,Hogar,34.34,0.0997,3,0,No,3,865.66,0.0
C02632,2023-09-17,2024-01-17,2025-12-31,1,Baja,5,4-6 meses,Mes a mes,Débito automático,Telefonía móvil,Centro,Hogar,39.01,0.0344,3,1,Sí,2,188.34,468.12
C02633,2023-09-17,,2025-12-31,0,Activo,28,25+ meses,Mes a mes,Tarjeta automática,Internet fibra,Patagonia,PyME,129.41,0.0977,0,0,Sí,4,3269.47,0.0
C02634,2023-09-18,2025-03-05,2025-12-31,1,Baja,19,13-24 meses,Mes a mes,Tarjeta automática,Telefonía móvil,Patagonia,PyME,97.96,0.0754,3,0,Sí,4,1720.9,1175.52
C02635,2023-09-18,2025-11-27,2025-12-31,1,Baja,27,25+ meses,Mes a mes,Débito automático,Telefonía móvil,AMBA,Hogar,41.37,0.1288,2,0,Sí,2,973.12,496.44
C02636,2023-09-18,,2025-12-31,0,Activo,28,25+ meses,Anual,Débito automático,Streaming,Patagonia,Hogar,40.76,0.0571,1,1,Sí,4,1076.11,0.0
C02637,2023-09-19,2024-05-13,2025-12-31,1,Baja,9,7-12 meses,Mes a mes,Transferencia,Internet fibra,NOA,Profesional,102.3,0.0368,1,0,No,5,886.82,1227.6
C02638,2023-09-19,,2025-12-31,0,Activo,28,25+ meses,Anual,Transferencia,Internet fibra,Centro,PyME,132.22,0.1006,0,0,No,4,3329.72,0.0
C02639,2023-09-19,2024-07-04,2025-12-31,1,Baja,11,7-12 meses,Mes a mes,Cheque electrónico,Telefonía móvil,Litoral,Hogar,38.33,0.0769,3,0,No,3,389.21,459.96
C02640,2023-09-19,2023-09-08,2025-12-31,1,Baja,1,0-3 meses,Mes a mes,Cheque electrónico,Telefonía móvil,Litoral,Hogar,41.48,0.0117,0,0,No,4,40.99,497.76
C02641,2023-09-19,,2025-12-31,0,Activo,28,25+ meses,Mes a mes,Transferencia,Streaming,AMBA,Profesional,46.67,0.0724,0,0,No,4,1212.15,0.0
C02642,2023-09-19,,2025-12-31,0,Activo,28,25+ meses,Anual,Tarjeta automática,Telefonía móvil,Patagonia,Profesional,87.71,0.052,1,1,Sí,3,2328.17,0.0
C02643,2023-09-20,,2025-12-31,0,Activo,28,25+ meses,Anual,Débito automático,Internet estándar,Patagonia,Hogar,32.97,0.077,1,0,Sí,5,852.08,0.0
C02644,2023-09-20,,2025-12-31,0,Activo,28,25+ meses,Mes a mes,Transferencia,Telefonía móvil,Centro,Hogar,31.81,0.0866,0,1,No,4,813.55,0.0
C02645,2023-09-20,,2025-12-31,0,Activo,28,25+ meses,Anual,Transferencia,Internet fibra,Centro,Profesional,84.2,0.0207,0,0,No,4,2308.8,0.0
C02646,2023-09-21,2023-09-15,2025-12-31,1,Baja,1,0-3 meses,Mes a mes,Tarjeta automática,Internet fibra,Patagonia,Profesional,98.96,0.1174,2,1,Sí,2,87.34,1187.52
C02647,2023-09-21,,2025-12-31,0,Activo,28,25+ meses,Anual,Débito automático,Internet estándar,Patagonia,Hogar,51.53,0.0539,0,0,Sí,5,1365.07,0.0
C02648,2023-09-21,2024-03-21,2025-12-31,1,Baja,7,7-12 meses,Mes a mes,Débito automático,Internet estándar,AMBA,Profesional,60.7,0.059,0,0,Sí,3,399.83,728.4
C02649,2023-09-21,,2025-12-31,0,Activo,28,25+ meses,Mes a mes,Débito automático,Internet estándar,Cuyo,Profesional,76.86,0.0242,1,0,Sí,4,2100.0,0.0
C02650,2023-09-21,2024-01-13,2025-12-31,1,Baja,5,4-6 meses,Mes a mes,Cheque electrónico,Telefonía móvil,Litoral,Hogar,46.07,0.0522,0,2,No,2,218.33,552.84
C02651,2023-09-22,,2025-12-31,0,Activo,28,25+ meses,Dos años,Débito automático,Internet fibra,AMBA,Hogar,88.32,0.1238,0,0,Sí,4,2166.81,0.0
C02652,2023-09-22,,2025-12-31,0,Activo,28,25+ meses,Mes a mes,Débito automático,Streaming,NOA,Hogar,42.24,0.0524,0,0,Sí,4,1120.75,0.0
C02653,2023-09-22,,2025-12-31,0,Activo,28,25+ meses,Anual,Débito automático,Internet fibra,Centro,PyME,109.56,0.1516,1,1,Sí,3,2602.62,0.0
C02654,2023-09-22,,2025-12-31,0,Activo,28,25+ meses,Mes a mes,Débito automático,Telefonía móvil,NOA,Hogar,49.54,0.046,1,0,Sí,3,1323.31,0.0
C02655,2023-09-23,,2025-12-31,0,Activo,28,25+ meses,Mes a mes,Tarjeta automática,Internet fibra,AMBA,Profesional,81.81,0.0165,2,0,Sí,3,2252.88,0.0
C02656,2023-09-23,2024-10-27,2025-12-31,1,Baja,14,13-24 meses,Mes a mes,Transferencia,Streaming,NOA,Hogar,31.74,0.0658,4,0,No,3,415.12,380.88
C02657,2023-09-23,,2025-12-31,0,Activo,28,25+ meses,Dos años,Débito automático,Streaming,AMBA,PyME,83.2,0.0632,3,0,Sí,2,2182.37,0.0
C02658,2023-09-23,,2025-12-31,0,Activo,28,25+ meses,Anual,Transferencia,Internet estándar,Patagonia,PyME,103.67,0.0203,3,0,No,4,2843.83,0.0
C02659,2023-09-23,,2025-12-31,0,Activo,28,25+ meses,Mes a mes,Tarjeta automática,Internet fibra,Cuyo,PyME,119.75,0.0104,1,1,Sí,5,3318.13,0.0
C02660,2023-09-25,,2025-12-31,0,Activo,28,25+ meses,Anual,Cheque electrónico,Internet fibra,Cuyo,Profesional,107.34,0.0187,4,1,No,2,2949.32,0.0
C02661,2023-09-25,2025-02-03,2025-12-31,1,Baja,18,13-24 meses,Mes a mes,Transferencia,Internet estándar,AMBA,Hogar,34.8,0.0638,0,0,No,5,586.44,417.6
C02662,2023-09-25,,2025-12-31,0,Activo,28,25+ meses,Mes a mes,Débito automático,Internet fibra,Patagonia,Hogar,86.26,0.0402,2,0,Sí,4,2318.19,0.0
C02663,2023-09-25,2025-10-26,2025-12-31,1,Baja,26,25+ meses,Mes a mes,Tarjeta automática,Internet fibra,Litoral,Hogar,62.25,0.0565,2,0,Sí,4,1527.05,747.0
C02664,2023-09-26,2023-10-08,2025-12-31,1,Baja,2,0-3 meses,Mes a mes,Débito automático,Streaming,Centro,Hogar,28.8,0.0203,4,0,Sí,1,56.43,345.6
C02665,2023-09-26,,2025-12-31,0,Activo,28,25+ meses,Mes a mes,Transferencia,Internet fibra,Cuyo,Hogar,97.85,0.0771,2,0,No,4,2528.56,0.0
C02666,2023-09-26,,2025-12-31,0,Activo,28,25+ meses,Anual,Transferencia,Internet fibra,Litoral,Hogar,103.98,0.0102,1,0,No,4,2881.74,0.0
C02667,2023-09-27,2024-01-25,2025-12-31,1,Baja,5,4-6 meses,Mes a mes,Transferencia,Internet estándar,Patagonia,Hogar,31.19,0.0351,0,0,No,4,150.48,374.28
C02668,2023-09-27,2024-03-03,2025-12-31,1,Baja,7,7-12 meses,Dos años,Cheque electrónico,Internet estándar,Litoral,Profesional,59.25,0.0691,1,2,No,5,386.09,711.0
C02669,2023-09-27,2024-11-01,2025-12-31,1,Baja,15,13-24 meses,Anual,Débito automático,Internet estándar,AMBA,Hogar,43.25,0.0889,0,0,Sí,5,591.08,519.0
C02670,2023-09-27,,2025-12-31,0,Activo,28,25+ meses,Anual,Transferencia,Streaming,Litoral,Hogar,53.81,0.0106,0,0,No,3,1490.71,0.0
C02671,2023-09-28,,2025-12-31,0,Activo,28,25+ meses,Anual,Débito automático,Streaming,Cuyo,Hogar,28.25,0.0406,0,1,Sí,4,758.89,0.0
C02672,2023-09-28,,2025-12-31,0,Activo,28,25+ meses,Dos años,Transferencia,Internet estándar,Cuyo,Hogar,60.82,0.029,2,0,No,3,1653.57,0.0
C02673,2023-09-28,,2025-12-31,0,Activo,28,25+ meses,Mes a mes,Débito automático,Internet estándar,Cuyo,PyME,107.3,0.0288,0,1,Sí,4,2917.87,0.0
C02674,2023-09-28,2025-04-18,2025-12-31,1,Baja,20,13-24 meses,Mes a mes,Transferencia,Internet fibra,Cuyo,Hogar,64.81,0.0253,4,0,No,2,1263.41,777.72
C02675,2023-09-28,,2025-12-31,0,Activo,28,25+ meses,Mes a mes,Tarjeta automática,Streaming,Centro,Profesional,26.54,0.0743,2,1,Sí,2,687.91,0.0
C02676,2023-09-29,,2025-12-31,0,Activo,28,25+ meses,Dos años,Tarjeta automática,Internet estándar,Centro,Hogar,42.26,0.0462,0,0,Sí,5,1128.61,0.0
C02677,2023-09-29,2025-09-01,2025-12-31,1,Baja,25,25+ meses,Mes a mes,Tarjeta automática,Telefonía móvil,Patagonia,Hogar,67.49,0.0412,0,0,Sí,5,1617.74,809.88
C02678,2023-09-29,,2025-12-31,0,Activo,28,25+ meses,Anual,Cheque electrónico,Streaming,Centro,Profesional,49.83,0.0691,4,1,No,2,1298.83,0.0
C02679,2023-09-29,2025-11-23,2025-12-31,1,Baja,27,25+ meses,Anual,Débito automático,Streaming,Patagonia,Hogar,40.6,0.0909,1,1,Sí,3,996.56,487.2
C02680,2023-09-29,,2025-12-31,0,Activo,28,25+ meses,Mes a mes,Débito automático,Internet estándar,Cuyo,Profesional,51.4,0.0427,0,0,Sí,5,1377.75,0.0
C02681,2023-09-29,2025-01-18,2025-12-31,1,Baja,17,13-24 meses,Dos años,Débito automático,Telefonía móvil,Litoral,PyME,93.42,0.0574,1,0,Sí,3,1496.98,1121.04
C02682,2023-09-30,2024-02-11,2025-12-31,1,Baja,6,4-6 meses,Mes a mes,Débito automático,Internet estándar,AMBA,Hogar,57.57,0.063,1,0,Sí,5,323.66,690.84
C02683,2023-09-30,2025-07-20,2025-12-31,1,Baja,23,13-24 meses,Mes a mes,Cheque electrónico,Internet estándar,Centro,Profesional,55.0,0.07,0,2,No,4,1176.45,660.0
C02684,2023-09-30,2024-07-18,2025-12-31,1,Baja,11,7-12 meses,Anual,Cheque electrónico,Telefonía móvil,NOA,Hogar,41.3,0.064,4,1,No,1,425.22,495.6
C02685,2023-09-30,,2025-12-31,0,Activo,28,25+ meses,Mes a mes,Cheque electrónico,Streaming,Patagonia,Hogar,19.32,0.0438,0,0,No,4,517.27,0.0
C02686,2023-10-01,,2025-12-31,0,Activo,27,25+ meses,Mes a mes,Cheque electrónico,Internet estándar,AMBA,Hogar,58.09,0.0504,1,2,No,3,1489.38,0.0
C02687,2023-10-01,2023-12-09,2025-12-31,1,Baja,3,0-3 meses,Mes a mes,Tarjeta automática,Internet fibra,NOA,Hogar,82.38,0.0041,6,0,Sí,1,246.13,988.56
C02688,2023-10-01,,2025-12-31,0,Activo,27,25+ meses,Mes a mes,Tarjeta automática,Internet fibra,NOA,PyME,140.52,0.0249,1,0,Sí,3,3699.57,0.0
C02689,2023-10-01,2024-03-16,2025-12-31,1,Baja,6,4-6 meses,Anual,Transferencia,Telefonía móvil,AMBA,Hogar,51.58,0.0223,1,0,No,4,302.58,618.96
C02690,2023-10-01,2025-11-24,2025-12-31,1,Baja,26,25+ meses,Dos años,Transferencia,Internet fibra,Centro,Profesional,93.5,0.0673,1,1,No,2,2267.39,1122.0
C02691,2023-10-01,,2025-12-31,0,Activo,27,25+ meses,Mes a mes,Tarjeta automática,Internet fibra,Centro,Hogar,89.04,0.0538,0,0,Sí,5,2274.74,0.0
C02692,2023-10-01,,2025-12-31,0,Activo,27,25+ meses,Mes a mes,Transferencia,Internet fibra,NOA,Hogar,71.51,0.1205,1,0,No,4,1698.11,0.0
C02693,2023-10-01,2023-10-03,2025-12-31,1,Baja,1,0-3 meses,Mes a mes,Tarjeta automática,Telefonía móvil,NOA,Hogar,48.88,0.0623,1,0,Sí,3,45.83,586.56
C02694,2023-10-02,2024-02-06,2025-12-31,1,Baja,5,4-6 meses,Dos años,Tarjeta automática,Internet estándar,Patagonia,Profesional,45.32,0.0638,0,0,Sí,4,212.14,543.84
C02695,2023-10-02,,2025-12-31,0,Activo,27,25+ meses,Anual,Tarjeta automática,Internet estándar,Centro,Profesional,58.79,0.0381,1,1,Sí,3,1526.85,0.0
C02696,2023-10-02,,2025-12-31,0,Activo,27,25+ meses,Mes a mes,Cheque electrónico,Telefonía móvil,NOA,PyME,122.47,0.0405,0,2,No,4,3172.77,0.0
C02697,2023-10-02,,2025-12-31,0,Activo,27,25+ meses,Mes a mes,Transferencia,Internet estándar,NOA,Hogar,55.72,0.0203,0,0,No,4,1473.9,0.0
C02698,2023-10-02,,2025-12-31,0,Activo,27,25+ meses,Dos años,Débito automático,Telefonía móvil,NOA,Hogar,48.72,0.0159,5,1,Sí,1,1294.52,0.0
C02699,2023-10-02,,2025-12-31,0,Activo,27,25+ meses,Dos años,Cheque electrónico,Streaming,Cuyo,Hogar,19.94,0.0542,0,1,No,4,509.2,0.0
C02700,2023-10-03,2025-07-27,2025-12-31,1,Baja,22,13-24 meses,Mes a mes,Cheque electrónico,Internet estándar,Patagonia,Profesional,54.96,0.0999,0,1,No,4,1088.33,659.52
C02701,2023-10-03,,2025-12-31,0,Activo,27,25+ meses,Anual,Débito automático,Telefonía móvil,Patagonia,Hogar,39.09,0.0723,1,1,Sí,5,979.12,0.0
C02702,2023-10-03,2025-01-27,2025-12-31,1,Baja,16,13-24 meses,Mes a mes,Cheque electrónico,Telefonía móvil,AMBA,Hogar,41.26,0.075,1,2,No,4,610.65,495.12
C02703,2023-10-03,,2025-12-31,0,Activo,27,25+ meses,Mes a mes,Tarjeta automática,Internet fibra,Litoral,Profesional,117.06,0.1254,0,0,Sí,4,2764.28,0.0
C02704,2023-10-04,,2025-12-31,0,Activo,27,25+ meses,Anual,Débito automático,Internet fibra,Litoral,Hogar,89.21,0.054,2,0,Sí,4,2278.6,0.0
C02705,2023-10-04,2025-10-05,2025-12-31,1,Baja,25,25+ meses,Mes a mes,Tarjeta automática,Telefonía móvil,Litoral,Profesional,61.2,0.0361,1,0,Sí,5,1474.77,734.4
C02706,2023-10-04,,2025-12-31,0,Activo,27,25+ meses,Mes a mes,Débito automático,Internet estándar,Cuyo,PyME,104.72,0.0858,0,0,Sí,5,2584.85,0.0
C02707,2023-10-05,,2025-12-31,0,Activo,27,25+ meses,Dos años,Débito automático,Internet estándar,Patagonia,Hogar,57.34,0.0332,2,0,Sí,4,1496.78,0.0
C02708,2023-10-05,,2025-12-31,0,Activo,27,25+ meses,Anual,Tarjeta automática,Internet fibra,NOA,Hogar,63.49,0.0205,1,0,Sí,4,1679.09,0.0
C02709,2023-10-05,2024-10-11,2025-12-31,1,Baja,13,13-24 meses,Mes a mes,Débito automático,Telefonía móvil,Litoral,PyME,75.87,0.0572,3,0,Sí,3,929.89,910.44
C02710,2023-10-05,2025-09-24,2025-12-31,1,Baja,24,13-24 meses,Anual,Transferencia,Streaming,NOA,Profesional,55.18,0.0289,0,1,No,5,1286.05,662.16
C02711,2023-10-05,,2025-12-31,0,Activo,27,25+ meses,Anual,Transferencia,Telefonía móvil,Patagonia,Hogar,42.79,0.0907,1,1,No,3,1050.54,0.0
C02712,2023-10-05,,2025-12-31,0,Activo,27,25+ meses,Mes a mes,Tarjeta automática,Internet estándar,Centro,Profesional,52.57,0.0119,1,1,Sí,3,1402.5,0.0
C02713,2023-10-05,,2025-12-31,0,Activo,27,25+ meses,Dos años,Tarjeta automática,Telefonía móvil,Patagonia,Hogar,18.96,0.0864,0,0,Sí,5,467.69,0.0
C02714,2023-10-05,2024-01-08,2025-12-31,1,Baja,4,4-6 meses,Anual,Débito automático,Internet estándar,Patagonia,Profesional,76.83,0.0833,5,0,Sí,2,281.72,921.96
C02715,2023-10-06,2024-03-15,2025-12-31,1,Baja,6,4-6 meses,Mes a mes,Cheque electrónico,Streaming,NOA,Hogar,23.26,0.0655,1,0,No,4,130.42,279.12
C02716,2023-10-06,,2025-12-31,0,Activo,27,25+ meses,Mes a mes,Cheque electrónico,Streaming,Cuyo,Hogar,33.4,0.0968,0,1,No,5,814.51,0.0
C02717,2023-10-06,2025-02-24,2025-12-31,1,Baja,17,13-24 meses,Anual,Tarjeta automática,Internet estándar,AMBA,Profesional,64.1,0.0643,4,1,Sí,1,1019.63,769.2
C02718,2023-10-07,,2025-12-31,0,Activo,27,25+ meses,Dos años,Transferencia,Internet estándar,Patagonia,Hogar,48.62,0.0199,1,0,No,5,1286.62,0.0
C02719,2023-10-07,2025-08-17,2025-12-31,1,Baja,23,13-24 meses,Mes a mes,Débito automático,Internet fibra,Litoral,PyME,126.49,0.105,1,0,Sí,3,2603.8,1517.88
C02720,2023-10-07,2024-04-27,2025-12-31,1,Baja,7,7-12 meses,Mes a mes,Cheque electrónico,Internet estándar,Litoral,Profesional,66.16,0.0475,0,2,No,4,441.12,793.92
C02721,2023-10-07,2024-04-09,2025-12-31,1,Baja,7,7-12 meses,Anual,Tarjeta automática,Streaming,Patagonia,PyME,90.35,0.1251,5,1,Sí,1,553.33,1084.2
C02722,2023-10-07,2023-11-18,2025-12-31,1,Baja,2,0-3 meses,Mes a mes,Débito automático,Internet fibra,Litoral,Hogar,74.97,0.0697,0,0,Sí,4,139.49,899.64
C02723,2023-10-07,,2025-12-31,0,Activo,27,25+ meses,Mes a mes,Transferencia,Streaming,AMBA,Hogar,25.34,0.1185,2,0,No,4,603.1,0.0
C02724,2023-10-07,,2025-12-31,0,Activo,27,25+ meses,Dos años,Tarjeta automática,Internet fibra,NOA,Hogar,84.68,0.0646,0,0,Sí,5,2138.66,0.0
C02725,2023-10-08,,2025-12-31,0,Activo,27,25+ meses,Anual,Tarjeta automática,Internet fibra,Centro,Hogar,85.42,0.0356,0,0,Sí,4,2224.23,0.0
C02726,2023-10-08,,2025-12-31,0,Activo,27,25+ meses,Dos años,Tarjeta automática,Streaming,Centro,Hogar,18.0,0.024,0,1,Sí,4,474.34,0.0
C02727,2023-10-08,,2025-12-31,0,Activo,27,25+ meses,Anual,Débito automático,Internet fibra,Patagonia,Hogar,77.68,0.0184,0,1,Sí,4,2058.77,0.0
C02728,2023-10-08,,2025-12-31,0,Activo,27,25+ meses,Mes a mes,Transferencia,Telefonía móvil,Patagonia,Hogar,36.24,0.1233,0,0,No,3,857.83,0.0
C02729,2023-10-08,,2025-12-31,0,Activo,27,25+ meses,Dos años,Transferencia,Telefonía móvil,Litoral,PyME,97.15,0.0831,1,0,No,5,2405.07,0.0
C02730,2023-10-09,,2025-12-31,0,Activo,27,25+ meses,Mes a mes,Tarjeta automática,Internet estándar,Patagonia,Hogar,64.77,0.0395,1,0,Sí,4,1679.71,0.0
C02731,2023-10-09,2023-12-10,2025-12-31,1,Baja,3,0-3 meses,Mes a mes,Cheque electrónico,Internet estándar,AMBA,Hogar,52.95,0.0304,0,1,No,3,154.02,635.4
C02732,2023-10-09,,2025-12-31,0,Activo,27,25+ meses,Dos años,Débito automático,Internet fibra,Centro,Profesional,119.81,0.1569,0,0,Sí,5,2727.32,0.0
C02733,2023-10-09,,2025-12-31,0,Activo,27,25+ meses,Anual,Cheque electrónico,Telefonía móvil,Centro,Hogar,44.42,0.0576,1,2,No,3,1130.26,0.0
C02734,2023-10-09,,2025-12-31,0,Activo,27,25+ meses,Dos años,Tarjeta automática,Internet fibra,Cuyo,Profesional,94.17,0.0811,1,1,Sí,3,2336.39,0.0
C02735,2023-10-10,2025-08-22,2025-12-31,1,Baja,23,13-24 meses,Mes a mes,Cheque electrónico,Telefonía móvil,Cuyo,Profesional,59.78,0.0178,1,0,No,3,1350.47,717.36
C02736,2023-10-10,,2025-12-31,0,Activo,27,25+ meses,Dos años,Cheque electrónico,Telefonía móvil,AMBA,Profesional,61.57,0.0229,4,1,No,1,1624.32,0.0
C02737,2023-10-10,,2025-12-31,0,Activo,27,25+ meses,Anual,Cheque electrónico,Internet fibra,Patagonia,Profesional,99.55,0.0099,1,1,No,3,2661.24,0.0
C02738,2023-10-10,,2025-12-31,0,Activo,27,25+ meses,Anual,Cheque electrónico,Streaming,Litoral,Profesional,36.09,0.1062,2,2,No,2,870.95,0.0
C02739,2023-10-10,,2025-12-31,0,Activo,27,25+ meses,Dos años,Débito automático,Internet estándar,Cuyo,PyME,101.44,0.099,0,2,Sí,3,2467.73,0.0
C02740,2023-10-10,,2025-12-31,0,Activo,27,25+ meses,Mes a mes,Transferencia,Internet estándar,NOA,Hogar,41.03,0.078,0,0,No,4,1021.4,0.0
C02741,2023-10-11,,2025-12-31,0,Activo,27,25+ meses,Anual,Débito automático,Internet fibra,Cuyo,Hogar,89.33,0.0415,0,0,Sí,5,2311.82,0.0
C02742,2023-10-11,2024-10-09,2025-12-31,1,Baja,13,13-24 meses,Anual,Débito automático,Streaming,AMBA,Profesional,25.82,0.0914,2,0,Sí,3,304.98,309.84
C02743,2023-10-11,,2025-12-31,0,Activo,27,25+ meses,Anual,Cheque electrónico,Internet fibra,NOA,Hogar,79.73,0.0271,1,0,No,4,2094.37,0.0
C02744,2023-10-12,,2025-12-31,0,Activo,27,25+ meses,Dos años,Tarjeta automática,Telefonía móvil,AMBA,Hogar,25.3,0.0331,2,0,Sí,4,660.49,0.0
C02745,2023-10-12,,2025-12-31,0,Activo,27,25+ meses,Anual,Débito automático,Internet estándar,AMBA,Hogar,53.75,0.0896,1,2,Sí,5,1321.22,0.0
C02746,2023-10-12,2023-12-06,2025-12-31,1,Baja,3,0-3 meses,Mes a mes,Cheque electrónico,Streaming,Cuyo,Hogar,24.61,0.1027,1,1,No,4,66.25,295.32
C02747,2023-10-12,,2025-12-31,0,Activo,27,25+ meses,Mes a mes,Tarjeta automática,Telefonía móvil,Litoral,Hogar,22.02,0.0372,0,0,Sí,5,572.42,0.0
C02748,2023-10-12,,2025-12-31,0,Activo,27,25+ meses,Dos años,Tarjeta automática,Streaming,Centro,Profesional,57.36,0.0193,3,0,Sí,3,1518.83,0.0
C02749,2023-10-12,,2025-12-31,0,Activo,27,25+ meses,Dos años,Tarjeta automática,Internet estándar,NOA,Hogar,21.32,0.0619,0,0,Sí,5,540.01,0.0
C02750,2023-10-12,,2025-12-31,0,Activo,27,25+ meses,Dos años,Transferencia,Internet estándar,Centro,Hogar,48.65,0.0462,1,0,No,2,1252.86,0.0
C02751,2023-10-13,2024-02-25,2025-12-31,1,Baja,5,4-6 meses,Mes a mes,Cheque electrónico,Internet estándar,NOA,Profesional,74.6,0.0351,1,0,No,3,359.91,895.2
C02752,2023-10-13,,2025-12-31,0,Activo,27,25+ meses,Mes a mes,Tarjeta automática,Internet estándar,Litoral,Profesional,82.14,0.018,1,2,Sí,4,2177.86,0.0
C02753,2023-10-13,2024-08-05,2025-12-31,1,Baja,11,7-12 meses,Anual,Transferencia,Telefonía móvil,Centro,Hogar,24.29,0.0417,1,2,No,3,256.05,291.48
C02754,2023-10-13,2025-08-17,2025-12-31,1,Baja,23,13-24 meses,Anual,Débito automático,Internet fibra,Cuyo,Hogar,72.32,0.0384,4,0,Sí,1,1599.49,867.84
C02755,2023-10-13,2023-11-17,2025-12-31,1,Baja,2,0-3 meses,Mes a mes,Transferencia,Internet estándar,AMBA,Hogar,60.92,0.053,0,0,No,4,115.38,731.04
C02756,2023-10-14,,2025-12-31,0,Activo,27,25+ meses,Anual,Transferencia,Telefonía móvil,NOA,Profesional,72.66,0.0984,0,0,No,5,1768.78,0.0
C02757,2023-10-14,,2025-12-31,0,Activo,27,25+ meses,Mes a mes,Cheque electrónico,Internet estándar,Litoral,Hogar,63.09,0.0678,0,1,No,5,1587.94,0.0
C02758,2023-10-14,,2025-12-31,0,Activo,27,25+ meses,Mes a mes,Débito automático,Telefonía móvil,Cuyo,PyME,125.18,0.0078,0,1,Sí,4,3353.5,0.0
C02759,2023-10-14,2023-10-13,2025-12-31,1,Baja,1,0-3 meses,Mes a mes,Tarjeta automática,Internet fibra,Patagonia,Profesional,90.4,0.078,0,0,Sí,3,83.35,1084.8
C02760,2023-10-14,2025-08-18,2025-12-31,1,Baja,23,13-24 meses,Mes a mes,Débito automático,Internet fibra,Litoral,Hogar,82.1,0.0549,4,0,Sí,2,1784.63,985.2
C02761,2023-10-15,2024-01-09,2025-12-31,1,Baja,4,4-6 meses,Mes a mes,Débito automático,Streaming,Litoral,Hogar,25.2,0.0121,6,1,Sí,1,99.58,302.4
C02762,2023-10-15,,2025-12-31,0,Activo,27,25+ meses,Dos años,Débito automático,Internet estándar,Cuyo,PyME,82.27,0.0628,1,0,Sí,4,2081.79,0.0
C02763,2023-10-15,,2025-12-31,0,Activo,27,25+ meses,Anual,Tarjeta automática,Telefonía móvil,Cuyo,PyME,96.01,0.0234,2,0,Sí,4,2531.61,0.0
C02764,2023-10-15,,2025-12-31,0,Activo,27,25+ meses,Dos años,Tarjeta automática,Internet estándar,Centro,Hogar,27.06,0.0634,0,1,Sí,4,684.3,0.0
C02765,2023-10-15,2023-11-12,2025-12-31,1,Baja,2,0-3 meses,Mes a mes,Cheque electrónico,Internet fibra,Patagonia,Hogar,72.27,0.0858,2,1,No,2,132.14,867.24
C02766,2023-10-15,,2025-12-31,0,Activo,27,25+ meses,Mes a mes,Tarjeta automática,Internet estándar,Cuyo,Profesional,50.85,0.0195,1,0,Sí,5,1346.18,0.0
C02767,2023-10-16,2025-07-17,2025-12-31,1,Baja,22,13-24 meses,Mes a mes,Transferencia,Internet estándar,Cuyo,Profesional,71.83,0.1081,3,1,No,3,1409.43,861.96
C02768,2023-10-16,,2025-12-31,0,Activo,27,25+ meses,Anual,Transferencia,Streaming,Patagonia,Hogar,20.44,0.0494,1,0,No,3,524.62,0.0
C02769,2023-10-17,,2025-12-31,0,Activo,27,25+ meses,Mes a mes,Tarjeta automática,Internet fibra,Litoral,Hogar,58.36,0.0487,0,0,Sí,5,1498.98,0.0
C02770,2023-10-17,,2025-12-31,0,Activo,27,25+ meses,Anual,Tarjeta automática,Internet estándar,NOA,PyME,113.52,0.0217,0,2,Sí,4,2998.53,0.0
C02771,2023-10-17,,2025-12-31,0,Activo,27,25+ meses,Anual,Débito automático,Telefonía móvil,Centro,Hogar,35.36,0.0374,2,0,Sí,3,919.01,0.0
C02772,2023-10-17,,2025-12-31,0,Activo,27,25+ meses,Dos años,Débito automático,Internet estándar,AMBA,Hogar,44.25,0.0334,0,0,Sí,5,1154.85,0.0
C02773,2023-10-18,2025-08-21,2025-12-31,1,Baja,23,13-24 meses,Mes a mes,Débito automático,Streaming,Cuyo,Hogar,18.24,0.0012,3,1,Sí,3,419.02,218.88
C02774,2023-10-18,2025-01-01,2025-12-31,1,Baja,16,13-24 meses,Mes a mes,Transferencia,Internet fibra,Litoral,Hogar,90.64,0.0715,0,3,No,4,1346.55,1087.68
C02775,2023-10-18,,2025-12-31,0,Activo,27,25+ meses,Mes a mes,Tarjeta automática,Telefonía móvil,Patagonia,Hogar,44.98,0.0137,1,0,Sí,4,1197.82,0.0
C02776,2023-10-18,,2025-12-31,0,Activo,27,25+ meses,Mes a mes,Tarjeta automática,Internet fibra,Litoral,Hogar,71.26,0.0269,0,0,Sí,3,1872.26,0.0
C02777,2023-10-18,,2025-12-31,0,Activo,27,25+ meses,Anual,Tarjeta automática,Internet estándar,NOA,Hogar,27.95,0.1111,0,0,Sí,3,670.81,0.0
C02778,2023-10-19,,2025-12-31,0,Activo,27,25+ meses,Mes a mes,Débito automático,Internet fibra,AMBA,Hogar,105.62,0.0866,0,0,Sí,4,2604.78,0.0
C02779,2023-10-19,,2025-12-31,0,Activo,27,25+ meses,Anual,Débito automático,Internet fibra,Litoral,Hogar,99.77,0.0049,0,1,Sí,2,2680.59,0.0
C02780,2023-10-19,,2025-12-31,0,Activo,27,25+ meses,Mes a mes,Cheque electrónico,Internet estándar,Patagonia,Hogar,64.87,0.0825,2,2,No,3,1606.99,0.0
C02781,2023-10-20,,2025-12-31,0,Activo,27,25+ meses,Dos años,Tarjeta automática,Internet fibra,Litoral,Hogar,70.27,0.0159,0,0,Sí,4,1867.12,0.0
C02782,2023-10-20,,2025-12-31,0,Activo,27,25+ meses,Dos años,Débito automático,Telefonía móvil,Centro,Hogar,36.49,0.0707,2,1,Sí,3,915.57,0.0
C02783,2023-10-20,,2025-12-31,0,Activo,27,25+ meses,Mes a mes,Débito automático,Internet fibra,Patagonia,Hogar,82.41,0.0312,0,0,Sí,5,2155.65,0.0
C02784,2023-10-20,,2025-12-31,0,Activo,27,25+ meses,Dos años,Transferencia,Telefonía móvil,NOA,Profesional,50.17,0.039,3,0,No,2,1301.76,0.0
C02785,2023-10-21,,2025-12-31,0,Activo,27,25+ meses,Mes a mes,Transferencia,Internet estándar,Centro,Hogar,38.12,0.0281,0,0,No,4,1000.32,0.0
C02786,2023-10-21,,2025-12-31,0,Activo,27,25+ meses,Anual,Tarjeta automática,Internet fibra,Litoral,Profesional,112.04,0.0567,1,0,Sí,3,2853.56,0.0
C02787,2023-10-21,,2025-12-31,0,Activo,27,25+ meses,Dos años,Transferencia,Internet estándar,Patagonia,Hogar,48.39,0.0419,0,1,No,5,1251.79,0.0
C02788,2023-10-21,,2025-12-31,0,Activo,27,25+ meses,Anual,Débito automático,Internet fibra,AMBA,Hogar,65.68,0.0856,1,0,Sí,3,1621.56,0.0
C02789,2023-10-22,,2025-12-31,0,Activo,27,25+ meses,Anual,Transferencia,Telefonía móvil,AMBA,Hogar,52.48,0.0389,1,0,No,5,1361.84,0.0
C02790,2023-10-22,2025-04-18,2025-12-31,1,Baja,19,13-24 meses,Mes a mes,Tarjeta automática,Internet fibra,Patagonia,Hogar,71.69,0.1029,0,0,Sí,4,1221.95,860.28
C02791,2023-10-22,,2025-12-31,0,Activo,27,25+ meses,Anual,Transferencia,Telefonía móvil,Patagonia,Hogar,20.23,0.0893,1,1,No,4,497.43,0.0
C02792,2023-10-23,2024-09-25,2025-12-31,1,Baja,12,7-12 meses,Anual,Transferencia,Internet fibra,AMBA,Profesional,83.52,0.0079,0,0,No,5,994.32,1002.24
C02793,2023-10-23,,2025-12-31,0,Activo,27,25+ meses,Mes a mes,Transferencia,Internet fibra,Litoral,Hogar,72.32,0.0861,1,0,No,5,1784.52,0.0
C02794,2023-10-23,,2025-12-31,0,Activo,27,25+ meses,Mes a mes,Tarjeta automática,Internet fibra,Patagonia,Hogar,80.42,0.0039,0,0,Sí,3,2162.87,0.0
C02795,2023-10-23,,2025-12-31,0,Activo,27,25+ meses,Anual,Transferencia,Streaming,NOA,Hogar,30.89,0.0715,1,0,No,3,774.4,0.0
C02796,2023-10-23,,2025-12-31,0,Activo,27,25+ meses,Anual,Transferencia,Internet estándar,Patagonia,PyME,117.51,0.1159,1,2,No,3,2805.05,0.0
C02797,2023-10-23,2023-10-05,2025-12-31,1,Baja,1,0-3 meses,Mes a mes,Débito automático,Telefonía móvil,Centro,Hogar,39.39,0.2287,7,0,Sí,1,30.38,472.68
C02798,2023-10-23,,2025-12-31,0,Activo,27,25+ meses,Dos años,Débito automático,Internet estándar,Litoral,Hogar,43.88,0.0352,0,0,Sí,4,1143.06,0.0
C02799,2023-10-24,,2025-12-31,0,Activo,27,25+ meses,Anual,Tarjeta automática,Internet fibra,Patagonia,Hogar,91.7,0.0335,0,0,Sí,5,2392.96,0.0
C02800,2023-10-24,2024-11-22,2025-12-31,1,Baja,14,13-24 meses,Mes a mes,Tarjeta automática,Telefonía móvil,Centro,PyME,107.77,0.1095,2,1,Sí,2,1343.57,1293.24
C02801,2023-10-24,2023-12-04,2025-12-31,1,Baja,3,0-3 meses,Mes a mes,Transferencia,Internet estándar,AMBA,PyME,101.65,0.0107,3,0,No,2,301.69,1219.8
C02802,2023-10-24,,2025-12-31,0,Activo,27,25+ meses,Anual,Débito automático,Telefonía móvil,Cuyo,Hogar,45.21,0.0493,1,1,Sí,3,1160.49,0.0
C02803,2023-10-24,,2025-12-31,0,Activo,27,25+ meses,Anual,Transferencia,Internet estándar,Patagonia,Hogar,43.77,0.0966,3,0,No,3,1067.63,0.0
C02804,2023-10-25,,2025-12-31,0,Activo,27,25+ meses,Mes a mes,Transferencia,Streaming,Litoral,Profesional,34.22,0.0597,1,1,No,4,868.78,0.0
C02805,2023-10-25,,2025-12-31,0,Activo,27,25+ meses,Mes a mes,Transferencia,Internet fibra,Litoral,Hogar,102.17,0.0717,0,0,No,5,2560.8,0.0
C02806,2023-10-25,,2025-12-31,0,Activo,27,25+ meses,Anual,Transferencia,Telefonía móvil,Litoral,Hogar,36.04,0.0672,1,0,No,3,907.69,0.0
C02807,2023-10-25,,2025-12-31,0,Activo,27,25+ meses,Anual,Transferencia,Internet fibra,NOA,Hogar,81.24,0.0558,1,0,No,3,2071.08,0.0
C02808,2023-10-26,,2025-12-31,0,Activo,27,25+ meses,Anual,Débito automático,Telefonía móvil,Litoral,Hogar,25.33,0.0528,0,0,Sí,5,647.8,0.0
C02809,2023-10-26,,2025-12-31,0,Activo,27,25+ meses,Mes a mes,Tarjeta automática,Internet fibra,AMBA,Hogar,86.1,0.0697,0,1,Sí,4,2162.67,0.0
C02810,2023-10-26,,2025-12-31,0,Activo,27,25+ meses,Anual,Cheque electrónico,Telefonía móvil,Cuyo,Hogar,28.74,0.0735,3,2,No,3,718.95,0.0
C02811,2023-10-26,,2025-12-31,0,Activo,27,25+ meses,Mes a mes,Cheque electrónico,Telefonía móvil,Centro,Profesional,78.46,0.0284,0,2,No,4,2058.26,0.0
C02812,2023-10-26,,2025-12-31,0,Activo,27,25+ meses,Mes a mes,Débito automático,Telefonía móvil,Patagonia,Hogar,61.77,0.0234,2,0,Sí,3,1628.76,0.0
C02813,2023-10-26,,2025-12-31,0,Activo,27,25+ meses,Anual,Cheque electrónico,Internet estándar,NOA,Hogar,55.22,0.079,1,0,No,5,1373.16,0.0
C02814,2023-10-26,2023-10-26,2025-12-31,1,Baja,1,0-3 meses,Anual,Cheque electrónico,Internet estándar,Patagonia,Hogar,50.26,0.061,1,1,No,4,47.19,603.12
C02815,2023-10-27,2024-07-09,2025-12-31,1,Baja,10,7-12 meses,Mes a mes,Débito automático,Telefonía móvil,Centro,PyME,94.94,0.0713,1,0,Sí,4,881.71,1139.28
C02816,2023-10-27,,2025-12-31,0,Activo,27,25+ meses,Anual,Transferencia,Internet estándar,Patagonia,Hogar,48.48,0.0688,0,0,No,3,1218.9,0.0
C02817,2023-10-27,,2025-12-31,0,Activo,27,25+ meses,Mes a mes,Transferencia,Streaming,AMBA,Hogar,33.5,0.0404,1,0,No,4,867.96,0.0
C02818,2023-10-27,,2025-12-31,0,Activo,27,25+ meses,Mes a mes,Tarjeta automática,Internet fibra,Centro,Hogar,78.99,0.0321,0,0,Sí,5,2064.27,0.0
C02819,2023-10-27,2025-01-08,2025-12-31,1,Baja,16,13-24 meses,Mes a mes,Tarjeta automática,Internet estándar,Centro,Hogar,59.8,0.0324,0,0,Sí,4,925.8,717.6
C02820,2023-10-28,,2025-12-31,0,Activo,27,25+ meses,Mes a mes,Débito automático,Internet estándar,Cuyo,Hogar,38.9,0.1183,2,0,Sí,3,926.05,0.0
C02821,2023-10-29,,2025-12-31,0,Activo,27,25+ meses,Anual,Cheque electrónico,Streaming,Centro,Hogar,45.81,0.0854,0,0,No,3,1131.24,0.0
C02822,2023-10-29,,2025-12-31,0,Activo,27,25+ meses,Dos años,Débito automático,Internet fibra,Cuyo,Hogar,73.35,0.1348,0,0,Sí,4,1713.49,0.0
C02823,2023-10-30,,2025-12-31,0,Activo,27,25+ meses,Anual,Cheque electrónico,Internet estándar,AMBA,Hogar,40.8,0.0298,3,1,No,4,1068.77,0.0
C02824,2023-10-30,2025-07-13,2025-12-31,1,Baja,22,13-24 meses,Mes a mes,Transferencia,Telefonía móvil,Patagonia,Profesional,63.99,0.039,2,2,No,3,1352.88,767.88
C02825,2023-10-30,2025-02-08,2025-12-31,1,Baja,17,13-24 meses,Mes a mes,Transferencia,Internet estándar,Cuyo,Hogar,53.69,0.0439,0,0,No,5,872.66,644.28
C02826,2023-10-30,2024-02-09,2025-12-31,1,Baja,5,4-6 meses,Mes a mes,Tarjeta automática,Telefonía móvil,Patagonia,Hogar,22.9,0.0349,0,2,Sí,4,110.5,274.8
C02827,2023-10-31,,2025-12-31,0,Activo,27,25+ meses,Anual,Débito automático,Internet fibra,AMBA,Profesional,90.71,0.0485,1,2,Sí,3,2330.39,0.0
C02828,2023-10-31,,2025-12-31,0,Activo,27,25+ meses,Mes a mes,Tarjeta automática,Internet estándar,NOA,PyME,80.11,0.127,0,0,Sí,4,1888.27,0.0
C02829,2023-10-31,,2025-12-31,0,Activo,27,25+ meses,Mes a mes,Tarjeta automática,Internet estándar,Litoral,Hogar,41.57,0.045,0,1,Sí,5,1071.88,0.0
C02830,2023-10-31,,2025-12-31,0,Activo,27,25+ meses,Anual,Tarjeta automática,Internet estándar,Centro,Profesional,60.04,0.0438,2,1,Sí,4,1550.08,0.0
C02831,2023-10-31,,2025-12-31,0,Activo,27,25+ meses,Anual,Tarjeta automática,Streaming,Patagonia,Hogar,32.27,0.0667,3,0,Sí,3,813.17,0.0
C02832,2023-10-31,2024-04-11,2025-12-31,1,Baja,7,7-12 meses,Mes a mes,Tarjeta automática,Internet fibra,Patagonia,Profesional,87.33,0.0613,5,0,Sí,1,573.84,1047.96
C02833,2023-10-31,2024-02-27,2025-12-31,1,Baja,5,4-6 meses,Mes a mes,Débito automático,Internet estándar,Patagonia,Hogar,42.94,0.1393,5,0,Sí,2,184.79,515.28
C02834,2023-10-31,2023-11-24,2025-12-31,1,Baja,2,0-3 meses,Anual,Débito automático,Internet fibra,NOA,Hogar,92.34,0.082,5,2,Sí,1,169.54,1108.08
C02835,2023-11-01,2024-08-06,2025-12-31,1,Baja,10,7-12 meses,Mes a mes,Tarjeta automática,Streaming,NOA,Hogar,51.71,0.031,0,0,Sí,5,501.07,620.52
C02836,2023-11-01,2024-12-22,2025-12-31,1,Baja,14,13-24 meses,Mes a mes,Cheque electrónico,Telefonía móvil,AMBA,Hogar,31.87,0.0425,0,1,No,2,427.22,382.44
C02837,2023-11-01,,2025-12-31,0,Activo,26,25+ meses,Dos años,Débito automático,Internet fibra,Centro,Hogar,89.21,0.0326,1,1,Sí,2,2243.85,0.0
C02838,2023-11-01,2024-03-11,2025-12-31,1,Baja,5,4-6 meses,Mes a mes,Cheque electrónico,Internet estándar,AMBA,PyME,108.27,0.0609,0,3,No,4,508.38,1299.24
C02839,2023-11-01,2024-05-12,2025-12-31,1,Baja,7,7-12 meses,Mes a mes,Transferencia,Internet estándar,AMBA,Hogar,29.87,0.0574,0,0,No,5,197.09,358.44
C02840,2023-11-01,2024-01-12,2025-12-31,1,Baja,3,0-3 meses,Mes a mes,Tarjeta automática,Streaming,AMBA,Hogar,20.3,0.0301,5,2,Sí,1,59.07,243.6
C02841,2023-11-01,2025-07-23,2025-12-31,1,Baja,21,13-24 meses,Mes a mes,Cheque electrónico,Internet fibra,Patagonia,Hogar,44.69,0.0339,1,1,No,4,906.68,536.28
C02842,2023-11-01,,2025-12-31,0,Activo,26,25+ meses,Mes a mes,Cheque electrónico,Internet estándar,Litoral,Hogar,52.56,0.0154,0,0,No,4,1345.51,0.0
C02843,2023-11-02,2025-10-27,2025-12-31,1,Baja,24,13-24 meses,Mes a mes,Transferencia,Telefonía móvil,AMBA,Profesional,48.16,0.0585,1,0,No,5,1088.22,577.92
C02844,2023-11-02,,2025-12-31,0,Activo,26,25+ meses,Mes a mes,Débito automático,Internet estándar,Cuyo,Profesional,68.47,0.1143,1,0,Sí,5,1576.74,0.0
C02845,2023-11-02,2024-05-12,2025-12-31,1,Baja,7,7-12 meses,Mes a mes,Débito automático,Streaming,AMBA,Hogar,57.28,0.041,0,1,Sí,2,384.52,687.36
C02846,2023-11-02,,2025-12-31,0,Activo,26,25+ meses,Dos años,Débito automático,Internet estándar,Centro,Hogar,66.52,0.086,1,0,Sí,5,1580.78,0.0
C02847,2023-11-02,,2025-12-31,0,Activo,26,25+ meses,Dos años,Transferencia,Telefonía móvil,AMBA,Hogar,33.56,0.105,1,1,No,4,780.94,0.0
C02848,2023-11-02,,2025-12-31,0,Activo,26,25+ meses,Mes a mes,Débito automático,Internet fibra,Litoral,PyME,121.9,0.0483,2,1,Sí,4,3016.32,0.0
C02849,2023-11-03,2023-12-27,2025-12-31,1,Baja,2,0-3 meses,Mes a mes,Tarjeta automática,Internet fibra,AMBA,Hogar,92.22,0.065,1,0,Sí,4,172.45,1106.64
C02850,2023-11-03,,2025-12-31,0,Activo,26,25+ meses,Anual,Tarjeta automática,Internet estándar,Patagonia,Hogar,37.95,0.0528,0,0,Sí,5,934.6,0.0
C02851,2023-11-03,,2025-12-31,0,Activo,26,25+ meses,Dos años,Tarjeta automática,Internet estándar,NOA,Hogar,59.9,0.0181,0,1,Sí,4,1529.21,0.0
C02852,2023-11-03,,2025-12-31,0,Activo,26,25+ meses,Dos años,Tarjeta automática,Streaming,NOA,Hogar,59.09,0.0426,0,1,Sí,5,1470.89,0.0
C02853,2023-11-03,,2025-12-31,0,Activo,26,25+ meses,Mes a mes,Débito automático,Internet fibra,Patagonia,Hogar,85.43,0.0644,1,0,Sí,4,2078.14,0.0
C02854,2023-11-04,2025-03-27,2025-12-31,1,Baja,17,13-24 meses,Mes a mes,Cheque electrónico,Internet fibra,Patagonia,PyME,146.02,0.0315,2,1,No,3,2404.15,1752.24
C02855,2023-11-04,,2025-12-31,0,Activo,26,25+ meses,Mes a mes,Tarjeta automática,Streaming,NOA,Hogar,40.75,0.0722,3,0,Sí,3,983.0,0.0
C02856,2023-11-04,,2025-12-31,0,Activo,26,25+ meses,Anual,Débito automático,Internet fibra,NOA,Hogar,71.87,0.0462,1,1,Sí,2,1782.29,0.0
C02857,2023-11-04,,2025-12-31,0,Activo,26,25+ meses,Anual,Tarjeta automática,Streaming,Centro,Hogar,32.19,0.0618,1,0,Sí,4,785.22,0.0
C02858,2023-11-05,,2025-12-31,0,Activo,26,25+ meses,Mes a mes,Débito automático,Streaming,Litoral,Hogar,18.48,0.0892,1,0,Sí,4,437.62,0.0
C02859,2023-11-05,,2025-12-31,0,Activo,26,25+ meses,Mes a mes,Transferencia,Internet fibra,Centro,PyME,147.19,0.0466,2,0,No,3,3648.6,0.0
C02860,2023-11-06,,2025-12-31,0,Activo,26,25+ meses,Mes a mes,Débito automático,Streaming,NOA,Profesional,35.06,0.0586,1,0,Sí,5,858.14,0.0
C02861,2023-11-06,,2025-12-31,0,Activo,26,25+ meses,Anual,Cheque electrónico,Telefonía móvil,AMBA,PyME,104.71,0.0236,2,1,No,4,2658.21,0.0
C02862,2023-11-06,,2025-12-31,0,Activo,26,25+ meses,Mes a mes,Cheque electrónico,Telefonía móvil,Cuyo,Profesional,72.45,0.0203,1,1,No,4,1845.46,0.0
C02863,2023-11-06,,2025-12-31,0,Activo,26,25+ meses,Anual,Cheque electrónico,Internet fibra,Cuyo,Hogar,72.59,0.0429,0,1,No,4,1806.37,0.0
C02864,2023-11-06,,2025-12-31,0,Activo,26,25+ meses,Anual,Cheque electrónico,Internet estándar,NOA,Hogar,41.07,0.0648,1,1,No,4,998.63,0.0
C02865,2023-11-06,,2025-12-31,0,Activo,26,25+ meses,Anual,Débito automático,Telefonía móvil,Centro,Hogar,40.13,0.0466,0,0,Sí,3,994.76,0.0
C02866,2023-11-07,2025-02-03,2025-12-31,1,Baja,16,13-24 meses,Mes a mes,Débito automático,Streaming,NOA,Profesional,37.18,0.0337,1,0,Sí,3,574.83,446.16
C02867,2023-11-07,,2025-12-31,0,Activo,26,25+ meses,Anual,Débito automático,Internet fibra,Cuyo,Profesional,97.72,0.0836,1,1,Sí,3,2328.32,0.0
C02868,2023-11-07,,2025-12-31,0,Activo,26,25+ meses,Anual,Cheque electrónico,Internet fibra,Patagonia,Hogar,67.91,0.055,0,2,No,5,1668.55,0.0
C02869,2023-11-08,2024-09-25,2025-12-31,1,Baja,11,7-12 meses,Mes a mes,Tarjeta automática,Streaming,Litoral,Hogar,19.71,0.0804,0,0,Sí,4,199.38,236.52
C02870,2023-11-08,2025-05-09,2025-12-31,1,Baja,19,13-24 meses,Mes a mes,Tarjeta automática,Telefonía móvil,Cuyo,Profesional,66.02,0.0225,1,0,Sí,4,1226.16,792.24
C02871,2023-11-08,,2025-12-31,0,Activo,26,25+ meses,Anual,Tarjeta automática,Telefonía móvil,Centro,Hogar,48.79,0.0225,0,0,Sí,4,1240.0,0.0
C02872,2023-11-08,2025-07-01,2025-12-31,1,Baja,21,13-24 meses,Mes a mes,Transferencia,Telefonía móvil,Centro,Hogar,38.77,0.0184,0,1,No,4,799.19,465.24
C02873,2023-11-09,,2025-12-31,0,Activo,26,25+ meses,Mes a mes,Transferencia,Internet estándar,Litoral,Hogar,30.89,0.022,3,0,No,4,785.47,0.0
C02874,2023-11-09,,2025-12-31,0,Activo,26,25+ meses,Mes a mes,Tarjeta automática,Streaming,Centro,Hogar,41.88,0.0424,0,1,Sí,4,1042.71,0.0
C02875,2023-11-09,2025-10-07,2025-12-31,1,Baja,24,13-24 meses,Mes a mes,Débito automático,Internet fibra,NOA,Hogar,73.07,0.019,2,0,Sí,4,1720.36,876.84
C02876,2023-11-09,2025-06-18,2025-12-31,1,Baja,20,13-24 meses,Mes a mes,Débito automático,Internet fibra,AMBA,Profesional,118.69,0.0895,2,0,Sí,3,2161.34,1424.28
C02877,2023-11-10,,2025-12-31,0,Activo,26,25+ meses,Anual,Cheque electrónico,Internet fibra,Centro,Profesional,94.54,0.0376,0,1,No,3,2365.62,0.0
C02878,2023-11-10,2024-04-26,2025-12-31,1,Baja,6,4-6 meses,Mes a mes,Tarjeta automática,Telefonía móvil,AMBA,Hogar,43.49,0.1204,0,1,Sí,5,229.52,521.88
C02879,2023-11-10,2025-07-04,2025-12-31,1,Baja,21,13-24 meses,Anual,Tarjeta automática,Internet fibra,NOA,Hogar,73.25,0.0262,2,1,Sí,3,1497.95,879.0
C02880,2023-11-10,2024-11-13,2025-12-31,1,Baja,13,13-24 meses,Mes a mes,Transferencia,Internet estándar,Cuyo,Hogar,51.68,0.1412,0,1,No,5,576.98,620.16
C02881,2023-11-11,2023-11-15,2025-12-31,1,Baja,1,0-3 meses,Mes a mes,Transferencia,Internet estándar,AMBA,Hogar,87.24,0.0698,0,0,No,5,81.15,1046.88
C02882,2023-11-11,,2025-12-31,0,Activo,26,25+ meses,Mes a mes,Cheque electrónico,Internet estándar,AMBA,Hogar,45.16,0.0197,0,0,No,5,1151.03,0.0
C02883,2023-11-11,,2025-12-31,0,Activo,26,25+ meses,Anual,Transferencia,Internet estándar,NOA,Profesional,81.04,0.0724,1,0,No,4,1954.49,0.0
C02884,2023-11-11,,2025-12-31,0,Activo,26,25+ meses,Dos años,Cheque electrónico,Internet fibra,NOA,Profesional,97.0,0.1367,1,2,No,3,2177.24,0.0
C02885,2023-11-11,,2025-12-31,0,Activo,26,25+ meses,Mes a mes,Débito automático,Internet estándar,Centro,Hogar,61.91,0.1824,0,0,Sí,4,1316.06,0.0
C02886,2023-11-11,,2025-12-31,0,Activo,26,25+ meses,Mes a mes,Débito automático,Internet estándar,Litoral,Profesional,45.75,0.0186,1,0,Sí,4,1167.38,0.0
C02887,2023-11-12,2024-09-21,2025-12-31,1,Baja,11,7-12 meses,Mes a mes,Cheque electrónico,Telefonía móvil,Centro,Hogar,63.39,0.0162,1,1,No,4,685.99,760.68
C02888,2023-11-12,2025-07-01,2025-12-31,1,Baja,21,13-24 meses,Mes a mes,Tarjeta automática,Streaming,NOA,Profesional,50.75,0.0642,1,0,Sí,4,997.33,609.0
C02889,2023-11-12,,2025-12-31,0,Activo,26,25+ meses,Dos años,Cheque electrónico,Telefonía móvil,Patagonia,Hogar,39.05,0.0701,1,0,No,2,944.13,0.0
C02890,2023-11-12,2025-11-26,2025-12-31,1,Baja,25,25+ meses,Mes a mes,Tarjeta automática,Internet estándar,Cuyo,Profesional,76.94,0.0887,3,0,Sí,4,1752.89,923.28
C02891,2023-11-12,,2025-12-31,0,Activo,26,25+ meses,Dos años,Débito automático,Internet fibra,NOA,Hogar,79.58,0.0087,2,0,Sí,3,2051.08,0.0
C02892,2023-11-12,,2025-12-31,0,Activo,26,25+ meses,Anual,Tarjeta automática,Internet estándar,Centro,Hogar,36.37,0.0185,4,1,Sí,3,928.13,0.0
C02893,2023-11-12,,2025-12-31,0,Activo,26,25+ meses,Mes a mes,Transferencia,Telefonía móvil,NOA,Hogar,18.0,0.0222,2,1,No,2,457.61,0.0
C02894,2023-11-12,,2025-12-31,0,Activo,26,25+ meses,Dos años,Cheque electrónico,Internet fibra,Centro,Profesional,116.09,0.0089,0,0,No,4,2991.48,0.0
C02895,2023-11-12,,2025-12-31,0,Activo,26,25+ meses,Mes a mes,Tarjeta automática,Internet fibra,NOA,PyME,130.55,0.0102,1,0,Sí,4,3359.68,0.0
C02896,2023-11-13,,2025-12-31,0,Activo,26,25+ meses,Anual,Tarjeta automática,Telefonía móvil,NOA,Hogar,35.26,0.0372,0,0,Sí,4,882.66,0.0
C02897,2023-11-13,,2025-12-31,0,Activo,26,25+ meses,Mes a mes,Débito automático,Telefonía móvil,Litoral,Profesional,54.11,0.0526,0,0,Sí,5,1332.86,0.0
C02898,2023-11-14,,2025-12-31,0,Activo,26,25+ meses,Dos años,Tarjeta automática,Internet fibra,AMBA,Hogar,94.11,0.024,1,1,Sí,4,2388.14,0.0
C02899,2023-11-14,,2025-12-31,0,Activo,26,25+ meses,Mes a mes,Débito automático,Telefonía móvil,Patagonia,Profesional,54.61,0.0315,1,0,Sí,5,1375.13,0.0
C02900,2023-11-14,,2025-12-31,0,Activo,26,25+ meses,Mes a mes,Cheque electrónico,Internet estándar,Patagonia,Profesional,74.09,0.0114,1,2,No,3,1904.38,0.0
C02901,2023-11-14,,2025-12-31,0,Activo,26,25+ meses,Anual,Tarjeta automática,Internet estándar,NOA,Hogar,45.32,0.1056,1,0,Sí,3,1053.89,0.0
C02902,2023-11-14,,2025-12-31,0,Activo,26,25+ meses,Mes a mes,Débito automático,Internet estándar,Centro,Hogar,35.2,0.1113,0,1,Sí,5,813.34,0.0
C02903,2023-11-15,,2025-12-31,0,Activo,26,25+ meses,Mes a mes,Débito automático,Telefonía móvil,Centro,Hogar,51.91,0.0216,0,1,Sí,3,1320.51,0.0
C02904,2023-11-15,,2025-12-31,0,Activo,26,25+ meses,Anual,Tarjeta automática,Internet fibra,Cuyo,Hogar,90.13,0.0904,1,0,Sí,4,2131.54,0.0
C02905,2023-11-15,2025-07-14,2025-12-31,1,Baja,21,13-24 meses,Mes a mes,Tarjeta automática,Telefonía móvil,Cuyo,Hogar,34.53,0.129,3,0,Sí,2,631.59,414.36
C02906,2023-11-15,,2025-12-31,0,Activo,26,25+ meses,Dos años,Transferencia,Internet fibra,AMBA,Profesional,95.58,0.0845,3,0,No,2,2275.09,0.0
C02907,2023-11-15,,2025-12-31,0,Activo,26,25+ meses,Anual,Transferencia,Streaming,AMBA,Profesional,48.07,0.0389,1,0,No,1,1201.2,0.0
C02908,2023-11-15,,2025-12-31,0,Activo,26,25+ meses,Anual,Cheque electrónico,Streaming,Cuyo,Hogar,33.9,0.1452,3,3,No,2,753.42,0.0
C02909,2023-11-16,,2025-12-31,0,Activo,26,25+ meses,Mes a mes,Débito automático,Streaming,NOA,PyME,105.68,0.0743,0,2,Sí,5,2543.53,0.0
C02910,2023-11-16,2025-07-13,2025-12-31,1,Baja,21,13-24 meses,Mes a mes,Transferencia,Telefonía móvil,AMBA,Profesional,56.44,0.1003,5,0,No,1,1066.36,677.28
C02911,2023-11-16,,2025-12-31,0,Activo,26,25+ meses,Dos años,Cheque electrónico,Streaming,Centro,Hogar,25.37,0.0536,0,1,No,4,624.26,0.0
C02912,2023-11-16,2025-11-07,2025-12-31,1,Baja,25,25+ meses,Mes a mes,Cheque electrónico,Streaming,NOA,PyME,82.07,0.0905,1,1,No,4,1866.07,984.84
C02913,2023-11-17,2024-06-07,2025-12-31,1,Baja,8,7-12 meses,Mes a mes,Cheque electrónico,Internet fibra,AMBA,PyME,122.64,0.0407,1,0,No,3,941.19,1471.68
C02914,2023-11-17,2025-05-17,2025-12-31,1,Baja,19,13-24 meses,Mes a mes,Tarjeta automática,Telefonía móvil,AMBA,Hogar,23.06,0.0428,0,0,Sí,5,419.39,276.72
C02915,2023-11-17,2024-11-11,2025-12-31,1,Baja,13,13-24 meses,Mes a mes,Cheque electrónico,Internet estándar,NOA,PyME,105.47,0.0052,0,0,No,5,1363.98,1265.64
C02916,2023-11-18,,2025-12-31,0,Activo,26,25+ meses,Anual,Cheque electrónico,Internet estándar,Centro,Hogar,54.8,0.028,0,2,No,4,1384.91,0.0
C02917,2023-11-18,,2025-12-31,0,Activo,26,25+ meses,Anual,Cheque electrónico,Internet estándar,Centro,Hogar,49.03,0.0243,2,2,No,3,1243.8,0.0
C02918,2023-11-18,,2025-12-31,0,Activo,26,25+ meses,Anual,Transferencia,Internet estándar,AMBA,Hogar,48.31,0.0304,1,0,No,4,1217.88,0.0
C02919,2023-11-19,,2025-12-31,0,Activo,26,25+ meses,Dos años,Cheque electrónico,Streaming,Cuyo,Profesional,37.11,0.0717,0,1,No,5,895.68,0.0
C02920,2023-11-19,,2025-12-31,0,Activo,26,25+ meses,Mes a mes,Débito automático,Internet estándar,NOA,PyME,106.78,0.0655,0,0,Sí,3,2594.43,0.0
C02921,2023-11-19,,2025-12-31,0,Activo,26,25+ meses,Mes a mes,Transferencia,Internet fibra,NOA,Hogar,79.87,0.0287,1,0,No,4,2017.02,0.0
C02922,2023-11-20,2024-06-20,2025-12-31,1,Baja,8,7-12 meses,Mes a mes,Transferencia,Telefonía móvil,Litoral,Hogar,47.22,0.112,1,1,No,5,335.45,566.64
C02923,2023-11-20,2023-12-07,2025-12-31,1,Baja,2,0-3 meses,Anual,Transferencia,Telefonía móvil,Patagonia,Hogar,45.56,0.1225,0,0,No,4,79.96,546.72
C02924,2023-11-20,,2025-12-31,0,Activo,26,25+ meses,Mes a mes,Transferencia,Internet estándar,Litoral,Profesional,71.33,0.027,1,0,No,3,1804.51,0.0
C02925,2023-11-20,,2025-12-31,0,Activo,26,25+ meses,Mes a mes,Tarjeta automática,Telefonía móvil,Patagonia,Hogar,56.51,0.08,1,0,Sí,5,1351.72,0.0
C02926,2023-11-20,2025-05-13,2025-12-31,1,Baja,19,13-24 meses,Mes a mes,Débito automático,Internet estándar,Litoral,Hogar,55.29,0.0743,0,1,Sí,4,972.46,663.48
C02927,2023-11-21,2025-07-27,2025-12-31,1,Baja,21,13-24 meses,Anual,Débito automático,Internet estándar,Centro,Hogar,54.29,0.0355,1,2,Sí,2,1099.62,651.48
C02928,2023-11-21,,2025-12-31,0,Activo,26,25+ meses,Anual,Transferencia,Telefonía móvil,NOA,Hogar,22.83,0.0552,0,1,No,4,560.81,0.0
C02929,2023-11-21,2025-03-01,2025-12-31,1,Baja,17,13-24 meses,Dos años,Transferencia,Streaming,NOA,PyME,95.59,0.1116,1,0,No,2,1443.68,1147.08
C02930,2023-11-21,2023-11-13,2025-12-31,1,Baja,1,0-3 meses,Mes a mes,Cheque electrónico,Telefonía móvil,AMBA,PyME,93.72,0.0461,3,0,No,3,89.4,1124.64
C02931,2023-11-21,2024-09-18,2025-12-31,1,Baja,11,7-12 meses,Dos años,Cheque electrónico,Internet estándar,AMBA,Hogar,49.87,0.0983,3,2,No,2,494.65,598.44
C02932,2023-11-21,2024-06-05,2025-12-31,1,Baja,8,7-12 meses,Mes a mes,Transferencia,Internet estándar,Patagonia,Profesional,53.0,0.1241,2,0,No,4,371.38,636.0
C02933,2023-11-22,2025-06-08,2025-12-31,1,Baja,20,13-24 meses,Mes a mes,Tarjeta automática,Internet fibra,AMBA,Profesional,118.99,0.1257,0,0,Sí,4,2080.66,1427.88
C02934,2023-11-22,,2025-12-31,0,Activo,26,25+ meses,Mes a mes,Transferencia,Telefonía móvil,Patagonia,Hogar,18.0,0.0326,0,0,No,5,452.74,0.0
C02935,2023-11-22,2025-09-06,2025-12-31,1,Baja,23,13-24 meses,Mes a mes,Cheque electrónico,Internet fibra,NOA,Hogar,94.37,0.0138,0,0,No,4,2140.56,1132.44
C02936,2023-11-23,,2025-12-31,0,Activo,26,25+ meses,Mes a mes,Transferencia,Internet estándar,AMBA,Profesional,71.68,0.024,1,0,No,2,1818.95,0.0
C02937,2023-11-26,,2025-12-31,0,Activo,26,25+ meses,Mes a mes,Cheque electrónico,Internet fibra,Patagonia,Hogar,57.04,0.1022,2,1,No,4,1331.47,0.0
C02938,2023-11-27,,2025-12-31,0,Activo,26,25+ meses,Mes a mes,Cheque electrónico,Streaming,AMBA,Profesional,69.4,0.0444,0,0,No,4,1724.28,0.0
C02939,2023-11-27,,2025-12-31,0,Activo,26,25+ meses,Anual,Débito automático,Internet estándar,Centro,Hogar,54.65,0.1158,2,0,Sí,3,1256.36,0.0
C02940,2023-11-27,,2025-12-31,0,Activo,26,25+ meses,Anual,Transferencia,Telefonía móvil,Litoral,Profesional,34.06,0.108,3,0,No,4,789.92,0.0
C02941,2023-11-27,,2025-12-31,0,Activo,26,25+ meses,Anual,Débito automático,Internet estándar,Patagonia,Hogar,44.35,0.1473,0,1,Sí,5,983.25,0.0
C02942,2023-11-28,,2025-12-31,0,Activo,26,25+ meses,Anual,Débito automático,Internet fibra,AMBA,Hogar,83.88,0.0651,0,0,Sí,4,2038.9,0.0
C02943,2023-11-29,2025-02-05,2025-12-31,1,Baja,16,13-24 meses,Mes a mes,Tarjeta automática,Internet fibra,AMBA,Hogar,96.85,0.1181,0,0,Sí,5,1366.59,1162.2
C02944,2023-11-30,,2025-12-31,0,Activo,26,25+ meses,Anual,Tarjeta automática,Internet fibra,Centro,Hogar,73.5,0.0239,0,0,Sí,5,1865.33,0.0
C02945,2023-11-30,,2025-12-31,0,Activo,26,25+ meses,Mes a mes,Tarjeta automática,Streaming,Patagonia,Profesional,18.0,0.0163,0,1,Sí,4,460.37,0.0
C02946,2023-11-30,,2025-12-31,0,Activo,26,25+ meses,Mes a mes,Transferencia,Telefonía móvil,Cuyo,Profesional,76.05,0.0868,0,0,No,3,1805.67,0.0
C02947,2023-11-30,,2025-12-31,0,Activo,26,25+ meses,Mes a mes,Tarjeta automática,Internet estándar,Centro,Hogar,54.48,0.0861,0,1,Sí,4,1294.52,0.0
C02948,2023-11-30,2025-04-12,2025-12-31,1,Baja,18,13-24 meses,Anual,Débito automático,Internet estándar,AMBA,Hogar,24.44,0.1248,0,0,Sí,4,385.02,293.28
C02949,2023-12-01,2025-04-05,2025-12-31,1,Baja,17,13-24 meses,Mes a mes,Débito automático,Internet fibra,NOA,Hogar,81.77,0.0547,2,0,Sí,3,1314.05,981.24
C02950,2023-12-01,,2025-12-31,0,Activo,25,25+ meses,Anual,Débito automático,Telefonía móvil,Patagonia,Hogar,46.93,0.0775,1,0,Sí,3,1082.32,0.0
C02951,2023-12-01,,2025-12-31,0,Activo,25,25+ meses,Mes a mes,Cheque electrónico,Telefonía móvil,NOA,PyME,93.43,0.0503,3,0,No,3,2218.26,0.0
C02952,2023-12-01,2024-05-05,2025-12-31,1,Baja,6,4-6 meses,Mes a mes,Débito automático,Streaming,Cuyo,Hogar,19.9,0.0756,0,0,Sí,4,110.37,238.8
C02953,2023-12-02,2024-03-11,2025-12-31,1,Baja,4,4-6 meses,Mes a mes,Tarjeta automática,Internet fibra,Patagonia,Profesional,89.29,0.0654,0,0,Sí,5,333.8,1071.48
C02954,2023-12-02,2025-09-09,2025-12-31,1,Baja,22,13-24 meses,Mes a mes,Cheque electrónico,Internet estándar,Litoral,Hogar,45.42,0.0314,0,5,No,4,967.86,545.04
C02955,2023-12-02,,2025-12-31,0,Activo,25,25+ meses,Mes a mes,Cheque electrónico,Telefonía móvil,Litoral,Hogar,45.9,0.0442,1,2,No,3,1096.78,0.0
C02956,2023-12-02,,2025-12-31,0,Activo,25,25+ meses,Anual,Transferencia,Internet fibra,Cuyo,Hogar,86.67,0.0226,1,1,No,3,2117.78,0.0
C02957,2023-12-03,,2025-12-31,0,Activo,25,25+ meses,Mes a mes,Transferencia,Streaming,Litoral,Profesional,23.37,0.0242,1,1,No,3,570.11,0.0
C02958,2023-12-03,,2025-12-31,0,Activo,25,25+ meses,Mes a mes,Tarjeta automática,Telefonía móvil,Cuyo,Hogar,44.82,0.0161,1,0,Sí,4,1102.46,0.0
C02959,2023-12-03,,2025-12-31,0,Activo,25,25+ meses,Anual,Transferencia,Telefonía móvil,Litoral,Profesional,65.37,0.077,1,1,No,4,1508.41,0.0
C02960,2023-12-03,,2025-12-31,0,Activo,25,25+ meses,Mes a mes,Tarjeta automática,Streaming,Cuyo,Profesional,48.86,0.1128,1,0,Sí,3,1083.71,0.0
C02961,2023-12-04,2024-06-14,2025-12-31,1,Baja,7,7-12 meses,Mes a mes,Débito automático,Internet estándar,NOA,Hogar,44.55,0.1048,1,1,Sí,3,279.17,534.6
C02962,2023-12-04,2025-02-01,2025-12-31,1,Baja,15,13-24 meses,Mes a mes,Tarjeta automática,Telefonía móvil,NOA,Hogar,57.62,0.0226,0,0,Sí,5,844.77,691.44
C02963,2023-12-05,2025-07-25,2025-12-31,1,Baja,20,13-24 meses,Mes a mes,Transferencia,Internet estándar,Cuyo,Hogar,63.79,0.0902,0,1,No,5,1160.72,765.48
C02964,2023-12-05,2024-05-19,2025-12-31,1,Baja,6,4-6 meses,Mes a mes,Tarjeta automática,Telefonía móvil,Cuyo,Hogar,37.97,0.1072,3,2,Sí,2,203.4,455.64
C02965,2023-12-05,,2025-12-31,0,Activo,25,25+ meses,Anual,Tarjeta automática,Internet estándar,Patagonia,Hogar,48.09,0.0595,0,0,Sí,5,1130.72,0.0
C02966,2023-12-05,,2025-12-31,0,Activo,25,25+ meses,Mes a mes,Tarjeta automática,Streaming,Litoral,Hogar,37.49,0.0788,0,0,Sí,4,863.39,0.0
C02967,2023-12-05,,2025-12-31,0,Activo,25,25+ meses,Anual,Transferencia,Telefonía móvil,Centro,Hogar,56.11,0.0626,1,0,No,4,1314.94,0.0
C02968,2023-12-05,2025-04-13,2025-12-31,1,Baja,17,13-24 meses,Mes a mes,Tarjeta automática,Internet estándar,NOA,Hogar,40.03,0.0402,1,0,Sí,3,653.15,480.36
C02969,2023-12-06,2025-08-04,2025-12-31,1,Baja,21,13-24 meses,Anual,Débito automático,Internet fibra,Patagonia,Hogar,66.49,0.0651,2,2,Sí,3,1305.39,797.88
C02970,2023-12-06,,2025-12-31,0,Activo,25,25+ meses,Anual,Débito automático,Internet fibra,Litoral,Hogar,81.02,0.0203,0,0,Sí,5,1984.38,0.0
C02971,2023-12-06,2024-08-18,2025-12-31,1,Baja,9,7-12 meses,Mes a mes,Transferencia,Telefonía móvil,Patagonia,Profesional,47.64,0.0221,1,0,No,4,419.28,571.68
C02972,2023-12-06,2024-09-12,2025-12-31,1,Baja,10,7-12 meses,Mes a mes,Tarjeta automática,Streaming,Centro,Profesional,25.61,0.0845,1,1,Sí,4,234.46,307.32
C02973,2023-12-06,2024-04-09,2025-12-31,1,Baja,5,4-6 meses,Mes a mes,Cheque electrónico,Internet fibra,Patagonia,PyME,123.98,0.0508,0,0,No,4,588.41,1487.76
C02974,2023-12-07,,2025-12-31,0,Activo,25,25+ meses,Dos años,Débito automático,Telefonía móvil,AMBA,Profesional,64.59,0.0859,1,0,Sí,4,1476.04,0.0
C02975,2023-12-07,,2025-12-31,0,Activo,25,25+ meses,Dos años,Tarjeta automática,Telefonía móvil,Patagonia,Hogar,59.09,0.0348,4,0,Sí,1,1425.84,0.0
C02976,2023-12-07,,2025-12-31,0,Activo,25,25+ meses,Mes a mes,Tarjeta automática,Telefonía móvil,Litoral,Profesional,52.2,0.1231,0,2,Sí,4,1144.35,0.0
C02977,2023-12-07,2024-11-12,2025-12-31,1,Baja,12,7-12 meses,Anual,Tarjeta automática,Streaming,Litoral,Profesional,45.63,0.1149,0,0,Sí,5,484.65,547.56
C02978,2023-12-08,,2025-12-31,0,Activo,25,25+ meses,Mes a mes,Débito automático,Telefonía móvil,Patagonia,Hogar,43.71,0.0813,2,0,Sí,3,1003.91,0.0
C02979,2023-12-08,,2025-12-31,0,Activo,25,25+ meses,Mes a mes,Tarjeta automática,Telefonía móvil,Centro,Hogar,34.87,0.0479,1,0,Sí,4,829.99,0.0
C02980,2023-12-08,,2025-12-31,0,Activo,25,25+ meses,Anual,Cheque electrónico,Internet fibra,Patagonia,Hogar,70.0,0.1176,1,2,No,4,1544.2,0.0
C02981,2023-12-08,2024-02-16,2025-12-31,1,Baja,3,0-3 meses,Mes a mes,Débito automático,Telefonía móvil,AMBA,Hogar,45.68,0.1006,2,0,Sí,3,123.25,548.16
C02982,2023-12-08,,2025-12-31,0,Activo,25,25+ meses,Mes a mes,Tarjeta automática,Internet estándar,Patagonia,Hogar,35.83,0.0174,0,0,Sí,5,880.16,0.0
C02983,2023-12-08,,2025-12-31,0,Activo,25,25+ meses,Anual,Débito automático,Telefonía móvil,Patagonia,Hogar,33.56,0.0471,0,0,Sí,4,799.48,0.0
C02984,2023-12-08,2024-02-20,2025-12-31,1,Baja,3,0-3 meses,Mes a mes,Tarjeta automática,Telefonía móvil,AMBA,Hogar,39.77,0.0397,6,1,Sí,1,114.57,477.24
C02985,2023-12-08,,2025-12-31,0,Activo,25,25+ meses,Anual,Tarjeta automática,Streaming,Patagonia,PyME,87.55,0.0366,1,0,Sí,4,2108.64,0.0
C02986,2023-12-09,,2025-12-31,0,Activo,25,25+ meses,Mes a mes,Tarjeta automática,Internet estándar,Patagonia,Hogar,32.33,0.0507,0,1,Sí,2,767.27,0.0
C02987,2023-12-09,,2025-12-31,0,Activo,25,25+ meses,Mes a mes,Tarjeta automática,Internet fibra,Litoral,Hogar,76.56,0.0424,1,0,Sí,3,1832.85,0.0
C02988,2023-12-09,,2025-12-31,0,Activo,25,25+ meses,Mes a mes,Tarjeta automática,Internet fibra,Litoral,Profesional,81.8,0.0572,1,1,Sí,3,1928.03,0.0
C02989,2023-12-09,,2025-12-31,0,Activo,25,25+ meses,Dos años,Cheque electrónico,Streaming,AMBA,Profesional,39.47,0.0231,0,0,No,5,963.96,0.0
C02990,2023-12-10,2024-07-25,2025-12-31,1,Baja,8,7-12 meses,Mes a mes,Transferencia,Telefonía móvil,NOA,Hogar,50.67,0.0563,3,0,No,2,382.54,608.04
C02991,2023-12-10,2023-12-10,2025-12-31,1,Baja,1,0-3 meses,Mes a mes,Cheque electrónico,Internet fibra,NOA,Hogar,77.19,0.036,1,0,No,3,74.41,926.28
C02992,2023-12-10,,2025-12-31,0,Activo,25,25+ meses,Anual,Tarjeta automática,Internet fibra,Patagonia,Hogar,96.36,0.1137,1,0,Sí,4,2135.1,0.0
C02993,2023-12-10,,2025-12-31,0,Activo,25,25+ meses,Dos años,Cheque electrónico,Streaming,AMBA,Hogar,28.21,0.0763,0,1,No,1,651.44,0.0
C02994,2023-12-11,,2025-12-31,0,Activo,25,25+ meses,Dos años,Débito automático,Internet fibra,Cuyo,Profesional,106.65,0.0672,1,1,Sí,5,2487.08,0.0
C02995,2023-12-11,,2025-12-31,0,Activo,25,25+ meses,Anual,Tarjeta automática,Internet fibra,Patagonia,Hogar,86.74,0.1181,1,0,Sí,4,1912.4,0.0
C02996,2023-12-11,2024-05-09,2025-12-31,1,Baja,6,4-6 meses,Mes a mes,Cheque electrónico,Internet fibra,Patagonia,PyME,132.85,0.0476,0,1,No,4,759.16,1594.2
C02997,2023-12-11,,2025-12-31,0,Activo,25,25+ meses,Anual,Tarjeta automática,Streaming,NOA,Hogar,18.0,0.08,0,1,Sí,5,414.0,0.0
C02998,2023-12-12,2025-07-21,2025-12-31,1,Baja,20,13-24 meses,Anual,Débito automático,Streaming,Litoral,Profesional,45.84,0.0274,2,1,Sí,3,891.68,550.08
C02999,2023-12-12,,2025-12-31,0,Activo,25,25+ meses,Dos años,Cheque electrónico,Telefonía móvil,Patagonia,Hogar,36.14,0.0105,1,2,No,3,894.01,0.0
C03000,2023-12-12,2025-05-04,2025-12-31,1,Baja,18,13-24 meses,Anual,Transferencia,Internet estándar,Cuyo,PyME,97.71,0.0233,1,0,No,4,1717.8,1172.52
C03001,2023-12-12,,2025-12-31,0,Activo,25,25+ meses,Mes a mes,Débito automático,Internet fibra,Patagonia,Hogar,79.71,0.0881,1,0,Sí,4,1817.19,0.0
C03002,2023-12-12,,2025-12-31,0,Activo,25,25+ meses,Mes a mes,Débito automático,Telefonía móvil,Litoral,Hogar,26.05,0.0297,2,0,Sí,3,631.91,0.0
C03003,2023-12-12,2024-04-24,2025-12-31,1,Baja,5,4-6 meses,Mes a mes,Tarjeta automática,Telefonía móvil,Patagonia,Hogar,32.39,0.026,3,1,Sí,3,157.74,388.68
C03004,2023-12-13,2024-08-15,2025-12-31,1,Baja,9,7-12 meses,Mes a mes,Cheque electrónico,Internet estándar,Centro,Hogar,37.87,0.1176,2,0,No,3,300.75,454.44
C03005,2023-12-13,,2025-12-31,0,Activo,25,25+ meses,Mes a mes,Tarjeta automática,Telefonía móvil,Centro,Hogar,39.2,0.0158,0,0,Sí,4,964.52,0.0
C03006,2023-12-13,,2025-12-31,0,Activo,25,25+ meses,Mes a mes,Tarjeta automática,Telefonía móvil,AMBA,Hogar,33.55,0.0394,0,0,Sí,3,805.7,0.0
C03007,2023-12-13,2025-08-08,2025-12-31,1,Baja,21,13-24 meses,Anual,Tarjeta automática,Telefonía móvil,Patagonia,Hogar,34.27,0.0532,0,1,Sí,3,681.38,411.24
C03008,2023-12-13,2025-02-08,2025-12-31,1,Baja,15,13-24 meses,Dos años,Cheque electrónico,Internet estándar,Patagonia,Hogar,50.49,0.042,2,2,No,1,725.54,605.88
C03009,2023-12-13,2024-09-26,2025-12-31,1,Baja,10,7-12 meses,Anual,Transferencia,Internet fibra,Centro,Profesional,91.1,0.0423,3,0,No,3,872.46,1093.2
C03010,2023-12-14,,2025-12-31,0,Activo,25,25+ meses,Dos años,Débito automático,Internet fibra,Cuyo,Profesional,96.05,0.0808,1,0,Sí,4,2207.23,0.0
C03011,2023-12-14,,2025-12-31,0,Activo,25,25+ meses,Anual,Cheque electrónico,Telefonía móvil,Litoral,Hogar,29.73,0.0167,0,3,No,3,730.84,0.0
C03012,2023-12-14,,2025-12-31,0,Activo,25,25+ meses,Anual,Tarjeta automática,Telefonía móvil,Patagonia,Hogar,32.89,0.022,1,0,Sí,3,804.16,0.0
C03013,2023-12-14,2025-03-21,2025-12-31,1,Baja,16,13-24 meses,Mes a mes,Cheque electrónico,Internet estándar,Centro,Hogar,71.45,0.0232,1,1,No,3,1116.68,857.4
C03014,2023-12-15,,2025-12-31,0,Activo,25,25+ meses,Anual,Tarjeta automática,Internet fibra,Cuyo,Profesional,88.33,0.0797,5,0,Sí,2,2032.25,0.0
C03015,2023-12-15,,2025-12-31,0,Activo,25,25+ meses,Mes a mes,Débito automático,Internet fibra,Centro,Profesional,72.83,0.0327,2,1,Sí,4,1761.21,0.0
C03016,2023-12-15,,2025-12-31,0,Activo,25,25+ meses,Mes a mes,Tarjeta automática,Streaming,Patagonia,Hogar,32.76,0.047,1,0,Sí,5,780.51,0.0
C03017,2023-12-15,,2025-12-31,0,Activo,25,25+ meses,Mes a mes,Cheque electrónico,Telefonía móvil,NOA,PyME,89.21,0.1046,0,1,No,4,1996.97,0.0
C03018,2023-12-15,,2025-12-31,0,Activo,25,25+ meses,Anual,Cheque electrónico,Internet estándar,Patagonia,Profesional,69.68,0.1107,0,1,No,4,1549.16,0.0
C03019,2023-12-16,,2025-12-31,0,Activo,25,25+ meses,Anual,Débito automático,Streaming,Patagonia,Profesional,46.02,0.0421,0,0,Sí,3,1102.06,0.0
C03020,2023-12-16,,2025-12-31,0,Activo,25,25+ meses,Dos años,Tarjeta automática,Internet estándar,Patagonia,Profesional,73.05,0.0612,0,0,Sí,3,1714.48,0.0
C03021,2023-12-17,,2025-12-31,0,Activo,25,25+ meses,Dos años,Tarjeta automática,Telefonía móvil,NOA,Hogar,40.9,0.0458,0,1,Sí,5,975.67,0.0
C03022,2023-12-17,,2025-12-31,0,Activo,25,25+ meses,Dos años,Débito automático,Telefonía móvil,Cuyo,PyME,94.51,0.0587,2,0,Sí,3,2224.06,0.0
C03023,2023-12-17,,2025-12-31,0,Activo,25,25+ meses,Mes a mes,Débito automático,Internet fibra,Centro,PyME,145.63,0.0398,1,0,Sí,5,3495.85,0.0
C03024,2023-12-17,,2025-12-31,0,Activo,25,25+ meses,Dos años,Tarjeta automática,Streaming,NOA,Profesional,22.6,0.0716,1,0,Sí,2,524.55,0.0
C03025,2023-12-18,,2025-12-31,0,Activo,25,25+ meses,Anual,Transferencia,Telefonía móvil,AMBA,PyME,82.42,0.0234,1,1,No,3,2012.28,0.0
C03026,2023-12-18,2025-02-18,2025-12-31,1,Baja,15,13-24 meses,Dos años,Transferencia,Telefonía móvil,Cuyo,PyME,87.92,0.0158,3,0,No,1,1297.96,1055.04
C03027,2023-12-18,2024-11-04,2025-12-31,1,Baja,12,7-12 meses,Mes a mes,Cheque electrónico,Streaming,Patagonia,Profesional,28.38,0.0322,0,1,No,2,329.59,340.56
C03028,2023-12-18,,2025-12-31,0,Activo,25,25+ meses,Mes a mes,Débito automático,Internet fibra,Patagonia,Hogar,72.73,0.0372,1,0,Sí,3,1750.61,0.0
C03029,2023-12-19,,2025-12-31,0,Activo,25,25+ meses,Dos años,Débito automático,Internet estándar,Patagonia,Hogar,42.64,0.063,2,0,Sí,5,998.84,0.0
C03030,2023-12-19,2024-09-03,2025-12-31,1,Baja,10,7-12 meses,Mes a mes,Débito automático,Streaming,Cuyo,Hogar,39.72,0.0774,4,1,Sí,1,366.46,476.64
C03031,2023-12-19,,2025-12-31,0,Activo,25,25+ meses,Mes a mes,Tarjeta automática,Internet fibra,NOA,Profesional,95.03,0.0669,1,1,Sí,5,2216.81,0.0
C03032,2023-12-20,2024-12-13,2025-12-31,1,Baja,13,13-24 meses,Mes a mes,Transferencia,Telefonía móvil,Centro,Hogar,39.66,0.0274,1,0,No,4,501.45,475.92
C03033,2023-12-20,,2025-12-31,0,Activo,25,25+ meses,Mes a mes,Transferencia,Internet fibra,AMBA,Hogar,73.82,0.0726,0,0,No,5,1711.52,0.0
C03034,2023-12-20,,2025-12-31,0,Activo,25,25+ meses,Mes a mes,Tarjeta automática,Telefonía móvil,Litoral,PyME,85.43,0.0578,1,1,Sí,4,2012.3,0.0
C03035,2023-12-21,,2025-12-31,0,Activo,25,25+ meses,Dos años,Débito automático,Internet estándar,Centro,Hogar,58.8,0.1335,1,0,Sí,5,1273.76,0.0
C03036,2023-12-21,,2025-12-31,0,Activo,25,25+ meses,Dos años,Cheque electrónico,Internet fibra,Cuyo,Hogar,91.31,0.0358,1,2,No,3,2201.03,0.0
C03037,2023-12-21,,2025-12-31,0,Activo,25,25+ meses,Dos años,Débito automático,Internet estándar,Cuyo,Profesional,53.67,0.0254,0,0,Sí,5,1307.67,0.0
C03038,2023-12-21,,2025-12-31,0,Activo,25,25+ meses,Mes a mes,Débito automático,Streaming,Centro,Hogar,46.82,0.077,0,0,Sí,4,1080.37,0.0
C03039,2023-12-21,2025-05-17,2025-12-31,1,Baja,18,13-24 meses,Mes a mes,Transferencia,Telefonía móvil,NOA,Hogar,34.62,0.0136,1,1,No,5,614.69,415.44
C03040,2023-12-21,2024-09-06,2025-12-31,1,Baja,10,7-12 meses,Mes a mes,Débito automático,Internet estándar,Cuyo,Hogar,40.72,0.0598,4,0,Sí,3,382.85,488.64
C03041,2023-12-22,2025-02-09,2025-12-31,1,Baja,15,13-24 meses,Mes a mes,Tarjeta automática,Internet fibra,Patagonia,PyME,138.2,0.03,0,0,Sí,4,2010.81,1658.4
C03042,2023-12-22,2024-05-16,2025-12-31,1,Baja,6,4-6 meses,Mes a mes,Cheque electrónico,Telefonía móvil,AMBA,Hogar,48.18,0.0686,0,2,No,5,269.25,578.16
C03043,2023-12-22,,2025-12-31,0,Activo,25,25+ meses,Anual,Cheque electrónico,Internet estándar,NOA,Hogar,48.22,0.0401,1,1,No,5,1157.16,0.0
C03044,2023-12-22,,2025-12-31,0,Activo,25,25+ meses,Dos años,Tarjeta automática,Internet fibra,NOA,Hogar,74.19,0.033,0,0,Sí,4,1793.54,0.0
C03045,2023-12-23,2025-12-14,2025-12-31,1,Baja,25,25+ meses,Mes a mes,Tarjeta automática,Telefonía móvil,AMBA,Profesional,72.9,0.0877,0,0,Sí,5,1662.67,874.8
C03046,2023-12-23,2023-12-17,2025-12-31,1,Baja,1,0-3 meses,Mes a mes,Transferencia,Internet fibra,Litoral,Hogar,71.14,0.0995,1,1,No,3,64.06,853.68
C03047,2023-12-23,,2025-12-31,0,Activo,25,25+ meses,Mes a mes,Transferencia,Internet fibra,Litoral,Hogar,77.24,0.0337,2,0,No,2,1865.93,0.0
C03048,2023-12-23,2024-03-01,2025-12-31,1,Baja,4,4-6 meses,Mes a mes,Débito automático,Internet estándar,Centro,Profesional,85.63,0.0476,3,0,Sí,3,326.22,1027.56
C03049,2023-12-23,2024-07-03,2025-12-31,1,Baja,8,7-12 meses,Mes a mes,Débito automático,Streaming,Patagonia,PyME,69.29,0.0448,3,1,Sí,1,529.49,831.48
C03050,2023-12-23,2025-02-10,2025-12-31,1,Baja,15,13-24 meses,Mes a mes,Transferencia,Internet estándar,Patagonia,Hogar,43.95,0.061,3,0,No,3,619.04,527.4
C03051,2023-12-23,,2025-12-31,0,Activo,25,25+ meses,Mes a mes,Débito automático,Telefonía móvil,NOA,Hogar,53.28,0.1458,1,0,Sí,4,1137.79,0.0
C03052,2023-12-24,2024-06-21,2025-12-31,1,Baja,7,7-12 meses,Mes a mes,Tarjeta automática,Internet fibra,Litoral,Profesional,101.81,0.0479,0,0,Sí,4,678.53,1221.72
C03053,2023-12-24,2024-12-20,2025-12-31,1,Baja,13,13-24 meses,Dos años,Tarjeta automática,Telefonía móvil,Patagonia,Hogar,51.83,0.075,0,0,Sí,4,623.26,621.96
C03054,2023-12-24,,2025-12-31,0,Activo,25,25+ meses,Mes a mes,Débito automático,Internet fibra,Patagonia,Profesional,81.45,0.0594,1,1,Sí,3,1915.3,0.0
C03055,2023-12-24,2024-07-14,2025-12-31,1,Baja,8,7-12 meses,Mes a mes,Cheque electrónico,Internet fibra,Patagonia,Hogar,81.53,0.0249,3,2,No,1,636.0,978.36
C03056,2023-12-24,2024-07-03,2025-12-31,1,Baja,8,7-12 meses,Mes a mes,Débito automático,Internet fibra,Litoral,Hogar,74.86,0.017,1,1,Sí,2,588.7,898.32
C03057,2023-12-24,,2025-12-31,0,Activo,25,25+ meses,Mes a mes,Débito automático,Internet fibra,Patagonia,Hogar,103.0,0.0996,1,0,Sí,4,2318.53,0.0
C03058,2023-12-24,,2025-12-31,0,Activo,25,25+ meses,Anual,Cheque electrónico,Internet estándar,AMBA,Hogar,57.9,0.1532,5,2,No,1,1225.74,0.0
C03059,2023-12-24,,2025-12-31,0,Activo,25,25+ meses,Anual,Débito automático,Telefonía móvil,Litoral,Profesional,59.75,0.018,2,1,Sí,4,1466.86,0.0
C03060,2023-12-25,,2025-12-31,0,Activo,25,25+ meses,Dos años,Débito automático,Telefonía móvil,Centro,Profesional,63.14,0.0369,2,1,Sí,3,1520.25,0.0
C03061,2023-12-25,,2025-12-31,0,Activo,25,25+ meses,Anual,Tarjeta automática,Streaming,Cuyo,Profesional,47.6,0.0405,0,0,Sí,3,1141.8,0.0
C03062,2023-12-25,,2025-12-31,0,Activo,25,25+ meses,Mes a mes,Transferencia,Internet fibra,Patagonia,Profesional,103.69,0.034,0,0,No,4,2504.11,0.0
C03063,2023-12-26,,2025-12-31,0,Activo,25,25+ meses,Mes a mes,Transferencia,Telefonía móvil,AMBA,Hogar,32.58,0.1017,2,0,No,1,731.67,0.0
C03064,2023-12-26,,2025-12-31,0,Activo,25,25+ meses,Mes a mes,Cheque electrónico,Internet estándar,Patagonia,PyME,119.02,0.0618,1,1,No,4,2791.61,0.0
C03065,2023-12-26,2024-05-22,2025-12-31,1,Baja,6,4-6 meses,Mes a mes,Débito automático,Streaming,Centro,PyME,69.43,0.047,1,0,Sí,4,397.0,833.16
C03066,2023-12-26,,2025-12-31,0,Activo,25,25+ meses,Dos años,Débito automático,Streaming,Patagonia,Hogar,31.26,0.0247,0,0,Sí,5,762.2,0.0
C03067,2023-12-26,,2025-12-31,0,Activo,25,25+ meses,Mes a mes,Tarjeta automática,Internet fibra,Patagonia,Profesional,86.93,0.0033,4,2,Sí,2,2166.08,0.0
C03068,2023-12-27,2024-02-20,2025-12-31,1,Baja,3,0-3 meses,Mes a mes,Cheque electrónico,Internet estándar,AMBA,Profesional,67.47,0.1357,1,1,No,3,174.94,809.64
C03069,2023-12-27,2025-05-03,2025-12-31,1,Baja,18,13-24 meses,Mes a mes,Tarjeta automática,Telefonía móvil,Centro,Hogar,52.87,0.0307,0,1,Sí,4,922.44,634.44
C03070,2023-12-27,2024-02-23,2025-12-31,1,Baja,3,0-3 meses,Mes a mes,Transferencia,Internet fibra,Patagonia,Hogar,59.16,0.1186,1,0,No,4,156.43,709.92
C03071,2023-12-27,,2025-12-31,0,Activo,25,25+ meses,Dos años,Transferencia,Streaming,Cuyo,Hogar,27.14,0.0303,1,1,No,3,657.94,0.0
C03072,2023-12-27,,2025-12-31,0,Activo,25,25+ meses,Mes a mes,Tarjeta automática,Telefonía móvil,Cuyo,PyME,81.16,0.0188,0,0,Sí,3,1990.85,0.0
C03073,2023-12-28,,2025-12-31,0,Activo,25,25+ meses,Mes a mes,Débito automático,Internet estándar,AMBA,Profesional,63.93,0.0706,2,0,Sí,3,1485.41,0.0
C03074,2023-12-28,2024-03-01,2025-12-31,1,Baja,4,4-6 meses,Mes a mes,Tarjeta automática,Internet estándar,Patagonia,Profesional,51.13,0.0506,2,0,Sí,4,194.17,613.56
C03075,2023-12-28,,2025-12-31,0,Activo,25,25+ meses,Anual,Débito automático,Internet estándar,AMBA,PyME,105.78,0.0515,1,0,Sí,4,2508.31,0.0
C03076,2023-12-28,2025-07-24,2025-12-31,1,Baja,20,13-24 meses,Mes a mes,Cheque electrónico,Telefonía móvil,Centro,Hogar,37.31,0.0102,3,1,No,3,738.59,447.72
C03077,2023-12-28,,2025-12-31,0,Activo,25,25+ meses,Anual,Débito automático,Internet estándar,Cuyo,PyME,112.22,0.0752,0,0,Sí,4,2594.53,0.0
C03078,2023-12-28,2025-12-25,2025-12-31,1,Baja,25,25+ meses,Mes a mes,Cheque electrónico,Internet estándar,Patagonia,Hogar,62.51,0.0519,1,0,No,5,1481.64,750.12
C03079,2023-12-28,,2025-12-31,0,Activo,25,25+ meses,Mes a mes,Tarjeta automática,Internet fibra,Cuyo,Profesional,96.12,0.1101,0,1,Sí,4,2138.43,0.0
C03080,2023-12-29,,2025-12-31,0,Activo,25,25+ meses,Dos años,Débito automático,Telefonía móvil,NOA,Hogar,51.83,0.1436,1,1,Sí,4,1109.68,0.0
C03081,2023-12-29,2024-12-18,2025-12-31,1,Baja,13,13-24 meses,Mes a mes,Cheque electrónico,Telefonía móvil,Litoral,Hogar,57.21,0.1198,1,2,No,3,654.63,686.52
C03082,2023-12-29,2024-04-07,2025-12-31,1,Baja,5,4-6 meses,Mes a mes,Cheque electrónico,Streaming,Centro,Hogar,18.86,0.0899,1,0,No,2,85.82,226.32
C03083,2023-12-30,,2025-12-31,0,Activo,25,25+ meses,Anual,Débito automático,Telefonía móvil,Centro,Hogar,57.78,0.0247,0,1,Sí,5,1408.82,0.0
C03084,2023-12-30,2025-03-27,2025-12-31,1,Baja,16,13-24 meses,Mes a mes,Transferencia,Streaming,Patagonia,Hogar,28.59,0.0111,1,0,No,4,452.36,343.08
C03085,2023-12-30,,2025-12-31,0,Activo,25,25+ meses,Mes a mes,Cheque electrónico,Telefonía móvil,Cuyo,Hogar,31.24,0.0665,1,1,No,3,729.06,0.0
C03086,2023-12-31,,2025-12-31,0,Activo,25,25+ meses,Anual,Transferencia,Internet fibra,Litoral,Hogar,81.28,0.0553,0,0,No,5,1919.63,0.0
C03087,2023-12-31,2024-12-21,2025-12-31,1,Baja,13,13-24 meses,Mes a mes,Transferencia,Internet fibra,Cuyo,PyME,132.21,0.0739,0,0,No,4,1591.72,1586.52
C03088,2024-01-01,,2025-12-31,0,Activo,24,13-24 meses,Mes a mes,Tarjeta automática,Telefonía móvil,Centro,Hogar,26.52,0.0734,0,0,Sí,4,589.76,0.0
C03089,2024-01-02,,2025-12-31,0,Activo,24,13-24 meses,Mes a mes,Tarjeta automática,Internet estándar,Litoral,Hogar,36.89,0.1021,0,0,Sí,4,794.96,0.0
C03090,2024-01-03,,2025-12-31,0,Activo,24,13-24 meses,Anual,Transferencia,Internet estándar,Centro,Hogar,67.01,0.1049,0,0,No,4,1439.54,0.0
C03091,2024-01-03,2025-05-02,2025-12-31,1,Baja,17,13-24 meses,Mes a mes,Débito automático,Streaming,NOA,Profesional,50.06,0.0484,1,0,Sí,2,809.83,600.72
C03092,2024-01-03,,2025-12-31,0,Activo,24,13-24 meses,Mes a mes,Tarjeta automática,Streaming,Patagonia,Hogar,45.3,0.0856,1,0,Sí,3,994.14,0.0
C03093,2024-01-03,,2025-12-31,0,Activo,24,13-24 meses,Anual,Tarjeta automática,Internet estándar,Patagonia,PyME,99.42,0.0242,1,2,Sí,3,2328.34,0.0
C03094,2024-01-04,,2025-12-31,0,Activo,24,13-24 meses,Anual,Débito automático,Internet estándar,Centro,Hogar,40.18,0.032,1,0,Sí,4,933.46,0.0
C03095,2024-01-04,,2025-12-31,0,Activo,24,13-24 meses,Dos años,Débito automático,Internet estándar,AMBA,Hogar,30.48,0.0641,1,0,Sí,2,684.63,0.0
C03096,2024-01-04,2025-01-12,2025-12-31,1,Baja,13,13-24 meses,Mes a mes,Débito automático,Internet fibra,AMBA,PyME,143.65,0.1025,2,0,Sí,3,1676.04,1723.8
C03097,2024-01-04,2024-05-08,2025-12-31,1,Baja,5,4-6 meses,Mes a mes,Débito automático,Internet fibra,NOA,Hogar,82.52,0.037,2,1,Sí,2,397.33,990.24
C03098,2024-01-04,2024-01-02,2025-12-31,1,Baja,1,0-3 meses,Mes a mes,Tarjeta automática,Internet estándar,NOA,Hogar,44.52,0.1393,1,1,Sí,4,38.32,534.24
C03099,2024-01-05,,2025-12-31,0,Activo,24,13-24 meses,Anual,Cheque electrónico,Telefonía móvil,Patagonia,PyME,88.28,0.0716,0,0,No,5,1967.02,0.0
C03100,2024-01-05,2025-02-11,2025-12-31,1,Baja,14,13-24 meses,Mes a mes,Transferencia,Internet estándar,Litoral,Hogar,61.4,0.0493,0,1,No,2,817.22,736.8
C03101,2024-01-06,2024-10-21,2025-12-31,1,Baja,10,7-12 meses,Mes a mes,Tarjeta automática,Internet estándar,Centro,Hogar,47.05,0.0505,1,1,Sí,3,446.74,564.6
C03102,2024-01-06,,2025-12-31,0,Activo,24,13-24 meses,Mes a mes,Débito automático,Streaming,Patagonia,Hogar,27.17,0.0232,0,0,Sí,5,636.95,0.0
C03103,2024-01-06,,2025-12-31,0,Activo,24,13-24 meses,Dos años,Débito automático,Internet fibra,Litoral,Profesional,89.39,0.049,0,0,Sí,5,2040.24,0.0
C03104,2024-01-06,,2025-12-31,0,Activo,24,13-24 meses,Anual,Transferencia,Internet estándar,Litoral,Profesional,62.52,0.0283,1,1,No,3,1458.02,0.0
C03105,2024-01-06,2025-06-15,2025-12-31,1,Baja,18,13-24 meses,Mes a mes,Transferencia,Internet fibra,AMBA,Hogar,84.05,0.1053,1,0,No,4,1353.59,1008.6
C03106,2024-01-06,,2025-12-31,0,Activo,24,13-24 meses,Dos años,Transferencia,Streaming,Litoral,Hogar,18.0,0.0102,0,0,No,5,427.59,0.0
C03107,2024-01-06,,2025-12-31,0,Activo,24,13-24 meses,Dos años,Transferencia,Internet fibra,Patagonia,Hogar,78.89,0.1161,0,0,No,5,1673.54,0.0
C03108,2024-01-07,,2025-12-31,0,Activo,24,13-24 meses,Mes a mes,Tarjeta automática,Internet estándar,Patagonia,Hogar,59.51,0.1843,0,0,Sí,4,1165.02,0.0
C03109,2024-01-07,,2025-12-31,0,Activo,24,13-24 meses,Mes a mes,Tarjeta automática,Streaming,AMBA,Profesional,46.07,0.0319,0,2,Sí,5,1070.41,0.0
C03110,2024-01-07,,2025-12-31,0,Activo,24,13-24 meses,Anual,Tarjeta automática,Telefonía móvil,AMBA,Hogar,53.6,0.0449,0,2,Sí,3,1228.64,0.0
C03111,2024-01-08,2025-01-10,2025-12-31,1,Baja,13,13-24 meses,Mes a mes,Débito automático,Streaming,NOA,Profesional,61.75,0.0228,1,1,Sí,3,784.45,741.0
C03112,2024-01-08,,2025-12-31,0,Activo,24,13-24 meses,Mes a mes,Débito automático,Telefonía móvil,Centro,Profesional,69.94,0.0626,2,1,Sí,3,1573.48,0.0
C03113,2024-01-08,,2025-12-31,0,Activo,24,13-24 meses,Mes a mes,Transferencia,Streaming,Cuyo,Hogar,23.09,0.0338,1,0,No,4,535.43,0.0
C03114,2024-01-08,,2025-12-31,0,Activo,24,13-24 meses,Dos años,Tarjeta automática,Internet estándar,Litoral,Profesional,66.61,0.0272,0,0,Sí,5,1555.16,0.0
C03115,2024-01-08,,2025-12-31,0,Activo,24,13-24 meses,Mes a mes,Transferencia,Internet fibra,Cuyo,Profesional,99.8,0.0791,0,0,No,4,2205.74,0.0
C03116,2024-01-09,,2025-12-31,0,Activo,24,13-24 meses,Anual,Tarjeta automática,Internet fibra,NOA,Hogar,72.83,0.062,1,1,Sí,3,1639.55,0.0
C03117,2024-01-09,,2025-12-31,0,Activo,24,13-24 meses,Mes a mes,Débito automático,Internet fibra,NOA,Hogar,72.47,0.0195,0,0,Sí,4,1705.36,0.0
C03118,2024-01-09,,2025-12-31,0,Activo,24,13-24 meses,Mes a mes,Transferencia,Internet fibra,Cuyo,Profesional,89.8,0.02,1,0,No,4,2112.1,0.0
C03119,2024-01-09,,2025-12-31,0,Activo,24,13-24 meses,Dos años,Tarjeta automática,Internet estándar,Centro,Profesional,94.98,0.0849,0,0,Sí,4,2085.99,0.0
C03120,2024-01-09,2024-05-16,2025-12-31,1,Baja,5,4-6 meses,Mes a mes,Débito automático,Streaming,NOA,Profesional,44.02,0.0246,1,2,Sí,4,214.69,528.24
C03121,2024-01-10,2025-07-14,2025-12-31,1,Baja,19,13-24 meses,Mes a mes,Débito automático,Streaming,Patagonia,Hogar,40.76,0.0768,0,0,Sí,5,714.96,489.12
C03122,2024-01-10,,2025-12-31,0,Activo,24,13-24 meses,Mes a mes,Transferencia,Internet estándar,Patagonia,Profesional,57.44,0.0788,0,0,No,5,1269.93,0.0
C03123,2024-01-10,,2025-12-31,0,Activo,24,13-24 meses,Anual,Tarjeta automática,Internet estándar,Cuyo,Profesional,85.72,0.1316,1,0,Sí,5,1786.54,0.0
C03124,2024-01-10,,2025-12-31,0,Activo,24,13-24 meses,Mes a mes,Cheque electrónico,Internet fibra,Cuyo,Hogar,73.84,0.0444,0,1,No,5,1693.48,0.0
C03125,2024-01-11,2024-10-18,2025-12-31,1,Baja,10,7-12 meses,Mes a mes,Cheque electrónico,Internet estándar,Centro,Hogar,49.58,0.1524,0,3,No,3,420.24,594.96
C03126,2024-01-11,,2025-12-31,0,Activo,24,13-24 meses,Mes a mes,Cheque electrónico,Internet estándar,Cuyo,Hogar,28.84,0.0903,0,2,No,3,629.66,0.0
C03127,2024-01-11,,2025-12-31,0,Activo,24,13-24 meses,Mes a mes,Tarjeta automática,Internet fibra,Litoral,Profesional,108.28,0.033,1,0,Sí,3,2512.96,0.0
C03128,2024-01-11,,2025-12-31,0,Activo,24,13-24 meses,Mes a mes,Transferencia,Internet fibra,AMBA,Hogar,92.67,0.0193,0,1,No,4,2181.16,0.0
C03129,2024-01-12,,2025-12-31,0,Activo,24,13-24 meses,Mes a mes,Tarjeta automática,Telefonía móvil,Litoral,PyME,83.94,0.0634,0,1,Sí,4,1886.84,0.0
C03130,2024-01-12,2024-03-17,2025-12-31,1,Baja,3,0-3 meses,Mes a mes,Cheque electrónico,Internet estándar,Litoral,Hogar,61.92,0.1186,0,3,No,4,163.73,743.04
C03131,2024-01-13,2024-05-13,2025-12-31,1,Baja,5,4-6 meses,Mes a mes,Débito automático,Internet estándar,NOA,Profesional,52.29,0.0423,2,0,Sí,3,250.39,627.48
C03132,2024-01-13,,2025-12-31,0,Activo,24,13-24 meses,Anual,Tarjeta automática,Internet fibra,AMBA,Hogar,84.95,0.1434,1,0,Sí,3,1746.44,0.0
C03133,2024-01-13,,2025-12-31,0,Activo,24,13-24 meses,Anual,Débito automático,Internet fibra,Centro,Profesional,92.83,0.0069,1,0,Sí,5,2212.55,0.0
C03134,2024-01-13,2025-06-14,2025-12-31,1,Baja,18,13-24 meses,Mes a mes,Cheque electrónico,Internet estándar,Cuyo,Hogar,63.7,0.0272,1,2,No,4,1115.41,764.4
C03135,2024-01-13,2024-10-01,2025-12-31,1,Baja,10,7-12 meses,Mes a mes,Cheque electrónico,Telefonía móvil,NOA,Profesional,62.74,0.0885,0,3,No,4,571.88,752.88
C03136,2024-01-13,,2025-12-31,0,Activo,24,13-24 meses,Mes a mes,Débito automático,Internet fibra,Centro,PyME,143.25,0.0496,1,0,Sí,5,3267.48,0.0
C03137,2024-01-13,,2025-12-31,0,Activo,24,13-24 meses,Dos años,Débito automático,Internet fibra,NOA,Hogar,91.62,0.0627,2,0,Sí,3,2061.01,0.0
C03138,2024-01-14,2024-02-08,2025-12-31,1,Baja,2,0-3 meses,Mes a mes,Transferencia,Telefonía móvil,NOA,Hogar,38.8,0.0479,3,0,No,2,73.88,465.6
C03139,2024-01-14,,2025-12-31,0,Activo,24,13-24 meses,Mes a mes,Cheque electrónico,Internet estándar,AMBA,Hogar,48.68,0.026,0,1,No,4,1137.94,0.0
C03140,2024-01-14,2024-08-11,2025-12-31,1,Baja,8,7-12 meses,Mes a mes,Transferencia,Internet estándar,Cuyo,Hogar,36.78,0.1404,0,0,No,5,252.93,441.36
C03141,2024-01-14,,2025-12-31,0,Activo,24,13-24 meses,Mes a mes,Débito automático,Streaming,Centro,Profesional,43.7,0.0131,3,0,Sí,3,1035.06,0.0
C03142,2024-01-14,,2025-12-31,0,Activo,24,13-24 meses,Mes a mes,Transferencia,Internet estándar,Cuyo,Hogar,70.2,0.0694,2,0,No,5,1567.87,0.0
C03143,2024-01-15,,2025-12-31,0,Activo,24,13-24 meses,Mes a mes,Cheque electrónico,Telefonía móvil,NOA,Profesional,68.31,0.0271,1,1,No,3,1595.01,0.0
C03144,2024-01-15,,2025-12-31,0,Activo,24,13-24 meses,Anual,Tarjeta automática,Internet fibra,Cuyo,Hogar,66.51,0.1395,2,1,Sí,3,1373.56,0.0
C03145,2024-01-15,,2025-12-31,0,Activo,24,13-24 meses,Anual,Débito automático,Telefonía móvil,Litoral,PyME,114.95,0.0345,0,0,Sí,4,2663.62,0.0
C03146,2024-01-15,,2025-12-31,0,Activo,24,13-24 meses,Anual,Tarjeta automática,Internet fibra,AMBA,Hogar,82.28,0.0321,0,0,Sí,5,1911.33,0.0
C03147,2024-01-16,,2025-12-31,0,Activo,24,13-24 meses,Anual,Débito automático,Telefonía móvil,Litoral,PyME,106.13,0.0178,5,0,Sí,2,2501.78,0.0
C03148,2024-01-16,,2025-12-31,0,Activo,24,13-24 meses,Mes a mes,Transferencia,Telefonía móvil,Cuyo,Hogar,47.4,0.0473,5,0,No,2,1083.79,0.0
C03149,2024-01-16,,2025-12-31,0,Activo,24,13-24 meses,Dos años,Tarjeta automática,Telefonía móvil,NOA,PyME,101.62,0.0496,1,1,Sí,4,2317.91,0.0
C03150,2024-01-16,2024-08-26,2025-12-31,1,Baja,8,7-12 meses,Anual,Débito automático,Telefonía móvil,Patagonia,Hogar,20.03,0.0751,0,2,Sí,4,148.21,240.36
C03151,2024-01-16,,2025-12-31,0,Activo,24,13-24 meses,Anual,Tarjeta automática,Streaming,Centro,Hogar,41.18,0.084,1,0,Sí,5,905.3,0.0
C03152,2024-01-16,,2025-12-31,0,Activo,24,13-24 meses,Anual,Cheque electrónico,Internet fibra,Litoral,Profesional,71.2,0.054,1,0,No,3,1616.52,0.0
C03153,2024-01-17,,2025-12-31,0,Activo,24,13-24 meses,Mes a mes,Cheque electrónico,Internet fibra,Cuyo,Hogar,89.18,0.0678,1,0,No,1,1995.21,0.0
C03154,2024-01-17,2024-05-18,2025-12-31,1,Baja,5,4-6 meses,Mes a mes,Débito automático,Internet estándar,Cuyo,Hogar,50.1,0.0907,4,0,Sí,2,227.78,601.2
C03155,2024-01-17,2025-08-13,2025-12-31,1,Baja,20,13-24 meses,Mes a mes,Transferencia,Internet estándar,Cuyo,Hogar,58.19,0.0495,1,0,No,5,1106.19,698.28
C03156,2024-01-17,,2025-12-31,0,Activo,24,13-24 meses,Mes a mes,Tarjeta automática,Internet fibra,Patagonia,PyME,134.74,0.0013,2,1,Sí,2,3229.56,0.0
C03157,2024-01-17,2024-07-02,2025-12-31,1,Baja,7,7-12 meses,Mes a mes,Cheque electrónico,Streaming,Centro,Profesional,58.48,0.0652,5,2,No,2,382.67,701.76
C03158,2024-01-17,,2025-12-31,0,Activo,24,13-24 meses,Mes a mes,Transferencia,Streaming,AMBA,Hogar,29.18,0.0344,1,0,No,3,676.23,0.0
C03159,2024-01-17,,2025-12-31,0,Activo,24,13-24 meses,Mes a mes,Tarjeta automática,Telefonía móvil,Centro,Profesional,63.09,0.0378,0,0,Sí,5,1456.92,0.0
C03160,2024-01-17,2024-10-04,2025-12-31,1,Baja,10,7-12 meses,Dos años,Cheque electrónico,Internet estándar,Patagonia,Hogar,53.45,0.051,4,4,No,2,507.24,641.4
C03161,2024-01-17,2025-11-04,2025-12-31,1,Baja,23,13-24 meses,Anual,Tarjeta automática,Telefonía móvil,Centro,Hogar,62.67,0.0388,5,0,Sí,1,1385.48,752.04
C03162,2024-01-17,,2025-12-31,0,Activo,24,13-24 meses,Mes a mes,Transferencia,Streaming,AMBA,Hogar,35.6,0.0252,0,0,No,5,832.87,0.0
C03163,2024-01-17,2025-06-27,2025-12-31,1,Baja,18,13-24 meses,Mes a mes,Tarjeta automática,Telefonía móvil,Cuyo,Hogar,27.51,0.0296,1,0,Sí,5,480.52,330.12
C03164,2024-01-17,,2025-12-31,0,Activo,24,13-24 meses,Anual,Transferencia,Telefonía móvil,NOA,Profesional,53.8,0.0736,2,0,No,4,1196.17,0.0
C03165,2024-01-18,,2025-12-31,0,Activo,24,13-24 meses,Dos años,Tarjeta automática,Internet fibra,NOA,Hogar,84.58,0.0745,1,0,Sí,4,1878.69,0.0
C03166,2024-01-18,,2025-12-31,0,Activo,24,13-24 meses,Anual,Tarjeta automática,Internet fibra,NOA,Hogar,91.86,0.064,2,1,Sí,3,2063.54,0.0
C03167,2024-01-18,,2025-12-31,0,Activo,24,13-24 meses,Anual,Débito automático,Telefonía móvil,Patagonia,Hogar,34.06,0.0721,6,0,Sí,1,758.5,0.0
C03168,2024-01-18,2024-08-03,2025-12-31,1,Baja,8,7-12 meses,Mes a mes,Cheque electrónico,Streaming,Patagonia,Profesional,71.64,0.1187,1,2,No,2,505.09,859.68
C03169,2024-01-19,,2025-12-31,0,Activo,24,13-24 meses,Mes a mes,Tarjeta automática,Telefonía móvil,Patagonia,Hogar,43.93,0.0237,2,1,Sí,3,1029.33,0.0
C03170,2024-01-19,,2025-12-31,0,Activo,24,13-24 meses,Anual,Transferencia,Telefonía móvil,AMBA,Hogar,46.63,0.0495,1,0,No,4,1063.72,0.0
C03171,2024-01-19,,2025-12-31,0,Activo,24,13-24 meses,Dos años,Débito automático,Streaming,Cuyo,Profesional,33.21,0.0977,3,0,Sí,3,719.17,0.0
C03172,2024-01-19,2024-08-07,2025-12-31,1,Baja,8,7-12 meses,Mes a mes,Cheque electrónico,Streaming,Litoral,Hogar,41.27,0.0599,3,1,No,3,310.38,495.24
C03173,2024-01-20,2024-12-11,2025-12-31,1,Baja,12,7-12 meses,Mes a mes,Tarjeta automática,Telefonía móvil,Cuyo,PyME,92.1,0.0363,1,0,Sí,4,1065.08,1105.2
C03174,2024-01-20,,2025-12-31,0,Activo,24,13-24 meses,Mes a mes,Débito automático,Telefonía móvil,Patagonia,Hogar,33.8,0.0469,3,1,Sí,4,773.15,0.0
C03175,2024-01-20,2025-12-03,2025-12-31,1,Baja,24,13-24 meses,Mes a mes,Cheque electrónico,Internet estándar,NOA,Hogar,45.51,0.0233,1,0,No,2,1066.79,546.12
C03176,2024-01-20,,2025-12-31,0,Activo,24,13-24 meses,Dos años,Débito automático,Internet fibra,Litoral,Hogar,93.21,0.0069,0,2,Sí,5,2221.6,0.0
C03177,2024-01-21,,2025-12-31,0,Activo,24,13-24 meses,Anual,Débito automático,Internet fibra,AMBA,Hogar,83.12,0.0077,1,0,Sí,4,1979.52,0.0
C03178,2024-01-21,,2025-12-31,0,Activo,24,13-24 meses,Mes a mes,Cheque electrónico,Internet estándar,Cuyo,Hogar,39.22,0.056,3,1,No,2,888.57,0.0
C03179,2024-01-21,2025-11-08,2025-12-31,1,Baja,23,13-24 meses,Mes a mes,Débito automático,Telefonía móvil,Centro,Profesional,54.17,0.0114,0,0,Sí,4,1231.71,650.04
C03180,2024-01-21,,2025-12-31,0,Activo,24,13-24 meses,Mes a mes,Débito automático,Telefonía móvil,Cuyo,Hogar,57.51,0.0432,0,0,Sí,5,1320.61,0.0
C03181,2024-01-21,,2025-12-31,0,Activo,24,13-24 meses,Mes a mes,Tarjeta automática,Internet estándar,Centro,Hogar,46.4,0.0212,2,1,Sí,2,1089.99,0.0
C03182,2024-01-22,2024-08-26,2025-12-31,1,Baja,8,7-12 meses,Mes a mes,Cheque electrónico,Internet fibra,AMBA,Hogar,84.16,0.1115,0,0,No,4,598.21,1009.92
C03183,2024-01-22,,2025-12-31,0,Activo,24,13-24 meses,Anual,Cheque electrónico,Internet estándar,Centro,Profesional,75.86,0.0234,2,0,No,2,1778.04,0.0
C03184,2024-01-22,2024-02-01,2025-12-31,1,Baja,2,0-3 meses,Anual,Transferencia,Telefonía móvil,Cuyo,PyME,59.39,0.0647,4,0,No,2,111.09,712.68
C03185,2024-01-22,2024-12-23,2025-12-31,1,Baja,12,7-12 meses,Mes a mes,Transferencia,Streaming,AMBA,Hogar,42.91,0.0413,2,0,No,4,493.65,514.92
C03186,2024-01-22,2025-03-18,2025-12-31,1,Baja,15,13-24 meses,Anual,Débito automático,Internet fibra,AMBA,Profesional,86.62,0.0419,4,0,Sí,2,1244.86,1039.44
C03187,2024-01-23,,2025-12-31,0,Activo,24,13-24 meses,Anual,Tarjeta automática,Internet estándar,Centro,Profesional,63.03,0.082,0,0,Sí,4,1388.68,0.0
C03188,2024-01-23,2024-05-02,2025-12-31,1,Baja,5,4-6 meses,Mes a mes,Tarjeta automática,Internet estándar,Litoral,Hogar,65.93,0.0587,0,0,Sí,4,310.3,791.16
C03189,2024-01-23,,2025-12-31,0,Activo,24,13-24 meses,Anual,Tarjeta automática,Internet estándar,Litoral,Hogar,64.92,0.0845,1,0,Sí,4,1426.42,0.0
C03190,2024-01-23,,2025-12-31,0,Activo,24,13-24 meses,Anual,Tarjeta automática,Telefonía móvil,Cuyo,Hogar,47.42,0.0504,0,0,Sí,5,1080.72,0.0
C03191,2024-01-23,2025-06-02,2025-12-31,1,Baja,18,13-24 meses,Anual,Transferencia,Telefonía móvil,Litoral,Hogar,50.01,0.1156,0,0,No,5,796.12,600.12
C03192,2024-01-23,,2025-12-31,0,Activo,24,13-24 meses,Mes a mes,Tarjeta automática,Internet fibra,Centro,Profesional,106.76,0.0464,0,0,Sí,3,2443.35,0.0
C03193,2024-01-23,,2025-12-31,0,Activo,24,13-24 meses,Mes a mes,Tarjeta automática,Internet fibra,Patagonia,Profesional,111.73,0.0432,1,1,Sí,3,2565.68,0.0
C03194,2024-01-24,,2025-12-31,0,Activo,24,13-24 meses,Mes a mes,Débito automático,Internet estándar,AMBA,Hogar,66.13,0.0509,0,0,Sí,5,1506.34,0.0
C03195,2024-01-24,2024-01-10,2025-12-31,1,Baja,1,0-3 meses,Mes a mes,Tarjeta automática,Internet fibra,AMBA,Hogar,79.18,0.1055,0,0,Sí,5,70.83,950.16
C03196,2024-01-24,,2025-12-31,0,Activo,24,13-24 meses,Mes a mes,Tarjeta automática,Internet estándar,NOA,PyME,95.89,0.1319,1,0,Sí,4,1997.81,0.0
C03197,2024-01-24,,2025-12-31,0,Activo,24,13-24 meses,Anual,Tarjeta automática,Internet fibra,Cuyo,Hogar,75.19,0.0898,0,0,Sí,5,1642.51,0.0
C03198,2024-01-25,,2025-12-31,0,Activo,24,13-24 meses,Mes a mes,Tarjeta automática,Internet fibra,Litoral,Hogar,79.4,0.0128,0,0,Sí,2,1881.21,0.0
C03199,2024-01-25,,2025-12-31,0,Activo,24,13-24 meses,Mes a mes,Débito automático,Telefonía móvil,Cuyo,PyME,96.42,0.0376,2,0,Sí,4,2227.07,0.0
C03200,2024-01-25,,2025-12-31,0,Activo,24,13-24 meses,Dos años,Transferencia,Internet fibra,Litoral,Hogar,66.87,0.1263,2,1,No,5,1402.18,0.0
C03201,2024-01-25,2024-12-07,2025-12-31,1,Baja,12,7-12 meses,Mes a mes,Cheque electrónico,Telefonía móvil,Patagonia,Hogar,46.8,0.1091,1,0,No,4,500.33,561.6
C03202,2024-01-25,,2025-12-31,0,Activo,24,13-24 meses,Mes a mes,Transferencia,Internet fibra,Patagonia,Profesional,78.75,0.0156,1,0,No,4,1860.52,0.0
C03203,2024-01-25,,2025-12-31,0,Activo,24,13-24 meses,Mes a mes,Transferencia,Internet fibra,Centro,Hogar,78.94,0.0575,0,0,No,4,1785.62,0.0
C03204,2024-01-25,2025-03-26,2025-12-31,1,Baja,15,13-24 meses,Mes a mes,Cheque electrónico,Internet fibra,Litoral,Hogar,79.64,0.0836,2,2,No,2,1094.73,955.68
C03205,2024-01-25,2024-05-05,2025-12-31,1,Baja,5,4-6 meses,Mes a mes,Débito automático,Internet fibra,Patagonia,PyME,134.27,0.0563,5,0,Sí,1,633.55,1611.24
C03206,2024-01-26,2025-05-11,2025-12-31,1,Baja,17,13-24 meses,Anual,Transferencia,Internet estándar,Cuyo,Hogar,58.36,0.1169,4,0,No,3,876.14,700.32
C03207,2024-01-26,,2025-12-31,0,Activo,24,13-24 meses,Mes a mes,Débito automático,Telefonía móvil,Cuyo,Hogar,49.9,0.0322,0,0,Sí,5,1159.04,0.0
C03208,2024-01-26,,2025-12-31,0,Activo,24,13-24 meses,Mes a mes,Débito automático,Telefonía móvil,Litoral,Hogar,66.45,0.0409,3,0,Sí,2,1529.57,0.0
C03209,2024-01-26,2024-08-16,2025-12-31,1,Baja,8,7-12 meses,Mes a mes,Débito automático,Internet fibra,Litoral,Profesional,90.31,0.0311,1,0,Sí,3,700.01,1083.72
C03210,2024-01-27,,2025-12-31,0,Activo,24,13-24 meses,Dos años,Tarjeta automática,Internet fibra,Centro,Hogar,81.07,0.044,3,0,Sí,2,1860.07,0.0
C03211,2024-01-28,2024-06-15,2025-12-31,1,Baja,6,4-6 meses,Mes a mes,Cheque electrónico,Internet fibra,NOA,Hogar,80.37,0.0773,4,1,No,2,444.94,964.44
C03212,2024-01-28,,2025-12-31,0,Activo,24,13-24 meses,Anual,Tarjeta automática,Telefonía móvil,Litoral,Hogar,43.85,0.1205,0,0,Sí,4,925.59,0.0
C03213,2024-01-28,,2025-12-31,0,Activo,24,13-24 meses,Mes a mes,Transferencia,Internet fibra,Litoral,Hogar,64.09,0.0426,0,0,No,4,1472.63,0.0
C03214,2024-01-28,,2025-12-31,0,Activo,24,13-24 meses,Anual,Cheque electrónico,Internet fibra,Centro,Profesional,82.98,0.0761,0,2,No,3,1839.97,0.0
C03215,2024-01-28,,2025-12-31,0,Activo,24,13-24 meses,Mes a mes,Débito automático,Telefonía móvil,Patagonia,Profesional,60.07,0.0208,0,0,Sí,5,1411.69,0.0
C03216,2024-01-28,,2025-12-31,0,Activo,24,13-24 meses,Mes a mes,Tarjeta automática,Telefonía móvil,NOA,Hogar,24.67,0.0108,1,1,Sí,4,585.69,0.0
C03217,2024-01-29,,2025-12-31,0,Activo,24,13-24 meses,Mes a mes,Débito automático,Streaming,Patagonia,Profesional,43.32,0.0178,1,0,Sí,3,1021.17,0.0
C03218,2024-01-29,,2025-12-31,0,Activo,24,13-24 meses,Anual,Débito automático,Internet fibra,Litoral,Profesional,88.88,0.0257,0,2,Sí,3,2078.3,0.0
C03219,2024-01-29,2024-02-21,2025-12-31,1,Baja,2,0-3 meses,Mes a mes,Cheque electrónico,Internet estándar,Litoral,Profesional,63.72,0.0429,4,0,No,2,121.97,764.64
C03220,2024-01-29,,2025-12-31,0,Activo,24,13-24 meses,Mes a mes,Transferencia,Internet fibra,Centro,Hogar,90.46,0.0095,3,0,No,4,2150.42,0.0
C03221,2024-01-30,,2025-12-31,0,Activo,24,13-24 meses,Mes a mes,Transferencia,Streaming,AMBA,Hogar,18.0,0.0998,0,0,No,5,388.89,0.0
C03222,2024-01-30,2025-01-20,2025-12-31,1,Baja,13,13-24 meses,Mes a mes,Débito automático,Telefonía móvil,Litoral,Hogar,51.57,0.0463,2,3,Sí,2,639.37,618.84
C03223,2024-01-30,,2025-12-31,0,Activo,24,13-24 meses,Mes a mes,Transferencia,Internet fibra,Centro,Hogar,71.72,0.018,0,1,No,4,1690.3,0.0
C03224,2024-01-30,,2025-12-31,0,Activo,24,13-24 meses,Mes a mes,Transferencia,Telefonía móvil,AMBA,Hogar,37.09,0.1351,1,0,No,2,769.9,0.0
C03225,2024-01-30,2025-12-20,2025-12-31,1,Baja,24,13-24 meses,Mes a mes,Tarjeta automática,Internet estándar,Patagonia,Hogar,54.12,0.0875,0,1,Sí,3,1185.23,649.44
C03226,2024-01-30,2024-08-25,2025-12-31,1,Baja,8,7-12 meses,Mes a mes,Tarjeta automática,Telefonía móvil,Cuyo,Hogar,38.98,0.0298,2,0,Sí,3,302.55,467.76
C03227,2024-01-30,,2025-12-31,0,Activo,24,13-24 meses,Mes a mes,Tarjeta automática,Internet fibra,NOA,Hogar,68.18,0.1038,0,0,Sí,4,1466.47,0.0
C03228,2024-01-30,,2025-12-31,0,Activo,24,13-24 meses,Mes a mes,Débito automático,Internet estándar,NOA,Hogar,44.93,0.0644,2,0,Sí,3,1008.88,0.0
C03229,2024-01-30,,2025-12-31,0,Activo,24,13-24 meses,Mes a mes,Cheque electrónico,Internet fibra,AMBA,Hogar,58.46,0.0126,0,2,No,3,1385.36,0.0
C03230,2024-01-30,,2025-12-31,0,Activo,24,13-24 meses,Mes a mes,Transferencia,Streaming,Patagonia,Hogar,33.19,0.0723,0,0,No,5,738.97,0.0
C03231,2024-01-31,,2025-12-31,0,Activo,24,13-24 meses,Dos años,Débito automático,Internet fibra,Cuyo,Hogar,43.88,0.0991,2,1,Sí,3,948.76,0.0
C03232,2024-01-31,2025-09-11,2025-12-31,1,Baja,21,13-24 meses,Mes a mes,Cheque electrónico,Internet estándar,Patagonia,Hogar,58.77,0.0142,2,3,No,3,1216.64,705.24
C03233,2024-01-31,,2025-12-31,0,Activo,24,13-24 meses,Anual,Tarjeta automática,Telefonía móvil,AMBA,PyME,103.77,0.0322,2,0,Sí,5,2410.29,0.0
C03234,2024-01-31,2024-05-19,2025-12-31,1,Baja,5,4-6 meses,Mes a mes,Tarjeta automática,Streaming,Cuyo,Hogar,46.62,0.0269,2,0,Sí,2,226.83,559.44
C03235,2024-02-01,2024-07-10,2025-12-31,1,Baja,6,4-6 meses,Mes a mes,Cheque electrónico,Streaming,Litoral,Hogar,53.0,0.0987,1,0,No,3,286.61,636.0
C03236,2024-02-01,2025-03-11,2025-12-31,1,Baja,14,13-24 meses,Mes a mes,Cheque electrónico,Streaming,Cuyo,Profesional,57.29,0.0027,1,2,No,5,799.89,687.48
C03237,2024-02-01,2024-02-17,2025-12-31,1,Baja,1,0-3 meses,Mes a mes,Transferencia,Streaming,Litoral,Hogar,22.1,0.119,1,1,No,4,19.47,265.2
C03238,2024-02-01,,2025-12-31,0,Activo,23,13-24 meses,Anual,Tarjeta automática,Streaming,AMBA,Hogar,52.9,0.0174,0,0,Sí,5,1195.53,0.0
C03239,2024-02-01,,2025-12-31,0,Activo,23,13-24 meses,Anual,Cheque electrónico,Internet estándar,AMBA,Hogar,35.87,0.0471,2,0,No,2,786.15,0.0
C03240,2024-02-01,,2025-12-31,0,Activo,23,13-24 meses,Mes a mes,Transferencia,Internet fibra,Litoral,Hogar,57.07,0.134,2,0,No,2,1136.72,0.0
C03241,2024-02-01,,2025-12-31,0,Activo,23,13-24 meses,Anual,Transferencia,Internet estándar,Cuyo,Hogar,69.38,0.0739,0,0,No,5,1477.81,0.0
C03242,2024-02-01,,2025-12-31,0,Activo,23,13-24 meses,Mes a mes,Tarjeta automática,Internet fibra,Litoral,Hogar,84.62,0.0274,1,0,Sí,3,1892.93,0.0
C03243,2024-02-01,,2025-12-31,0,Activo,23,13-24 meses,Mes a mes,Débito automático,Internet estándar,Cuyo,Hogar,28.37,0.1306,0,0,Sí,5,567.29,0.0
C03244,2024-02-01,,2025-12-31,0,Activo,23,13-24 meses,Anual,Cheque electrónico,Internet estándar,AMBA,Hogar,34.09,0.1622,0,3,No,4,656.89,0.0
C03245,2024-02-02,2024-06-23,2025-12-31,1,Baja,5,4-6 meses,Mes a mes,Cheque electrónico,Internet fibra,Patagonia,Hogar,84.06,0.037,0,2,No,3,404.75,1008.72
C03246,2024-02-02,,2025-12-31,0,Activo,23,13-24 meses,Mes a mes,Débito automático,Telefonía móvil,AMBA,Profesional,50.43,0.0482,1,1,Sí,5,1103.98,0.0
C03247,2024-02-02,,2025-12-31,0,Activo,23,13-24 meses,Dos años,Débito automático,Streaming,Patagonia,Hogar,21.01,0.0752,0,1,Sí,5,446.89,0.0
C03248,2024-02-02,,2025-12-31,0,Activo,23,13-24 meses,Dos años,Transferencia,Internet estándar,AMBA,Hogar,70.63,0.0887,0,0,No,4,1480.4,0.0
C03249,2024-02-02,,2025-12-31,0,Activo,23,13-24 meses,Anual,Débito automático,Telefonía móvil,NOA,Hogar,65.63,0.0356,0,1,Sí,4,1455.75,0.0
C03250,2024-02-03,,2025-12-31,0,Activo,23,13-24 meses,Mes a mes,Débito automático,Internet fibra,Centro,Profesional,97.61,0.0249,0,0,Sí,3,2189.13,0.0
C03251,2024-02-03,,2025-12-31,0,Activo,23,13-24 meses,Anual,Tarjeta automática,Internet fibra,NOA,Hogar,76.34,0.0141,1,0,Sí,3,1731.06,0.0
C03252,2024-02-03,2025-01-22,2025-12-31,1,Baja,12,7-12 meses,Mes a mes,Tarjeta automática,Internet fibra,AMBA,Profesional,105.93,0.0436,2,0,Sí,4,1215.74,1271.16
C03253,2024-02-03,2024-06-08,2025-12-31,1,Baja,5,4-6 meses,Mes a mes,Transferencia,Internet estándar,Cuyo,Hogar,42.82,0.0219,0,0,No,5,209.41,513.84
C03254,2024-02-03,,2025-12-31,0,Activo,23,13-24 meses,Mes a mes,Tarjeta automática,Internet fibra,Cuyo,PyME,108.46,0.0091,0,0,Sí,5,2471.88,0.0
C03255,2024-02-03,,2025-12-31,0,Activo,23,13-24 meses,Dos años,Tarjeta automática,Telefonía móvil,AMBA,Hogar,18.0,0.1103,1,0,Sí,4,368.34,0.0
C03256,2024-02-03,,2025-12-31,0,Activo,23,13-24 meses,Dos años,Cheque electrónico,Internet fibra,Cuyo,Profesional,95.19,0.0186,1,3,No,2,2148.65,0.0
C03257,2024-02-04,,2025-12-31,0,Activo,23,13-24 meses,Anual,Transferencia,Internet estándar,Centro,Hogar,58.7,0.0368,2,0,No,2,1300.42,0.0
C03258,2024-02-04,,2025-12-31,0,Activo,23,13-24 meses,Mes a mes,Tarjeta automática,Internet estándar,Cuyo,Hogar,49.18,0.0428,1,0,Sí,3,1082.73,0.0
C03259,2024-02-04,,2025-12-31,0,Activo,23,13-24 meses,Mes a mes,Débito automático,Internet fibra,Cuyo,Profesional,104.91,0.0695,0,1,Sí,4,2245.23,0.0
C03260,2024-02-05,2024-04-22,2025-12-31,1,Baja,3,0-3 meses,Mes a mes,Transferencia,Streaming,Centro,PyME,94.01,0.0306,1,0,No,4,273.4,1128.12
C03261,2024-02-06,,2025-12-31,0,Activo,23,13-24 meses,Dos años,Débito automático,Streaming,Patagonia,Profesional,62.25,0.0968,2,0,Sí,4,1293.16,0.0
C03262,2024-02-06,,2025-12-31,0,Activo,23,13-24 meses,Mes a mes,Débito automático,Telefonía móvil,Litoral,Hogar,44.05,0.0604,0,0,Sí,5,951.96,0.0
C03263,2024-02-06,,2025-12-31,0,Activo,23,13-24 meses,Mes a mes,Débito automático,Streaming,NOA,Hogar,32.03,0.0485,4,1,Sí,3,700.96,0.0
C03264,2024-02-06,,2025-12-31,0,Activo,23,13-24 meses,Anual,Tarjeta automática,Internet estándar,Patagonia,Hogar,48.6,0.076,2,0,Sí,4,1032.85,0.0
C03265,2024-02-07,2024-06-23,2025-12-31,1,Baja,5,4-6 meses,Mes a mes,Transferencia,Internet estándar,Centro,Hogar,46.16,0.0765,1,0,No,3,213.14,553.92
C03266,2024-02-07,,2025-12-31,0,Activo,23,13-24 meses,Anual,Tarjeta automática,Streaming,Centro,Hogar,18.0,0.0683,1,0,Sí,3,385.72,0.0
C03267,2024-02-07,,2025-12-31,0,Activo,23,13-24 meses,Mes a mes,Débito automático,Internet estándar,NOA,Hogar,61.89,0.0775,1,0,Sí,4,1313.15,0.0
C03268,2024-02-08,,2025-12-31,0,Activo,23,13-24 meses,Anual,Tarjeta automática,Internet estándar,Centro,Hogar,44.78,0.1306,2,0,Sí,3,895.43,0.0
C03269,2024-02-08,2025-07-09,2025-12-31,1,Baja,18,13-24 meses,Mes a mes,Tarjeta automática,Internet fibra,AMBA,PyME,128.15,0.0365,0,1,Sí,5,2222.51,1537.8
C03270,2024-02-08,,2025-12-31,0,Activo,23,13-24 meses,Mes a mes,Tarjeta automática,Streaming,Litoral,Hogar,23.04,0.1841,0,0,Sí,4,432.36,0.0
C03271,2024-02-08,2024-10-16,2025-12-31,1,Baja,9,7-12 meses,Mes a mes,Cheque electrónico,Internet fibra,NOA,Hogar,63.26,0.0059,1,0,No,5,565.98,759.12
C03272,2024-02-08,,2025-12-31,0,Activo,23,13-24 meses,Mes a mes,Tarjeta automática,Telefonía móvil,Centro,Hogar,41.06,0.027,2,1,Sí,4,918.88,0.0
C03273,2024-02-08,,2025-12-31,0,Activo,23,13-24 meses,Anual,Tarjeta automática,Internet fibra,Litoral,Hogar,83.68,0.0258,3,1,Sí,2,1874.98,0.0
C03274,2024-02-08,2024-03-10,2025-12-31,1,Baja,2,0-3 meses,Mes a mes,Tarjeta automática,Internet estándar,Cuyo,Hogar,41.24,0.0338,1,0,Sí,4,79.69,494.88
C03275,2024-02-08,2024-03-06,2025-12-31,1,Baja,2,0-3 meses,Mes a mes,Transferencia,Internet fibra,Cuyo,Profesional,107.41,0.0855,1,0,No,2,196.45,1288.92
C03276,2024-02-09,,2025-12-31,0,Activo,23,13-24 meses,Anual,Débito automático,Internet fibra,Cuyo,Hogar,73.95,0.1066,0,0,Sí,4,1519.54,0.0
C03277,2024-02-10,2024-02-01,2025-12-31,1,Baja,1,0-3 meses,Mes a mes,Cheque electrónico,Internet estándar,AMBA,Hogar,32.14,0.1361,4,0,No,1,27.77,385.68
C03278,2024-02-10,,2025-12-31,0,Activo,23,13-24 meses,Anual,Transferencia,Streaming,Cuyo,Hogar,44.11,0.1092,5,1,No,1,903.74,0.0
C03279,2024-02-10,,2025-12-31,0,Activo,23,13-24 meses,Anual,Débito automático,Internet fibra,Centro,Hogar,80.18,0.0787,3,0,Sí,2,1699.01,0.0
C03280,2024-02-10,2024-03-01,2025-12-31,1,Baja,2,0-3 meses,Mes a mes,Transferencia,Internet fibra,Patagonia,Hogar,87.5,0.063,6,0,No,1,163.98,1050.0
C03281,2024-02-10,,2025-12-31,0,Activo,23,13-24 meses,Anual,Tarjeta automática,Internet fibra,Centro,Hogar,87.76,0.0967,2,0,Sí,3,1823.29,0.0
C03282,2024-02-10,2025-02-23,2025-12-31,1,Baja,13,13-24 meses,Mes a mes,Cheque electrónico,Internet estándar,NOA,Profesional,56.59,0.0121,0,3,No,2,726.77,679.08
C03283,2024-02-10,2024-03-27,2025-12-31,1,Baja,2,0-3 meses,Mes a mes,Cheque electrónico,Telefonía móvil,AMBA,Hogar,36.26,0.1131,0,2,No,5,64.32,435.12
C03284,2024-02-10,2025-08-22,2025-12-31,1,Baja,19,13-24 meses,Mes a mes,Tarjeta automática,Internet estándar,Cuyo,Hogar,60.38,0.0354,0,1,Sí,3,1106.61,724.56
C03285,2024-02-11,,2025-12-31,0,Activo,23,13-24 meses,Anual,Transferencia,Telefonía móvil,Centro,Hogar,62.19,0.041,0,0,No,4,1371.72,0.0
C03286,2024-02-11,2025-03-25,2025-12-31,1,Baja,14,13-24 meses,Mes a mes,Tarjeta automática,Internet estándar,Cuyo,Hogar,49.7,0.0517,2,0,Sí,3,659.83,596.4
C03287,2024-02-11,,2025-12-31,0,Activo,23,13-24 meses,Mes a mes,Débito automático,Internet estándar,Patagonia,Hogar,42.1,0.0756,0,2,Sí,5,895.1,0.0
C03288,2024-02-11,,2025-12-31,0,Activo,23,13-24 meses,Dos años,Transferencia,Telefonía móvil,NOA,Hogar,60.51,0.0184,2,0,No,3,1366.12,0.0
C03289,2024-02-11,,2025-12-31,0,Activo,23,13-24 meses,Mes a mes,Cheque electrónico,Internet fibra,Patagonia,Profesional,89.11,0.1608,0,0,No,5,1719.97,0.0
C03290,2024-02-11,,2025-12-31,0,Activo,23,13-24 meses,Dos años,Débito automático,Telefonía móvil,Litoral,Hogar,45.62,0.0267,1,0,Sí,4,1021.24,0.0
C03291,2024-02-11,2025-07-18,2025-12-31,1,Baja,18,13-24 meses,Anual,Transferencia,Internet estándar,Litoral,Hogar,44.29,0.0929,0,0,No,4,723.16,531.48
C03292,2024-02-12,,2025-12-31,0,Activo,23,13-24 meses,Dos años,Transferencia,Internet estándar,NOA,Hogar,51.96,0.0478,8,0,No,1,1137.96,0.0
C03293,2024-02-12,,2025-12-31,0,Activo,23,13-24 meses,Dos años,Tarjeta automática,Telefonía móvil,NOA,Hogar,31.6,0.0614,1,0,Sí,4,682.17,0.0
C03294,2024-02-12,,2025-12-31,0,Activo,23,13-24 meses,Dos años,Transferencia,Internet estándar,Patagonia,Hogar,44.88,0.0432,1,1,No,4,987.65,0.0
C03295,2024-02-12,,2025-12-31,0,Activo,23,13-24 meses,Mes a mes,Transferencia,Telefonía móvil,AMBA,Hogar,35.1,0.0452,1,0,No,4,770.81,0.0
C03296,2024-02-13,,2025-12-31,0,Activo,23,13-24 meses,Anual,Transferencia,Telefonía móvil,Centro,Hogar,49.28,0.0153,0,0,No,4,1116.1,0.0
C03297,2024-02-13,2024-10-23,2025-12-31,1,Baja,9,7-12 meses,Anual,Cheque electrónico,Internet fibra,Centro,Profesional,97.8,0.024,3,2,No,2,859.08,1173.6
C03298,2024-02-14,,2025-12-31,0,Activo,23,13-24 meses,Anual,Tarjeta automática,Internet estándar,Centro,Hogar,58.68,0.0215,2,1,Sí,3,1320.62,0.0
C03299,2024-02-14,,2025-12-31,0,Activo,23,13-24 meses,Mes a mes,Tarjeta automática,Telefonía móvil,NOA,Hogar,32.92,0.0406,0,0,Sí,4,726.42,0.0
C03300,2024-02-14,,2025-12-31,0,Activo,23,13-24 meses,Dos años,Tarjeta automática,Internet fibra,AMBA,Profesional,93.71,0.1034,2,0,Sí,3,1932.47,0.0
C03301,2024-02-15,2025-03-23,2025-12-31,1,Baja,14,13-24 meses,Mes a mes,Tarjeta automática,Streaming,NOA,Hogar,35.88,0.0672,2,1,Sí,2,468.56,430.56
C03302,2024-02-15,,2025-12-31,0,Activo,23,13-24 meses,Mes a mes,Débito automático,Internet fibra,Patagonia,Hogar,87.45,0.0746,0,0,Sí,5,1861.3,0.0
C03303,2024-02-15,2025-06-10,2025-12-31,1,Baja,17,13-24 meses,Mes a mes,Cheque electrónico,Internet fibra,Litoral,Hogar,62.1,0.103,1,1,No,2,946.96,745.2
C03304,2024-02-15,,2025-12-31,0,Activo,23,13-24 meses,Mes a mes,Débito automático,Internet estándar,Centro,Hogar,52.5,0.0124,1,0,Sí,4,1192.53,0.0
C03305,2024-02-15,,2025-12-31,0,Activo,23,13-24 meses,Anual,Transferencia,Streaming,Centro,Hogar,20.05,0.0583,5,0,No,2,434.26,0.0
C03306,2024-02-16,,2025-12-31,0,Activo,23,13-24 meses,Mes a mes,Débito automático,Streaming,Patagonia,Hogar,39.0,0.0336,2,0,Sí,3,866.86,0.0
C03307,2024-02-16,,2025-12-31,0,Activo,23,13-24 meses,Anual,Débito automático,Streaming,Patagonia,Hogar,49.47,0.0322,1,0,Sí,3,1101.17,0.0
C03308,2024-02-16,,2025-12-31,0,Activo,23,13-24 meses,Dos años,Cheque electrónico,Internet fibra,Litoral,Hogar,49.27,0.0183,0,1,No,4,1112.47,0.0
C03309,2024-02-16,2025-05-06,2025-12-31,1,Baja,16,13-24 meses,Mes a mes,Transferencia,Internet estándar,Litoral,Hogar,41.78,0.0515,0,0,No,4,634.05,501.36
C03310,2024-02-16,,2025-12-31,0,Activo,23,13-24 meses,Anual,Débito automático,Internet fibra,Patagonia,Hogar,80.9,0.0491,0,0,Sí,4,1769.34,0.0
C03311,2024-02-17,,2025-12-31,0,Activo,23,13-24 meses,Mes a mes,Cheque electrónico,Internet fibra,Patagonia,Hogar,77.96,0.09,3,2,No,3,1631.7,0.0
C03312,2024-02-17,,2025-12-31,0,Activo,23,13-24 meses,Dos años,Débito automático,Internet estándar,Patagonia,Hogar,59.34,0.0538,1,0,Sí,4,1291.39,0.0
C03313,2024-02-17,2024-04-27,2025-12-31,1,Baja,3,0-3 meses,Dos años,Tarjeta automática,Streaming,Centro,Profesional,47.87,0.0465,0,0,Sí,4,136.93,574.44
C03314,2024-02-17,,2025-12-31,0,Activo,23,13-24 meses,Mes a mes,Débito automático,Internet fibra,AMBA,PyME,127.17,0.0471,0,0,Sí,4,2787.15,0.0
C03315,2024-02-17,,2025-12-31,0,Activo,23,13-24 meses,Anual,Transferencia,Internet fibra,Cuyo,PyME,121.78,0.0603,2,0,No,4,2632.04,0.0
C03316,2024-02-17,,2025-12-31,0,Activo,23,13-24 meses,Mes a mes,Débito automático,Streaming,Cuyo,Hogar,18.0,0.0367,0,1,Sí,5,398.81,0.0
C03317,2024-02-18,,2025-12-31,0,Activo,23,13-24 meses,Mes a mes,Cheque electrónico,Internet fibra,Cuyo,Hogar,69.83,0.0808,0,2,No,4,1476.32,0.0
C03318,2024-02-18,2025-06-11,2025-12-31,1,Baja,17,13-24 meses,Anual,Débito automático,Telefonía móvil,Litoral,PyME,90.78,0.0728,2,0,Sí,4,1430.91,1089.36
C03319,2024-02-18,,2025-12-31,0,Activo,23,13-24 meses,Mes a mes,Débito automático,Internet estándar,NOA,Profesional,71.22,0.1102,2,0,Sí,3,1457.55,0.0
C03320,2024-02-18,,2025-12-31,0,Activo,23,13-24 meses,Anual,Cheque electrónico,Internet fibra,Patagonia,Hogar,76.28,0.0204,1,1,No,4,1718.65,0.0
C03321,2024-02-18,,2025-12-31,0,Activo,23,13-24 meses,Mes a mes,Débito automático,Telefonía móvil,Patagonia,Profesional,52.84,0.0213,0,0,Sí,4,1189.43,0.0
C03322,2024-02-19,2024-08-12,2025-12-31,1,Baja,7,7-12 meses,Mes a mes,Débito automático,Streaming,Patagonia,Hogar,18.0,0.0809,0,0,Sí,4,115.81,216.0
C03323,2024-02-19,,2025-12-31,0,Activo,23,13-24 meses,Dos años,Tarjeta automática,Telefonía móvil,Cuyo,Profesional,52.27,0.0124,1,0,Sí,5,1187.3,0.0
C03324,2024-02-19,,2025-12-31,0,Activo,23,13-24 meses,Mes a mes,Débito automático,Internet estándar,Litoral,PyME,97.8,0.0335,1,0,Sí,3,2174.05,0.0
C03325,2024-02-19,,2025-12-31,0,Activo,23,13-24 meses,Anual,Débito automático,Internet estándar,Cuyo,PyME,95.77,0.084,0,0,Sí,4,2017.68,0.0
C03326,2024-02-19,,2025-12-31,0,Activo,23,13-24 meses,Mes a mes,Tarjeta automática,Streaming,Patagonia,Hogar,36.4,0.0475,2,0,Sí,2,797.43,0.0
C03327,2024-02-20,,2025-12-31,0,Activo,23,13-24 meses,Dos años,Débito automático,Internet estándar,NOA,Hogar,64.05,0.0049,1,0,Sí,4,1465.93,0.0
C03328,2024-02-20,,2025-12-31,0,Activo,23,13-24 meses,Anual,Tarjeta automática,Internet estándar,Cuyo,Hogar,36.06,0.0383,1,0,Sí,3,797.61,0.0
C03329,2024-02-20,,2025-12-31,0,Activo,23,13-24 meses,Mes a mes,Tarjeta automática,Internet fibra,Patagonia,Hogar,90.31,0.053,0,1,Sí,5,1967.04,0.0
C03330,2024-02-20,,2025-12-31,0,Activo,23,13-24 meses,Mes a mes,Débito automático,Internet estándar,AMBA,Hogar,56.63,0.0499,0,1,Sí,5,1237.5,0.0
C03331,2024-02-21,,2025-12-31,0,Activo,23,13-24 meses,Mes a mes,Tarjeta automática,Internet fibra,Cuyo,Hogar,79.98,0.0619,0,1,Sí,2,1725.67,0.0
C03332,2024-02-21,,2025-12-31,0,Activo,23,13-24 meses,Dos años,Transferencia,Telefonía móvil,NOA,Hogar,58.79,0.0886,0,0,No,5,1232.37,0.0
C03333,2024-02-21,,2025-12-31,0,Activo,23,13-24 meses,Mes a mes,Transferencia,Internet estándar,Patagonia,Hogar,47.13,0.0424,1,0,No,3,1038.03,0.0
C03334,2024-02-22,,2025-12-31,0,Activo,23,13-24 meses,Mes a mes,Tarjeta automática,Telefonía móvil,Litoral,PyME,101.42,0.0543,1,1,Sí,5,2206.0,0.0
C03335,2024-02-22,2025-09-12,2025-12-31,1,Baja,20,13-24 meses,Anual,Tarjeta automática,Internet fibra,Centro,Profesional,97.36,0.0191,6,0,Sí,2,1910.01,1168.32
C03336,2024-02-22,2025-07-17,2025-12-31,1,Baja,18,13-24 meses,Mes a mes,Débito automático,Internet estándar,Patagonia,Hogar,49.54,0.0462,3,0,Sí,4,850.52,594.48
C03337,2024-02-22,,2025-12-31,0,Activo,23,13-24 meses,Mes a mes,Tarjeta automática,Internet fibra,NOA,Hogar,83.05,0.0816,1,0,Sí,5,1754.28,0.0
C03338,2024-02-23,,2025-12-31,0,Activo,23,13-24 meses,Mes a mes,Débito automático,Streaming,Cuyo,Hogar,29.51,0.069,1,0,Sí,3,631.9,0.0
C03339,2024-02-23,,2025-12-31,0,Activo,23,13-24 meses,Mes a mes,Transferencia,Telefonía móvil,Patagonia,Hogar,47.13,0.0245,0,0,No,3,1057.43,0.0
C03340,2024-02-23,,2025-12-31,0,Activo,23,13-24 meses,Anual,Transferencia,Internet estándar,Litoral,Hogar,41.63,0.0571,5,1,No,2,902.82,0.0
C03341,2024-02-23,,2025-12-31,0,Activo,23,13-24 meses,Dos años,Débito automático,Internet estándar,Cuyo,Profesional,59.98,0.0482,1,0,Sí,4,1313.05,0.0
C03342,2024-02-24,,2025-12-31,0,Activo,23,13-24 meses,Dos años,Cheque electrónico,Streaming,Centro,Profesional,39.58,0.1012,2,0,No,4,818.21,0.0
C03343,2024-02-24,2024-07-23,2025-12-31,1,Baja,6,4-6 meses,Dos años,Tarjeta automática,Internet fibra,Litoral,Hogar,73.99,0.0462,1,0,Sí,4,423.43,887.88
C03344,2024-02-24,,2025-12-31,0,Activo,23,13-24 meses,Mes a mes,Cheque electrónico,Streaming,Cuyo,PyME,95.15,0.1057,0,0,No,5,1957.13,0.0
C03345,2024-02-24,,2025-12-31,0,Activo,23,13-24 meses,Mes a mes,Cheque electrónico,Streaming,Litoral,PyME,78.92,0.0381,0,2,No,3,1746.0,0.0
C03346,2024-02-24,,2025-12-31,0,Activo,23,13-24 meses,Anual,Débito automático,Internet fibra,AMBA,Profesional,103.18,0.0662,2,0,Sí,5,2216.04,0.0
C03347,2024-02-24,,2025-12-31,0,Activo,23,13-24 meses,Dos años,Tarjeta automática,Streaming,Cuyo,PyME,86.92,0.0725,0,0,Sí,5,1854.22,0.0
C03348,2024-02-25,,2025-12-31,0,Activo,23,13-24 meses,Anual,Tarjeta automática,Streaming,Patagonia,Hogar,24.14,0.0101,4,0,Sí,1,549.61,0.0
C03349,2024-02-25,2025-10-24,2025-12-31,1,Baja,21,13-24 meses,Mes a mes,Cheque electrónico,Internet fibra,NOA,PyME,147.4,0.0553,3,3,No,3,2924.22,1768.8
C03350,2024-02-25,,2025-12-31,0,Activo,23,13-24 meses,Anual,Tarjeta automática,Internet estándar,Centro,PyME,112.1,0.0511,0,0,Sí,3,2446.55,0.0
C03351,2024-02-26,,2025-12-31,0,Activo,23,13-24 meses,Anual,Cheque electrónico,Internet estándar,Litoral,Hogar,49.02,0.0617,2,0,No,4,1057.9,0.0
C03352,2024-02-26,,2025-12-31,0,Activo,23,13-24 meses,Dos años,Débito automático,Telefonía móvil,Centro,Hogar,41.11,0.0664,1,0,Sí,3,882.75,0.0
C03353,2024-02-26,,2025-12-31,0,Activo,23,13-24 meses,Anual,Débito automático,Internet estándar,Patagonia,Hogar,50.03,0.0214,1,0,Sí,4,1126.07,0.0
C03354,2024-02-26,2025-01-02,2025-12-31,1,Baja,12,7-12 meses,Mes a mes,Transferencia,Internet estándar,Cuyo,Hogar,32.18,0.0281,0,1,No,3,375.31,386.16
C03355,2024-02-26,,2025-12-31,0,Activo,23,13-24 meses,Mes a mes,Tarjeta automática,Internet estándar,Patagonia,Profesional,57.93,0.0857,0,1,Sí,4,1218.2,0.0
C03356,2024-02-27,,2025-12-31,0,Activo,23,13-24 meses,Mes a mes,Débito automático,Internet fibra,Cuyo,Hogar,83.09,0.0181,0,1,Sí,4,1876.48,0.0
C03357,2024-02-28,,2025-12-31,0,Activo,23,13-24 meses,Mes a mes,Cheque electrónico,Internet fibra,Centro,Profesional,78.59,0.1365,0,2,No,4,1560.84,0.0
C03358,2024-02-28,,2025-12-31,0,Activo,23,13-24 meses,Dos años,Tarjeta automática,Internet fibra,Litoral,Profesional,87.78,0.0566,2,1,Sí,3,1904.67,0.0
C03359,2024-02-28,2024-11-22,2025-12-31,1,Baja,10,7-12 meses,Mes a mes,Cheque electrónico,Internet fibra,Litoral,Hogar,73.68,0.0927,4,0,No,1,668.5,884.16
C03360,2024-02-29,2024-11-16,2025-12-31,1,Baja,10,7-12 meses,Mes a mes,Cheque electrónico,Internet fibra,Patagonia,Hogar,109.94,0.0648,0,2,No,4,1028.16,1319.28
C03361,2024-02-29,,2025-12-31,0,Activo,23,13-24 meses,Mes a mes,Tarjeta automática,Streaming,Patagonia,Profesional,54.41,0.0876,1,0,Sí,4,1141.8,0.0
C03362,2024-02-29,,2025-12-31,0,Activo,23,13-24 meses,Anual,Débito automático,Streaming,Patagonia,Hogar,41.07,0.0449,1,0,Sí,2,902.2,0.0
C03363,2024-02-29,,2025-12-31,0,Activo,23,13-24 meses,Mes a mes,Tarjeta automática,Internet fibra,NOA,PyME,124.14,0.0492,1,0,Sí,4,2714.74,0.0
C03364,2024-03-01,2024-08-03,2025-12-31,1,Baja,6,4-6 meses,Mes a mes,Transferencia,Streaming,Cuyo,Profesional,50.98,0.0231,1,0,No,3,298.81,611.76
C03365,2024-03-01,,2025-12-31,0,Activo,22,13-24 meses,Dos años,Cheque electrónico,Internet fibra,Litoral,Hogar,58.64,0.1174,0,0,No,4,1138.62,0.0
C03366,2024-03-01,,2025-12-31,0,Activo,22,13-24 meses,Mes a mes,Cheque electrónico,Internet estándar,Cuyo,Hogar,45.36,0.0229,0,1,No,4,975.07,0.0
C03367,2024-03-01,2024-10-09,2025-12-31,1,Baja,8,7-12 meses,Mes a mes,Cheque electrónico,Telefonía móvil,Litoral,Profesional,65.56,0.0303,0,0,No,4,508.59,786.72
C03368,2024-03-01,2024-04-17,2025-12-31,1,Baja,2,0-3 meses,Mes a mes,Tarjeta automática,Internet estándar,AMBA,PyME,88.41,0.0886,1,0,Sí,4,161.15,1060.92
C03369,2024-03-02,2025-12-17,2025-12-31,1,Baja,22,13-24 meses,Mes a mes,Débito automático,Internet fibra,NOA,Hogar,82.32,0.1082,4,0,Sí,3,1615.09,987.84
C03370,2024-03-02,,2025-12-31,0,Activo,22,13-24 meses,Anual,Tarjeta automática,Internet estándar,Litoral,PyME,109.24,0.0195,1,0,Sí,4,2356.42,0.0
C03371,2024-03-02,,2025-12-31,0,Activo,22,13-24 meses,Dos años,Cheque electrónico,Streaming,Litoral,Hogar,22.37,0.0245,1,0,No,5,480.08,0.0
C03372,2024-03-02,,2025-12-31,0,Activo,22,13-24 meses,Mes a mes,Tarjeta automática,Internet fibra,NOA,Hogar,68.82,0.0625,0,0,Sí,5,1419.41,0.0
C03373,2024-03-02,,2025-12-31,0,Activo,22,13-24 meses,Dos años,Tarjeta automática,Telefonía móvil,Cuyo,Hogar,34.13,0.0174,3,1,Sí,2,737.8,0.0
C03374,2024-03-03,,2025-12-31,0,Activo,22,13-24 meses,Anual,Tarjeta automática,Internet estándar,Cuyo,Profesional,63.18,0.1005,2,0,Sí,3,1250.27,0.0
C03375,2024-03-03,,2025-12-31,0,Activo,22,13-24 meses,Mes a mes,Tarjeta automática,Internet fibra,Litoral,PyME,129.52,0.0097,1,0,Sí,4,2821.8,0.0
C03376,2024-03-03,2024-07-13,2025-12-31,1,Baja,5,4-6 meses,Mes a mes,Tarjeta automática,Internet estándar,NOA,Hogar,54.61,0.0975,1,0,Sí,5,246.43,655.32
C03377,2024-03-03,2024-08-09,2025-12-31,1,Baja,6,4-6 meses,Mes a mes,Tarjeta automática,Streaming,Centro,Hogar,23.12,0.0841,6,0,Sí,2,127.05,277.44
C03378,2024-03-03,,2025-12-31,0,Activo,22,13-24 meses,Dos años,Cheque electrónico,Internet estándar,AMBA,Hogar,66.62,0.0413,5,1,No,1,1405.11,0.0
C03379,2024-03-04,,2025-12-31,0,Activo,22,13-24 meses,Mes a mes,Transferencia,Telefonía móvil,AMBA,PyME,114.54,0.0747,1,0,No,4,2331.64,0.0
C03380,2024-03-04,,2025-12-31,0,Activo,22,13-24 meses,Mes a mes,Tarjeta automática,Telefonía móvil,Patagonia,Profesional,62.6,0.0315,1,0,Sí,3,1333.82,0.0
C03381,2024-03-04,2025-10-27,2025-12-31,1,Baja,20,13-24 meses,Anual,Cheque electrónico,Internet fibra,AMBA,Hogar,74.21,0.0184,1,1,No,5,1456.89,890.52
C03382,2024-03-04,,2025-12-31,0,Activo,22,13-24 meses,Dos años,Débito automático,Internet fibra,Patagonia,Profesional,90.13,0.0853,0,0,Sí,5,1813.72,0.0
C03383,2024-03-04,,2025-12-31,0,Activo,22,13-24 meses,Anual,Transferencia,Internet estándar,NOA,Profesional,70.48,0.0457,2,0,No,2,1479.7,0.0
C03384,2024-03-04,,2025-12-31,0,Activo,22,13-24 meses,Anual,Débito automático,Streaming,Patagonia,PyME,89.41,0.0568,0,0,Sí,4,1855.29,0.0
C03385,2024-03-04,2024-05-04,2025-12-31,1,Baja,3,0-3 meses,Mes a mes,Débito automático,Streaming,Centro,Profesional,44.79,0.021,0,0,Sí,4,131.55,537.48
C03386,2024-03-04,,2025-12-31,0,Activo,22,13-24 meses,Dos años,Débito automático,Internet fibra,Litoral,Hogar,73.68,0.0627,0,0,Sí,4,1519.33,0.0
C03387,2024-03-04,,2025-12-31,0,Activo,22,13-24 meses,Mes a mes,Tarjeta automática,Telefonía móvil,Cuyo,PyME,100.88,0.0845,1,0,Sí,4,2031.82,0.0
C03388,2024-03-05,,2025-12-31,0,Activo,22,13-24 meses,Mes a mes,Débito automático,Internet fibra,AMBA,Hogar,78.76,0.0538,0,0,Sí,4,1639.5,0.0
C03389,2024-03-05,2024-08-03,2025-12-31,1,Baja,6,4-6 meses,Dos años,Transferencia,Telefonía móvil,Centro,PyME,90.71,0.0139,0,0,No,4,536.69,1088.52
C03390,2024-03-05,2025-09-18,2025-12-31,1,Baja,19,13-24 meses,Mes a mes,Transferencia,Telefonía móvil,Patagonia,Hogar,43.24,0.0328,4,0,No,2,794.61,518.88
C03391,2024-03-05,2024-04-16,2025-12-31,1,Baja,2,0-3 meses,Mes a mes,Débito automático,Internet fibra,Litoral,Profesional,89.34,0.0558,0,2,Sí,2,168.71,1072.08
C03392,2024-03-05,,2025-12-31,0,Activo,22,13-24 meses,Anual,Débito automático,Internet fibra,Cuyo,Hogar,69.73,0.0521,3,0,Sí,1,1454.14,0.0
C03393,2024-03-05,,2025-12-31,0,Activo,22,13-24 meses,Mes a mes,Transferencia,Internet fibra,Patagonia,Hogar,77.95,0.0524,0,0,No,4,1625.04,0.0
C03394,2024-03-06,,2025-12-31,0,Activo,22,13-24 meses,Mes a mes,Tarjeta automática,Telefonía móvil,Litoral,PyME,90.68,0.0434,0,0,Sí,4,1908.38,0.0
C03395,2024-03-06,,2025-12-31,0,Activo,22,13-24 meses,Anual,Tarjeta automática,Internet estándar,NOA,Hogar,40.94,0.0316,0,0,Sí,5,872.22,0.0
C03396,2024-03-06,,2025-12-31,0,Activo,22,13-24 meses,Anual,Débito automático,Telefonía móvil,AMBA,Hogar,53.5,0.0599,2,1,Sí,3,1106.5,0.0
C03397,2024-03-06,,2025-12-31,0,Activo,22,13-24 meses,Anual,Tarjeta automática,Internet estándar,Centro,Profesional,62.69,0.072,1,0,Sí,4,1279.88,0.0
C03398,2024-03-07,,2025-12-31,0,Activo,22,13-24 meses,Mes a mes,Débito automático,Internet estándar,Centro,Hogar,69.28,0.0118,1,1,Sí,4,1506.17,0.0
C03399,2024-03-07,2024-09-25,2025-12-31,1,Baja,7,7-12 meses,Mes a mes,Tarjeta automática,Telefonía móvil,Cuyo,Hogar,48.89,0.0298,1,1,Sí,4,332.03,586.68
C03400,2024-03-07,,2025-12-31,0,Activo,22,13-24 meses,Anual,Transferencia,Internet estándar,NOA,PyME,94.97,0.0333,0,0,No,4,2019.76,0.0
C03401,2024-03-07,,2025-12-31,0,Activo,22,13-24 meses,Mes a mes,Transferencia,Streaming,Cuyo,Hogar,41.76,0.0536,0,0,No,4,869.48,0.0
C03402,2024-03-08,,2025-12-31,0,Activo,22,13-24 meses,Mes a mes,Cheque electrónico,Internet estándar,Centro,Hogar,41.12,0.0835,1,2,No,5,829.1,0.0
C03403,2024-03-08,,2025-12-31,0,Activo,22,13-24 meses,Mes a mes,Transferencia,Internet fibra,AMBA,Profesional,117.71,0.0508,1,0,No,3,2458.07,0.0
C03404,2024-03-08,2024-06-25,2025-12-31,1,Baja,4,4-6 meses,Mes a mes,Débito automático,Internet fibra,Cuyo,Profesional,98.49,0.0031,5,0,Sí,2,392.74,1181.88
C03405,2024-03-09,2024-03-04,2025-12-31,1,Baja,1,0-3 meses,Mes a mes,Cheque electrónico,Internet fibra,Centro,Hogar,83.97,0.0198,0,0,No,5,82.31,1007.64
C03406,2024-03-09,2024-05-19,2025-12-31,1,Baja,3,0-3 meses,Anual,Transferencia,Streaming,Centro,Hogar,29.34,0.1772,1,0,No,4,72.42,352.08
C03407,2024-03-09,2024-03-14,2025-12-31,1,Baja,1,0-3 meses,Dos años,Débito automático,Internet estándar,AMBA,Hogar,51.92,0.0473,4,0,Sí,3,49.46,623.04
C03408,2024-03-09,2024-08-11,2025-12-31,1,Baja,6,4-6 meses,Mes a mes,Tarjeta automática,Internet estándar,Litoral,Hogar,46.48,0.0442,4,0,Sí,2,266.55,557.76
C03409,2024-03-10,,2025-12-31,0,Activo,22,13-24 meses,Anual,Transferencia,Internet fibra,Patagonia,Hogar,67.82,0.0463,1,2,No,4,1422.96,0.0
C03410,2024-03-10,,2025-12-31,0,Activo,22,13-24 meses,Mes a mes,Transferencia,Streaming,Patagonia,PyME,87.74,0.0325,0,1,No,4,1867.55,0.0
C03411,2024-03-11,,2025-12-31,0,Activo,22,13-24 meses,Mes a mes,Transferencia,Telefonía móvil,AMBA,Hogar,53.27,0.008,2,2,No,2,1162.56,0.0
C03412,2024-03-11,,2025-12-31,0,Activo,22,13-24 meses,Anual,Cheque electrónico,Streaming,NOA,Hogar,18.0,0.0231,0,2,No,4,386.85,0.0
C03413,2024-03-11,,2025-12-31,0,Activo,22,13-24 meses,Mes a mes,Cheque electrónico,Telefonía móvil,Litoral,PyME,113.95,0.0929,0,0,No,3,2274.01,0.0
C03414,2024-03-12,,2025-12-31,0,Activo,22,13-24 meses,Dos años,Cheque electrónico,Internet fibra,Litoral,Hogar,84.61,0.0973,0,3,No,4,1680.3,0.0
C03415,2024-03-12,2024-09-25,2025-12-31,1,Baja,7,7-12 meses,Mes a mes,Transferencia,Internet fibra,NOA,PyME,128.19,0.0323,0,0,No,5,868.35,1538.28
C03416,2024-03-12,2024-03-24,2025-12-31,1,Baja,1,0-3 meses,Mes a mes,Cheque electrónico,Internet estándar,Centro,PyME,99.0,0.0347,3,2,No,3,95.56,1188.0
C03417,2024-03-12,2024-08-09,2025-12-31,1,Baja,6,4-6 meses,Mes a mes,Cheque electrónico,Internet fibra,Litoral,Hogar,98.51,0.0433,2,0,No,2,565.47,1182.12
C03418,2024-03-13,2024-08-27,2025-12-31,1,Baja,6,4-6 meses,Mes a mes,Tarjeta automática,Streaming,AMBA,Hogar,39.33,0.0233,2,0,Sí,3,230.48,471.96
C03419,2024-03-13,,2025-12-31,0,Activo,22,13-24 meses,Dos años,Transferencia,Telefonía móvil,Cuyo,Hogar,54.54,0.0929,0,3,No,4,1088.41,0.0
C03420,2024-03-13,,2025-12-31,0,Activo,22,13-24 meses,Anual,Tarjeta automática,Internet fibra,Centro,Hogar,75.24,0.1227,1,3,Sí,5,1452.18,0.0
C03421,2024-03-14,,2025-12-31,0,Activo,22,13-24 meses,Mes a mes,Tarjeta automática,Telefonía móvil,Centro,Hogar,48.11,0.0589,4,0,Sí,2,996.08,0.0
C03422,2024-03-14,,2025-12-31,0,Activo,22,13-24 meses,Mes a mes,Tarjeta automática,Internet fibra,Litoral,Hogar,81.84,0.0804,1,1,Sí,3,1655.72,0.0
C03423,2024-03-14,,2025-12-31,0,Activo,22,13-24 meses,Anual,Débito automático,Streaming,AMBA,Hogar,27.08,0.0861,3,0,Sí,3,544.47,0.0
C03424,2024-03-14,,2025-12-31,0,Activo,22,13-24 meses,Anual,Tarjeta automática,Internet estándar,NOA,Profesional,68.2,0.0153,1,0,Sí,5,1477.44,0.0
C03425,2024-03-15,,2025-12-31,0,Activo,22,13-24 meses,Mes a mes,Tarjeta automática,Streaming,Centro,Hogar,41.21,0.0875,1,1,Sí,4,827.29,0.0
C03426,2024-03-15,2024-11-21,2025-12-31,1,Baja,9,7-12 meses,Mes a mes,Tarjeta automática,Internet fibra,AMBA,Hogar,95.6,0.0342,1,0,Sí,4,830.97,1147.2
C03427,2024-03-15,2025-12-15,2025-12-31,1,Baja,22,13-24 meses,Mes a mes,Transferencia,Telefonía móvil,Cuyo,Hogar,39.23,0.0898,3,0,No,3,785.56,470.76
C03428,2024-03-16,2025-06-11,2025-12-31,1,Baja,16,13-24 meses,Mes a mes,Cheque electrónico,Telefonía móvil,Cuyo,Hogar,27.56,0.024,3,0,No,3,430.38,330.72
C03429,2024-03-16,2024-08-16,2025-12-31,1,Baja,6,4-6 meses,Mes a mes,Cheque electrónico,Internet estándar,Litoral,Profesional,85.08,0.0963,0,0,No,5,461.32,1020.96
C03430,2024-03-16,,2025-12-31,0,Activo,22,13-24 meses,Mes a mes,Débito automático,Internet estándar,Patagonia,Profesional,85.22,0.0132,1,0,Sí,3,1850.09,0.0
C03431,2024-03-16,,2025-12-31,0,Activo,22,13-24 meses,Mes a mes,Tarjeta automática,Streaming,Litoral,Hogar,33.4,0.0407,1,0,Sí,3,704.89,0.0
C03432,2024-03-16,2024-03-20,2025-12-31,1,Baja,1,0-3 meses,Mes a mes,Cheque electrónico,Streaming,Litoral,Hogar,48.72,0.0749,0,0,No,3,45.07,584.64
C03433,2024-03-16,,2025-12-31,0,Activo,22,13-24 meses,Mes a mes,Tarjeta automática,Internet estándar,Patagonia,Hogar,52.6,0.0376,0,0,Sí,3,1113.69,0.0
C03434,2024-03-16,,2025-12-31,0,Activo,22,13-24 meses,Dos años,Cheque electrónico,Streaming,Litoral,PyME,74.0,0.0105,2,2,No,4,1610.91,0.0
C03435,2024-03-16,,2025-12-31,0,Activo,22,13-24 meses,Anual,Transferencia,Telefonía móvil,AMBA,Hogar,27.57,0.1053,0,0,No,3,542.67,0.0
C03436,2024-03-17,,2025-12-31,0,Activo,22,13-24 meses,Mes a mes,Débito automático,Streaming,Cuyo,Profesional,32.46,0.0272,1,0,Sí,5,694.7,0.0
C03437,2024-03-17,,2025-12-31,0,Activo,22,13-24 meses,Mes a mes,Tarjeta automática,Internet fibra,Patagonia,Hogar,78.05,0.0631,0,0,Sí,4,1608.75,0.0
C03438,2024-03-18,,2025-12-31,0,Activo,22,13-24 meses,Mes a mes,Tarjeta automática,Telefonía móvil,Centro,Hogar,36.87,0.0737,0,0,Sí,5,751.36,0.0
C03439,2024-03-18,,2025-12-31,0,Activo,22,13-24 meses,Dos años,Débito automático,Internet fibra,NOA,Hogar,71.63,0.0671,1,0,Sí,5,1470.12,0.0
C03440,2024-03-18,,2025-12-31,0,Activo,22,13-24 meses,Anual,Débito automático,Internet fibra,Cuyo,Hogar,76.82,0.0664,1,0,Sí,3,1577.82,0.0
C03441,2024-03-18,2024-03-05,2025-12-31,1,Baja,1,0-3 meses,Mes a mes,Cheque electrónico,Telefonía móvil,Centro,Hogar,51.44,0.0397,0,3,No,4,49.4,617.28
C03442,2024-03-18,,2025-12-31,0,Activo,22,13-24 meses,Dos años,Transferencia,Internet fibra,Cuyo,Hogar,71.98,0.0265,1,0,No,3,1541.6,0.0
C03443,2024-03-19,,2025-12-31,0,Activo,22,13-24 meses,Anual,Débito automático,Internet fibra,Litoral,Hogar,70.13,0.104,3,2,Sí,2,1382.4,0.0
C03444,2024-03-19,,2025-12-31,0,Activo,22,13-24 meses,Anual,Tarjeta automática,Internet estándar,Patagonia,PyME,98.71,0.0289,5,1,Sí,2,2108.86,0.0
C03445,2024-03-19,2025-05-13,2025-12-31,1,Baja,15,13-24 meses,Mes a mes,Débito automático,Telefonía móvil,Centro,Hogar,52.13,0.0409,0,0,Sí,5,749.97,625.56
C03446,2024-03-19,,2025-12-31,0,Activo,22,13-24 meses,Mes a mes,Tarjeta automática,Internet fibra,Centro,PyME,132.23,0.0325,1,1,Sí,4,2814.52,0.0
C03447,2024-03-19,,2025-12-31,0,Activo,22,13-24 meses,Anual,Transferencia,Internet estándar,AMBA,Hogar,52.08,0.0376,0,0,No,5,1102.68,0.0
C03448,2024-03-19,,2025-12-31,0,Activo,22,13-24 meses,Mes a mes,Transferencia,Internet fibra,Cuyo,Hogar,95.08,0.0432,0,1,No,4,2001.4,0.0
C03449,2024-03-20,,2025-12-31,0,Activo,22,13-24 meses,Anual,Cheque electrónico,Internet estándar,NOA,Hogar,80.28,0.0345,2,3,No,4,1705.23,0.0
C03450,2024-03-20,,2025-12-31,0,Activo,22,13-24 meses,Anual,Débito automático,Internet estándar,NOA,Profesional,74.04,0.0116,1,0,Sí,4,1609.98,0.0
C03451,2024-03-20,2025-06-11,2025-12-31,1,Baja,16,13-24 meses,Mes a mes,Tarjeta automática,Internet fibra,Litoral,Profesional,101.95,0.0753,4,1,Sí,2,1508.37,1223.4
C03452,2024-03-21,,2025-12-31,0,Activo,22,13-24 meses,Mes a mes,Cheque electrónico,Telefonía móvil,Litoral,Profesional,46.97,0.0401,0,2,No,4,991.9,0.0
C03453,2024-03-21,,2025-12-31,0,Activo,22,13-24 meses,Mes a mes,Transferencia,Streaming,Litoral,Hogar,33.05,0.0452,1,0,No,3,694.24,0.0
C03454,2024-03-21,2025-05-09,2025-12-31,1,Baja,15,13-24 meses,Mes a mes,Transferencia,Telefonía móvil,Centro,Hogar,42.68,0.0169,3,0,No,3,629.38,512.16
C03455,2024-03-21,,2025-12-31,0,Activo,22,13-24 meses,Anual,Débito automático,Telefonía móvil,Cuyo,Profesional,69.81,0.0233,0,2,Sí,3,1500.04,0.0
C03456,2024-03-22,2025-10-27,2025-12-31,1,Baja,20,13-24 meses,Anual,Cheque electrónico,Telefonía móvil,NOA,PyME,92.69,0.0424,5,6,No,1,1775.2,1112.28
C03457,2024-03-22,2024-08-06,2025-12-31,1,Baja,6,4-6 meses,Mes a mes,Tarjeta automática,Streaming,Litoral,Hogar,31.21,0.0069,2,2,Sí,3,185.97,374.52
C03458,2024-03-22,,2025-12-31,0,Activo,22,13-24 meses,Anual,Débito automático,Internet fibra,Centro,Profesional,102.66,0.0932,2,0,Sí,4,2048.03,0.0
C03459,2024-03-22,2025-03-26,2025-12-31,1,Baja,13,13-24 meses,Mes a mes,Cheque electrónico,Telefonía móvil,AMBA,Hogar,62.88,0.0921,1,0,No,4,742.15,754.56
C03460,2024-03-22,,2025-12-31,0,Activo,22,13-24 meses,Anual,Tarjeta automática,Internet estándar,Patagonia,Hogar,66.2,0.0643,0,0,Sí,5,1362.75,0.0
C03461,2024-03-22,2025-02-11,2025-12-31,1,Baja,12,7-12 meses,Mes a mes,Cheque electrónico,Internet fibra,NOA,Hogar,91.93,0.0942,1,0,No,2,999.24,1103.16
C03462,2024-03-22,,2025-12-31,0,Activo,22,13-24 meses,Anual,Débito automático,Internet estándar,AMBA,Hogar,57.0,0.0245,3,1,Sí,1,1223.28,0.0
C03463,2024-03-23,,2025-12-31,0,Activo,22,13-24 meses,Anual,Tarjeta automática,Internet fibra,Cuyo,Hogar,73.26,0.0276,1,0,Sí,3,1567.24,0.0
C03464,2024-03-23,,2025-12-31,0,Activo,22,13-24 meses,Mes a mes,Tarjeta automática,Internet estándar,NOA,Profesional,74.99,0.0142,2,0,Sí,3,1626.35,0.0
C03465,2024-03-23,2024-03-26,2025-12-31,1,Baja,1,0-3 meses,Mes a mes,Cheque electrónico,Telefonía móvil,Centro,PyME,88.51,0.0154,1,1,No,3,87.15,1062.12
C03466,2024-03-23,,2025-12-31,0,Activo,22,13-24 meses,Dos años,Transferencia,Internet estándar,Centro,Hogar,46.73,0.0478,3,0,No,2,978.92,0.0
C03467,2024-03-24,2025-12-22,2025-12-31,1,Baja,22,13-24 meses,Mes a mes,Tarjeta automática,Internet fibra,Cuyo,Hogar,97.56,0.0335,0,2,Sí,3,2074.42,1170.72
C03468,2024-03-24,,2025-12-31,0,Activo,22,13-24 meses,Anual,Tarjeta automática,Internet fibra,Cuyo,Hogar,83.92,0.0321,0,0,Sí,3,1786.98,0.0
C03469,2024-03-24,,2025-12-31,0,Activo,22,13-24 meses,Dos años,Tarjeta automática,Telefonía móvil,Cuyo,Hogar,44.5,0.0588,2,0,Sí,4,921.43,0.0
C03470,2024-03-24,,2025-12-31,0,Activo,22,13-24 meses,Dos años,Tarjeta automática,Internet estándar,NOA,Hogar,52.91,0.0125,0,0,Sí,5,1149.47,0.0
C03471,2024-03-25,,2025-12-31,0,Activo,22,13-24 meses,Mes a mes,Transferencia,Internet estándar,NOA,Hogar,47.97,0.0769,1,0,No,3,974.18,0.0
C03472,2024-03-25,,2025-12-31,0,Activo,22,13-24 meses,Anual,Tarjeta automática,Telefonía móvil,Litoral,Hogar,18.29,0.0309,0,0,Sí,5,389.95,0.0
C03473,2024-03-26,,2025-12-31,0,Activo,22,13-24 meses,Dos años,Tarjeta automática,Telefonía móvil,AMBA,Profesional,46.09,0.0253,1,0,Sí,3,988.33,0.0
C03474,2024-03-26,2025-12-10,2025-12-31,1,Baja,22,13-24 meses,Mes a mes,Tarjeta automática,Internet estándar,Centro,Hogar,55.79,0.0307,0,0,Sí,4,1189.7,669.48
C03475,2024-03-27,2025-09-24,2025-12-31,1,Baja,19,13-24 meses,Mes a mes,Transferencia,Streaming,Centro,Hogar,18.87,0.0712,0,0,No,5,333.0,226.44
C03476,2024-03-27,2025-07-05,2025-12-31,1,Baja,17,13-24 meses,Mes a mes,Transferencia,Internet fibra,AMBA,Profesional,94.82,0.1088,0,0,No,4,1436.56,1137.84
C03477,2024-03-27,,2025-12-31,0,Activo,22,13-24 meses,Anual,Transferencia,Telefonía móvil,Cuyo,Hogar,28.5,0.0487,0,0,No,3,596.47,0.0
C03478,2024-03-27,,2025-12-31,0,Activo,22,13-24 meses,Mes a mes,Débito automático,Internet estándar,AMBA,Hogar,41.09,0.0498,1,1,Sí,4,858.96,0.0
C03479,2024-03-27,,2025-12-31,0,Activo,22,13-24 meses,Mes a mes,Cheque electrónico,Streaming,Litoral,Hogar,28.95,0.0074,1,1,No,4,632.19,0.0
C03480,2024-03-28,,2025-12-31,0,Activo,22,13-24 meses,Mes a mes,Débito automático,Internet fibra,Centro,Hogar,88.16,0.1089,2,1,Sí,5,1728.31,0.0
C03481,2024-03-28,,2025-12-31,0,Activo,22,13-24 meses,Anual,Cheque electrónico,Streaming,Patagonia,PyME,96.37,0.0701,0,1,No,5,1971.52,0.0
C03482,2024-03-28,,2025-12-31,0,Activo,22,13-24 meses,Mes a mes,Transferencia,Internet estándar,Litoral,Profesional,58.92,0.0572,1,0,No,5,1222.1,0.0
C03483,2024-03-28,,2025-12-31,0,Activo,22,13-24 meses,Dos años,Tarjeta automática,Internet estándar,NOA,Hogar,52.37,0.0292,3,0,Sí,2,1118.5,0.0
C03484,2024-03-28,,2025-12-31,0,Activo,22,13-24 meses,Anual,Cheque electrónico,Streaming,Cuyo,Hogar,18.0,0.0192,1,1,No,2,388.4,0.0
C03485,2024-03-28,,2025-12-31,0,Activo,22,13-24 meses,Dos años,Débito automático,Telefonía móvil,AMBA,Hogar,42.62,0.0444,0,0,Sí,5,896.01,0.0
C03486,2024-03-28,,2025-12-31,0,Activo,22,13-24 meses,Dos años,Transferencia,Internet estándar,NOA,PyME,114.49,0.0261,0,0,No,5,2453.04,0.0
C03487,2024-03-29,2025-12-08,2025-12-31,1,Baja,22,13-24 meses,Mes a mes,Tarjeta automática,Telefonía móvil,Centro,Profesional,59.26,0.0408,2,0,Sí,5,1250.53,711.12
C03488,2024-03-29,,2025-12-31,0,Activo,22,13-24 meses,Anual,Débito automático,Internet fibra,Patagonia,Hogar,92.47,0.062,2,0,Sí,4,1908.21,0.0
C03489,2024-03-29,,2025-12-31,0,Activo,22,13-24 meses,Mes a mes,Cheque electrónico,Internet estándar,Patagonia,Hogar,58.21,0.0067,0,3,No,5,1272.04,0.0
C03490,2024-03-29,,2025-12-31,0,Activo,22,13-24 meses,Dos años,Tarjeta automática,Internet fibra,NOA,PyME,135.65,0.0512,3,2,Sí,3,2831.5,0.0
C03491,2024-03-29,,2025-12-31,0,Activo,22,13-24 meses,Mes a mes,Tarjeta automática,Internet fibra,Litoral,Profesional,93.25,0.0209,2,0,Sí,3,2008.62,0.0
C03492,2024-03-29,,2025-12-31,0,Activo,22,13-24 meses,Anual,Tarjeta automática,Telefonía móvil,Litoral,Hogar,36.12,0.0557,0,1,Sí,3,750.38,0.0
C03493,2024-03-31,,2025-12-31,0,Activo,22,13-24 meses,Dos años,Débito automático,Internet fibra,Cuyo,Hogar,61.96,0.0176,5,1,Sí,1,1339.13,0.0
C03494,2024-03-31,2025-07-16,2025-12-31,1,Baja,17,13-24 meses,Mes a mes,Cheque electrónico,Telefonía móvil,Cuyo,Hogar,27.75,0.1357,0,1,No,4,407.73,333.0
C03495,2024-03-31,,2025-12-31,0,Activo,22,13-24 meses,Dos años,Transferencia,Internet estándar,Patagonia,Hogar,59.94,0.0016,1,1,No,4,1316.57,0.0
C03496,2024-04-01,,2025-12-31,0,Activo,21,13-24 meses,Mes a mes,Cheque electrónico,Streaming,Litoral,Hogar,45.65,0.0879,1,1,No,3,874.38,0.0
C03497,2024-04-01,,2025-12-31,0,Activo,21,13-24 meses,Mes a mes,Débito automático,Internet fibra,AMBA,Hogar,66.11,0.0575,1,0,Sí,4,1308.48,0.0
C03498,2024-04-01,2024-05-24,2025-12-31,1,Baja,2,0-3 meses,Mes a mes,Débito automático,Streaming,Cuyo,Profesional,47.75,0.0491,1,0,Sí,2,90.81,573.0
C03499,2024-04-01,,2025-12-31,0,Activo,21,13-24 meses,Mes a mes,Tarjeta automática,Telefonía móvil,NOA,Profesional,42.68,0.0521,2,0,Sí,3,849.58,0.0
C03500,2024-04-01,,2025-12-31,0,Activo,21,13-24 meses,Anual,Tarjeta automática,Internet estándar,Centro,Hogar,38.26,0.094,0,0,Sí,5,727.93,0.0
C03501,2024-04-02,,2025-12-31,0,Activo,21,13-24 meses,Dos años,Transferencia,Internet estándar,Cuyo,Hogar,51.86,0.0723,2,2,No,2,1010.32,0.0
C03502,2024-04-02,2024-04-12,2025-12-31,1,Baja,1,0-3 meses,Mes a mes,Tarjeta automática,Telefonía móvil,NOA,Hogar,36.29,0.0089,2,1,Sí,2,35.97,435.48
C03503,2024-04-02,,2025-12-31,0,Activo,21,13-24 meses,Anual,Tarjeta automática,Streaming,Centro,Hogar,18.0,0.0274,2,0,Sí,2,367.64,0.0
C03504,2024-04-02,,2025-12-31,0,Activo,21,13-24 meses,Dos años,Cheque electrónico,Internet fibra,Patagonia,Profesional,114.91,0.0973,1,2,No,3,2178.31,0.0
C03505,2024-04-03,,2025-12-31,0,Activo,21,13-24 meses,Anual,Débito automático,Streaming,Patagonia,Hogar,28.46,0.0551,1,0,Sí,3,564.73,0.0
C03506,2024-04-03,,2025-12-31,0,Activo,21,13-24 meses,Mes a mes,Tarjeta automática,Streaming,Centro,PyME,71.85,0.0268,1,1,Sí,4,1468.41,0.0
C03507,2024-04-03,,2025-12-31,0,Activo,21,13-24 meses,Dos años,Transferencia,Streaming,NOA,Profesional,48.41,0.061,2,0,No,4,954.6,0.0
C03508,2024-04-04,,2025-12-31,0,Activo,21,13-24 meses,Mes a mes,Débito automático,Internet estándar,Cuyo,Profesional,66.11,0.0538,0,0,Sí,4,1313.62,0.0
C03509,2024-04-05,2024-07-20,2025-12-31,1,Baja,4,4-6 meses,Anual,Cheque electrónico,Internet estándar,Centro,Hogar,53.64,0.01,1,1,No,3,212.41,643.68
C03510,2024-04-05,,2025-12-31,0,Activo,21,13-24 meses,Anual,Transferencia,Telefonía móvil,Centro,Hogar,38.26,0.0534,1,0,No,2,760.56,0.0
C03511,2024-04-05,,2025-12-31,0,Activo,21,13-24 meses,Anual,Tarjeta automática,Internet estándar,Centro,PyME,107.46,0.0216,1,0,Sí,4,2207.92,0.0
C03512,2024-04-06,,2025-12-31,0,Activo,21,13-24 meses,Mes a mes,Tarjeta automática,Internet estándar,Litoral,Hogar,59.38,0.0986,0,0,Sí,4,1124.03,0.0
C03513,2024-04-06,,2025-12-31,0,Activo,21,13-24 meses,Mes a mes,Tarjeta automática,Telefonía móvil,Centro,PyME,82.5,0.1161,2,0,Sí,3,1531.36,0.0
C03514,2024-04-06,,2025-12-31,0,Activo,21,13-24 meses,Anual,Transferencia,Internet fibra,Cuyo,Hogar,70.37,0.0265,0,0,No,5,1438.61,0.0
C03515,2024-04-07,,2025-12-31,0,Activo,21,13-24 meses,Mes a mes,Débito automático,Internet estándar,Patagonia,Hogar,58.23,0.0368,2,0,Sí,3,1177.83,0.0
C03516,2024-04-07,,2025-12-31,0,Activo,21,13-24 meses,Mes a mes,Transferencia,Streaming,NOA,Hogar,22.93,0.0898,0,0,No,5,438.29,0.0
C03517,2024-04-07,,2025-12-31,0,Activo,21,13-24 meses,Anual,Débito automático,Streaming,Patagonia,Hogar,28.1,0.057,1,0,Sí,4,556.46,0.0
C03518,2024-04-07,,2025-12-31,0,Activo,21,13-24 meses,Anual,Débito automático,Telefonía móvil,Litoral,Hogar,36.83,0.0934,2,0,Sí,3,701.19,0.0
C03519,2024-04-08,2025-01-03,2025-12-31,1,Baja,10,7-12 meses,Mes a mes,Tarjeta automática,Streaming,Patagonia,PyME,79.51,0.136,4,0,Sí,1,686.97,954.12
C03520,2024-04-08,2025-04-26,2025-12-31,1,Baja,13,13-24 meses,Mes a mes,Tarjeta automática,Internet estándar,Cuyo,Profesional,61.58,0.0732,1,1,Sí,3,741.94,738.96
C03521,2024-04-08,,2025-12-31,0,Activo,21,13-24 meses,Dos años,Débito automático,Internet estándar,Centro,Hogar,35.15,0.0254,0,0,Sí,5,719.4,0.0
C03522,2024-04-08,,2025-12-31,0,Activo,21,13-24 meses,Mes a mes,Débito automático,Internet fibra,Patagonia,Hogar,83.05,0.0258,3,0,Sí,2,1699.05,0.0
C03523,2024-04-09,2024-05-07,2025-12-31,1,Baja,2,0-3 meses,Mes a mes,Cheque electrónico,Telefonía móvil,AMBA,Hogar,53.69,0.0249,0,0,No,4,104.71,644.28
C03524,2024-04-09,,2025-12-31,0,Activo,21,13-24 meses,Mes a mes,Tarjeta automática,Internet fibra,NOA,Hogar,76.06,0.0144,1,0,Sí,3,1574.26,0.0
C03525,2024-04-10,2024-10-08,2025-12-31,1,Baja,7,7-12 meses,Mes a mes,Transferencia,Internet estándar,Cuyo,PyME,114.44,0.092,2,0,No,3,727.38,1373.28
C03526,2024-04-10,,2025-12-31,0,Activo,21,13-24 meses,Dos años,Tarjeta automática,Internet estándar,Patagonia,Profesional,61.6,0.0593,1,0,Sí,4,1216.89,0.0
C03527,2024-04-10,,2025-12-31,0,Activo,21,13-24 meses,Mes a mes,Transferencia,Internet fibra,AMBA,Hogar,71.95,0.1294,1,1,No,4,1315.43,0.0
C03528,2024-04-10,2024-10-25,2025-12-31,1,Baja,7,7-12 meses,Mes a mes,Tarjeta automática,Internet fibra,Cuyo,Profesional,100.52,0.0596,1,0,Sí,4,661.7,1206.24
C03529,2024-04-10,,2025-12-31,0,Activo,21,13-24 meses,Mes a mes,Transferencia,Streaming,Cuyo,Hogar,33.7,0.03,0,0,No,3,686.47,0.0
C03530,2024-04-10,,2025-12-31,0,Activo,21,13-24 meses,Mes a mes,Tarjeta automática,Internet fibra,Cuyo,PyME,131.76,0.0307,0,2,Sí,4,2682.01,0.0
C03531,2024-04-11,,2025-12-31,0,Activo,21,13-24 meses,Mes a mes,Tarjeta automática,Telefonía móvil,Litoral,Profesional,67.44,0.0039,0,0,Sí,5,1410.72,0.0
C03532,2024-04-11,,2025-12-31,0,Activo,21,13-24 meses,Dos años,Débito automático,Telefonía móvil,Litoral,Hogar,27.84,0.0837,2,1,Sí,3,535.71,0.0
C03533,2024-04-11,,2025-12-31,0,Activo,21,13-24 meses,Anual,Débito automático,Internet fibra,NOA,Profesional,92.66,0.0894,0,0,Sí,4,1771.9,0.0
C03534,2024-04-12,,2025-12-31,0,Activo,21,13-24 meses,Mes a mes,Débito automático,Telefonía móvil,Patagonia,Hogar,52.61,0.0962,1,0,Sí,4,998.53,0.0
C03535,2024-04-12,,2025-12-31,0,Activo,21,13-24 meses,Mes a mes,Tarjeta automática,Internet estándar,Centro,Hogar,59.58,0.0661,1,1,Sí,5,1168.48,0.0
C03536,2024-04-12,,2025-12-31,0,Activo,21,13-24 meses,Mes a mes,Cheque electrónico,Internet fibra,NOA,Hogar,87.2,0.0376,1,1,No,4,1762.35,0.0
C03537,2024-04-12,,2025-12-31,0,Activo,21,13-24 meses,Mes a mes,Tarjeta automática,Internet fibra,Cuyo,Hogar,89.23,0.0739,1,0,Sí,3,1735.35,0.0
C03538,2024-04-13,,2025-12-31,0,Activo,21,13-24 meses,Anual,Débito automático,Telefonía móvil,Cuyo,Hogar,37.9,0.0741,4,0,Sí,1,736.92,0.0
C03539,2024-04-13,2024-11-05,2025-12-31,1,Baja,8,7-12 meses,Mes a mes,Cheque electrónico,Streaming,AMBA,Hogar,18.0,0.0199,1,1,No,4,141.13,216.0
C03540,2024-04-13,,2025-12-31,0,Activo,21,13-24 meses,Anual,Transferencia,Internet fibra,Patagonia,Hogar,75.15,0.0432,4,0,No,1,1509.97,0.0
C03541,2024-04-13,,2025-12-31,0,Activo,21,13-24 meses,Dos años,Débito automático,Streaming,NOA,Profesional,54.0,0.0739,2,0,Sí,2,1050.2,0.0
C03542,2024-04-13,,2025-12-31,0,Activo,21,13-24 meses,Mes a mes,Débito automático,Streaming,Centro,Hogar,37.79,0.1298,0,0,Sí,5,690.58,0.0
C03543,2024-04-13,,2025-12-31,0,Activo,21,13-24 meses,Dos años,Tarjeta automática,Streaming,NOA,Hogar,23.21,0.0538,0,0,Sí,5,461.19,0.0
C03544,2024-04-14,,2025-12-31,0,Activo,21,13-24 meses,Mes a mes,Débito automático,Internet estándar,AMBA,Hogar,38.35,0.0517,0,1,Sí,5,763.71,0.0
C03545,2024-04-15,,2025-12-31,0,Activo,21,13-24 meses,Mes a mes,Débito automático,Telefonía móvil,NOA,Hogar,32.45,0.0856,1,0,Sí,4,623.12,0.0
C03546,2024-04-15,,2025-12-31,0,Activo,21,13-24 meses,Dos años,Transferencia,Streaming,Centro,PyME,78.02,0.1197,1,1,No,2,1442.3,0.0
C03547,2024-04-15,2024-04-06,2025-12-31,1,Baja,1,0-3 meses,Mes a mes,Cheque electrónico,Internet fibra,Cuyo,Hogar,57.13,0.093,0,1,No,2,51.82,685.56
C03548,2024-04-15,,2025-12-31,0,Activo,21,13-24 meses,Mes a mes,Tarjeta automática,Telefonía móvil,AMBA,Hogar,36.2,0.0712,1,1,Sí,3,706.07,0.0
C03549,2024-04-15,,2025-12-31,0,Activo,21,13-24 meses,Anual,Tarjeta automática,Internet estándar,NOA,Hogar,49.53,0.1146,0,0,Sí,5,920.93,0.0
C03550,2024-04-15,2025-09-01,2025-12-31,1,Baja,18,13-24 meses,Mes a mes,Débito automático,Streaming,Litoral,Hogar,27.92,0.1051,1,0,Sí,3,449.74,335.04
C03551,2024-04-16,,2025-12-31,0,Activo,21,13-24 meses,Dos años,Débito automático,Streaming,NOA,Hogar,25.37,0.0277,2,1,Sí,4,518.01,0.0
C03552,2024-04-16,,2025-12-31,0,Activo,21,13-24 meses,Mes a mes,Débito automático,Internet estándar,Cuyo,Hogar,41.42,0.0339,0,0,Sí,5,840.33,0.0
C03553,2024-04-16,,2025-12-31,0,Activo,21,13-24 meses,Anual,Transferencia,Internet fibra,AMBA,Hogar,71.7,0.0643,0,0,No,4,1408.88,0.0
C03554,2024-04-16,,2025-12-31,0,Activo,21,13-24 meses,Mes a mes,Débito automático,Streaming,Patagonia,Profesional,40.89,0.0211,0,0,Sí,4,840.57,0.0
C03555,2024-04-17,2024-07-25,2025-12-31,1,Baja,4,4-6 meses,Mes a mes,Cheque electrónico,Telefonía móvil,AMBA,Hogar,49.76,0.0826,2,1,No,2,182.6,597.12
C03556,2024-04-17,2024-08-01,2025-12-31,1,Baja,5,4-6 meses,Mes a mes,Débito automático,Telefonía móvil,Litoral,Hogar,41.99,0.0877,0,0,Sí,5,191.54,503.88
C03557,2024-04-17,2025-02-26,2025-12-31,1,Baja,11,7-12 meses,Dos años,Tarjeta automática,Streaming,AMBA,Hogar,63.84,0.0711,0,1,Sí,4,652.31,766.08
C03558,2024-04-18,,2025-12-31,0,Activo,21,13-24 meses,Mes a mes,Tarjeta automática,Internet fibra,Centro,Hogar,74.34,0.0748,0,2,Sí,5,1444.37,0.0
C03559,2024-04-18,,2025-12-31,0,Activo,21,13-24 meses,Dos años,Transferencia,Internet estándar,Litoral,Profesional,71.82,0.0918,2,0,No,3,1369.77,0.0
C03560,2024-04-19,,2025-12-31,0,Activo,21,13-24 meses,Mes a mes,Tarjeta automática,Streaming,Patagonia,Hogar,25.59,0.0573,0,0,Sí,4,506.6,0.0
C03561,2024-04-19,,2025-12-31,0,Activo,21,13-24 meses,Mes a mes,Tarjeta automática,Internet estándar,AMBA,Hogar,45.32,0.0835,0,0,Sí,3,872.25,0.0
C03562,2024-04-19,2024-12-15,2025-12-31,1,Baja,9,7-12 meses,Mes a mes,Débito automático,Streaming,Centro,Hogar,46.19,0.0265,0,0,Sí,5,404.69,554.28
C03563,2024-04-19,2025-02-20,2025-12-31,1,Baja,11,7-12 meses,Mes a mes,Transferencia,Internet fibra,NOA,Hogar,88.97,0.0814,1,0,No,4,899.01,1067.64
C03564,2024-04-19,2024-06-01,2025-12-31,1,Baja,3,0-3 meses,Dos años,Cheque electrónico,Internet fibra,AMBA,Hogar,58.7,0.0633,2,7,No,3,164.95,704.4
C03565,2024-04-20,,2025-12-31,0,Activo,21,13-24 meses,Mes a mes,Débito automático,Streaming,Centro,Hogar,18.0,0.0971,3,0,Sí,2,341.3,0.0
C03566,2024-04-20,,2025-12-31,0,Activo,21,13-24 meses,Anual,Tarjeta automática,Streaming,NOA,Hogar,27.5,0.0471,0,0,Sí,5,550.3,0.0
C03567,2024-04-20,,2025-12-31,0,Activo,21,13-24 meses,Anual,Débito automático,Streaming,Litoral,Hogar,23.31,0.0335,2,0,Sí,4,473.11,0.0
C03568,2024-04-20,2024-05-17,2025-12-31,1,Baja,2,0-3 meses,Mes a mes,Débito automático,Internet fibra,AMBA,Hogar,61.41,0.0158,4,0,Sí,1,120.88,736.92
C03569,2024-04-20,,2025-12-31,0,Activo,21,13-24 meses,Anual,Cheque electrónico,Telefonía móvil,NOA,Hogar,43.27,0.0574,2,0,No,3,856.51,0.0
C03570,2024-04-20,2024-09-07,2025-12-31,1,Baja,6,4-6 meses,Dos años,Débito automático,Internet estándar,Cuyo,Hogar,28.34,0.0783,2,1,Sí,2,156.73,340.08
C03571,2024-04-20,2025-07-21,2025-12-31,1,Baja,16,13-24 meses,Anual,Transferencia,Telefonía móvil,Patagonia,Profesional,61.39,0.0928,1,0,No,3,891.09,736.68
C03572,2024-04-21,,2025-12-31,0,Activo,21,13-24 meses,Mes a mes,Cheque electrónico,Streaming,Litoral,Hogar,37.03,0.0191,0,1,No,4,762.78,0.0
C03573,2024-04-21,,2025-12-31,0,Activo,21,13-24 meses,Anual,Transferencia,Internet estándar,Cuyo,Hogar,58.6,0.064,0,0,No,4,1151.84,0.0
C03574,2024-04-21,,2025-12-31,0,Activo,21,13-24 meses,Anual,Tarjeta automática,Streaming,Cuyo,Hogar,27.41,0.1376,0,0,Sí,4,496.41,0.0
C03575,2024-04-21,2024-05-12,2025-12-31,1,Baja,2,0-3 meses,Mes a mes,Transferencia,Internet estándar,Litoral,Hogar,65.62,0.041,6,0,No,2,125.86,787.44
C03576,2024-04-21,,2025-12-31,0,Activo,21,13-24 meses,Anual,Débito automático,Internet estándar,Cuyo,Profesional,70.65,0.0765,4,0,Sí,3,1370.15,0.0
C03577,2024-04-21,,2025-12-31,0,Activo,21,13-24 meses,Mes a mes,Débito automático,Streaming,Centro,Hogar,38.3,0.0646,0,0,Sí,5,752.34,0.0
C03578,2024-04-21,2024-07-25,2025-12-31,1,Baja,4,4-6 meses,Anual,Cheque electrónico,Internet fibra,Patagonia,Hogar,69.9,0.0608,0,0,No,4,262.6,838.8
C03579,2024-04-22,,2025-12-31,0,Activo,21,13-24 meses,Dos años,Tarjeta automática,Telefonía móvil,Patagonia,Hogar,58.74,0.0043,2,0,Sí,3,1228.24,0.0
C03580,2024-04-22,,2025-12-31,0,Activo,21,13-24 meses,Dos años,Débito automático,Internet estándar,Litoral,Profesional,66.97,0.1144,1,1,Sí,3,1245.48,0.0
C03581,2024-04-22,,2025-12-31,0,Activo,21,13-24 meses,Anual,Tarjeta automática,Internet fibra,Patagonia,PyME,150.34,0.042,1,0,Sí,4,3024.54,0.0
C03582,2024-04-22,,2025-12-31,0,Activo,21,13-24 meses,Anual,Tarjeta automática,Telefonía móvil,Litoral,Hogar,56.94,0.0284,0,1,Sí,5,1161.78,0.0
C03583,2024-04-23,,2025-12-31,0,Activo,21,13-24 meses,Anual,Transferencia,Internet fibra,NOA,Hogar,80.83,0.0407,0,0,No,5,1628.34,0.0
C03584,2024-04-23,,2025-12-31,0,Activo,21,13-24 meses,Mes a mes,Transferencia,Telefonía móvil,NOA,Hogar,46.46,0.0261,1,0,No,4,950.2,0.0
C03585,2024-04-23,,2025-12-31,0,Activo,21,13-24 meses,Mes a mes,Transferencia,Internet estándar,NOA,PyME,102.02,0.078,1,1,No,3,1975.31,0.0
C03586,2024-04-23,,2025-12-31,0,Activo,21,13-24 meses,Mes a mes,Débito automático,Internet fibra,AMBA,Profesional,86.99,0.0565,0,0,Sí,3,1723.58,0.0
C03587,2024-04-23,,2025-12-31,0,Activo,21,13-24 meses,Mes a mes,Tarjeta automática,Internet fibra,AMBA,Hogar,84.55,0.1082,0,0,Sí,3,1583.44,0.0
C03588,2024-04-23,,2025-12-31,0,Activo,21,13-24 meses,Dos años,Débito automático,Internet fibra,Cuyo,Hogar,83.98,0.1032,0,0,Sí,3,1581.58,0.0
C03589,2024-04-24,,2025-12-31,0,Activo,21,13-24 meses,Dos años,Débito automático,Internet fibra,Patagonia,Hogar,60.19,0.04,1,1,Sí,4,1213.43,0.0
C03590,2024-04-24,2025-03-23,2025-12-31,1,Baja,12,7-12 meses,Mes a mes,Transferencia,Internet fibra,Centro,Hogar,77.09,0.0312,0,0,No,5,896.22,925.08
C03591,2024-04-24,2024-04-27,2025-12-31,1,Baja,1,0-3 meses,Mes a mes,Transferencia,Internet estándar,AMBA,Profesional,76.55,0.049,2,0,No,5,72.8,918.6
C03592,2024-04-25,,2025-12-31,0,Activo,21,13-24 meses,Anual,Cheque electrónico,Internet estándar,AMBA,Hogar,65.12,0.0474,1,1,No,3,1302.7,0.0
C03593,2024-04-25,,2025-12-31,0,Activo,21,13-24 meses,Mes a mes,Cheque electrónico,Internet estándar,Litoral,Hogar,56.98,0.0109,0,1,No,4,1183.54,0.0
C03594,2024-04-25,,2025-12-31,0,Activo,21,13-24 meses,Anual,Débito automático,Internet fibra,NOA,PyME,116.31,0.0095,3,0,Sí,3,2419.31,0.0
C03595,2024-04-25,,2025-12-31,0,Activo,21,13-24 meses,Dos años,Transferencia,Internet fibra,Cuyo,PyME,121.4,0.0465,1,1,No,4,2430.85,0.0
C03596,2024-04-25,,2025-12-31,0,Activo,21,13-24 meses,Mes a mes,Transferencia,Internet fibra,Patagonia,Hogar,74.19,0.0255,0,0,No,4,1518.26,0.0
C03597,2024-04-26,2025-04-12,2025-12-31,1,Baja,13,13-24 meses,Mes a mes,Cheque electrónico,Internet fibra,AMBA,Hogar,93.39,0.0243,3,1,No,2,1184.57,1120.68
C03598,2024-04-26,,2025-12-31,0,Activo,21,13-24 meses,Mes a mes,Débito automático,Internet estándar,Centro,PyME,97.32,0.1162,0,0,Sí,5,1806.24,0.0
C03599,2024-04-26,,2025-12-31,0,Activo,21,13-24 meses,Mes a mes,Transferencia,Internet fibra,Patagonia,Hogar,89.64,0.0193,1,0,No,5,1846.11,0.0
C03600,2024-04-26,2024-04-21,2025-12-31,1,Baja,1,0-3 meses,Mes a mes,Débito automático,Internet estándar,Cuyo,PyME,97.15,0.0409,1,1,Sí,3,93.18,1165.8
C03601,2024-04-27,2025-05-20,2025-12-31,1,Baja,14,13-24 meses,Mes a mes,Transferencia,Telefonía móvil,AMBA,Hogar,47.86,0.0197,5,0,No,2,656.84,574.32
C03602,2024-04-27,,2025-12-31,0,Activo,21,13-24 meses,Mes a mes,Cheque electrónico,Internet fibra,Centro,Profesional,85.66,0.1179,1,0,No,4,1586.77,0.0
C03603,2024-04-28,,2025-12-31,0,Activo,21,13-24 meses,Mes a mes,Cheque electrónico,Internet fibra,Patagonia,Hogar,75.87,0.0924,0,1,No,4,1446.05,0.0
C03604,2024-04-28,,2025-12-31,0,Activo,21,13-24 meses,Mes a mes,Tarjeta automática,Streaming,Patagonia,Hogar,18.0,0.0479,1,0,Sí,5,359.89,0.0
C03605,2024-04-28,,2025-12-31,0,Activo,21,13-24 meses,Anual,Tarjeta automática,Internet estándar,Patagonia,Profesional,82.87,0.0889,0,1,Sí,5,1585.56,0.0
C03606,2024-04-28,2024-05-04,2025-12-31,1,Baja,2,0-3 meses,Mes a mes,Transferencia,Internet fibra,Cuyo,Hogar,70.36,0.0226,2,0,No,4,137.54,844.32
C03607,2024-04-28,,2025-12-31,0,Activo,21,13-24 meses,Dos años,Transferencia,Telefonía móvil,NOA,Hogar,24.98,0.0201,2,0,No,3,514.04,0.0
C03608,2024-04-29,2025-10-21,2025-12-31,1,Baja,19,13-24 meses,Mes a mes,Cheque electrónico,Streaming,NOA,Hogar,18.0,0.0742,0,3,No,2,316.62,216.0
C03609,2024-04-29,2025-07-11,2025-12-31,1,Baja,16,13-24 meses,Mes a mes,Débito automático,Telefonía móvil,Cuyo,Hogar,41.06,0.0268,4,2,Sí,2,639.35,492.72
C03610,2024-04-29,,2025-12-31,0,Activo,21,13-24 meses,Mes a mes,Cheque electrónico,Telefonía móvil,Centro,Hogar,36.96,0.001,0,3,No,4,775.38,0.0
C03611,2024-04-29,,2025-12-31,0,Activo,21,13-24 meses,Anual,Transferencia,Streaming,NOA,Hogar,36.14,0.0202,1,1,No,3,743.61,0.0
C03612,2024-04-30,,2025-12-31,0,Activo,21,13-24 meses,Mes a mes,Tarjeta automática,Streaming,Cuyo,Hogar,26.41,0.0199,0,0,Sí,5,543.57,0.0
C03613,2024-04-30,2024-08-10,2025-12-31,1,Baja,5,4-6 meses,Mes a mes,Tarjeta automática,Internet estándar,Cuyo,Hogar,61.83,0.0948,1,0,Sí,5,279.84,741.96
C03614,2024-05-01,,2025-12-31,0,Activo,20,13-24 meses,Mes a mes,Transferencia,Telefonía móvil,NOA,Hogar,37.76,0.0921,0,1,No,5,685.65,0.0
C03615,2024-05-01,,2025-12-31,0,Activo,20,13-24 meses,Dos años,Tarjeta automática,Internet estándar,Centro,Profesional,78.29,0.0618,2,0,Sí,3,1469.03,0.0
C03616,2024-05-01,2024-05-27,2025-12-31,1,Baja,1,0-3 meses,Mes a mes,Cheque electrónico,Internet estándar,NOA,Hogar,38.52,0.031,0,1,No,3,37.33,462.24
C03617,2024-05-02,2025-01-21,2025-12-31,1,Baja,9,7-12 meses,Mes a mes,Débito automático,Internet fibra,AMBA,Profesional,79.46,0.0288,0,0,Sí,5,694.54,953.52
C03618,2024-05-02,,2025-12-31,0,Activo,20,13-24 meses,Dos años,Débito automático,Streaming,Centro,Hogar,19.94,0.0267,0,0,Sí,5,388.15,0.0
C03619,2024-05-02,,2025-12-31,0,Activo,20,13-24 meses,Mes a mes,Tarjeta automática,Internet estándar,Cuyo,Hogar,36.58,0.0269,0,0,Sí,5,711.92,0.0
C03620,2024-05-03,2024-09-23,2025-12-31,1,Baja,5,4-6 meses,Mes a mes,Cheque electrónico,Telefonía móvil,Cuyo,Hogar,28.35,0.025,2,2,No,2,138.21,340.2
C03621,2024-05-03,,2025-12-31,0,Activo,20,13-24 meses,Anual,Transferencia,Internet fibra,Centro,Hogar,82.55,0.2018,2,0,No,3,1317.83,0.0
C03622,2024-05-04,2025-08-11,2025-12-31,1,Baja,16,13-24 meses,Mes a mes,Transferencia,Telefonía móvil,NOA,Hogar,39.09,0.0462,0,0,No,5,596.54,469.08
C03623,2024-05-04,,2025-12-31,0,Activo,20,13-24 meses,Mes a mes,Transferencia,Internet fibra,Litoral,Profesional,97.56,0.0404,0,2,No,3,1872.37,0.0
C03624,2024-05-04,,2025-12-31,0,Activo,20,13-24 meses,Mes a mes,Débito automático,Streaming,Patagonia,Hogar,34.8,0.0442,0,0,Sí,4,665.24,0.0
C03625,2024-05-04,,2025-12-31,0,Activo,20,13-24 meses,Mes a mes,Cheque electrónico,Internet estándar,Patagonia,Hogar,30.46,0.0288,1,0,No,5,591.66,0.0
C03626,2024-05-04,,2025-12-31,0,Activo,20,13-24 meses,Dos años,Débito automático,Internet estándar,Litoral,Profesional,73.27,0.0784,1,1,Sí,3,1350.51,0.0
C03627,2024-05-04,,2025-12-31,0,Activo,20,13-24 meses,Anual,Débito automático,Internet estándar,Litoral,Hogar,35.74,0.0281,1,0,Sí,5,694.71,0.0
C03628,2024-05-05,,2025-12-31,0,Activo,20,13-24 meses,Anual,Tarjeta automática,Internet fibra,Litoral,Profesional,89.65,0.0325,1,0,Sí,4,1734.73,0.0
C03629,2024-05-05,,2025-12-31,0,Activo,20,13-24 meses,Mes a mes,Tarjeta automática,Internet fibra,Patagonia,Hogar,57.19,0.0615,5,0,Sí,2,1073.46,0.0
C03630,2024-05-05,,2025-12-31,0,Activo,20,13-24 meses,Anual,Transferencia,Telefonía móvil,NOA,Hogar,49.2,0.0114,2,1,No,4,972.78,0.0
C03631,2024-05-05,,2025-12-31,0,Activo,20,13-24 meses,Anual,Débito automático,Internet fibra,Centro,Hogar,59.42,0.075,0,0,Sí,4,1099.27,0.0
C03632,2024-05-05,2025-02-23,2025-12-31,1,Baja,10,7-12 meses,Mes a mes,Transferencia,Streaming,Litoral,Hogar,18.0,0.1121,2,1,No,2,159.82,216.0
C03633,2024-05-05,,2025-12-31,0,Activo,20,13-24 meses,Dos años,Cheque electrónico,Streaming,Centro,Hogar,18.0,0.0748,6,1,No,1,333.07,0.0
C03634,2024-05-06,,2025-12-31,0,Activo,20,13-24 meses,Anual,Débito automático,Internet fibra,Centro,PyME,131.58,0.0364,1,0,Sí,4,2535.81,0.0
C03635,2024-05-06,,2025-12-31,0,Activo,20,13-24 meses,Anual,Tarjeta automática,Telefonía móvil,NOA,Hogar,40.25,0.0545,0,1,Sí,4,761.13,0.0
C03636,2024-05-07,,2025-12-31,0,Activo,20,13-24 meses,Mes a mes,Transferencia,Telefonía móvil,Cuyo,PyME,105.93,0.0319,0,1,No,4,2051.02,0.0
C03637,2024-05-07,,2025-12-31,0,Activo,20,13-24 meses,Mes a mes,Tarjeta automática,Telefonía móvil,Patagonia,Hogar,40.85,0.0221,2,1,Sí,2,798.94,0.0
C03638,2024-05-07,,2025-12-31,0,Activo,20,13-24 meses,Anual,Cheque electrónico,Telefonía móvil,Patagonia,Hogar,52.62,0.1592,0,0,No,5,884.86,0.0
C03639,2024-05-07,,2025-12-31,0,Activo,20,13-24 meses,Anual,Débito automático,Streaming,AMBA,Hogar,33.17,0.1402,3,0,Sí,3,570.39,0.0
C03640,2024-05-07,2025-01-05,2025-12-31,1,Baja,9,7-12 meses,Mes a mes,Débito automático,Telefonía móvil,Cuyo,PyME,86.6,0.0823,2,0,Sí,5,715.26,1039.2
C03641,2024-05-08,,2025-12-31,0,Activo,20,13-24 meses,Mes a mes,Débito automático,Internet fibra,Centro,Hogar,70.66,0.0784,0,0,Sí,5,1302.41,0.0
C03642,2024-05-09,,2025-12-31,0,Activo,20,13-24 meses,Anual,Débito automático,Internet fibra,Centro,Profesional,112.62,0.104,1,0,Sí,4,2018.15,0.0
C03643,2024-05-09,,2025-12-31,0,Activo,20,13-24 meses,Mes a mes,Débito automático,Streaming,Centro,Hogar,42.5,0.0194,0,0,Sí,4,833.51,0.0
C03644,2024-05-09,,2025-12-31,0,Activo,20,13-24 meses,Mes a mes,Tarjeta automática,Internet fibra,Litoral,Profesional,105.06,0.0476,0,0,Sí,4,2001.18,0.0
C03645,2024-05-09,,2025-12-31,0,Activo,20,13-24 meses,Anual,Débito automático,Streaming,AMBA,Profesional,57.51,0.0374,0,1,Sí,4,1107.18,0.0
C03646,2024-05-10,2024-05-06,2025-12-31,1,Baja,1,0-3 meses,Mes a mes,Cheque electrónico,Internet estándar,Cuyo,Profesional,72.12,0.1049,1,1,No,4,64.55,865.44
C03647,2024-05-10,2025-07-18,2025-12-31,1,Baja,15,13-24 meses,Mes a mes,Tarjeta automática,Internet estándar,Centro,Hogar,52.69,0.0408,2,0,Sí,4,758.1,632.28
C03648,2024-05-10,,2025-12-31,0,Activo,20,13-24 meses,Mes a mes,Débito automático,Telefonía móvil,NOA,Hogar,42.55,0.0316,1,0,Sí,3,824.11,0.0
C03649,2024-05-10,,2025-12-31,0,Activo,20,13-24 meses,Dos años,Tarjeta automática,Internet fibra,Patagonia,PyME,151.69,0.0325,1,0,Sí,3,2935.2,0.0
C03650,2024-05-10,,2025-12-31,0,Activo,20,13-24 meses,Mes a mes,Débito automático,Internet fibra,Cuyo,Hogar,72.89,0.1319,1,0,Sí,5,1265.52,0.0
C03651,2024-05-11,,2025-12-31,0,Activo,20,13-24 meses,Anual,Tarjeta automática,Streaming,Centro,Hogar,31.64,0.0313,2,0,Sí,3,612.99,0.0
C03652,2024-05-11,,2025-12-31,0,Activo,20,13-24 meses,Dos años,Transferencia,Telefonía móvil,Patagonia,PyME,78.21,0.0247,1,0,No,3,1525.56,0.0
C03653,2024-05-11,,2025-12-31,0,Activo,20,13-24 meses,Anual,Tarjeta automática,Telefonía móvil,Litoral,Profesional,44.26,0.014,0,0,Sí,5,872.81,0.0
C03654,2024-05-11,,2025-12-31,0,Activo,20,13-24 meses,Mes a mes,Transferencia,Internet fibra,Litoral,Hogar,97.97,0.079,0,0,No,5,1804.61,0.0
C03655,2024-05-12,,2025-12-31,0,Activo,20,13-24 meses,Mes a mes,Tarjeta automática,Telefonía móvil,AMBA,Profesional,66.78,0.0103,0,0,Sí,5,1321.84,0.0
C03656,2024-05-12,,2025-12-31,0,Activo,20,13-24 meses,Mes a mes,Débito automático,Streaming,AMBA,Hogar,26.66,0.0608,1,0,Sí,4,500.78,0.0
C03657,2024-05-12,,2025-12-31,0,Activo,20,13-24 meses,Anual,Tarjeta automática,Telefonía móvil,Litoral,Hogar,42.86,0.0917,0,0,Sí,4,778.59,0.0
C03658,2024-05-12,,2025-12-31,0,Activo,20,13-24 meses,Dos años,Transferencia,Internet fibra,Cuyo,Hogar,63.06,0.0395,1,0,No,4,1211.38,0.0
C03659,2024-05-12,2025-01-12,2025-12-31,1,Baja,9,7-12 meses,Anual,Cheque electrónico,Internet estándar,Patagonia,Profesional,62.29,0.0326,2,1,No,3,542.33,747.48
C03660,2024-05-13,,2025-12-31,0,Activo,20,13-24 meses,Mes a mes,Tarjeta automática,Internet estándar,AMBA,Profesional,50.96,0.0237,3,0,Sí,2,995.04,0.0
C03661,2024-05-13,2024-08-17,2025-12-31,1,Baja,4,4-6 meses,Mes a mes,Cheque electrónico,Internet estándar,Centro,Profesional,63.75,0.0505,1,1,No,3,242.12,765.0
C03662,2024-05-13,2025-07-26,2025-12-31,1,Baja,15,13-24 meses,Dos años,Débito automático,Internet fibra,Patagonia,Hogar,85.48,0.0665,0,0,Sí,4,1196.93,1025.76
C03663,2024-05-13,,2025-12-31,0,Activo,20,13-24 meses,Mes a mes,Débito automático,Internet estándar,NOA,PyME,108.99,0.0625,0,2,Sí,3,2043.56,0.0
C03664,2024-05-14,,2025-12-31,0,Activo,20,13-24 meses,Dos años,Transferencia,Streaming,Patagonia,Hogar,46.48,0.0441,1,0,No,3,888.6,0.0
C03665,2024-05-14,,2025-12-31,0,Activo,20,13-24 meses,Mes a mes,Tarjeta automática,Internet estándar,AMBA,Hogar,52.24,0.0019,0,0,Sí,3,1042.81,0.0
C03666,2024-05-15,,2025-12-31,0,Activo,20,13-24 meses,Anual,Débito automático,Internet estándar,AMBA,PyME,76.74,0.0611,1,1,Sí,4,1441.02,0.0
C03667,2024-05-15,,2025-12-31,0,Activo,20,13-24 meses,Anual,Tarjeta automática,Internet fibra,NOA,Hogar,99.46,0.1099,2,0,Sí,3,1770.59,0.0
C03668,2024-05-15,2025-01-09,2025-12-31,1,Baja,9,7-12 meses,Mes a mes,Transferencia,Telefonía móvil,Cuyo,PyME,87.75,0.0072,1,0,No,5,784.06,1053.0
C03669,2024-05-16,2024-05-11,2025-12-31,1,Baja,1,0-3 meses,Mes a mes,Débito automático,Streaming,Cuyo,Hogar,30.78,0.0735,5,0,Sí,1,28.52,369.36
C03670,2024-05-16,,2025-12-31,0,Activo,20,13-24 meses,Dos años,Cheque electrónico,Internet estándar,NOA,Hogar,50.12,0.0281,0,2,No,3,974.23,0.0
C03671,2024-05-16,,2025-12-31,0,Activo,20,13-24 meses,Mes a mes,Tarjeta automática,Telefonía móvil,Centro,Hogar,44.65,0.0878,1,0,Sí,5,814.59,0.0
C03672,2024-05-16,2025-06-26,2025-12-31,1,Baja,14,13-24 meses,Mes a mes,Cheque electrónico,Streaming,Centro,Profesional,47.53,0.021,2,0,No,2,651.45,570.36
C03673,2024-05-16,,2025-12-31,0,Activo,20,13-24 meses,Mes a mes,Tarjeta automática,Internet fibra,Patagonia,Hogar,78.72,0.0162,0,0,Sí,4,1548.89,0.0
C03674,2024-05-17,2024-06-20,2025-12-31,1,Baja,2,0-3 meses,Mes a mes,Transferencia,Streaming,NOA,Profesional,32.46,0.1082,3,0,No,2,57.9,389.52
C03675,2024-05-17,,2025-12-31,0,Activo,20,13-24 meses,Anual,Tarjeta automática,Telefonía móvil,Cuyo,Hogar,70.46,0.1369,2,0,Sí,5,1216.28,0.0
C03676,2024-05-17,,2025-12-31,0,Activo,20,13-24 meses,Mes a mes,Tarjeta automática,Internet fibra,AMBA,Hogar,85.17,0.051,1,0,Sí,4,1616.53,0.0
C03677,2024-05-17,2025-04-15,2025-12-31,1,Baja,12,7-12 meses,Mes a mes,Tarjeta automática,Streaming,AMBA,Profesional,47.57,0.095,4,0,Sí,2,516.61,570.84
C03678,2024-05-17,,2025-12-31,0,Activo,20,13-24 meses,Dos años,Transferencia,Internet fibra,AMBA,PyME,153.26,0.065,0,0,No,5,2865.96,0.0
C03679,2024-05-18,2025-12-06,2025-12-31,1,Baja,20,13-24 meses,Mes a mes,Tarjeta automática,Telefonía móvil,Cuyo,Hogar,30.21,0.0942,0,0,Sí,4,547.28,362.52
C03680,2024-05-18,,2025-12-31,0,Activo,20,13-24 meses,Mes a mes,Débito automático,Streaming,Litoral,Hogar,38.55,0.0658,0,1,Sí,4,720.27,0.0
C03681,2024-05-18,,2025-12-31,0,Activo,20,13-24 meses,Anual,Cheque electrónico,Telefonía móvil,Cuyo,Hogar,35.89,0.0445,1,4,No,2,685.86,0.0
C03682,2024-05-18,,2025-12-31,0,Activo,20,13-24 meses,Dos años,Débito automático,Streaming,Centro,Hogar,33.43,0.0121,0,0,Sí,5,660.51,0.0
C03683,2024-05-19,,2025-12-31,0,Activo,20,13-24 meses,Anual,Tarjeta automática,Internet fibra,Patagonia,Profesional,100.67,0.0396,0,0,Sí,5,1933.67,0.0
C03684,2024-05-19,,2025-12-31,0,Activo,20,13-24 meses,Anual,Tarjeta automática,Internet estándar,NOA,Hogar,23.3,0.0298,1,0,Sí,3,452.11,0.0
C03685,2024-05-19,,2025-12-31,0,Activo,20,13-24 meses,Mes a mes,Tarjeta automática,Telefonía móvil,Centro,Hogar,26.25,0.1353,0,0,Sí,4,453.97,0.0
C03686,2024-05-19,,2025-12-31,0,Activo,20,13-24 meses,Mes a mes,Débito automático,Internet fibra,Patagonia,Profesional,113.45,0.0864,1,1,Sí,4,2072.96,0.0
C03687,2024-05-20,,2025-12-31,0,Activo,20,13-24 meses,Dos años,Transferencia,Internet fibra,Litoral,Profesional,93.23,0.0771,1,0,No,3,1720.84,0.0
C03688,2024-05-20,,2025-12-31,0,Activo,20,13-24 meses,Dos años,Tarjeta automática,Streaming,Patagonia,Hogar,51.02,0.0814,1,1,Sí,4,937.34,0.0
C03689,2024-05-20,2024-12-12,2025-12-31,1,Baja,8,7-12 meses,Mes a mes,Tarjeta automática,Internet estándar,AMBA,PyME,118.41,0.1545,2,0,Sí,2,800.93,1420.92
C03690,2024-05-20,,2025-12-31,0,Activo,20,13-24 meses,Mes a mes,Transferencia,Internet fibra,Patagonia,Hogar,75.58,0.0207,1,0,No,2,1480.31,0.0
C03691,2024-05-21,2024-09-25,2025-12-31,1,Baja,5,4-6 meses,Mes a mes,Tarjeta automática,Internet fibra,Patagonia,Hogar,74.61,0.0359,2,1,Sí,3,359.66,895.32
C03692,2024-05-21,2025-01-09,2025-12-31,1,Baja,9,7-12 meses,Mes a mes,Débito automático,Internet estándar,Patagonia,PyME,122.13,0.0376,0,0,Sí,5,1057.84,1465.56
C03693,2024-05-22,2024-10-07,2025-12-31,1,Baja,6,4-6 meses,Dos años,Cheque electrónico,Streaming,NOA,Hogar,52.13,0.0124,1,0,No,5,308.9,625.56
C03694,2024-05-22,,2025-12-31,0,Activo,20,13-24 meses,Anual,Tarjeta automática,Internet estándar,Patagonia,PyME,100.85,0.0316,2,0,Sí,4,1953.26,0.0
C03695,2024-05-22,,2025-12-31,0,Activo,20,13-24 meses,Mes a mes,Débito automático,Internet estándar,NOA,Hogar,65.92,0.034,0,1,Sí,4,1273.57,0.0
C03696,2024-05-22,2025-05-04,2025-12-31,1,Baja,13,13-24 meses,Mes a mes,Cheque electrónico,Telefonía móvil,Patagonia,PyME,108.33,0.0416,2,0,No,5,1349.71,1299.96
C03697,2024-05-22,2025-01-23,2025-12-31,1,Baja,9,7-12 meses,Mes a mes,Transferencia,Internet fibra,Cuyo,Hogar,91.23,0.0015,0,1,No,4,819.84,1094.76
C03698,2024-05-22,2024-07-15,2025-12-31,1,Baja,3,0-3 meses,Mes a mes,Transferencia,Streaming,NOA,Hogar,30.11,0.074,0,0,No,4,83.65,361.32
C03699,2024-05-22,,2025-12-31,0,Activo,20,13-24 meses,Anual,Transferencia,Internet estándar,Patagonia,PyME,96.6,0.0436,0,1,No,5,1847.76,0.0
C03700,2024-05-22,,2025-12-31,0,Activo,20,13-24 meses,Mes a mes,Débito automático,Internet estándar,Litoral,Profesional,55.4,0.0526,1,0,Sí,4,1049.72,0.0
C03701,2024-05-23,2024-09-23,2025-12-31,1,Baja,5,4-6 meses,Mes a mes,Débito automático,Internet estándar,Litoral,PyME,89.65,0.0644,3,0,Sí,4,419.38,1075.8
C03702,2024-05-23,,2025-12-31,0,Activo,20,13-24 meses,Anual,Transferencia,Streaming,Cuyo,Hogar,50.02,0.0042,0,0,No,5,996.2,0.0
C03703,2024-05-23,,2025-12-31,0,Activo,20,13-24 meses,Dos años,Transferencia,Telefonía móvil,Litoral,Hogar,42.12,0.0834,0,0,No,4,772.14,0.0
C03704,2024-05-23,2024-10-07,2025-12-31,1,Baja,6,4-6 meses,Mes a mes,Transferencia,Internet fibra,Cuyo,Hogar,65.41,0.0638,0,1,No,3,367.42,784.92
C03705,2024-05-23,,2025-12-31,0,Activo,20,13-24 meses,Mes a mes,Débito automático,Internet fibra,AMBA,Hogar,89.03,0.0368,0,0,Sí,4,1715.07,0.0
C03706,2024-05-24,2024-05-15,2025-12-31,1,Baja,1,0-3 meses,Mes a mes,Cheque electrónico,Internet estándar,Cuyo,Hogar,43.73,0.0568,1,1,No,2,41.25,524.76
C03707,2024-05-24,,2025-12-31,0,Activo,20,13-24 meses,Mes a mes,Tarjeta automática,Internet estándar,NOA,Profesional,59.84,0.0456,1,0,Sí,4,1142.23,0.0
C03708,2024-05-24,,2025-12-31,0,Activo,20,13-24 meses,Mes a mes,Tarjeta automática,Internet fibra,Centro,Hogar,100.75,0.068,0,1,Sí,5,1877.98,0.0
C03709,2024-05-25,,2025-12-31,0,Activo,20,13-24 meses,Anual,Débito automático,Telefonía móvil,Patagonia,Hogar,27.36,0.0213,0,1,Sí,4,535.54,0.0
C03710,2024-05-25,,2025-12-31,0,Activo,20,13-24 meses,Mes a mes,Tarjeta automática,Telefonía móvil,Cuyo,Profesional,62.59,0.0768,4,1,Sí,2,1155.66,0.0
C03711,2024-05-25,2024-11-03,2025-12-31,1,Baja,7,7-12 meses,Mes a mes,Transferencia,Internet estándar,Centro,PyME,97.5,0.0584,2,0,No,4,642.64,1170.0
C03712,2024-05-25,,2025-12-31,0,Activo,20,13-24 meses,Dos años,Tarjeta automática,Internet estándar,Cuyo,Hogar,40.74,0.1077,4,0,Sí,3,727.05,0.0
C03713,2024-05-25,,2025-12-31,0,Activo,20,13-24 meses,Mes a mes,Transferencia,Internet fibra,NOA,Profesional,79.9,0.0719,0,0,No,4,1483.1,0.0
C03714,2024-05-26,,2025-12-31,0,Activo,20,13-24 meses,Anual,Débito automático,Internet estándar,AMBA,Profesional,67.66,0.0132,1,0,Sí,4,1335.34,0.0
C03715,2024-05-26,,2025-12-31,0,Activo,20,13-24 meses,Anual,Tarjeta automática,Streaming,Patagonia,Hogar,19.39,0.1441,1,0,Sí,3,331.92,0.0
C03716,2024-05-26,,2025-12-31,0,Activo,20,13-24 meses,Anual,Tarjeta automática,Telefonía móvil,Patagonia,Profesional,66.51,0.0053,5,0,Sí,3,1323.15,0.0
C03717,2024-05-26,,2025-12-31,0,Activo,20,13-24 meses,Anual,Débito automático,Internet estándar,Centro,PyME,103.48,0.0286,0,0,Sí,4,2010.41,0.0
C03718,2024-05-27,,2025-12-31,0,Activo,20,13-24 meses,Dos años,Transferencia,Internet fibra,Patagonia,Profesional,92.56,0.1373,0,1,No,5,1597.03,0.0
C03719,2024-05-27,,2025-12-31,0,Activo,20,13-24 meses,Anual,Débito automático,Internet fibra,Litoral,Hogar,68.45,0.0999,1,0,Sí,4,1232.24,0.0
C03720,2024-05-27,,2025-12-31,0,Activo,20,13-24 meses,Mes a mes,Tarjeta automática,Internet fibra,Cuyo,Hogar,93.74,0.0579,5,0,Sí,1,1766.25,0.0
C03721,2024-05-27,2025-04-01,2025-12-31,1,Baja,12,7-12 meses,Mes a mes,Tarjeta automática,Telefonía móvil,Centro,Profesional,68.09,0.0179,5,1,Sí,2,802.45,817.08
C03722,2024-05-27,2025-07-13,2025-12-31,1,Baja,15,13-24 meses,Mes a mes,Tarjeta automática,Telefonía móvil,NOA,Hogar,34.51,0.0912,3,0,Sí,3,470.44,414.12
C03723,2024-05-27,2025-02-03,2025-12-31,1,Baja,10,7-12 meses,Mes a mes,Tarjeta automática,Telefonía móvil,Centro,Hogar,27.05,0.0435,0,0,Sí,3,258.73,324.6
C03724,2024-05-28,,2025-12-31,0,Activo,20,13-24 meses,Mes a mes,Cheque electrónico,Telefonía móvil,NOA,Hogar,21.23,0.0922,1,0,No,4,385.45,0.0
C03725,2024-05-28,,2025-12-31,0,Activo,20,13-24 meses,Mes a mes,Tarjeta automática,Internet fibra,Litoral,Profesional,108.51,0.0796,0,0,Sí,3,1997.45,0.0
C03726,2024-05-28,2025-02-12,2025-12-31,1,Baja,10,7-12 meses,Mes a mes,Tarjeta automática,Streaming,NOA,Hogar,39.0,0.0693,0,0,Sí,5,362.97,468.0
C03727,2024-05-28,2024-05-03,2025-12-31,1,Baja,1,0-3 meses,Mes a mes,Cheque electrónico,Streaming,Centro,PyME,95.51,0.1608,0,2,No,3,80.15,1146.12
C03728,2024-05-28,,2025-12-31,0,Activo,20,13-24 meses,Mes a mes,Transferencia,Internet fibra,AMBA,Hogar,76.68,0.0617,0,0,No,5,1438.98,0.0
C03729,2024-05-28,,2025-12-31,0,Activo,20,13-24 meses,Anual,Débito automático,Internet estándar,Litoral,Profesional,75.87,0.0561,0,2,Sí,4,1432.27,0.0
C03730,2024-05-28,2025-04-17,2025-12-31,1,Baja,12,7-12 meses,Anual,Transferencia,Streaming,Cuyo,Hogar,40.3,0.0555,0,0,No,5,456.76,483.6
C03731,2024-05-29,,2025-12-31,0,Activo,20,13-24 meses,Anual,Cheque electrónico,Telefonía móvil,Litoral,Profesional,59.23,0.1264,0,2,No,3,1034.87,0.0
C03732,2024-05-29,2024-06-24,2025-12-31,1,Baja,2,0-3 meses,Mes a mes,Tarjeta automática,Internet fibra,Cuyo,Profesional,92.06,0.0798,5,1,Sí,2,169.43,1104.72
C03733,2024-05-29,,2025-12-31,0,Activo,20,13-24 meses,Dos años,Tarjeta automática,Telefonía móvil,Centro,Hogar,31.26,0.0599,2,0,Sí,2,587.75,0.0
C03734,2024-05-29,,2025-12-31,0,Activo,20,13-24 meses,Anual,Cheque electrónico,Telefonía móvil,Patagonia,Hogar,46.69,0.0638,3,1,No,3,874.22,0.0
C03735,2024-05-30,2024-10-21,2025-12-31,1,Baja,6,4-6 meses,Mes a mes,Cheque electrónico,Telefonía móvil,Litoral,PyME,103.15,0.0475,8,0,No,1,589.5,1237.8
C03736,2024-05-30,,2025-12-31,0,Activo,20,13-24 meses,Dos años,Cheque electrónico,Internet fibra,Litoral,Profesional,91.53,0.0714,2,1,No,3,1699.9,0.0
C03737,2024-05-30,2025-01-20,2025-12-31,1,Baja,9,7-12 meses,Mes a mes,Débito automático,Internet fibra,Patagonia,Hogar,74.82,0.0619,1,1,Sí,5,631.7,897.84
C03738,2024-05-31,,2025-12-31,0,Activo,20,13-24 meses,Anual,Cheque electrónico,Streaming,Patagonia,Hogar,26.61,0.0504,0,1,No,4,505.38,0.0
C03739,2024-05-31,2024-10-14,2025-12-31,1,Baja,6,4-6 meses,Anual,Débito automático,Internet estándar,Centro,PyME,112.7,0.0736,0,0,Sí,4,626.43,1352.4
C03740,2024-05-31,2025-02-13,2025-12-31,1,Baja,10,7-12 meses,Mes a mes,Transferencia,Internet fibra,Patagonia,Profesional,80.88,0.1574,6,1,No,1,681.49,970.56
C03741,2024-05-31,2025-05-12,2025-12-31,1,Baja,13,13-24 meses,Anual,Cheque electrónico,Telefonía móvil,Centro,Hogar,29.84,0.0555,2,1,No,3,366.39,358.08
C03742,2024-05-31,,2025-12-31,0,Activo,20,13-24 meses,Mes a mes,Tarjeta automática,Internet fibra,NOA,Hogar,66.06,0.0234,0,1,Sí,3,1290.28,0.0
C03743,2024-05-31,,2025-12-31,0,Activo,20,13-24 meses,Mes a mes,Tarjeta automática,Internet estándar,Patagonia,Hogar,47.37,0.0141,1,0,Sí,3,934.04,0.0
C03744,2024-05-31,,2025-12-31,0,Activo,20,13-24 meses,Mes a mes,Débito automático,Telefonía móvil,Litoral,Profesional,63.47,0.0707,1,0,Sí,3,1179.65,0.0
C03745,2024-05-31,,2025-12-31,0,Activo,20,13-24 meses,Mes a mes,Cheque electrónico,Internet estándar,Centro,Profesional,55.24,0.109,0,2,No,4,984.38,0.0
C03746,2024-05-31,,2025-12-31,0,Activo,20,13-24 meses,Mes a mes,Tarjeta automática,Telefonía móvil,NOA,Hogar,52.0,0.0464,1,0,Sí,3,991.74,0.0
C03747,2024-06-01,,2025-12-31,0,Activo,19,13-24 meses,Anual,Cheque electrónico,Internet estándar,Litoral,Hogar,65.09,0.0599,0,1,No,4,1162.63,0.0
C03748,2024-06-01,2024-07-01,2025-12-31,1,Baja,2,0-3 meses,Mes a mes,Débito automático,Internet estándar,Patagonia,Hogar,53.55,0.0423,1,0,Sí,5,102.57,642.6
C03749,2024-06-02,,2025-12-31,0,Activo,19,13-24 meses,Mes a mes,Débito automático,Internet fibra,AMBA,Hogar,90.35,0.047,0,0,Sí,4,1635.97,0.0
C03750,2024-06-02,,2025-12-31,0,Activo,19,13-24 meses,Anual,Débito automático,Internet estándar,Cuyo,PyME,93.93,0.0651,0,1,Sí,3,1668.49,0.0
C03751,2024-06-02,2024-09-16,2025-12-31,1,Baja,4,4-6 meses,Mes a mes,Cheque electrónico,Internet estándar,Centro,Profesional,57.2,0.0951,3,1,No,3,207.04,686.4
C03752,2024-06-02,2024-08-19,2025-12-31,1,Baja,3,0-3 meses,Mes a mes,Tarjeta automática,Telefonía móvil,Patagonia,Hogar,47.66,0.0806,1,1,Sí,5,131.46,571.92
C03753,2024-06-02,,2025-12-31,0,Activo,19,13-24 meses,Anual,Débito automático,Telefonía móvil,Cuyo,Hogar,41.58,0.0846,1,0,Sí,4,723.18,0.0
C03754,2024-06-03,2025-11-22,2025-12-31,1,Baja,18,13-24 meses,Dos años,Tarjeta automática,Internet fibra,AMBA,Hogar,68.17,0.0861,1,1,Sí,3,1121.41,818.04
C03755,2024-06-03,2024-06-27,2025-12-31,1,Baja,1,0-3 meses,Mes a mes,Cheque electrónico,Internet fibra,Litoral,Profesional,111.68,0.0609,2,2,No,3,104.88,1340.16
C03756,2024-06-04,,2025-12-31,0,Activo,19,13-24 meses,Mes a mes,Cheque electrónico,Streaming,AMBA,Hogar,32.29,0.1023,1,2,No,3,550.75,0.0
C03757,2024-06-04,,2025-12-31,0,Activo,19,13-24 meses,Anual,Tarjeta automática,Internet estándar,Cuyo,Hogar,56.72,0.0431,0,0,Sí,5,1031.23,0.0
C03758,2024-06-04,,2025-12-31,0,Activo,19,13-24 meses,Dos años,Tarjeta automática,Internet fibra,NOA,PyME,125.58,0.0645,1,0,Sí,2,2232.12,0.0
C03759,2024-06-04,,2025-12-31,0,Activo,19,13-24 meses,Mes a mes,Débito automático,Internet fibra,Cuyo,Hogar,96.48,0.0468,1,0,Sí,4,1747.33,0.0
C03760,2024-06-04,,2025-12-31,0,Activo,19,13-24 meses,Mes a mes,Débito automático,Internet fibra,Cuyo,Profesional,94.28,0.0412,1,0,Sí,4,1717.52,0.0
C03761,2024-06-05,2024-11-24,2025-12-31,1,Baja,6,4-6 meses,Mes a mes,Cheque electrónico,Internet estándar,AMBA,Hogar,60.21,0.0249,1,1,No,4,352.26,722.52
C03762,2024-06-05,,2025-12-31,0,Activo,19,13-24 meses,Anual,Débito automático,Internet fibra,Cuyo,Hogar,71.59,0.0531,1,2,Sí,2,1287.98,0.0
C03763,2024-06-05,,2025-12-31,0,Activo,19,13-24 meses,Dos años,Débito automático,Streaming,NOA,PyME,85.86,0.0941,4,0,Sí,1,1477.83,0.0
C03764,2024-06-05,,2025-12-31,0,Activo,19,13-24 meses,Anual,Transferencia,Internet fibra,NOA,Profesional,102.14,0.0646,0,1,No,4,1815.29,0.0
C03765,2024-06-05,2024-10-20,2025-12-31,1,Baja,5,4-6 meses,Mes a mes,Débito automático,Internet estándar,NOA,Profesional,88.95,0.0658,1,0,Sí,5,415.49,1067.4
C03766,2024-06-05,,2025-12-31,0,Activo,19,13-24 meses,Anual,Tarjeta automática,Internet estándar,Cuyo,Hogar,44.16,0.0503,2,0,Sí,3,796.84,0.0
C03767,2024-06-05,,2025-12-31,0,Activo,19,13-24 meses,Anual,Tarjeta automática,Internet fibra,AMBA,Hogar,80.23,0.0646,0,2,Sí,4,1425.9,0.0
C03768,2024-06-06,,2025-12-31,0,Activo,19,13-24 meses,Mes a mes,Débito automático,Telefonía móvil,Centro,Hogar,48.51,0.051,0,0,Sí,4,874.68,0.0
C03769,2024-06-06,,2025-12-31,0,Activo,19,13-24 meses,Anual,Transferencia,Streaming,Centro,Hogar,18.0,0.0097,0,0,No,4,338.68,0.0
C03770,2024-06-06,,2025-12-31,0,Activo,19,13-24 meses,Mes a mes,Tarjeta automática,Telefonía móvil,AMBA,Hogar,18.08,0.0928,0,0,Sí,4,311.64,0.0
C03771,2024-06-06,,2025-12-31,0,Activo,19,13-24 meses,Mes a mes,Débito automático,Internet estándar,Patagonia,Hogar,38.05,0.0109,1,0,Sí,3,715.07,0.0
C03772,2024-06-07,,2025-12-31,0,Activo,19,13-24 meses,Anual,Tarjeta automática,Internet estándar,Litoral,Hogar,59.64,0.0334,2,0,Sí,4,1095.31,0.0
C03773,2024-06-07,2025-10-26,2025-12-31,1,Baja,17,13-24 meses,Mes a mes,Transferencia,Internet fibra,Patagonia,Hogar,96.88,0.0295,1,0,No,3,1598.37,1162.56
C03774,2024-06-08,,2025-12-31,0,Activo,19,13-24 meses,Dos años,Tarjeta automática,Internet estándar,Centro,Hogar,38.85,0.0383,1,1,Sí,4,709.88,0.0
C03775,2024-06-08,2025-03-26,2025-12-31,1,Baja,10,7-12 meses,Mes a mes,Débito automático,Streaming,Patagonia,Hogar,18.0,0.0283,1,1,Sí,3,174.91,216.0
C03776,2024-06-08,,2025-12-31,0,Activo,19,13-24 meses,Mes a mes,Tarjeta automática,Internet estándar,AMBA,Profesional,83.88,0.0164,0,0,Sí,5,1567.58,0.0
C03777,2024-06-08,,2025-12-31,0,Activo,19,13-24 meses,Mes a mes,Débito automático,Internet fibra,Patagonia,PyME,126.78,0.0712,0,0,Sí,3,2237.31,0.0
C03778,2024-06-08,,2025-12-31,0,Activo,19,13-24 meses,Mes a mes,Tarjeta automática,Internet fibra,Patagonia,Hogar,73.91,0.1359,3,1,Sí,3,1213.45,0.0
C03779,2024-06-09,,2025-12-31,0,Activo,19,13-24 meses,Mes a mes,Débito automático,Internet fibra,Centro,Hogar,94.05,0.0473,0,0,Sí,4,1702.43,0.0
C03780,2024-06-09,,2025-12-31,0,Activo,19,13-24 meses,Anual,Transferencia,Internet estándar,Centro,Profesional,81.24,0.085,0,1,No,3,1412.36,0.0
C03781,2024-06-09,,2025-12-31,0,Activo,19,13-24 meses,Mes a mes,Tarjeta automática,Streaming,Cuyo,Hogar,39.27,0.0178,0,0,Sí,4,732.85,0.0
C03782,2024-06-10,,2025-12-31,0,Activo,19,13-24 meses,Mes a mes,Transferencia,Telefonía móvil,Litoral,Profesional,41.17,0.1024,0,1,No,4,702.13,0.0
C03783,2024-06-10,2025-11-22,2025-12-31,1,Baja,18,13-24 meses,Anual,Débito automático,Internet fibra,Litoral,Hogar,64.16,0.0184,6,0,Sí,1,1133.63,769.92
C03784,2024-06-10,2024-12-27,2025-12-31,1,Baja,7,7-12 meses,Mes a mes,Débito automático,Internet fibra,AMBA,Hogar,90.33,0.0716,6,2,Sí,1,587.04,1083.96
C03785,2024-06-10,,2025-12-31,0,Activo,19,13-24 meses,Anual,Transferencia,Internet fibra,Cuyo,Hogar,81.5,0.0977,0,1,No,3,1397.21,0.0
C03786,2024-06-12,2025-06-20,2025-12-31,1,Baja,13,13-24 meses,Mes a mes,Débito automático,Internet fibra,Litoral,Profesional,87.44,0.0323,1,1,Sí,3,1100.0,1049.28
C03787,2024-06-12,2025-03-02,2025-12-31,1,Baja,10,7-12 meses,Mes a mes,Transferencia,Streaming,Litoral,Hogar,25.21,0.0329,2,2,No,4,243.81,302.52
C03788,2024-06-13,,2025-12-31,0,Activo,19,13-24 meses,Anual,Transferencia,Internet fibra,Litoral,Hogar,90.22,0.0348,2,1,No,3,1654.53,0.0
C03789,2024-06-13,,2025-12-31,0,Activo,19,13-24 meses,Anual,Transferencia,Telefonía móvil,Litoral,Hogar,58.8,0.0654,5,1,No,1,1044.14,0.0
C03790,2024-06-14,,2025-12-31,0,Activo,19,13-24 meses,Dos años,Tarjeta automática,Telefonía móvil,Cuyo,Hogar,41.93,0.0433,1,1,Sí,4,762.17,0.0
C03791,2024-06-14,2025-11-10,2025-12-31,1,Baja,18,13-24 meses,Mes a mes,Transferencia,Internet estándar,Litoral,PyME,96.44,0.0224,5,2,No,1,1697.04,1157.28
C03792,2024-06-14,,2025-12-31,0,Activo,19,13-24 meses,Mes a mes,Tarjeta automática,Telefonía móvil,Cuyo,Hogar,38.97,0.0051,0,0,Sí,5,736.65,0.0
C03793,2024-06-14,,2025-12-31,0,Activo,19,13-24 meses,Anual,Débito automático,Streaming,Centro,Hogar,43.77,0.0214,0,1,Sí,5,813.83,0.0
C03794,2024-06-14,2025-05-19,2025-12-31,1,Baja,12,7-12 meses,Anual,Tarjeta automática,Telefonía móvil,Centro,Hogar,56.56,0.0418,7,0,Sí,1,650.35,678.72
C03795,2024-06-15,2024-09-17,2025-12-31,1,Baja,4,4-6 meses,Anual,Tarjeta automática,Internet fibra,Cuyo,Hogar,80.14,0.0608,0,1,Sí,4,301.07,961.68
C03796,2024-06-15,2024-06-09,2025-12-31,1,Baja,1,0-3 meses,Mes a mes,Transferencia,Telefonía móvil,AMBA,PyME,91.18,0.0324,1,1,No,3,88.23,1094.16
C03797,2024-06-15,2025-09-20,2025-12-31,1,Baja,16,13-24 meses,Anual,Cheque electrónico,Internet fibra,Centro,Profesional,107.91,0.0563,0,0,No,4,1629.35,1294.92
C03798,2024-06-15,,2025-12-31,0,Activo,19,13-24 meses,Mes a mes,Tarjeta automática,Internet estándar,AMBA,Hogar,66.85,0.0073,2,1,Sí,4,1260.88,0.0
C03799,2024-06-15,,2025-12-31,0,Activo,19,13-24 meses,Mes a mes,Débito automático,Telefonía móvil,Cuyo,Hogar,26.01,0.0739,0,0,Sí,3,457.67,0.0
C03800,2024-06-15,2024-08-05,2025-12-31,1,Baja,3,0-3 meses,Mes a mes,Transferencia,Internet estándar,Cuyo,Profesional,64.44,0.0068,3,0,No,2,192.01,773.28
C03801,2024-06-15,2024-12-10,2025-12-31,1,Baja,7,7-12 meses,Mes a mes,Cheque electrónico,Internet fibra,AMBA,Hogar,90.72,0.0443,0,0,No,5,606.91,1088.64
C03802,2024-06-16,,2025-12-31,0,Activo,19,13-24 meses,Anual,Transferencia,Internet fibra,AMBA,Hogar,78.81,0.0356,1,0,No,5,1444.08,0.0
C03803,2024-06-16,2025-09-06,2025-12-31,1,Baja,16,13-24 meses,Mes a mes,Tarjeta automática,Internet fibra,Litoral,Hogar,72.63,0.07,0,0,Sí,5,1080.73,871.56
C03804,2024-06-16,,2025-12-31,0,Activo,19,13-24 meses,Mes a mes,Tarjeta automática,Internet estándar,Centro,Hogar,51.04,0.0879,0,2,Sí,3,884.52,0.0
C03805,2024-06-17,2024-10-07,2025-12-31,1,Baja,5,4-6 meses,Dos años,Transferencia,Internet estándar,NOA,Hogar,53.08,0.0596,0,2,No,3,249.58,636.96
C03806,2024-06-18,,2025-12-31,0,Activo,19,13-24 meses,Anual,Tarjeta automática,Internet estándar,AMBA,Hogar,36.6,0.0513,0,1,Sí,4,659.73,0.0
C03807,2024-06-18,2024-11-08,2025-12-31,1,Baja,6,4-6 meses,Mes a mes,Cheque electrónico,Telefonía móvil,Cuyo,Profesional,61.0,0.1715,4,0,No,3,303.23,732.0
C03808,2024-06-18,,2025-12-31,0,Activo,19,13-24 meses,Dos años,Cheque electrónico,Internet fibra,Patagonia,Hogar,82.04,0.0834,0,1,No,4,1428.76,0.0
C03809,2024-06-18,,2025-12-31,0,Activo,19,13-24 meses,Mes a mes,Cheque electrónico,Telefonía móvil,AMBA,Profesional,54.6,0.0189,3,1,No,5,1017.79,0.0
C03810,2024-06-18,,2025-12-31,0,Activo,19,13-24 meses,Anual,Tarjeta automática,Internet estándar,Cuyo,Hogar,40.43,0.0155,0,0,Sí,5,756.26,0.0
C03811,2024-06-18,2024-08-27,2025-12-31,1,Baja,3,0-3 meses,Mes a mes,Transferencia,Streaming,Cuyo,Profesional,41.08,0.0551,1,0,No,5,116.45,492.96
C03812,2024-06-19,,2025-12-31,0,Activo,19,13-24 meses,Mes a mes,Transferencia,Streaming,Litoral,Hogar,18.32,0.0849,2,1,No,3,318.53,0.0
C03813,2024-06-19,,2025-12-31,0,Activo,19,13-24 meses,Mes a mes,Tarjeta automática,Telefonía móvil,NOA,Hogar,51.36,0.0286,2,0,Sí,3,947.93,0.0
C03814,2024-06-19,,2025-12-31,0,Activo,19,13-24 meses,Mes a mes,Tarjeta automática,Internet fibra,Litoral,Hogar,67.18,0.0507,0,0,Sí,5,1211.71,0.0
C03815,2024-06-20,2024-08-09,2025-12-31,1,Baja,3,0-3 meses,Mes a mes,Tarjeta automática,Internet estándar,Cuyo,Hogar,51.08,0.1048,0,0,Sí,3,137.18,612.96
C03816,2024-06-20,2024-06-27,2025-12-31,1,Baja,1,0-3 meses,Mes a mes,Débito automático,Telefonía móvil,Cuyo,Hogar,37.88,0.1019,3,0,Sí,3,34.02,454.56
C03817,2024-06-21,,2025-12-31,0,Activo,19,13-24 meses,Anual,Cheque electrónico,Streaming,Litoral,Hogar,21.23,0.0508,1,1,No,4,382.88,0.0
C03818,2024-06-21,2025-08-11,2025-12-31,1,Baja,15,13-24 meses,Mes a mes,Cheque electrónico,Internet fibra,Centro,Hogar,93.08,0.0464,2,2,No,2,1331.42,1116.96
C03819,2024-06-21,,2025-12-31,0,Activo,19,13-24 meses,Mes a mes,Tarjeta automática,Streaming,Patagonia,Hogar,27.56,0.1925,0,0,Sí,5,422.84,0.0
C03820,2024-06-21,,2025-12-31,0,Activo,19,13-24 meses,Dos años,Débito automático,Telefonía móvil,Cuyo,Hogar,34.64,0.0726,4,0,Sí,2,610.38,0.0
C03821,2024-06-22,,2025-12-31,0,Activo,19,13-24 meses,Anual,Tarjeta automática,Internet fibra,AMBA,Hogar,69.58,0.0278,0,0,Sí,4,1285.27,0.0
C03822,2024-06-22,,2025-12-31,0,Activo,19,13-24 meses,Dos años,Tarjeta automática,Streaming,Litoral,PyME,87.73,0.0477,0,0,Sí,3,1587.36,0.0
C03823,2024-06-22,2025-06-19,2025-12-31,1,Baja,13,13-24 meses,Mes a mes,Tarjeta automática,Telefonía móvil,Centro,Profesional,69.09,0.034,0,0,Sí,5,867.63,829.08
C03824,2024-06-22,,2025-12-31,0,Activo,19,13-24 meses,Mes a mes,Transferencia,Internet estándar,Cuyo,PyME,117.98,0.1165,0,0,No,4,1980.47,0.0
C03825,2024-06-22,,2025-12-31,0,Activo,19,13-24 meses,Anual,Transferencia,Internet fibra,Centro,PyME,131.16,0.0379,0,0,No,4,2397.59,0.0
C03826,2024-06-23,2024-08-15,2025-12-31,1,Baja,3,0-3 meses,Mes a mes,Cheque electrónico,Internet estándar,AMBA,Hogar,46.49,0.0333,0,1,No,3,134.83,557.88
C03827,2024-06-23,2025-12-15,2025-12-31,1,Baja,19,13-24 meses,Mes a mes,Cheque electrónico,Streaming,Centro,Hogar,30.44,0.0694,1,1,No,3,538.22,365.28
C03828,2024-06-23,,2025-12-31,0,Activo,19,13-24 meses,Dos años,Tarjeta automática,Internet estándar,NOA,Hogar,50.84,0.0415,0,0,Sí,4,925.87,0.0
C03829,2024-06-23,,2025-12-31,0,Activo,19,13-24 meses,Anual,Transferencia,Streaming,Centro,Hogar,20.51,0.1119,1,1,No,2,346.08,0.0
C03830,2024-06-23,2024-09-17,2025-12-31,1,Baja,4,4-6 meses,Anual,Tarjeta automática,Internet estándar,Patagonia,Profesional,83.09,0.0791,5,0,Sí,1,306.07,997.08
C03831,2024-06-24,,2025-12-31,0,Activo,19,13-24 meses,Mes a mes,Débito automático,Telefonía móvil,Cuyo,PyME,97.24,0.0377,3,0,Sí,3,1777.91,0.0
C03832,2024-06-24,,2025-12-31,0,Activo,19,13-24 meses,Anual,Débito automático,Telefonía móvil,AMBA,Hogar,47.88,0.0176,2,1,Sí,3,893.71,0.0
C03833,2024-06-24,2024-07-15,2025-12-31,1,Baja,2,0-3 meses,Mes a mes,Tarjeta automática,Telefonía móvil,NOA,PyME,101.67,0.0442,4,0,Sí,2,194.35,1220.04
C03834,2024-06-25,,2025-12-31,0,Activo,19,13-24 meses,Dos años,Tarjeta automática,Internet estándar,NOA,Profesional,71.44,0.0351,1,1,Sí,3,1309.72,0.0
C03835,2024-06-25,,2025-12-31,0,Activo,19,13-24 meses,Mes a mes,Tarjeta automática,Internet fibra,Centro,Hogar,66.95,0.0279,0,0,Sí,5,1236.56,0.0
C03836,2024-06-25,2024-12-21,2025-12-31,1,Baja,7,7-12 meses,Mes a mes,Tarjeta automática,Streaming,Centro,Hogar,28.93,0.0581,2,0,Sí,4,190.74,347.16
C03837,2024-06-25,2024-09-25,2025-12-31,1,Baja,4,4-6 meses,Mes a mes,Cheque electrónico,Internet fibra,NOA,PyME,158.09,0.049,0,3,No,4,601.37,1897.08
C03838,2024-06-26,,2025-12-31,0,Activo,19,13-24 meses,Anual,Tarjeta automática,Internet estándar,AMBA,Profesional,84.46,0.0257,0,0,Sí,5,1563.5,0.0
C03839,2024-06-26,,2025-12-31,0,Activo,19,13-24 meses,Dos años,Débito automático,Internet fibra,NOA,Hogar,79.73,0.0504,0,0,Sí,5,1438.52,0.0
C03840,2024-06-26,,2025-12-31,0,Activo,19,13-24 meses,Dos años,Cheque electrónico,Internet estándar,Centro,Hogar,44.96,0.0123,0,0,No,5,843.73,0.0
C03841,2024-06-26,,2025-12-31,0,Activo,19,13-24 meses,Anual,Débito automático,Streaming,NOA,Profesional,22.6,0.084,0,0,Sí,3,393.33,0.0
C03842,2024-06-26,,2025-12-31,0,Activo,19,13-24 meses,Dos años,Débito automático,Internet estándar,NOA,Profesional,61.53,0.0257,0,0,Sí,4,1139.02,0.0
C03843,2024-06-26,2025-06-22,2025-12-31,1,Baja,13,13-24 meses,Anual,Cheque electrónico,Internet estándar,Centro,Hogar,48.14,0.0668,0,1,No,3,584.02,577.68
C03844,2024-06-26,2025-04-26,2025-12-31,1,Baja,11,7-12 meses,Mes a mes,Tarjeta automática,Internet fibra,Centro,PyME,129.51,0.0439,4,0,Sí,3,1362.07,1554.12
C03845,2024-06-27,,2025-12-31,0,Activo,19,13-24 meses,Anual,Tarjeta automática,Internet fibra,AMBA,Hogar,75.28,0.0741,1,1,Sí,3,1324.33,0.0
C03846,2024-06-27,,2025-12-31,0,Activo,19,13-24 meses,Mes a mes,Débito automático,Internet estándar,Patagonia,PyME,110.85,0.0505,2,0,Sí,3,1999.79,0.0
C03847,2024-06-28,2024-08-18,2025-12-31,1,Baja,3,0-3 meses,Mes a mes,Débito automático,Telefonía móvil,Cuyo,Hogar,31.0,0.117,0,0,Sí,5,82.12,372.0
C03848,2024-06-28,2024-06-24,2025-12-31,1,Baja,1,0-3 meses,Mes a mes,Cheque electrónico,Telefonía móvil,Litoral,Profesional,63.0,0.1003,2,1,No,4,56.68,756.0
C03849,2024-06-29,,2025-12-31,0,Activo,19,13-24 meses,Mes a mes,Tarjeta automática,Telefonía móvil,Litoral,PyME,95.79,0.007,3,1,Sí,3,1807.27,0.0
C03850,2024-06-29,,2025-12-31,0,Activo,19,13-24 meses,Dos años,Transferencia,Internet fibra,Litoral,Profesional,86.29,0.0262,0,0,No,4,1596.55,0.0
C03851,2024-06-29,,2025-12-31,0,Activo,19,13-24 meses,Dos años,Transferencia,Internet fibra,Centro,Hogar,96.42,0.0256,2,1,No,4,1785.08,0.0
C03852,2024-06-29,2025-01-16,2025-12-31,1,Baja,8,7-12 meses,Mes a mes,Cheque electrónico,Internet estándar,Cuyo,Profesional,75.23,0.053,0,2,No,4,569.94,902.76
C03853,2024-06-29,,2025-12-31,0,Activo,19,13-24 meses,Anual,Tarjeta automática,Streaming,Litoral,Hogar,20.35,0.0561,0,1,Sí,3,364.96,0.0
C03854,2024-06-29,,2025-12-31,0,Activo,19,13-24 meses,Mes a mes,Tarjeta automática,Streaming,AMBA,Hogar,34.69,0.0282,3,0,Sí,2,640.52,0.0
C03855,2024-06-30,,2025-12-31,0,Activo,19,13-24 meses,Mes a mes,Cheque electrónico,Telefonía móvil,Cuyo,Profesional,44.72,0.0568,1,0,No,3,801.42,0.0
C03856,2024-06-30,2025-01-03,2025-12-31,1,Baja,8,7-12 meses,Mes a mes,Transferencia,Internet estándar,Patagonia,Hogar,41.7,0.1006,2,0,No,4,300.04,500.4
C03857,2024-06-30,2025-03-02,2025-12-31,1,Baja,10,7-12 meses,Mes a mes,Tarjeta automática,Internet estándar,Cuyo,Hogar,63.6,0.0403,4,0,Sí,3,610.37,763.2
C03858,2024-06-30,,2025-12-31,0,Activo,19,13-24 meses,Mes a mes,Tarjeta automática,Telefonía móvil,Cuyo,Hogar,45.87,0.0394,0,0,Sí,4,837.19,0.0
C03859,2024-06-30,2024-08-01,2025-12-31,1,Baja,3,0-3 meses,Mes a mes,Cheque electrónico,Internet fibra,NOA,Hogar,80.98,0.041,4,1,No,1,232.98,971.76
C03860,2024-07-01,2024-07-05,2025-12-31,1,Baja,1,0-3 meses,Mes a mes,Débito automático,Telefonía móvil,Litoral,Hogar,52.86,0.0542,0,0,Sí,5,49.99,634.32
C03861,2024-07-01,,2025-12-31,0,Activo,18,13-24 meses,Mes a mes,Débito automático,Streaming,Patagonia,Profesional,53.72,0.0572,0,0,Sí,5,911.65,0.0
C03862,2024-07-01,,2025-12-31,0,Activo,18,13-24 meses,Dos años,Cheque electrónico,Internet fibra,AMBA,Hogar,75.07,0.0686,0,1,No,2,1258.56,0.0
C03863,2024-07-01,2024-11-26,2025-12-31,1,Baja,5,4-6 meses,Mes a mes,Tarjeta automática,Telefonía móvil,NOA,Hogar,52.3,0.067,3,0,Sí,1,243.98,627.6
C03864,2024-07-01,2025-11-20,2025-12-31,1,Baja,17,13-24 meses,Mes a mes,Tarjeta automática,Telefonía móvil,Patagonia,Hogar,23.42,0.0276,0,0,Sí,5,387.15,281.04
C03865,2024-07-01,,2025-12-31,0,Activo,18,13-24 meses,Mes a mes,Transferencia,Telefonía móvil,Patagonia,Hogar,34.66,0.0351,1,0,No,3,601.98,0.0
C03866,2024-07-02,2024-07-03,2025-12-31,1,Baja,1,0-3 meses,Mes a mes,Cheque electrónico,Internet fibra,Patagonia,Hogar,76.93,0.0208,0,0,No,5,75.33,923.16
C03867,2024-07-02,,2025-12-31,0,Activo,18,13-24 meses,Mes a mes,Tarjeta automática,Internet fibra,Litoral,Hogar,84.03,0.034,0,1,Sí,4,1461.11,0.0
C03868,2024-07-02,,2025-12-31,0,Activo,18,13-24 meses,Mes a mes,Transferencia,Streaming,Litoral,PyME,80.43,0.0804,1,0,No,4,1331.34,0.0
C03869,2024-07-02,,2025-12-31,0,Activo,18,13-24 meses,Anual,Tarjeta automática,Internet fibra,Litoral,PyME,113.38,0.0348,3,0,Sí,2,1969.82,0.0
C03870,2024-07-03,,2025-12-31,0,Activo,18,13-24 meses,Mes a mes,Tarjeta automática,Internet fibra,Cuyo,Hogar,56.83,0.0332,0,0,Sí,4,988.98,0.0
C03871,2024-07-03,,2025-12-31,0,Activo,18,13-24 meses,Anual,Cheque electrónico,Internet estándar,Patagonia,Hogar,48.25,0.0239,0,1,No,4,847.74,0.0
C03872,2024-07-03,,2025-12-31,0,Activo,18,13-24 meses,Mes a mes,Tarjeta automática,Internet fibra,Cuyo,Hogar,72.74,0.1226,0,2,Sí,5,1148.8,0.0
C03873,2024-07-03,,2025-12-31,0,Activo,18,13-24 meses,Mes a mes,Tarjeta automática,Streaming,Patagonia,Hogar,18.99,0.0565,1,1,Sí,4,322.51,0.0
C03874,2024-07-04,,2025-12-31,0,Activo,18,13-24 meses,Mes a mes,Transferencia,Internet estándar,Cuyo,Hogar,37.15,0.0796,0,0,No,4,615.47,0.0
C03875,2024-07-04,,2025-12-31,0,Activo,18,13-24 meses,Mes a mes,Débito automático,Internet fibra,Cuyo,Hogar,79.47,0.131,0,1,Sí,5,1243.07,0.0
C03876,2024-07-04,2025-05-24,2025-12-31,1,Baja,11,7-12 meses,Mes a mes,Débito automático,Internet estándar,AMBA,Hogar,63.32,0.0271,2,0,Sí,4,677.64,759.84
C03877,2024-07-05,2024-12-01,2025-12-31,1,Baja,6,4-6 meses,Mes a mes,Cheque electrónico,Internet fibra,NOA,Hogar,79.47,0.0148,0,1,No,3,469.76,953.64
C03878,2024-07-06,2024-10-10,2025-12-31,1,Baja,4,4-6 meses,Mes a mes,Tarjeta automática,Internet fibra,Patagonia,PyME,147.47,0.0517,2,1,Sí,2,559.38,1769.64
C03879,2024-07-06,,2025-12-31,0,Activo,18,13-24 meses,Anual,Transferencia,Internet estándar,Centro,Hogar,44.89,0.0542,0,2,No,4,764.23,0.0
C03880,2024-07-07,,2025-12-31,0,Activo,18,13-24 meses,Mes a mes,Débito automático,Internet estándar,AMBA,Hogar,53.88,0.1108,2,0,Sí,3,862.38,0.0
C03881,2024-07-07,,2025-12-31,0,Activo,18,13-24 meses,Mes a mes,Tarjeta automática,Internet estándar,NOA,PyME,118.87,0.0948,1,0,Sí,3,1936.82,0.0
C03882,2024-07-07,2025-02-26,2025-12-31,1,Baja,8,7-12 meses,Anual,Transferencia,Streaming,AMBA,Hogar,27.26,0.0706,3,1,No,1,202.68,327.12
C03883,2024-07-07,,2025-12-31,0,Activo,18,13-24 meses,Mes a mes,Débito automático,Internet estándar,Cuyo,Hogar,49.29,0.0478,0,0,Sí,4,844.81,0.0
C03884,2024-07-07,,2025-12-31,0,Activo,18,13-24 meses,Anual,Cheque electrónico,Streaming,AMBA,Hogar,24.88,0.0995,0,1,No,4,403.28,0.0
C03885,2024-07-07,,2025-12-31,0,Activo,18,13-24 meses,Dos años,Cheque electrónico,Internet estándar,Patagonia,Profesional,73.52,0.0425,2,1,No,4,1267.12,0.0
C03886,2024-07-07,2025-05-09,2025-12-31,1,Baja,11,7-12 meses,Dos años,Cheque electrónico,Streaming,Centro,Hogar,38.92,0.0597,8,1,No,1,402.56,467.04
C03887,2024-07-08,,2025-12-31,0,Activo,18,13-24 meses,Mes a mes,Débito automático,Internet estándar,Cuyo,Hogar,52.86,0.0461,0,0,Sí,4,907.62,0.0
C03888,2024-07-08,,2025-12-31,0,Activo,18,13-24 meses,Mes a mes,Tarjeta automática,Internet fibra,Litoral,Hogar,75.48,0.0436,0,0,Sí,4,1299.4,0.0
C03889,2024-07-08,,2025-12-31,0,Activo,18,13-24 meses,Anual,Cheque electrónico,Streaming,Cuyo,Hogar,18.0,0.0823,0,1,No,4,297.33,0.0
C03890,2024-07-09,,2025-12-31,0,Activo,18,13-24 meses,Anual,Débito automático,Telefonía móvil,Patagonia,Hogar,41.47,0.0176,0,1,Sí,4,733.32,0.0
C03891,2024-07-09,,2025-12-31,0,Activo,18,13-24 meses,Anual,Transferencia,Internet fibra,Litoral,Hogar,75.89,0.0517,0,0,No,5,1295.4,0.0
C03892,2024-07-09,2024-07-09,2025-12-31,1,Baja,1,0-3 meses,Mes a mes,Cheque electrónico,Streaming,Cuyo,Hogar,31.6,0.066,5,0,No,2,29.51,379.2
C03893,2024-07-09,2025-01-26,2025-12-31,1,Baja,7,7-12 meses,Mes a mes,Tarjeta automática,Telefonía móvil,Centro,Hogar,43.28,0.0182,0,0,Sí,5,297.45,519.36
C03894,2024-07-10,,2025-12-31,0,Activo,18,13-24 meses,Mes a mes,Tarjeta automática,Internet fibra,Cuyo,Profesional,113.3,0.0311,1,0,Sí,4,1975.97,0.0
C03895,2024-07-11,,2025-12-31,0,Activo,18,13-24 meses,Mes a mes,Transferencia,Telefonía móvil,Centro,Hogar,34.34,0.1029,1,0,No,4,554.52,0.0
C03896,2024-07-12,,2025-12-31,0,Activo,18,13-24 meses,Mes a mes,Transferencia,Internet estándar,Litoral,Hogar,31.67,0.0156,3,0,No,2,561.17,0.0
C03897,2024-07-12,,2025-12-31,0,Activo,18,13-24 meses,Dos años,Tarjeta automática,Streaming,Patagonia,Hogar,18.0,0.0303,2,0,Sí,4,314.18,0.0
C03898,2024-07-12,,2025-12-31,0,Activo,18,13-24 meses,Mes a mes,Débito automático,Telefonía móvil,Litoral,Hogar,35.03,0.0839,1,1,Sí,4,577.64,0.0
C03899,2024-07-13,,2025-12-31,0,Activo,18,13-24 meses,Anual,Cheque electrónico,Telefonía móvil,AMBA,Hogar,53.9,0.0366,1,0,No,4,934.69,0.0
C03900,2024-07-13,,2025-12-31,0,Activo,18,13-24 meses,Dos años,Débito automático,Streaming,NOA,Hogar,18.0,0.0262,1,0,Sí,4,315.51,0.0
C03901,2024-07-14,2025-11-11,2025-12-31,1,Baja,17,13-24 meses,Mes a mes,Tarjeta automática,Streaming,Patagonia,Profesional,34.2,0.0802,1,0,Sí,4,534.77,410.4
C03902,2024-07-15,,2025-12-31,0,Activo,18,13-24 meses,Mes a mes,Transferencia,Internet fibra,Patagonia,Hogar,82.55,0.0218,2,0,No,5,1453.51,0.0
C03903,2024-07-15,,2025-12-31,0,Activo,18,13-24 meses,Anual,Cheque electrónico,Internet fibra,AMBA,Hogar,87.34,0.0768,1,1,No,2,1451.38,0.0
C03904,2024-07-15,2024-10-15,2025-12-31,1,Baja,4,4-6 meses,Mes a mes,Cheque electrónico,Telefonía móvil,Patagonia,Profesional,42.96,0.0179,2,1,No,4,168.76,515.52
C03905,2024-07-16,,2025-12-31,0,Activo,18,13-24 meses,Mes a mes,Tarjeta automática,Internet estándar,Cuyo,Hogar,29.51,0.0762,0,1,Sí,4,490.7,0.0
C03906,2024-07-16,,2025-12-31,0,Activo,18,13-24 meses,Anual,Cheque electrónico,Telefonía móvil,NOA,Hogar,33.35,0.044,3,1,No,2,573.89,0.0
C03907,2024-07-16,,2025-12-31,0,Activo,18,13-24 meses,Anual,Transferencia,Internet fibra,Patagonia,PyME,140.23,0.098,3,0,No,3,2276.77,0.0
C03908,2024-07-16,,2025-12-31,0,Activo,18,13-24 meses,Anual,Transferencia,Internet fibra,NOA,Hogar,79.58,0.0325,0,1,No,4,1385.89,0.0
C03909,2024-07-16,,2025-12-31,0,Activo,18,13-24 meses,Dos años,Débito automático,Internet fibra,AMBA,Hogar,69.75,0.023,1,0,Sí,3,1226.62,0.0
C03910,2024-07-17,,2025-12-31,0,Activo,18,13-24 meses,Mes a mes,Tarjeta automática,Internet estándar,Litoral,Hogar,57.13,0.0932,0,0,Sí,5,932.5,0.0
C03911,2024-07-17,2025-07-11,2025-12-31,1,Baja,13,13-24 meses,Anual,Débito automático,Internet fibra,Patagonia,Hogar,79.37,0.052,5,1,Sí,2,978.16,952.44
C03912,2024-07-17,2025-02-04,2025-12-31,1,Baja,8,7-12 meses,Anual,Tarjeta automática,Internet estándar,Litoral,Hogar,47.82,0.0415,3,1,Sí,2,366.68,573.84
C03913,2024-07-18,,2025-12-31,0,Activo,18,13-24 meses,Anual,Tarjeta automática,Telefonía móvil,Patagonia,Profesional,42.24,0.0743,1,0,Sí,5,703.83,0.0
C03914,2024-07-18,2024-09-24,2025-12-31,1,Baja,3,0-3 meses,Anual,Cheque electrónico,Telefonía móvil,Patagonia,Profesional,51.52,0.0757,0,0,No,5,142.86,618.24
C03915,2024-07-18,,2025-12-31,0,Activo,18,13-24 meses,Anual,Tarjeta automática,Telefonía móvil,AMBA,Hogar,63.53,0.138,2,0,Sí,4,985.73,0.0
C03916,2024-07-18,,2025-12-31,0,Activo,18,13-24 meses,Dos años,Cheque electrónico,Internet fibra,Centro,Profesional,92.3,0.0397,1,2,No,4,1595.44,0.0
C03917,2024-07-18,,2025-12-31,0,Activo,18,13-24 meses,Mes a mes,Débito automático,Internet estándar,Litoral,Profesional,56.48,0.0352,0,0,Sí,4,980.85,0.0
C03918,2024-07-19,,2025-12-31,0,Activo,18,13-24 meses,Anual,Cheque electrónico,Streaming,Cuyo,Hogar,24.8,0.1559,1,1,No,4,376.81,0.0
C03919,2024-07-19,,2025-12-31,0,Activo,18,13-24 meses,Mes a mes,Tarjeta automática,Internet fibra,Cuyo,Hogar,79.31,0.0553,5,0,Sí,2,1348.63,0.0
C03920,2024-07-19,2025-03-10,2025-12-31,1,Baja,9,7-12 meses,Anual,Transferencia,Internet estándar,NOA,Hogar,58.72,0.0859,1,0,No,3,483.08,704.64
C03921,2024-07-19,,2025-12-31,0,Activo,18,13-24 meses,Anual,Débito automático,Telefonía móvil,AMBA,Hogar,48.83,0.0375,2,1,Sí,3,845.98,0.0
C03922,2024-07-19,2025-06-06,2025-12-31,1,Baja,12,7-12 meses,Anual,Cheque electrónico,Internet fibra,Litoral,Profesional,88.56,0.1055,2,1,No,3,950.6,1062.72
C03923,2024-07-19,,2025-12-31,0,Activo,18,13-24 meses,Mes a mes,Tarjeta automática,Telefonía móvil,Centro,Profesional,73.99,0.026,0,1,Sí,5,1297.19,0.0
C03924,2024-07-20,2025-04-19,2025-12-31,1,Baja,10,7-12 meses,Mes a mes,Tarjeta automática,Internet fibra,AMBA,PyME,141.96,0.0574,4,0,Sí,1,1338.11,1703.52
C03925,2024-07-20,2024-12-10,2025-12-31,1,Baja,6,4-6 meses,Mes a mes,Cheque electrónico,Internet fibra,Cuyo,Hogar,73.1,0.0269,5,0,No,2,426.8,877.2
C03926,2024-07-20,,2025-12-31,0,Activo,18,13-24 meses,Mes a mes,Tarjeta automática,Internet fibra,Cuyo,Hogar,76.59,0.0364,2,1,Sí,4,1328.44,0.0
C03927,2024-07-20,,2025-12-31,0,Activo,18,13-24 meses,Mes a mes,Transferencia,Telefonía móvil,Cuyo,Hogar,48.61,0.047,0,1,No,3,833.86,0.0
C03928,2024-07-21,,2025-12-31,0,Activo,18,13-24 meses,Dos años,Tarjeta automática,Streaming,AMBA,Hogar,40.82,0.0821,0,1,Sí,4,674.44,0.0
C03929,2024-07-21,,2025-12-31,0,Activo,18,13-24 meses,Mes a mes,Tarjeta automática,Streaming,Patagonia,Hogar,18.0,0.0472,0,0,Sí,5,308.71,0.0
C03930,2024-07-21,,2025-12-31,0,Activo,18,13-24 meses,Dos años,Transferencia,Internet estándar,Cuyo,Hogar,49.77,0.043,0,0,No,4,857.34,0.0
C03931,2024-07-21,,2025-12-31,0,Activo,18,13-24 meses,Mes a mes,Débito automático,Telefonía móvil,Litoral,Hogar,41.66,0.0153,1,1,Sí,4,738.41,0.0
C03932,2024-07-21,,2025-12-31,0,Activo,18,13-24 meses,Anual,Débito automático,Streaming,Litoral,Hogar,22.72,0.032,0,0,Sí,4,395.87,0.0
C03933,2024-07-22,2025-09-20,2025-12-31,1,Baja,15,13-24 meses,Anual,Débito automático,Streaming,Litoral,Hogar,22.67,0.0451,0,0,Sí,4,324.71,272.04
C03934,2024-07-22,,2025-12-31,0,Activo,18,13-24 meses,Anual,Transferencia,Streaming,Litoral,Hogar,40.6,0.0239,0,0,No,4,713.33,0.0
C03935,2024-07-22,2025-01-22,2025-12-31,1,Baja,7,7-12 meses,Anual,Cheque electrónico,Telefonía móvil,Centro,Profesional,65.88,0.003,0,2,No,3,459.78,790.56
C03936,2024-07-22,,2025-12-31,0,Activo,18,13-24 meses,Anual,Tarjeta automática,Streaming,Cuyo,Hogar,52.17,0.1706,2,0,Sí,2,778.86,0.0
C03937,2024-07-22,,2025-12-31,0,Activo,18,13-24 meses,Dos años,Débito automático,Internet fibra,Litoral,Hogar,71.73,0.0526,2,1,Sí,4,1223.23,0.0
C03938,2024-07-22,,2025-12-31,0,Activo,18,13-24 meses,Mes a mes,Débito automático,Telefonía móvil,AMBA,Hogar,43.51,0.0193,0,0,Sí,5,768.06,0.0
C03939,2024-07-22,,2025-12-31,0,Activo,18,13-24 meses,Mes a mes,Transferencia,Internet fibra,Patagonia,Hogar,81.41,0.0195,0,0,No,4,1436.81,0.0
C03940,2024-07-22,,2025-12-31,0,Activo,18,13-24 meses,Mes a mes,Débito automático,Telefonía móvil,Cuyo,Hogar,51.86,0.0367,0,0,Sí,4,899.22,0.0
C03941,2024-07-22,,2025-12-31,0,Activo,18,13-24 meses,Anual,Transferencia,Internet estándar,Centro,Profesional,81.94,0.0181,0,0,No,4,1448.22,0.0
C03942,2024-07-23,,2025-12-31,0,Activo,18,13-24 meses,Mes a mes,Débito automático,Internet fibra,AMBA,Hogar,79.03,0.0779,1,0,Sí,3,1311.72,0.0
C03943,2024-07-23,2025-09-19,2025-12-31,1,Baja,15,13-24 meses,Mes a mes,Transferencia,Internet estándar,Centro,Hogar,36.96,0.0875,0,1,No,4,505.89,443.52
C03944,2024-07-23,2025-09-06,2025-12-31,1,Baja,15,13-24 meses,Anual,Cheque electrónico,Internet estándar,Cuyo,Hogar,41.18,0.0817,4,1,No,1,567.23,494.16
C03945,2024-07-23,,2025-12-31,0,Activo,18,13-24 meses,Mes a mes,Débito automático,Internet estándar,NOA,Hogar,50.57,0.0417,3,0,Sí,3,872.3,0.0
C03946,2024-07-23,,2025-12-31,0,Activo,18,13-24 meses,Anual,Débito automático,Telefonía móvil,Litoral,PyME,109.35,0.0537,1,0,Sí,2,1862.6,0.0
C03947,2024-07-24,,2025-12-31,0,Activo,18,13-24 meses,Anual,Tarjeta automática,Streaming,Cuyo,Profesional,31.09,0.1027,0,1,Sí,4,502.15,0.0
C03948,2024-07-24,,2025-12-31,0,Activo,18,13-24 meses,Anual,Débito automático,Internet fibra,AMBA,Hogar,65.13,0.0567,0,0,Sí,4,1105.87,0.0
C03949,2024-07-24,,2025-12-31,0,Activo,18,13-24 meses,Anual,Tarjeta automática,Internet estándar,Centro,Hogar,57.33,0.0488,0,0,Sí,5,981.58,0.0
C03950,2024-07-24,,2025-12-31,0,Activo,18,13-24 meses,Dos años,Cheque electrónico,Telefonía móvil,NOA,Hogar,27.77,0.0175,2,1,No,3,491.11,0.0
C03951,2024-07-25,,2025-12-31,0,Activo,18,13-24 meses,Anual,Débito automático,Telefonía móvil,AMBA,Hogar,29.62,0.0561,0,0,Sí,5,503.25,0.0
C03952,2024-07-25,,2025-12-31,0,Activo,18,13-24 meses,Dos años,Tarjeta automática,Internet estándar,Litoral,Hogar,61.5,0.0517,2,1,Sí,2,1049.77,0.0
C03953,2024-07-25,,2025-12-31,0,Activo,18,13-24 meses,Mes a mes,Tarjeta automática,Telefonía móvil,Litoral,Profesional,57.57,0.0325,1,1,Sí,5,1002.58,0.0
C03954,2024-07-25,,2025-12-31,0,Activo,18,13-24 meses,Anual,Débito automático,Internet fibra,Centro,Profesional,92.72,0.0325,1,0,Sí,3,1614.72,0.0
C03955,2024-07-25,2024-11-05,2025-12-31,1,Baja,5,4-6 meses,Anual,Cheque electrónico,Streaming,NOA,Hogar,44.05,0.1446,3,0,No,2,188.4,528.6
C03956,2024-07-26,,2025-12-31,0,Activo,18,13-24 meses,Mes a mes,Tarjeta automática,Telefonía móvil,Cuyo,Profesional,48.31,0.0474,1,0,Sí,3,828.36,0.0
C03957,2024-07-26,,2025-12-31,0,Activo,18,13-24 meses,Mes a mes,Tarjeta automática,Internet estándar,Litoral,Hogar,35.1,0.0696,1,0,Sí,4,587.83,0.0
C03958,2024-07-26,2025-10-14,2025-12-31,1,Baja,16,13-24 meses,Mes a mes,Débito automático,Internet fibra,AMBA,Hogar,95.92,0.0186,1,0,Sí,4,1506.17,1151.04
C03959,2024-07-26,2025-06-07,2025-12-31,1,Baja,12,7-12 meses,Mes a mes,Cheque electrónico,Streaming,NOA,Hogar,31.57,0.0266,1,1,No,2,368.76,378.84
C03960,2024-07-27,2025-09-20,2025-12-31,1,Baja,15,13-24 meses,Dos años,Cheque electrónico,Internet estándar,AMBA,Hogar,56.48,0.085,0,1,No,3,775.19,677.76
C03961,2024-07-27,,2025-12-31,0,Activo,18,13-24 meses,Mes a mes,Tarjeta automática,Internet fibra,Centro,Hogar,74.58,0.0366,0,0,Sí,3,1293.31,0.0
C03962,2024-07-27,,2025-12-31,0,Activo,18,13-24 meses,Mes a mes,Transferencia,Internet fibra,NOA,PyME,131.83,0.059,0,0,No,3,2232.94,0.0
C03963,2024-07-27,2025-03-10,2025-12-31,1,Baja,9,7-12 meses,Anual,Cheque electrónico,Telefonía móvil,Litoral,Hogar,34.26,0.0008,4,2,No,1,308.09,411.12
C03964,2024-07-27,,2025-12-31,0,Activo,18,13-24 meses,Mes a mes,Transferencia,Internet fibra,Patagonia,Hogar,81.5,0.0882,1,0,No,5,1337.61,0.0
C03965,2024-07-27,,2025-12-31,0,Activo,18,13-24 meses,Mes a mes,Débito automático,Internet estándar,Centro,Hogar,58.15,0.0236,1,0,Sí,4,1022.0,0.0
C03966,2024-07-28,,2025-12-31,0,Activo,18,13-24 meses,Mes a mes,Transferencia,Telefonía móvil,Patagonia,Hogar,44.16,0.0748,0,0,No,4,735.42,0.0
C03967,2024-07-28,,2025-12-31,0,Activo,18,13-24 meses,Mes a mes,Débito automático,Streaming,NOA,Hogar,40.67,0.0134,0,1,Sí,4,722.25,0.0
C03968,2024-07-28,2025-09-21,2025-12-31,1,Baja,15,13-24 meses,Mes a mes,Tarjeta automática,Internet estándar,Litoral,Hogar,56.29,0.0444,5,1,Sí,1,806.86,675.48
C03969,2024-07-29,,2025-12-31,0,Activo,18,13-24 meses,Anual,Tarjeta automática,Internet estándar,Centro,Hogar,37.47,0.0309,1,0,Sí,3,653.62,0.0
C03970,2024-07-29,,2025-12-31,0,Activo,18,13-24 meses,Mes a mes,Débito automático,Internet fibra,NOA,Hogar,76.41,0.0293,1,0,Sí,3,1335.08,0.0
C03971,2024-07-29,,2025-12-31,0,Activo,18,13-24 meses,Anual,Tarjeta automática,Internet estándar,AMBA,Hogar,44.07,0.0452,1,0,Sí,3,757.4,0.0
C03972,2024-07-29,,2025-12-31,0,Activo,18,13-24 meses,Mes a mes,Débito automático,Internet fibra,NOA,Hogar,86.29,0.0231,1,1,Sí,4,1517.34,0.0
C03973,2024-07-30,2024-09-07,2025-12-31,1,Baja,3,0-3 meses,Mes a mes,Cheque electrónico,Internet fibra,AMBA,PyME,138.08,0.0131,2,3,No,4,408.81,1656.96
C03974,2024-07-30,,2025-12-31,0,Activo,18,13-24 meses,Dos años,Cheque electrónico,Internet fibra,AMBA,Hogar,79.4,0.1108,2,2,No,3,1270.84,0.0
C03975,2024-07-30,,2025-12-31,0,Activo,18,13-24 meses,Mes a mes,Tarjeta automática,Streaming,AMBA,Profesional,58.15,0.0341,1,0,Sí,3,1011.01,0.0
C03976,2024-07-31,,2025-12-31,0,Activo,18,13-24 meses,Mes a mes,Tarjeta automática,Internet fibra,Centro,Hogar,57.48,0.0929,2,0,Sí,3,938.52,0.0
C03977,2024-07-31,,2025-12-31,0,Activo,18,13-24 meses,Anual,Transferencia,Internet fibra,Patagonia,Hogar,71.37,0.0467,0,1,No,5,1224.67,0.0
C03978,2024-07-31,,2025-12-31,0,Activo,18,13-24 meses,Mes a mes,Débito automático,Telefonía móvil,Cuyo,Profesional,54.3,0.0641,2,0,Sí,4,914.75,0.0
C03979,2024-07-31,,2025-12-31,0,Activo,18,13-24 meses,Anual,Tarjeta automática,Internet fibra,AMBA,Hogar,80.77,0.0257,4,0,Sí,3,1416.5,0.0
C03980,2024-07-31,,2025-12-31,0,Activo,18,13-24 meses,Anual,Cheque electrónico,Streaming,Cuyo,PyME,90.08,0.156,0,0,No,3,1368.5,0.0
C03981,2024-07-31,,2025-12-31,0,Activo,18,13-24 meses,Dos años,Tarjeta automática,Internet estándar,NOA,Hogar,48.99,0.0339,0,0,Sí,4,851.93,0.0
C03982,2024-08-01,,2025-12-31,0,Activo,17,13-24 meses,Dos años,Tarjeta automática,Internet estándar,Litoral,Hogar,34.54,0.0514,2,1,Sí,3,557.0,0.0
C03983,2024-08-01,,2025-12-31,0,Activo,17,13-24 meses,Mes a mes,Transferencia,Internet fibra,Patagonia,Hogar,82.47,0.0465,0,0,No,4,1336.8,0.0
C03984,2024-08-01,,2025-12-31,0,Activo,17,13-24 meses,Anual,Transferencia,Internet fibra,Centro,PyME,134.41,0.0567,0,0,No,3,2155.41,0.0
C03985,2024-08-01,,2025-12-31,0,Activo,17,13-24 meses,Mes a mes,Débito automático,Telefonía móvil,Litoral,Hogar,25.84,0.0827,0,1,Sí,3,402.95,0.0
C03986,2024-08-02,,2025-12-31,0,Activo,17,13-24 meses,Anual,Transferencia,Internet estándar,Patagonia,PyME,100.75,0.0042,2,0,No,4,1705.56,0.0
C03987,2024-08-02,,2025-12-31,0,Activo,17,13-24 meses,Anual,Cheque electrónico,Internet fibra,Patagonia,Hogar,82.11,0.0835,1,1,No,4,1279.31,0.0
C03988,2024-08-02,2025-01-11,2025-12-31,1,Baja,6,4-6 meses,Mes a mes,Tarjeta automática,Internet estándar,AMBA,Profesional,85.19,0.0764,1,0,Sí,3,472.09,1022.28
C03989,2024-08-03,,2025-12-31,0,Activo,17,13-24 meses,Mes a mes,Transferencia,Internet estándar,Litoral,Profesional,55.02,0.0471,0,0,No,3,891.29,0.0
C03990,2024-08-04,,2025-12-31,0,Activo,17,13-24 meses,Mes a mes,Tarjeta automática,Internet fibra,Patagonia,Profesional,104.69,0.0641,0,2,Sí,4,1665.65,0.0
C03991,2024-08-04,2025-10-03,2025-12-31,1,Baja,15,13-24 meses,Mes a mes,Débito automático,Internet estándar,AMBA,Hogar,37.16,0.0409,1,1,Sí,3,534.6,445.92
C03992,2024-08-05,,2025-12-31,0,Activo,17,13-24 meses,Mes a mes,Débito automático,Internet estándar,Cuyo,Profesional,53.02,0.0228,1,0,Sí,2,880.79,0.0
C03993,2024-08-05,,2025-12-31,0,Activo,17,13-24 meses,Dos años,Débito automático,Streaming,Litoral,Hogar,18.0,0.0872,3,0,Sí,4,279.32,0.0
C03994,2024-08-05,,2025-12-31,0,Activo,17,13-24 meses,Mes a mes,Tarjeta automática,Telefonía móvil,AMBA,PyME,103.66,0.095,0,1,Sí,5,1594.81,0.0
C03995,2024-08-05,,2025-12-31,0,Activo,17,13-24 meses,Anual,Cheque electrónico,Internet estándar,Patagonia,Profesional,68.43,0.0428,0,1,No,3,1113.52,0.0
C03996,2024-08-05,2025-12-18,2025-12-31,1,Baja,17,13-24 meses,Anual,Débito automático,Telefonía móvil,NOA,Hogar,38.54,0.0686,2,1,Sí,4,610.23,462.48
C03997,2024-08-06,,2025-12-31,0,Activo,17,13-24 meses,Anual,Cheque electrónico,Internet estándar,Litoral,Hogar,54.04,0.0452,0,1,No,4,877.16,0.0
C03998,2024-08-06,,2025-12-31,0,Activo,17,13-24 meses,Mes a mes,Débito automático,Internet estándar,Cuyo,Hogar,49.45,0.0662,1,0,Sí,4,785.0,0.0
C03999,2024-08-06,,2025-12-31,0,Activo,17,13-24 meses,Dos años,Cheque electrónico,Streaming,AMBA,Hogar,30.22,0.1,0,0,No,4,462.37,0.0
C04000,2024-08-06,,2025-12-31,0,Activo,17,13-24 meses,Anual,Débito automático,Streaming,Patagonia,Hogar,25.66,0.0255,2,1,Sí,4,425.1,0.0
C04001,2024-08-07,,2025-12-31,0,Activo,17,13-24 meses,Anual,Débito automático,Internet fibra,NOA,Profesional,84.7,0.0435,0,0,Sí,5,1377.26,0.0
C04002,2024-08-07,,2025-12-31,0,Activo,17,13-24 meses,Dos años,Transferencia,Telefonía móvil,NOA,PyME,115.6,0.1013,0,0,No,5,1766.13,0.0
C04003,2024-08-07,,2025-12-31,0,Activo,17,13-24 meses,Anual,Cheque electrónico,Telefonía móvil,Litoral,Profesional,75.4,0.0423,0,0,No,5,1227.58,0.0
C04004,2024-08-08,,2025-12-31,0,Activo,17,13-24 meses,Mes a mes,Débito automático,Internet fibra,AMBA,Hogar,95.49,0.0303,0,0,Sí,3,1574.14,0.0
C04005,2024-08-08,,2025-12-31,0,Activo,17,13-24 meses,Dos años,Débito automático,Internet estándar,Centro,PyME,98.07,0.0325,1,0,Sí,5,1613.01,0.0
C04006,2024-08-08,,2025-12-31,0,Activo,17,13-24 meses,Mes a mes,Débito automático,Telefonía móvil,Centro,Profesional,52.5,0.13,2,0,Sí,4,776.48,0.0
C04007,2024-08-08,,2025-12-31,0,Activo,17,13-24 meses,Anual,Débito automático,Telefonía móvil,AMBA,Profesional,55.44,0.0487,1,0,Sí,3,896.58,0.0
C04008,2024-08-09,,2025-12-31,0,Activo,17,13-24 meses,Mes a mes,Débito automático,Streaming,AMBA,Hogar,40.82,0.0425,1,0,Sí,4,664.45,0.0
C04009,2024-08-09,2024-11-08,2025-12-31,1,Baja,4,4-6 meses,Mes a mes,Transferencia,Internet fibra,Litoral,Profesional,96.0,0.0125,1,1,No,3,379.2,1152.0
C04010,2024-08-09,2024-08-16,2025-12-31,1,Baja,1,0-3 meses,Mes a mes,Débito automático,Streaming,AMBA,Hogar,23.02,0.0532,0,0,Sí,5,21.8,276.24
C04011,2024-08-10,,2025-12-31,0,Activo,17,13-24 meses,Mes a mes,Débito automático,Internet fibra,AMBA,Hogar,82.0,0.0846,0,0,Sí,3,1276.07,0.0
C04012,2024-08-10,,2025-12-31,0,Activo,17,13-24 meses,Dos años,Transferencia,Streaming,NOA,Hogar,20.9,0.0234,0,2,No,4,346.99,0.0
C04013,2024-08-10,,2025-12-31,0,Activo,17,13-24 meses,Mes a mes,Cheque electrónico,Streaming,Litoral,Profesional,32.09,0.0848,1,1,No,5,499.27,0.0
C04014,2024-08-11,,2025-12-31,0,Activo,17,13-24 meses,Anual,Tarjeta automática,Streaming,Patagonia,Hogar,30.42,0.0641,1,1,Sí,4,483.99,0.0
C04015,2024-08-11,2025-06-17,2025-12-31,1,Baja,11,7-12 meses,Mes a mes,Tarjeta automática,Internet fibra,Centro,PyME,127.32,0.0106,3,0,Sí,2,1385.67,1527.84
C04016,2024-08-11,,2025-12-31,0,Activo,17,13-24 meses,Dos años,Tarjeta automática,Internet estándar,Cuyo,Profesional,66.85,0.029,1,0,Sí,4,1103.49,0.0
C04017,2024-08-12,2024-09-24,2025-12-31,1,Baja,2,0-3 meses,Mes a mes,Transferencia,Streaming,Litoral,Hogar,18.0,0.1225,3,0,No,3,31.59,216.0
C04018,2024-08-12,,2025-12-31,0,Activo,17,13-24 meses,Mes a mes,Débito automático,Internet fibra,Patagonia,Hogar,68.19,0.0505,0,0,Sí,3,1100.69,0.0
C04019,2024-08-12,2025-02-06,2025-12-31,1,Baja,7,7-12 meses,Mes a mes,Débito automático,Internet fibra,Cuyo,Hogar,77.5,0.0157,2,0,Sí,4,533.98,930.0
C04020,2024-08-13,,2025-12-31,0,Activo,17,13-24 meses,Mes a mes,Tarjeta automática,Internet fibra,NOA,Hogar,61.32,0.0193,0,0,Sí,4,1022.32,0.0
C04021,2024-08-13,,2025-12-31,0,Activo,17,13-24 meses,Dos años,Cheque electrónico,Telefonía móvil,Patagonia,Profesional,43.69,0.0877,0,0,No,3,677.59,0.0
C04022,2024-08-13,,2025-12-31,0,Activo,17,13-24 meses,Dos años,Débito automático,Internet estándar,Centro,Hogar,49.43,0.1336,0,0,Sí,5,728.04,0.0
C04023,2024-08-13,,2025-12-31,0,Activo,17,13-24 meses,Mes a mes,Transferencia,Streaming,AMBA,Hogar,36.72,0.0235,0,2,No,4,609.57,0.0
C04024,2024-08-13,2025-03-26,2025-12-31,1,Baja,8,7-12 meses,Mes a mes,Tarjeta automática,Internet estándar,AMBA,Hogar,39.19,0.0108,3,1,Sí,2,310.13,470.28
C04025,2024-08-13,,2025-12-31,0,Activo,17,13-24 meses,Mes a mes,Tarjeta automática,Telefonía móvil,NOA,Hogar,39.12,0.066,0,1,Sí,3,621.15,0.0
C04026,2024-08-14,,2025-12-31,0,Activo,17,13-24 meses,Mes a mes,Tarjeta automática,Internet estándar,Patagonia,Hogar,46.37,0.0237,0,0,Sí,4,769.61,0.0
C04027,2024-08-14,,2025-12-31,0,Activo,17,13-24 meses,Anual,Débito automático,Internet fibra,Cuyo,Hogar,60.81,0.0665,1,1,Sí,4,965.02,0.0
C04028,2024-08-14,2025-01-17,2025-12-31,1,Baja,6,4-6 meses,Mes a mes,Débito automático,Internet fibra,Patagonia,Hogar,91.02,0.0545,0,0,Sí,5,516.36,1092.24
C04029,2024-08-14,,2025-12-31,0,Activo,17,13-24 meses,Anual,Tarjeta automática,Internet fibra,NOA,Hogar,75.99,0.015,0,0,Sí,4,1272.45,0.0
C04030,2024-08-15,,2025-12-31,0,Activo,17,13-24 meses,Dos años,Débito automático,Telefonía móvil,AMBA,Profesional,58.11,0.0415,0,1,Sí,3,946.87,0.0
C04031,2024-08-15,,2025-12-31,0,Activo,17,13-24 meses,Mes a mes,Tarjeta automática,Streaming,NOA,Hogar,33.1,0.0409,2,0,Sí,3,539.69,0.0
C04032,2024-08-15,2024-11-16,2025-12-31,1,Baja,4,4-6 meses,Mes a mes,Débito automático,Streaming,Cuyo,Hogar,18.0,0.0439,4,0,Sí,2,68.84,216.0
C04033,2024-08-16,,2025-12-31,0,Activo,17,13-24 meses,Mes a mes,Tarjeta automática,Streaming,Cuyo,Hogar,39.12,0.0384,4,1,Sí,3,639.5,0.0
C04034,2024-08-16,,2025-12-31,0,Activo,17,13-24 meses,Mes a mes,Tarjeta automática,Telefonía móvil,AMBA,PyME,108.56,0.0656,0,0,Sí,5,1724.45,0.0
C04035,2024-08-17,2025-11-08,2025-12-31,1,Baja,16,13-24 meses,Mes a mes,Tarjeta automática,Telefonía móvil,Patagonia,Hogar,43.55,0.0726,0,1,Sí,4,646.21,522.6
C04036,2024-08-17,,2025-12-31,0,Activo,17,13-24 meses,Anual,Transferencia,Streaming,Litoral,Hogar,34.08,0.0733,0,1,No,4,536.89,0.0
C04037,2024-08-17,2025-02-02,2025-12-31,1,Baja,7,7-12 meses,Mes a mes,Cheque electrónico,Internet fibra,AMBA,Hogar,74.41,0.0754,0,1,No,4,481.6,892.92
C04038,2024-08-17,,2025-12-31,0,Activo,17,13-24 meses,Anual,Transferencia,Internet fibra,Litoral,Hogar,87.5,0.0655,1,0,No,3,1390.07,0.0
C04039,2024-08-17,,2025-12-31,0,Activo,17,13-24 meses,Dos años,Tarjeta automática,Streaming,AMBA,PyME,74.95,0.0379,0,0,Sí,4,1225.86,0.0
C04040,2024-08-18,,2025-12-31,0,Activo,17,13-24 meses,Dos años,Cheque electrónico,Telefonía móvil,Centro,Profesional,59.64,0.0155,4,0,No,3,998.16,0.0
C04041,2024-08-18,,2025-12-31,0,Activo,17,13-24 meses,Anual,Cheque electrónico,Internet estándar,Litoral,Hogar,49.3,0.1506,0,3,No,4,711.88,0.0
C04042,2024-08-18,,2025-12-31,0,Activo,17,13-24 meses,Mes a mes,Débito automático,Internet fibra,Patagonia,PyME,132.57,0.043,2,1,Sí,4,2156.78,0.0
C04043,2024-08-18,,2025-12-31,0,Activo,17,13-24 meses,Mes a mes,Tarjeta automática,Streaming,AMBA,Hogar,40.76,0.0225,2,0,Sí,4,677.33,0.0
C04044,2024-08-18,,2025-12-31,0,Activo,17,13-24 meses,Mes a mes,Transferencia,Internet estándar,Cuyo,Hogar,73.07,0.028,1,1,No,5,1207.41,0.0
C04045,2024-08-19,2024-08-25,2025-12-31,1,Baja,1,0-3 meses,Dos años,Cheque electrónico,Internet fibra,Centro,Hogar,76.79,0.0198,1,2,No,3,75.27,921.48
C04046,2024-08-19,,2025-12-31,0,Activo,17,13-24 meses,Dos años,Transferencia,Telefonía móvil,Patagonia,Hogar,47.17,0.0431,0,1,No,3,767.33,0.0
C04047,2024-08-19,,2025-12-31,0,Activo,17,13-24 meses,Mes a mes,Transferencia,Internet estándar,Patagonia,PyME,95.17,0.0372,0,0,No,4,1557.7,0.0
C04048,2024-08-19,,2025-12-31,0,Activo,17,13-24 meses,Mes a mes,Transferencia,Internet fibra,Litoral,Hogar,89.35,0.0735,1,1,No,4,1407.31,0.0
C04049,2024-08-20,,2025-12-31,0,Activo,17,13-24 meses,Mes a mes,Cheque electrónico,Internet estándar,Patagonia,Hogar,43.31,0.1091,2,2,No,3,655.94,0.0
C04050,2024-08-20,2025-05-12,2025-12-31,1,Baja,10,7-12 meses,Mes a mes,Tarjeta automática,Internet estándar,Cuyo,PyME,138.6,0.0725,2,1,Sí,3,1285.52,1663.2
C04051,2024-08-21,,2025-12-31,0,Activo,17,13-24 meses,Dos años,Tarjeta automática,Internet estándar,Litoral,Hogar,30.62,0.1042,0,0,Sí,4,466.3,0.0
C04052,2024-08-21,2025-02-15,2025-12-31,1,Baja,7,7-12 meses,Mes a mes,Cheque electrónico,Internet fibra,Centro,Hogar,101.62,0.07,1,1,No,4,661.55,1219.44
C04053,2024-08-21,,2025-12-31,0,Activo,17,13-24 meses,Mes a mes,Tarjeta automática,Streaming,NOA,Hogar,39.9,0.048,0,0,Sí,3,645.74,0.0
C04054,2024-08-22,,2025-12-31,0,Activo,17,13-24 meses,Mes a mes,Débito automático,Streaming,Centro,Profesional,34.66,0.026,1,0,Sí,3,573.9,0.0
C04055,2024-08-22,,2025-12-31,0,Activo,17,13-24 meses,Mes a mes,Tarjeta automática,Internet fibra,NOA,Profesional,121.51,0.0561,1,0,Sí,4,1949.79,0.0
C04056,2024-08-22,2024-10-12,2025-12-31,1,Baja,3,0-3 meses,Mes a mes,Tarjeta automática,Internet estándar,Patagonia,Hogar,38.79,0.0666,1,2,Sí,4,108.62,465.48
C04057,2024-08-22,,2025-12-31,0,Activo,17,13-24 meses,Dos años,Tarjeta automática,Internet estándar,NOA,Hogar,45.54,0.081,3,1,Sí,3,711.47,0.0
C04058,2024-08-22,,2025-12-31,0,Activo,17,13-24 meses,Mes a mes,Débito automático,Internet estándar,Litoral,Hogar,34.74,0.0134,0,0,Sí,3,582.67,0.0
C04059,2024-08-22,,2025-12-31,0,Activo,17,13-24 meses,Anual,Débito automático,Internet estándar,Cuyo,Profesional,65.39,0.0319,4,0,Sí,1,1076.17,0.0
C04060,2024-08-22,,2025-12-31,0,Activo,17,13-24 meses,Mes a mes,Débito automático,Internet estándar,Centro,Hogar,48.42,0.0465,0,0,Sí,5,784.86,0.0
C04061,2024-08-23,,2025-12-31,0,Activo,17,13-24 meses,Mes a mes,Tarjeta automática,Internet estándar,Centro,Hogar,58.13,0.065,0,0,Sí,4,923.98,0.0
C04062,2024-08-23,2024-10-01,2025-12-31,1,Baja,3,0-3 meses,Mes a mes,Cheque electrónico,Telefonía móvil,NOA,Hogar,68.82,0.0238,0,1,No,5,201.55,825.84
C04063,2024-08-23,,2025-12-31,0,Activo,17,13-24 meses,Mes a mes,Transferencia,Internet estándar,AMBA,Hogar,43.36,0.1144,0,0,No,4,652.79,0.0
C04064,2024-08-23,2025-08-17,2025-12-31,1,Baja,13,13-24 meses,Mes a mes,Cheque electrónico,Telefonía móvil,Patagonia,Hogar,18.0,0.0567,1,1,No,3,220.73,216.0
C04065,2024-08-23,,2025-12-31,0,Activo,17,13-24 meses,Mes a mes,Débito automático,Internet estándar,Patagonia,PyME,111.13,0.097,0,2,Sí,3,1705.96,0.0
C04066,2024-08-23,2025-12-07,2025-12-31,1,Baja,17,13-24 meses,Anual,Tarjeta automática,Streaming,AMBA,PyME,77.95,0.1283,2,0,Sí,1,1155.13,935.4
C04067,2024-08-25,,2025-12-31,0,Activo,17,13-24 meses,Anual,Cheque electrónico,Internet estándar,NOA,Hogar,69.0,0.1383,1,1,No,3,1010.77,0.0
C04068,2024-08-25,,2025-12-31,0,Activo,17,13-24 meses,Dos años,Cheque electrónico,Telefonía móvil,AMBA,Profesional,59.62,0.1164,3,0,No,2,895.56,0.0
C04069,2024-08-25,,2025-12-31,0,Activo,17,13-24 meses,Mes a mes,Tarjeta automática,Telefonía móvil,AMBA,Hogar,33.65,0.0337,2,0,Sí,2,552.77,0.0
C04070,2024-08-26,2025-07-04,2025-12-31,1,Baja,12,7-12 meses,Anual,Transferencia,Internet estándar,Litoral,PyME,92.86,0.087,5,0,No,1,1017.37,1114.32
C04071,2024-08-26,,2025-12-31,0,Activo,17,13-24 meses,Anual,Transferencia,Internet estándar,AMBA,PyME,110.85,0.1024,1,0,No,3,1691.48,0.0
C04072,2024-08-27,,2025-12-31,0,Activo,17,13-24 meses,Mes a mes,Tarjeta automática,Telefonía móvil,AMBA,Hogar,38.97,0.0901,1,0,Sí,4,602.8,0.0
C04073,2024-08-27,,2025-12-31,0,Activo,17,13-24 meses,Mes a mes,Débito automático,Telefonía móvil,Litoral,Hogar,58.14,0.0493,0,0,Sí,5,939.65,0.0
C04074,2024-08-27,2025-08-18,2025-12-31,1,Baja,13,13-24 meses,Mes a mes,Tarjeta automática,Telefonía móvil,NOA,Hogar,39.68,0.0391,0,0,Sí,2,495.67,476.16
C04075,2024-08-27,,2025-12-31,0,Activo,17,13-24 meses,Anual,Tarjeta automática,Internet fibra,AMBA,Hogar,93.56,0.0571,1,2,Sí,3,1499.7,0.0
C04076,2024-08-27,2025-03-10,2025-12-31,1,Baja,8,7-12 meses,Mes a mes,Cheque electrónico,Internet fibra,Litoral,Hogar,62.82,0.0541,3,1,No,2,475.37,753.84
C04077,2024-08-27,,2025-12-31,0,Activo,17,13-24 meses,Mes a mes,Débito automático,Internet estándar,Litoral,Hogar,29.88,0.2201,1,0,Sí,2,396.16,0.0
C04078,2024-08-27,,2025-12-31,0,Activo,17,13-24 meses,Dos años,Cheque electrónico,Streaming,AMBA,Hogar,38.12,0.0261,2,0,No,4,631.13,0.0
C04079,2024-08-27,2024-11-21,2025-12-31,1,Baja,4,4-6 meses,Mes a mes,Transferencia,Internet fibra,AMBA,Profesional,90.89,0.0558,2,0,No,2,343.27,1090.68
C04080,2024-08-28,,2025-12-31,0,Activo,17,13-24 meses,Dos años,Cheque electrónico,Internet estándar,Cuyo,PyME,101.1,0.0444,0,2,No,4,1642.39,0.0
C04081,2024-08-28,,2025-12-31,0,Activo,17,13-24 meses,Anual,Débito automático,Streaming,Patagonia,Hogar,18.0,0.0556,2,1,Sí,2,288.99,0.0
C04082,2024-08-28,,2025-12-31,0,Activo,17,13-24 meses,Anual,Débito automático,Internet fibra,Centro,Hogar,66.06,0.0325,4,0,Sí,3,1086.52,0.0
C04083,2024-08-29,,2025-12-31,0,Activo,17,13-24 meses,Anual,Tarjeta automática,Streaming,Cuyo,Profesional,53.99,0.0697,0,1,Sí,3,853.86,0.0
C04084,2024-08-29,,2025-12-31,0,Activo,17,13-24 meses,Mes a mes,Transferencia,Internet fibra,Cuyo,Hogar,77.79,0.018,1,0,No,3,1298.63,0.0
C04085,2024-08-29,,2025-12-31,0,Activo,17,13-24 meses,Anual,Débito automático,Telefonía móvil,Patagonia,PyME,85.34,0.0784,0,0,Sí,4,1337.04,0.0
C04086,2024-08-29,2025-11-02,2025-12-31,1,Baja,16,13-24 meses,Anual,Transferencia,Internet estándar,Centro,Hogar,57.7,0.0343,2,1,No,4,891.53,692.4
C04087,2024-08-29,,2025-12-31,0,Activo,17,13-24 meses,Anual,Débito automático,Streaming,Patagonia,Hogar,41.92,0.1093,1,1,Sí,4,634.75,0.0
C04088,2024-08-29,,2025-12-31,0,Activo,17,13-24 meses,Mes a mes,Tarjeta automática,Internet estándar,Patagonia,Hogar,47.8,0.0222,0,1,Sí,4,794.56,0.0
C04089,2024-08-30,,2025-12-31,0,Activo,17,13-24 meses,Mes a mes,Cheque electrónico,Internet fibra,Litoral,Hogar,89.04,0.0363,1,0,No,4,1458.73,0.0
C04090,2024-08-30,2024-08-06,2025-12-31,1,Baja,1,0-3 meses,Mes a mes,Cheque electrónico,Internet estándar,Patagonia,Hogar,37.98,0.0507,2,3,No,2,36.05,455.76
C04091,2024-08-30,,2025-12-31,0,Activo,17,13-24 meses,Mes a mes,Débito automático,Telefonía móvil,Centro,Profesional,66.35,0.1544,1,0,Sí,5,953.79,0.0
C04092,2024-08-31,,2025-12-31,0,Activo,17,13-24 meses,Anual,Transferencia,Internet estándar,NOA,Hogar,50.78,0.0688,0,1,No,5,803.87,0.0
C04093,2024-08-31,2025-04-24,2025-12-31,1,Baja,9,7-12 meses,Anual,Débito automático,Internet fibra,Centro,Hogar,69.29,0.1158,4,1,Sí,2,551.4,831.48
C04094,2024-08-31,,2025-12-31,0,Activo,17,13-24 meses,Anual,Transferencia,Streaming,Centro,Hogar,51.58,0.0852,1,0,No,4,802.15,0.0
C04095,2024-09-01,,2025-12-31,0,Activo,16,13-24 meses,Anual,Débito automático,Internet fibra,Litoral,Hogar,80.56,0.0588,0,0,Sí,4,1213.17,0.0
C04096,2024-09-01,,2025-12-31,0,Activo,16,13-24 meses,Mes a mes,Débito automático,Internet estándar,Cuyo,Hogar,42.5,0.0297,1,0,Sí,4,659.8,0.0
C04097,2024-09-01,,2025-12-31,0,Activo,16,13-24 meses,Mes a mes,Tarjeta automática,Internet estándar,Cuyo,Hogar,49.22,0.0464,1,0,Sí,4,750.98,0.0
C04098,2024-09-02,,2025-12-31,0,Activo,16,13-24 meses,Mes a mes,Tarjeta automática,Internet estándar,Patagonia,Hogar,39.43,0.0655,4,1,Sí,3,589.56,0.0
C04099,2024-09-02,2024-12-01,2025-12-31,1,Baja,4,4-6 meses,Mes a mes,Cheque electrónico,Internet fibra,Litoral,Profesional,83.27,0.0537,2,1,No,3,315.19,999.24
C04100,2024-09-02,,2025-12-31,0,Activo,16,13-24 meses,Mes a mes,Débito automático,Internet fibra,Cuyo,PyME,128.06,0.0575,0,0,Sí,3,1931.14,0.0
C04101,2024-09-02,,2025-12-31,0,Activo,16,13-24 meses,Mes a mes,Tarjeta automática,Internet fibra,Patagonia,Hogar,73.8,0.091,1,0,Sí,4,1073.35,0.0
C04102,2024-09-02,,2025-12-31,0,Activo,16,13-24 meses,Mes a mes,Tarjeta automática,Internet estándar,Cuyo,Profesional,58.15,0.0498,0,0,Sí,4,884.07,0.0
C04103,2024-09-03,,2025-12-31,0,Activo,16,13-24 meses,Anual,Débito automático,Streaming,NOA,PyME,97.76,0.0317,0,0,Sí,5,1514.58,0.0
C04104,2024-09-03,,2025-12-31,0,Activo,16,13-24 meses,Mes a mes,Transferencia,Streaming,NOA,Hogar,20.58,0.0353,0,1,No,3,317.66,0.0
C04105,2024-09-03,,2025-12-31,0,Activo,16,13-24 meses,Mes a mes,Débito automático,Internet fibra,Cuyo,Hogar,67.75,0.0684,0,0,Sí,5,1009.85,0.0
C04106,2024-09-03,,2025-12-31,0,Activo,16,13-24 meses,Mes a mes,Transferencia,Internet fibra,Patagonia,Hogar,64.96,0.01,3,0,No,3,1028.97,0.0
C04107,2024-09-03,,2025-12-31,0,Activo,16,13-24 meses,Anual,Cheque electrónico,Streaming,Patagonia,Hogar,18.0,0.0826,4,1,No,2,264.21,0.0
C04108,2024-09-03,,2025-12-31,0,Activo,16,13-24 meses,Mes a mes,Débito automático,Internet estándar,NOA,Hogar,60.3,0.0102,1,0,Sí,5,954.96,0.0
C04109,2024-09-04,,2025-12-31,0,Activo,16,13-24 meses,Mes a mes,Cheque electrónico,Telefonía móvil,Cuyo,Hogar,44.84,0.0844,0,0,No,4,656.89,0.0
C04110,2024-09-04,2024-09-05,2025-12-31,1,Baja,1,0-3 meses,Mes a mes,Tarjeta automática,Internet fibra,Cuyo,Hogar,85.59,0.0256,1,1,Sí,5,83.4,1027.08
C04111,2024-09-04,,2025-12-31,0,Activo,16,13-24 meses,Dos años,Débito automático,Internet fibra,Centro,Hogar,89.2,0.106,1,0,Sí,5,1275.92,0.0
C04112,2024-09-04,,2025-12-31,0,Activo,16,13-24 meses,Anual,Tarjeta automática,Internet estándar,Litoral,Hogar,45.33,0.0731,0,1,Sí,3,672.26,0.0
C04113,2024-09-05,,2025-12-31,0,Activo,16,13-24 meses,Anual,Tarjeta automática,Streaming,Litoral,Hogar,45.19,0.0309,1,0,Sí,3,700.7,0.0
C04114,2024-09-05,2025-08-05,2025-12-31,1,Baja,12,7-12 meses,Mes a mes,Tarjeta automática,Internet estándar,Cuyo,Hogar,42.1,0.1104,2,1,Sí,3,449.43,505.2
C04115,2024-09-05,,2025-12-31,0,Activo,16,13-24 meses,Anual,Tarjeta automática,Internet fibra,Centro,Hogar,65.95,0.0933,0,0,Sí,4,956.75,0.0
C04116,2024-09-05,,2025-12-31,0,Activo,16,13-24 meses,Dos años,Cheque electrónico,Internet fibra,Cuyo,Hogar,82.11,0.1812,0,0,No,5,1075.71,0.0
C04117,2024-09-06,2025-10-12,2025-12-31,1,Baja,14,13-24 meses,Mes a mes,Débito automático,Streaming,Litoral,Hogar,30.59,0.0356,2,0,Sí,4,413.01,367.08
C04118,2024-09-06,,2025-12-31,0,Activo,16,13-24 meses,Anual,Cheque electrónico,Internet fibra,AMBA,Profesional,97.57,0.0379,3,0,No,2,1501.95,0.0
C04119,2024-09-07,2024-12-25,2025-12-31,1,Baja,4,4-6 meses,Mes a mes,Débito automático,Streaming,Litoral,Hogar,40.17,0.0607,0,1,Sí,3,150.93,482.04
C04120,2024-09-07,,2025-12-31,0,Activo,16,13-24 meses,Anual,Transferencia,Internet fibra,NOA,Hogar,79.17,0.0101,0,1,No,4,1253.93,0.0
C04121,2024-09-07,,2025-12-31,0,Activo,16,13-24 meses,Mes a mes,Tarjeta automática,Internet estándar,Centro,Profesional,70.44,0.0748,0,0,Sí,5,1042.74,0.0
C04122,2024-09-08,,2025-12-31,0,Activo,16,13-24 meses,Mes a mes,Débito automático,Internet fibra,Cuyo,Hogar,92.96,0.0456,0,0,Sí,3,1419.54,0.0
C04123,2024-09-08,,2025-12-31,0,Activo,16,13-24 meses,Dos años,Débito automático,Telefonía móvil,AMBA,Hogar,44.93,0.1261,0,0,Sí,3,628.23,0.0
C04124,2024-09-08,,2025-12-31,0,Activo,16,13-24 meses,Dos años,Cheque electrónico,Internet fibra,Litoral,Hogar,83.44,0.0636,0,1,No,3,1250.13,0.0
C04125,2024-09-08,2025-07-21,2025-12-31,1,Baja,11,7-12 meses,Mes a mes,Cheque electrónico,Internet fibra,Cuyo,Hogar,62.41,0.0189,1,2,No,3,673.53,748.92
C04126,2024-09-08,,2025-12-31,0,Activo,16,13-24 meses,Dos años,Tarjeta automática,Telefonía móvil,NOA,Profesional,100.91,0.0915,1,0,Sí,3,1466.83,0.0
C04127,2024-09-09,2025-10-12,2025-12-31,1,Baja,14,13-24 meses,Mes a mes,Transferencia,Internet fibra,NOA,Profesional,78.5,0.0077,0,0,No,3,1090.54,942.0
C04128,2024-09-09,,2025-12-31,0,Activo,16,13-24 meses,Mes a mes,Transferencia,Internet fibra,Patagonia,Hogar,72.07,0.0557,2,0,No,3,1088.89,0.0
C04129,2024-09-10,,2025-12-31,0,Activo,16,13-24 meses,Dos años,Débito automático,Internet fibra,Centro,Hogar,71.73,0.0206,1,0,Sí,3,1124.04,0.0
C04130,2024-09-10,,2025-12-31,0,Activo,16,13-24 meses,Mes a mes,Tarjeta automática,Streaming,Centro,Profesional,70.19,0.0627,1,0,Sí,4,1052.63,0.0
C04131,2024-09-10,,2025-12-31,0,Activo,16,13-24 meses,Mes a mes,Transferencia,Internet estándar,Cuyo,Hogar,42.39,0.0343,0,0,No,3,654.98,0.0
C04132,2024-09-11,,2025-12-31,0,Activo,16,13-24 meses,Anual,Cheque electrónico,Telefonía móvil,Litoral,Hogar,46.86,0.1419,1,0,No,4,643.37,0.0
C04133,2024-09-11,,2025-12-31,0,Activo,16,13-24 meses,Mes a mes,Débito automático,Streaming,AMBA,Profesional,40.81,0.0115,0,1,Sí,4,645.45,0.0
C04134,2024-09-12,,2025-12-31,0,Activo,16,13-24 meses,Mes a mes,Débito automático,Internet estándar,Cuyo,Hogar,37.56,0.0591,1,0,Sí,5,565.44,0.0
C04135,2024-09-12,2025-03-03,2025-12-31,1,Baja,7,7-12 meses,Mes a mes,Tarjeta automática,Internet fibra,AMBA,PyME,139.27,0.0493,1,1,Sí,4,926.83,1671.24
C04136,2024-09-12,,2025-12-31,0,Activo,16,13-24 meses,Anual,Cheque electrónico,Telefonía móvil,Centro,Profesional,52.09,0.0702,1,0,No,4,774.93,0.0
C04137,2024-09-12,,2025-12-31,0,Activo,16,13-24 meses,Mes a mes,Tarjeta automática,Telefonía móvil,Cuyo,Hogar,44.28,0.0463,0,0,Sí,4,675.68,0.0
C04138,2024-09-12,,2025-12-31,0,Activo,16,13-24 meses,Mes a mes,Tarjeta automática,Telefonía móvil,AMBA,Hogar,48.89,0.0683,2,1,Sí,3,728.81,0.0
C04139,2024-09-13,,2025-12-31,0,Activo,16,13-24 meses,Anual,Tarjeta automática,Internet fibra,Centro,Hogar,98.97,0.0387,1,1,Sí,3,1522.24,0.0
C04140,2024-09-13,,2025-12-31,0,Activo,16,13-24 meses,Mes a mes,Cheque electrónico,Streaming,Litoral,Profesional,33.12,0.0592,0,1,No,4,498.55,0.0
C04141,2024-09-13,2025-04-05,2025-12-31,1,Baja,8,7-12 meses,Mes a mes,Transferencia,Streaming,NOA,Hogar,27.32,0.1558,7,0,No,1,184.51,327.84
C04142,2024-09-13,,2025-12-31,0,Activo,16,13-24 meses,Anual,Tarjeta automática,Telefonía móvil,Patagonia,Hogar,40.77,0.0966,3,0,Sí,2,589.31,0.0
C04143,2024-09-14,,2025-12-31,0,Activo,16,13-24 meses,Anual,Tarjeta automática,Internet fibra,Centro,Hogar,78.01,0.0402,2,2,Sí,2,1197.98,0.0
C04144,2024-09-14,,2025-12-31,0,Activo,16,13-24 meses,Mes a mes,Transferencia,Telefonía móvil,NOA,Hogar,70.26,0.0237,0,1,No,4,1097.52,0.0
C04145,2024-09-14,,2025-12-31,0,Activo,16,13-24 meses,Dos años,Débito automático,Streaming,Cuyo,Hogar,27.09,0.2332,2,0,Sí,3,332.36,0.0
C04146,2024-09-14,,2025-12-31,0,Activo,16,13-24 meses,Anual,Tarjeta automática,Telefonía móvil,Cuyo,Profesional,32.27,0.0872,1,1,Sí,4,471.3,0.0
C04147,2024-09-15,2025-10-01,2025-12-31,1,Baja,14,13-24 meses,Mes a mes,Cheque electrónico,Streaming,NOA,Hogar,26.82,0.0333,1,3,No,4,362.98,321.84
C04148,2024-09-16,,2025-12-31,0,Activo,16,13-24 meses,Anual,Tarjeta automática,Telefonía móvil,Cuyo,Hogar,40.7,0.0967,0,0,Sí,4,588.23,0.0
C04149,2024-09-16,,2025-12-31,0,Activo,16,13-24 meses,Anual,Débito automático,Internet estándar,Patagonia,Hogar,46.35,0.1578,1,1,Sí,2,624.58,0.0
C04150,2024-09-16,,2025-12-31,0,Activo,16,13-24 meses,Anual,Tarjeta automática,Internet fibra,AMBA,Hogar,70.09,0.076,0,0,Sí,5,1036.21,0.0
C04151,2024-09-16,,2025-12-31,0,Activo,16,13-24 meses,Mes a mes,Transferencia,Internet estándar,Centro,Hogar,34.47,0.0464,0,0,No,5,525.93,0.0
C04152,2024-09-16,,2025-12-31,0,Activo,16,13-24 meses,Anual,Transferencia,Telefonía móvil,NOA,Hogar,65.75,0.0458,3,0,No,3,1003.82,0.0
C04153,2024-09-17,,2025-12-31,0,Activo,16,13-24 meses,Dos años,Débito automático,Internet fibra,Centro,PyME,136.5,0.1406,0,1,Sí,4,1876.93,0.0
C04154,2024-09-17,,2025-12-31,0,Activo,16,13-24 meses,Anual,Transferencia,Streaming,NOA,Hogar,26.89,0.0199,0,2,No,4,421.68,0.0
C04155,2024-09-17,,2025-12-31,0,Activo,16,13-24 meses,Anual,Cheque electrónico,Telefonía móvil,Cuyo,Hogar,65.4,0.0303,3,1,No,3,1014.69,0.0
C04156,2024-09-18,2025-09-19,2025-12-31,1,Baja,13,13-24 meses,Anual,Cheque electrónico,Telefonía móvil,NOA,Profesional,50.44,0.0851,1,0,No,4,599.92,605.28
C04157,2024-09-18,,2025-12-31,0,Activo,16,13-24 meses,Dos años,Débito automático,Streaming,Cuyo,Hogar,35.63,0.1184,3,1,Sí,2,502.58,0.0
C04158,2024-09-18,,2025-12-31,0,Activo,16,13-24 meses,Dos años,Débito automático,Telefonía móvil,Cuyo,PyME,83.26,0.0601,1,0,Sí,5,1252.1,0.0
C04159,2024-09-19,2024-10-14,2025-12-31,1,Baja,2,0-3 meses,Mes a mes,Cheque electrónico,Internet fibra,Cuyo,Hogar,86.26,0.0035,2,1,No,2,171.92,1035.12
C04160,2024-09-19,2024-09-26,2025-12-31,1,Baja,1,0-3 meses,Mes a mes,Tarjeta automática,Internet estándar,Centro,Hogar,36.52,0.0755,2,1,Sí,4,33.76,438.24
C04161,2024-09-19,2024-10-02,2025-12-31,1,Baja,2,0-3 meses,Anual,Tarjeta automática,Internet estándar,NOA,Hogar,54.18,0.0237,0,0,Sí,5,105.79,650.16
C04162,2024-09-20,,2025-12-31,0,Activo,16,13-24 meses,Mes a mes,Tarjeta automática,Telefonía móvil,Litoral,Hogar,63.49,0.0902,0,0,Sí,5,924.21,0.0
C04163,2024-09-20,,2025-12-31,0,Activo,16,13-24 meses,Anual,Cheque electrónico,Internet fibra,Litoral,PyME,134.03,0.0386,0,1,No,5,2061.7,0.0
C04164,2024-09-20,,2025-12-31,0,Activo,16,13-24 meses,Anual,Tarjeta automática,Internet fibra,Cuyo,PyME,108.88,0.1273,4,1,Sí,1,1520.31,0.0
C04165,2024-09-22,,2025-12-31,0,Activo,16,13-24 meses,Dos años,Tarjeta automática,Streaming,Patagonia,Hogar,29.39,0.043,1,0,Sí,3,450.02,0.0
C04166,2024-09-22,2025-03-11,2025-12-31,1,Baja,7,7-12 meses,Mes a mes,Transferencia,Internet estándar,Cuyo,Hogar,54.28,0.0065,2,0,No,3,377.49,651.36
C04167,2024-09-23,,2025-12-31,0,Activo,16,13-24 meses,Anual,Tarjeta automática,Telefonía móvil,Centro,Hogar,51.91,0.0694,0,1,Sí,5,772.92,0.0
C04168,2024-09-23,,2025-12-31,0,Activo,16,13-24 meses,Mes a mes,Tarjeta automática,Internet estándar,AMBA,Hogar,65.21,0.0372,0,0,Sí,4,1004.55,0.0
C04169,2024-09-23,2024-09-17,2025-12-31,1,Baja,1,0-3 meses,Mes a mes,Débito automático,Telefonía móvil,NOA,Hogar,58.77,0.0103,0,0,Sí,3,58.16,705.24
C04170,2024-09-23,,2025-12-31,0,Activo,16,13-24 meses,Mes a mes,Tarjeta automática,Internet estándar,AMBA,Hogar,47.56,0.0461,2,0,Sí,4,725.88,0.0
C04171,2024-09-24,,2025-12-31,0,Activo,16,13-24 meses,Mes a mes,Cheque electrónico,Telefonía móvil,NOA,Hogar,34.75,0.048,1,3,No,4,529.31,0.0
C04172,2024-09-24,2025-04-18,2025-12-31,1,Baja,8,7-12 meses,Mes a mes,Tarjeta automática,Streaming,Cuyo,Hogar,18.0,0.0149,4,0,Sí,1,141.85,216.0
C04173,2024-09-24,,2025-12-31,0,Activo,16,13-24 meses,Anual,Cheque electrónico,Internet fibra,AMBA,Profesional,90.06,0.023,0,0,No,4,1407.82,0.0
C04174,2024-09-24,,2025-12-31,0,Activo,16,13-24 meses,Anual,Débito automático,Internet fibra,NOA,Hogar,83.24,0.0546,1,0,Sí,5,1259.12,0.0
C04175,2024-09-24,,2025-12-31,0,Activo,16,13-24 meses,Mes a mes,Tarjeta automática,Telefonía móvil,Patagonia,Hogar,27.16,0.044,3,0,Sí,2,415.44,0.0
C04176,2024-09-25,2025-01-26,2025-12-31,1,Baja,5,4-6 meses,Mes a mes,Tarjeta automática,Internet fibra,Patagonia,Hogar,67.8,0.1218,1,0,Sí,3,297.71,813.6
C04177,2024-09-25,2025-11-18,2025-12-31,1,Baja,15,13-24 meses,Mes a mes,Débito automático,Streaming,Litoral,Profesional,53.19,0.0405,3,0,Sí,2,765.54,638.28
C04178,2024-09-25,,2025-12-31,0,Activo,16,13-24 meses,Dos años,Débito automático,Internet fibra,Patagonia,Profesional,88.89,0.0415,1,1,Sí,4,1363.22,0.0
C04179,2024-09-25,,2025-12-31,0,Activo,16,13-24 meses,Dos años,Tarjeta automática,Streaming,AMBA,Hogar,33.07,0.0314,0,1,Sí,4,512.51,0.0
C04180,2024-09-26,,2025-12-31,0,Activo,16,13-24 meses,Mes a mes,Cheque electrónico,Internet fibra,Centro,Profesional,87.04,0.0602,0,0,No,4,1308.8,0.0
C04181,2024-09-26,,2025-12-31,0,Activo,16,13-24 meses,Mes a mes,Débito automático,Streaming,Litoral,Profesional,50.17,0.0672,1,1,Sí,4,748.78,0.0
C04182,2024-09-27,2025-12-08,2025-12-31,1,Baja,16,13-24 meses,Mes a mes,Cheque electrónico,Internet estándar,Patagonia,Hogar,40.51,0.0123,2,0,No,4,640.19,486.12
C04183,2024-09-27,,2025-12-31,0,Activo,16,13-24 meses,Anual,Tarjeta automática,Internet fibra,Litoral,Hogar,57.08,0.1275,3,0,Sí,4,796.84,0.0
C04184,2024-09-27,,2025-12-31,0,Activo,16,13-24 meses,Mes a mes,Tarjeta automática,Internet estándar,Cuyo,PyME,114.52,0.0126,0,0,Sí,4,1809.23,0.0
C04185,2024-09-27,,2025-12-31,0,Activo,16,13-24 meses,Mes a mes,Transferencia,Telefonía móvil,Patagonia,Hogar,34.35,0.0374,1,0,No,4,529.04,0.0
C04186,2024-09-27,,2025-12-31,0,Activo,16,13-24 meses,Mes a mes,Tarjeta automática,Streaming,AMBA,Hogar,26.27,0.1058,0,0,Sí,3,375.85,0.0
C04187,2024-09-27,,2025-12-31,0,Activo,16,13-24 meses,Mes a mes,Tarjeta automática,Telefonía móvil,Litoral,Hogar,34.4,0.0505,1,0,Sí,4,522.6,0.0
C04188,2024-09-27,,2025-12-31,0,Activo,16,13-24 meses,Mes a mes,Tarjeta automática,Telefonía móvil,Cuyo,Hogar,47.99,0.0447,1,2,Sí,4,733.52,0.0
C04189,2024-09-27,,2025-12-31,0,Activo,16,13-24 meses,Mes a mes,Tarjeta automática,Streaming,Cuyo,Profesional,50.66,0.1204,0,0,Sí,4,712.97,0.0
C04190,2024-09-28,,2025-12-31,0,Activo,16,13-24 meses,Anual,Transferencia,Internet estándar,AMBA,Profesional,72.96,0.0705,0,0,No,5,1085.06,0.0
C04191,2024-09-28,,2025-12-31,0,Activo,16,13-24 meses,Mes a mes,Tarjeta automática,Telefonía móvil,NOA,Profesional,53.96,0.0304,1,0,Sí,4,837.11,0.0
C04192,2024-09-29,2025-02-01,2025-12-31,1,Baja,6,4-6 meses,Mes a mes,Cheque electrónico,Internet estándar,NOA,Hogar,48.45,0.0364,2,2,No,3,280.12,581.4
C04193,2024-09-29,2025-11-21,2025-12-31,1,Baja,15,13-24 meses,Mes a mes,Tarjeta automática,Internet estándar,NOA,Profesional,71.59,0.0219,2,0,Sí,4,1050.33,859.08
C04194,2024-09-29,2025-04-15,2025-12-31,1,Baja,8,7-12 meses,Mes a mes,Débito automático,Telefonía móvil,NOA,Hogar,59.0,0.0811,5,0,Sí,2,433.72,708.0
C04195,2024-09-29,,2025-12-31,0,Activo,16,13-24 meses,Anual,Débito automático,Telefonía móvil,Litoral,PyME,100.37,0.0373,4,0,Sí,3,1546.02,0.0
C04196,2024-09-30,,2025-12-31,0,Activo,16,13-24 meses,Dos años,Débito automático,Internet estándar,Centro,Hogar,37.96,0.0058,1,1,Sí,3,603.84,0.0
C04197,2024-10-01,,2025-12-31,0,Activo,15,13-24 meses,Mes a mes,Cheque electrónico,Internet fibra,AMBA,Hogar,80.95,0.0066,1,2,No,3,1206.24,0.0
C04198,2024-10-01,,2025-12-31,0,Activo,15,13-24 meses,Dos años,Cheque electrónico,Streaming,Litoral,PyME,82.19,0.0812,1,3,No,3,1132.74,0.0
C04199,2024-10-02,,2025-12-31,0,Activo,15,13-24 meses,Anual,Tarjeta automática,Streaming,NOA,PyME,62.01,0.0658,0,0,Sí,4,868.95,0.0
C04200,2024-10-02,,2025-12-31,0,Activo,15,13-24 meses,Anual,Débito automático,Internet estándar,Cuyo,Hogar,28.7,0.0329,1,0,Sí,4,416.34,0.0
C04201,2024-10-03,2025-12-26,2025-12-31,1,Baja,15,13-24 meses,Mes a mes,Cheque electrónico,Streaming,NOA,Hogar,28.27,0.0544,1,0,No,4,400.98,339.24
C04202,2024-10-03,,2025-12-31,0,Activo,15,13-24 meses,Mes a mes,Tarjeta automática,Internet estándar,AMBA,Hogar,49.2,0.0949,0,0,Sí,4,667.96,0.0
C04203,2024-10-04,,2025-12-31,0,Activo,15,13-24 meses,Mes a mes,Débito automático,Internet fibra,Centro,Hogar,74.76,0.054,1,0,Sí,4,1060.84,0.0
C04204,2024-10-04,,2025-12-31,0,Activo,15,13-24 meses,Dos años,Tarjeta automática,Streaming,Litoral,Hogar,38.73,0.0936,0,0,Sí,5,526.57,0.0
C04205,2024-10-04,,2025-12-31,0,Activo,15,13-24 meses,Anual,Débito automático,Internet estándar,Cuyo,Hogar,38.71,0.0745,1,0,Sí,4,537.39,0.0
C04206,2024-10-04,,2025-12-31,0,Activo,15,13-24 meses,Mes a mes,Débito automático,Telefonía móvil,Patagonia,Hogar,26.75,0.0689,0,1,Sí,4,373.6,0.0
C04207,2024-10-04,2025-10-18,2025-12-31,1,Baja,13,13-24 meses,Mes a mes,Débito automático,Internet fibra,Cuyo,PyME,123.92,0.0546,3,0,Sí,2,1523.0,1487.04
C04208,2024-10-04,2025-11-10,2025-12-31,1,Baja,14,13-24 meses,Mes a mes,Cheque electrónico,Telefonía móvil,Patagonia,PyME,90.29,0.0315,2,0,No,2,1224.24,1083.48
C04209,2024-10-05,,2025-12-31,0,Activo,15,13-24 meses,Mes a mes,Débito automático,Internet fibra,Centro,PyME,132.36,0.0315,3,0,Sí,3,1922.86,0.0
C04210,2024-10-05,,2025-12-31,0,Activo,15,13-24 meses,Anual,Cheque electrónico,Telefonía móvil,AMBA,Profesional,51.23,0.0667,3,1,No,2,717.19,0.0
C04211,2024-10-05,,2025-12-31,0,Activo,15,13-24 meses,Mes a mes,Transferencia,Streaming,Litoral,Hogar,18.0,0.1581,0,0,No,5,227.31,0.0
C04212,2024-10-05,,2025-12-31,0,Activo,15,13-24 meses,Anual,Débito automático,Internet fibra,Litoral,Hogar,49.74,0.1014,3,0,Sí,3,670.45,0.0
C04213,2024-10-05,,2025-12-31,0,Activo,15,13-24 meses,Anual,Débito automático,Telefonía móvil,Litoral,Hogar,43.35,0.0629,0,0,Sí,5,609.35,0.0
C04214,2024-10-06,,2025-12-31,0,Activo,15,13-24 meses,Anual,Débito automático,Internet estándar,AMBA,Hogar,36.58,0.0901,0,0,Sí,2,499.26,0.0
C04215,2024-10-06,,2025-12-31,0,Activo,15,13-24 meses,Anual,Cheque electrónico,Internet estándar,Cuyo,Hogar,26.94,0.0814,1,1,No,3,371.21,0.0
C04216,2024-10-06,,2025-12-31,0,Activo,15,13-24 meses,Mes a mes,Tarjeta automática,Telefonía móvil,AMBA,Hogar,48.87,0.0176,2,0,Sí,4,720.15,0.0
C04217,2024-10-06,2025-12-13,2025-12-31,1,Baja,15,13-24 meses,Anual,Cheque electrónico,Telefonía móvil,Patagonia,PyME,114.0,0.0274,1,1,No,2,1663.15,1368.0
C04218,2024-10-06,,2025-12-31,0,Activo,15,13-24 meses,Anual,Débito automático,Streaming,AMBA,Hogar,27.96,0.0072,3,1,Sí,2,416.38,0.0
C04219,2024-10-07,2025-03-14,2025-12-31,1,Baja,6,4-6 meses,Mes a mes,Transferencia,Telefonía móvil,NOA,Hogar,44.95,0.0974,1,0,No,2,243.43,539.4
C04220,2024-10-07,,2025-12-31,0,Activo,15,13-24 meses,Mes a mes,Débito automático,Internet estándar,AMBA,Profesional,70.05,0.0472,0,0,Sí,4,1001.15,0.0
C04221,2024-10-08,,2025-12-31,0,Activo,15,13-24 meses,Mes a mes,Débito automático,Internet fibra,Litoral,Hogar,52.56,0.0462,1,0,Sí,4,751.98,0.0
C04222,2024-10-08,,2025-12-31,0,Activo,15,13-24 meses,Mes a mes,Transferencia,Internet fibra,Cuyo,Hogar,87.78,0.0388,2,0,No,4,1265.61,0.0
C04223,2024-10-08,,2025-12-31,0,Activo,15,13-24 meses,Mes a mes,Transferencia,Internet estándar,AMBA,Profesional,80.64,0.0435,1,0,No,4,1156.98,0.0
C04224,2024-10-08,,2025-12-31,0,Activo,15,13-24 meses,Mes a mes,Tarjeta automática,Streaming,Cuyo,Hogar,49.2,0.0658,2,0,Sí,2,689.44,0.0
C04225,2024-10-09,,2025-12-31,0,Activo,15,13-24 meses,Anual,Débito automático,Internet fibra,AMBA,Hogar,73.19,0.0499,0,1,Sí,4,1043.07,0.0
C04226,2024-10-09,,2025-12-31,0,Activo,15,13-24 meses,Mes a mes,Débito automático,Internet estándar,Patagonia,Hogar,36.51,0.0443,2,1,Sí,3,523.39,0.0
C04227,2024-10-09,2024-12-16,2025-12-31,1,Baja,3,0-3 meses,Mes a mes,Transferencia,Internet fibra,NOA,PyME,147.94,0.0608,2,0,No,2,416.84,1775.28
C04228,2024-10-09,2025-12-11,2025-12-31,1,Baja,15,13-24 meses,Mes a mes,Débito automático,Internet estándar,Centro,Hogar,54.49,0.0232,0,0,Sí,5,798.39,653.88
C04229,2024-10-09,,2025-12-31,0,Activo,15,13-24 meses,Mes a mes,Tarjeta automática,Streaming,Cuyo,Hogar,38.62,0.0089,0,0,Sí,5,574.14,0.0
C04230,2024-10-10,,2025-12-31,0,Activo,15,13-24 meses,Dos años,Transferencia,Internet fibra,AMBA,Hogar,70.88,0.0379,0,0,No,3,1022.9,0.0
C04231,2024-10-10,,2025-12-31,0,Activo,15,13-24 meses,Mes a mes,Débito automático,Streaming,Cuyo,Hogar,31.99,0.04,0,0,Sí,4,460.66,0.0
C04232,2024-10-10,2025-10-10,2025-12-31,1,Baja,13,13-24 meses,Mes a mes,Débito automático,Telefonía móvil,NOA,PyME,85.41,0.0354,6,0,Sí,1,1071.02,1024.92
C04233,2024-10-10,,2025-12-31,0,Activo,15,13-24 meses,Mes a mes,Transferencia,Internet estándar,Litoral,Hogar,48.94,0.0215,0,0,No,3,718.32,0.0
C04234,2024-10-11,,2025-12-31,0,Activo,15,13-24 meses,Mes a mes,Transferencia,Telefonía móvil,NOA,Profesional,56.17,0.028,1,0,No,3,818.96,0.0
C04235,2024-10-11,,2025-12-31,0,Activo,15,13-24 meses,Anual,Transferencia,Telefonía móvil,Patagonia,Profesional,85.78,0.0486,2,0,No,3,1224.17,0.0
C04236,2024-10-11,,2025-12-31,0,Activo,15,13-24 meses,Anual,Tarjeta automática,Internet fibra,AMBA,Hogar,84.03,0.0769,2,0,Sí,5,1163.52,0.0
C04237,2024-10-11,2025-11-08,2025-12-31,1,Baja,14,13-24 meses,Mes a mes,Tarjeta automática,Streaming,AMBA,Profesional,23.33,0.1068,2,1,Sí,3,291.74,279.96
C04238,2024-10-11,,2025-12-31,0,Activo,15,13-24 meses,Anual,Transferencia,Internet fibra,Cuyo,PyME,132.98,0.0898,0,0,No,4,1815.58,0.0
C04239,2024-10-11,,2025-12-31,0,Activo,15,13-24 meses,Mes a mes,Tarjeta automática,Internet estándar,NOA,PyME,108.05,0.0518,1,0,Sí,4,1536.8,0.0
C04240,2024-10-12,,2025-12-31,0,Activo,15,13-24 meses,Dos años,Tarjeta automática,Streaming,Centro,Hogar,23.79,0.0223,0,0,Sí,4,348.89,0.0
C04241,2024-10-12,,2025-12-31,0,Activo,15,13-24 meses,Mes a mes,Tarjeta automática,Streaming,AMBA,Hogar,18.0,0.0178,1,0,Sí,4,265.19,0.0
C04242,2024-10-12,,2025-12-31,0,Activo,15,13-24 meses,Mes a mes,Débito automático,Telefonía móvil,NOA,Hogar,49.27,0.0629,1,1,Sí,3,692.56,0.0
C04243,2024-10-12,,2025-12-31,0,Activo,15,13-24 meses,Anual,Cheque electrónico,Streaming,Centro,Hogar,18.42,0.0564,4,1,No,1,260.72,0.0
C04244,2024-10-12,,2025-12-31,0,Activo,15,13-24 meses,Anual,Tarjeta automática,Telefonía móvil,Cuyo,Hogar,48.33,0.0786,5,0,Sí,1,667.97,0.0
C04245,2024-10-13,2025-11-10,2025-12-31,1,Baja,14,13-24 meses,Mes a mes,Tarjeta automática,Streaming,Patagonia,Hogar,18.0,0.0484,2,0,Sí,2,239.8,216.0
C04246,2024-10-13,,2025-12-31,0,Activo,15,13-24 meses,Dos años,Cheque electrónico,Internet fibra,AMBA,Profesional,90.13,0.0872,2,2,No,3,1234.06,0.0
C04247,2024-10-13,,2025-12-31,0,Activo,15,13-24 meses,Dos años,Cheque electrónico,Internet fibra,Centro,Profesional,106.52,0.0296,1,2,No,3,1550.51,0.0
C04248,2024-10-13,2025-01-21,2025-12-31,1,Baja,4,4-6 meses,Mes a mes,Tarjeta automática,Internet estándar,Patagonia,Hogar,54.38,0.0798,3,2,Sí,2,200.16,652.56
C04249,2024-10-14,,2025-12-31,0,Activo,15,13-24 meses,Anual,Cheque electrónico,Streaming,AMBA,PyME,84.35,0.0366,3,2,No,3,1218.94,0.0
C04250,2024-10-14,,2025-12-31,0,Activo,15,13-24 meses,Anual,Tarjeta automática,Internet fibra,Patagonia,Hogar,77.67,0.0774,4,2,Sí,1,1074.88,0.0
C04251,2024-10-14,2024-10-26,2025-12-31,1,Baja,1,0-3 meses,Mes a mes,Transferencia,Internet estándar,Litoral,Hogar,50.0,0.0187,1,1,No,1,49.06,600.0
C04252,2024-10-14,,2025-12-31,0,Activo,15,13-24 meses,Mes a mes,Tarjeta automática,Internet fibra,Centro,Profesional,87.29,0.1232,1,0,Sí,3,1148.04,0.0
C04253,2024-10-14,,2025-12-31,0,Activo,15,13-24 meses,Dos años,Débito automático,Internet estándar,Litoral,Hogar,32.32,0.1277,1,0,Sí,4,422.89,0.0
C04254,2024-10-14,,2025-12-31,0,Activo,15,13-24 meses,Anual,Tarjeta automática,Internet estándar,Centro,Hogar,55.26,0.0663,0,0,Sí,5,773.94,0.0
C04255,2024-10-15,2025-02-04,2025-12-31,1,Baja,5,4-6 meses,Mes a mes,Transferencia,Internet fibra,NOA,PyME,149.83,0.0833,0,0,No,3,686.75,1797.96
C04256,2024-10-16,,2025-12-31,0,Activo,15,13-24 meses,Mes a mes,Tarjeta automática,Internet fibra,Cuyo,PyME,139.65,0.0117,2,2,Sí,2,2070.24,0.0
C04257,2024-10-16,,2025-12-31,0,Activo,15,13-24 meses,Mes a mes,Débito automático,Internet estándar,Patagonia,Profesional,69.8,0.0766,0,0,Sí,5,966.8,0.0
C04258,2024-10-16,,2025-12-31,0,Activo,15,13-24 meses,Dos años,Transferencia,Internet estándar,Centro,Hogar,35.71,0.0172,2,1,No,2,526.44,0.0
C04259,2024-10-16,,2025-12-31,0,Activo,15,13-24 meses,Anual,Tarjeta automática,Telefonía móvil,NOA,Hogar,51.65,0.0282,0,1,Sí,4,752.9,0.0
C04260,2024-10-16,,2025-12-31,0,Activo,15,13-24 meses,Mes a mes,Cheque electrónico,Internet fibra,Centro,Hogar,83.3,0.0743,2,0,No,3,1156.66,0.0
C04261,2024-10-17,,2025-12-31,0,Activo,15,13-24 meses,Dos años,Débito automático,Internet estándar,Litoral,Hogar,57.36,0.0927,1,0,Sí,5,780.64,0.0
C04262,2024-10-17,,2025-12-31,0,Activo,15,13-24 meses,Anual,Tarjeta automática,Internet estándar,Patagonia,PyME,115.37,0.0899,1,1,Sí,3,1574.97,0.0
C04263,2024-10-17,,2025-12-31,0,Activo,15,13-24 meses,Mes a mes,Tarjeta automática,Streaming,NOA,Hogar,46.45,0.0415,1,0,Sí,3,667.83,0.0
C04264,2024-10-18,2025-11-06,2025-12-31,1,Baja,14,13-24 meses,Mes a mes,Débito automático,Internet estándar,Patagonia,Profesional,54.74,0.0196,1,0,Sí,3,751.34,656.88
C04265,2024-10-18,,2025-12-31,0,Activo,15,13-24 meses,Mes a mes,Tarjeta automática,Internet fibra,Patagonia,Hogar,63.82,0.0437,0,0,Sí,5,915.47,0.0
C04266,2024-10-18,,2025-12-31,0,Activo,15,13-24 meses,Mes a mes,Débito automático,Telefonía móvil,Patagonia,Hogar,43.63,0.0662,1,0,Sí,4,611.13,0.0
C04267,2024-10-18,,2025-12-31,0,Activo,15,13-24 meses,Mes a mes,Transferencia,Telefonía móvil,Cuyo,Hogar,31.85,0.0246,0,0,No,5,466.0,0.0
C04268,2024-10-18,,2025-12-31,0,Activo,15,13-24 meses,Anual,Débito automático,Internet estándar,Patagonia,Hogar,36.95,0.1019,0,1,Sí,4,497.77,0.0
C04269,2024-10-18,,2025-12-31,0,Activo,15,13-24 meses,Dos años,Débito automático,Streaming,Litoral,Hogar,42.42,0.0241,0,0,Sí,4,620.97,0.0
C04270,2024-10-19,,2025-12-31,0,Activo,15,13-24 meses,Mes a mes,Cheque electrónico,Internet fibra,Litoral,PyME,121.9,0.0593,1,0,No,3,1720.07,0.0
C04271,2024-10-19,,2025-12-31,0,Activo,15,13-24 meses,Dos años,Tarjeta automática,Internet fibra,Centro,Hogar,77.88,0.0882,1,0,Sí,3,1065.16,0.0
C04272,2024-10-20,,2025-12-31,0,Activo,15,13-24 meses,Dos años,Transferencia,Internet fibra,Cuyo,Hogar,60.05,0.0755,1,0,No,4,832.74,0.0
C04273,2024-10-21,2024-12-07,2025-12-31,1,Baja,3,0-3 meses,Mes a mes,Cheque electrónico,Streaming,AMBA,Hogar,29.69,0.0892,3,1,No,1,81.12,356.28
C04274,2024-10-21,2025-11-19,2025-12-31,1,Baja,14,13-24 meses,Mes a mes,Tarjeta automática,Internet fibra,Patagonia,Profesional,109.01,0.0195,3,1,Sí,3,1496.38,1308.12
C04275,2024-10-21,,2025-12-31,0,Activo,15,13-24 meses,Anual,Transferencia,Internet fibra,AMBA,Profesional,109.34,0.0523,0,0,No,3,1554.32,0.0
C04276,2024-10-21,,2025-12-31,0,Activo,15,13-24 meses,Anual,Cheque electrónico,Internet fibra,AMBA,Hogar,89.49,0.0397,0,2,No,4,1289.06,0.0
C04277,2024-10-22,2024-10-27,2025-12-31,1,Baja,1,0-3 meses,Mes a mes,Débito automático,Internet fibra,Centro,Profesional,95.14,0.1329,0,0,Sí,4,82.5,1141.68
C04278,2024-10-22,,2025-12-31,0,Activo,15,13-24 meses,Anual,Cheque electrónico,Internet estándar,AMBA,Profesional,79.23,0.0696,0,1,No,5,1105.73,0.0
C04279,2024-10-22,,2025-12-31,0,Activo,15,13-24 meses,Anual,Débito automático,Internet estándar,Patagonia,PyME,108.73,0.0526,1,0,Sí,4,1545.16,0.0
C04280,2024-10-22,,2025-12-31,0,Activo,15,13-24 meses,Anual,Débito automático,Internet estándar,AMBA,PyME,99.17,0.0147,0,3,Sí,4,1465.68,0.0
C04281,2024-10-23,2025-06-22,2025-12-31,1,Baja,9,7-12 meses,Anual,Débito automático,Internet estándar,Cuyo,Hogar,53.2,0.0927,0,0,Sí,4,434.42,638.4
C04282,2024-10-23,2025-09-23,2025-12-31,1,Baja,12,7-12 meses,Mes a mes,Tarjeta automática,Internet estándar,Patagonia,Hogar,58.74,0.0392,0,0,Sí,5,677.25,704.88
C04283,2024-10-23,2025-04-17,2025-12-31,1,Baja,7,7-12 meses,Mes a mes,Cheque electrónico,Streaming,Litoral,Hogar,18.0,0.0718,1,3,No,3,116.95,216.0
C04284,2024-10-23,,2025-12-31,0,Activo,15,13-24 meses,Mes a mes,Tarjeta automática,Internet fibra,Litoral,Hogar,66.34,0.1316,0,0,Sí,4,864.14,0.0
C04285,2024-10-23,,2025-12-31,0,Activo,15,13-24 meses,Dos años,Cheque electrónico,Internet fibra,Cuyo,Hogar,76.42,0.0468,0,3,No,4,1092.65,0.0
C04286,2024-10-23,,2025-12-31,0,Activo,15,13-24 meses,Dos años,Transferencia,Telefonía móvil,Cuyo,Hogar,28.56,0.057,2,0,No,3,403.98,0.0
C04287,2024-10-23,,2025-12-31,0,Activo,15,13-24 meses,Anual,Cheque electrónico,Streaming,Patagonia,Profesional,33.4,0.0918,0,2,No,5,455.01,0.0
C04288,2024-10-24,,2025-12-31,0,Activo,15,13-24 meses,Mes a mes,Cheque electrónico,Internet estándar,Cuyo,Hogar,44.37,0.0116,1,0,No,4,657.83,0.0
C04289,2024-10-25,,2025-12-31,0,Activo,15,13-24 meses,Anual,Débito automático,Internet fibra,Patagonia,Hogar,88.91,0.0172,0,0,Sí,4,1310.71,0.0
C04290,2024-10-25,2024-11-09,2025-12-31,1,Baja,2,0-3 meses,Mes a mes,Cheque electrónico,Internet fibra,Patagonia,PyME,143.7,0.0301,1,1,No,3,278.75,1724.4
C04291,2024-10-25,2024-12-12,2025-12-31,1,Baja,3,0-3 meses,Mes a mes,Transferencia,Internet fibra,Centro,Hogar,81.53,0.0628,2,1,No,5,229.23,978.36
C04292,2024-10-25,2025-05-17,2025-12-31,1,Baja,8,7-12 meses,Mes a mes,Débito automático,Telefonía móvil,AMBA,Hogar,43.98,0.0351,0,1,Sí,5,339.49,527.76
C04293,2024-10-25,,2025-12-31,0,Activo,15,13-24 meses,Anual,Transferencia,Streaming,Cuyo,Profesional,69.96,0.0129,1,1,No,3,1035.86,0.0
C04294,2024-10-26,,2025-12-31,0,Activo,15,13-24 meses,Mes a mes,Tarjeta automática,Internet fibra,Cuyo,Hogar,72.07,0.0829,0,0,Sí,5,991.43,0.0
C04295,2024-10-26,,2025-12-31,0,Activo,15,13-24 meses,Anual,Tarjeta automática,Internet fibra,AMBA,Hogar,80.65,0.0577,1,1,Sí,5,1139.95,0.0
C04296,2024-10-26,,2025-12-31,0,Activo,15,13-24 meses,Dos años,Tarjeta automática,Internet fibra,Patagonia,Profesional,89.52,0.0926,0,0,Sí,5,1218.46,0.0
C04297,2024-10-26,,2025-12-31,0,Activo,15,13-24 meses,Anual,Débito automático,Internet fibra,Litoral,Hogar,63.84,0.0704,2,0,Sí,3,890.18,0.0
C04298,2024-10-26,,2025-12-31,0,Activo,15,13-24 meses,Mes a mes,Tarjeta automática,Internet estándar,Litoral,Hogar,62.03,0.0227,4,0,Sí,2,909.33,0.0
C04299,2024-10-26,2025-07-12,2025-12-31,1,Baja,10,7-12 meses,Dos años,Débito automático,Internet estándar,Patagonia,PyME,100.64,0.0299,1,0,Sí,4,976.31,1207.68
C04300,2024-10-27,,2025-12-31,0,Activo,15,13-24 meses,Anual,Transferencia,Telefonía móvil,Cuyo,Hogar,49.64,0.0599,0,0,No,4,700.0,0.0
C04301,2024-10-28,,2025-12-31,0,Activo,15,13-24 meses,Mes a mes,Transferencia,Streaming,Litoral,Hogar,26.29,0.0631,2,0,No,3,369.47,0.0
C04302,2024-10-28,,2025-12-31,0,Activo,15,13-24 meses,Anual,Cheque electrónico,Telefonía móvil,Centro,Hogar,55.71,0.0575,1,1,No,3,787.6,0.0
C04303,2024-10-28,,2025-12-31,0,Activo,15,13-24 meses,Dos años,Cheque electrónico,Telefonía móvil,Patagonia,Hogar,31.03,0.0184,1,1,No,4,456.89,0.0
C04304,2024-10-28,2025-01-18,2025-12-31,1,Baja,4,4-6 meses,Mes a mes,Cheque electrónico,Telefonía móvil,NOA,Hogar,54.8,0.0548,1,2,No,4,207.19,657.6
C04305,2024-10-28,2025-05-09,2025-12-31,1,Baja,8,7-12 meses,Mes a mes,Transferencia,Telefonía móvil,NOA,Hogar,51.84,0.0233,1,0,No,3,405.06,622.08
C04306,2024-10-28,,2025-12-31,0,Activo,15,13-24 meses,Mes a mes,Tarjeta automática,Internet estándar,Cuyo,Hogar,29.26,0.0751,0,0,Sí,4,405.94,0.0
C04307,2024-10-29,2025-06-22,2025-12-31,1,Baja,9,7-12 meses,Mes a mes,Cheque electrónico,Internet fibra,AMBA,PyME,127.31,0.0496,3,3,No,3,1088.96,1527.72
C04308,2024-10-29,,2025-12-31,0,Activo,15,13-24 meses,Anual,Tarjeta automática,Internet fibra,NOA,Hogar,89.23,0.0225,2,0,Sí,3,1308.33,0.0
C04309,2024-10-29,,2025-12-31,0,Activo,15,13-24 meses,Mes a mes,Tarjeta automática,Streaming,Litoral,Hogar,47.01,0.0228,0,1,Sí,2,689.07,0.0
C04310,2024-10-29,,2025-12-31,0,Activo,15,13-24 meses,Mes a mes,Débito automático,Streaming,Patagonia,Profesional,54.87,0.083,0,0,Sí,5,754.74,0.0
C04311,2024-10-29,,2025-12-31,0,Activo,15,13-24 meses,Mes a mes,Débito automático,Internet fibra,Centro,Hogar,73.64,0.09,1,1,Sí,4,1005.19,0.0
C04312,2024-10-29,2025-06-19,2025-12-31,1,Baja,9,7-12 meses,Mes a mes,Transferencia,Telefonía móvil,NOA,Profesional,49.35,0.0518,0,0,No,5,421.14,592.2
C04313,2024-10-29,2025-08-21,2025-12-31,1,Baja,11,7-12 meses,Mes a mes,Tarjeta automática,Telefonía móvil,NOA,Hogar,48.23,0.0658,2,0,Sí,4,495.62,578.76
C04314,2024-10-30,,2025-12-31,0,Activo,15,13-24 meses,Anual,Transferencia,Streaming,AMBA,Profesional,42.31,0.0332,1,0,No,4,613.58,0.0
C04315,2024-10-30,,2025-12-31,0,Activo,15,13-24 meses,Mes a mes,Tarjeta automática,Internet estándar,Litoral,PyME,99.78,0.0636,0,1,Sí,2,1401.51,0.0
C04316,2024-10-31,,2025-12-31,0,Activo,15,13-24 meses,Mes a mes,Tarjeta automática,Internet fibra,Cuyo,Hogar,75.53,0.1684,1,0,Sí,4,942.16,0.0
C04317,2024-10-31,,2025-12-31,0,Activo,15,13-24 meses,Dos años,Débito automático,Internet estándar,Litoral,Hogar,58.7,0.0661,0,0,Sí,4,822.3,0.0
C04318,2024-10-31,,2025-12-31,0,Activo,15,13-24 meses,Dos años,Débito automático,Internet fibra,Centro,Hogar,97.87,0.0966,0,0,Sí,4,1326.24,0.0
C04319,2024-10-31,2025-10-22,2025-12-31,1,Baja,13,13-24 meses,Mes a mes,Transferencia,Streaming,AMBA,Hogar,40.3,0.0163,7,0,No,1,515.36,483.6
C04320,2024-10-31,,2025-12-31,0,Activo,15,13-24 meses,Mes a mes,Tarjeta automática,Internet fibra,Centro,Hogar,78.11,0.0509,1,0,Sí,5,1112.01,0.0
C04321,2024-10-31,,2025-12-31,0,Activo,15,13-24 meses,Mes a mes,Tarjeta automática,Internet fibra,Litoral,Profesional,86.11,0.0205,0,0,Sí,4,1265.17,0.0
C04322,2024-10-31,,2025-12-31,0,Activo,15,13-24 meses,Mes a mes,Tarjeta automática,Internet estándar,Centro,Hogar,56.34,0.0122,3,1,Sí,2,834.79,0.0
C04323,2024-11-01,,2025-12-31,0,Activo,14,13-24 meses,Mes a mes,Transferencia,Streaming,Cuyo,Hogar,47.32,0.0344,1,0,No,5,639.69,0.0
C04324,2024-11-01,,2025-12-31,0,Activo,14,13-24 meses,Dos años,Cheque electrónico,Internet estándar,Cuyo,Profesional,78.04,0.0951,1,2,No,3,988.66,0.0
C04325,2024-11-02,,2025-12-31,0,Activo,14,13-24 meses,Anual,Transferencia,Telefonía móvil,Patagonia,Hogar,44.29,0.0471,2,1,No,3,590.86,0.0
C04326,2024-11-02,,2025-12-31,0,Activo,14,13-24 meses,Mes a mes,Transferencia,Internet fibra,Cuyo,Hogar,72.62,0.0326,0,0,No,4,983.54,0.0
C04327,2024-11-02,,2025-12-31,0,Activo,14,13-24 meses,Dos años,Cheque electrónico,Telefonía móvil,AMBA,PyME,100.8,0.0444,1,3,No,2,1348.54,0.0
C04328,2024-11-02,,2025-12-31,0,Activo,14,13-24 meses,Mes a mes,Tarjeta automática,Internet fibra,Litoral,PyME,145.7,0.0525,5,0,Sí,1,1932.71,0.0
C04329,2024-11-03,,2025-12-31,0,Activo,14,13-24 meses,Mes a mes,Tarjeta automática,Internet fibra,Centro,PyME,135.56,0.0365,0,0,Sí,4,1828.57,0.0
C04330,2024-11-03,2025-06-18,2025-12-31,1,Baja,8,7-12 meses,Mes a mes,Débito automático,Telefonía móvil,Centro,Hogar,40.86,0.0531,1,0,Sí,4,309.52,490.32
C04331,2024-11-03,2025-08-27,2025-12-31,1,Baja,10,7-12 meses,Mes a mes,Tarjeta automática,Streaming,Patagonia,Hogar,21.44,0.1019,7,0,Sí,1,192.55,257.28
C04332,2024-11-03,,2025-12-31,0,Activo,14,13-24 meses,Dos años,Débito automático,Streaming,Centro,Hogar,57.48,0.0868,1,0,Sí,4,734.87,0.0
C04333,2024-11-03,,2025-12-31,0,Activo,14,13-24 meses,Mes a mes,Débito automático,Streaming,AMBA,PyME,74.2,0.0645,2,0,Sí,4,971.8,0.0
C04334,2024-11-04,,2025-12-31,0,Activo,14,13-24 meses,Anual,Débito automático,Internet estándar,Cuyo,PyME,93.18,0.1881,1,1,Sí,3,1059.14,0.0
C04335,2024-11-04,,2025-12-31,0,Activo,14,13-24 meses,Mes a mes,Débito automático,Telefonía móvil,Cuyo,Profesional,61.81,0.0528,1,0,Sí,3,819.65,0.0
C04336,2024-11-04,,2025-12-31,0,Activo,14,13-24 meses,Dos años,Débito automático,Internet fibra,Patagonia,Hogar,75.78,0.0669,0,0,Sí,5,989.94,0.0
C04337,2024-11-04,2025-11-26,2025-12-31,1,Baja,13,13-24 meses,Anual,Tarjeta automática,Telefonía móvil,Patagonia,Hogar,53.26,0.09,3,1,Sí,2,630.07,639.12
C04338,2024-11-05,,2025-12-31,0,Activo,14,13-24 meses,Mes a mes,Cheque electrónico,Telefonía móvil,AMBA,Profesional,71.63,0.1081,3,0,No,3,894.42,0.0
C04339,2024-11-05,2025-09-05,2025-12-31,1,Baja,11,7-12 meses,Mes a mes,Transferencia,Telefonía móvil,Patagonia,Hogar,28.64,0.0942,0,0,No,4,285.36,343.68
C04340,2024-11-05,2025-01-22,2025-12-31,1,Baja,3,0-3 meses,Dos años,Tarjeta automática,Streaming,Patagonia,Hogar,20.69,0.06,8,0,Sí,1,58.35,248.28
C04341,2024-11-05,2025-09-15,2025-12-31,1,Baja,11,7-12 meses,Mes a mes,Tarjeta automática,Streaming,Centro,Profesional,37.37,0.066,2,0,Sí,3,383.94,448.44
C04342,2024-11-06,,2025-12-31,0,Activo,14,13-24 meses,Mes a mes,Tarjeta automática,Internet estándar,Cuyo,Profesional,75.63,0.0614,1,0,Sí,3,993.81,0.0
C04343,2024-11-06,,2025-12-31,0,Activo,14,13-24 meses,Dos años,Tarjeta automática,Internet estándar,Patagonia,Hogar,53.71,0.0223,0,0,Sí,5,735.17,0.0
C04344,2024-11-06,,2025-12-31,0,Activo,14,13-24 meses,Mes a mes,Tarjeta automática,Telefonía móvil,Litoral,Profesional,55.91,0.0441,1,0,Sí,4,748.22,0.0
C04345,2024-11-06,,2025-12-31,0,Activo,14,13-24 meses,Mes a mes,Tarjeta automática,Streaming,Cuyo,Hogar,31.38,0.1133,0,1,Sí,5,389.55,0.0
C04346,2024-11-07,2024-11-07,2025-12-31,1,Baja,1,0-3 meses,Mes a mes,Cheque electrónico,Internet estándar,Patagonia,Hogar,36.61,0.1097,3,1,No,2,32.59,439.32
C04347,2024-11-07,2025-10-10,2025-12-31,1,Baja,12,7-12 meses,Mes a mes,Cheque electrónico,Telefonía móvil,Litoral,Hogar,33.83,0.051,0,2,No,2,385.26,405.96
C04348,2024-11-07,,2025-12-31,0,Activo,14,13-24 meses,Mes a mes,Cheque electrónico,Internet fibra,Litoral,Hogar,63.7,0.1097,1,0,No,2,793.97,0.0
C04349,2024-11-08,,2025-12-31,0,Activo,14,13-24 meses,Mes a mes,Transferencia,Telefonía móvil,AMBA,Hogar,43.6,0.047,3,1,No,3,581.71,0.0
C04350,2024-11-08,,2025-12-31,0,Activo,14,13-24 meses,Mes a mes,Transferencia,Telefonía móvil,Litoral,Hogar,43.56,0.0321,1,1,No,3,590.26,0.0
C04351,2024-11-09,2024-12-03,2025-12-31,1,Baja,2,0-3 meses,Mes a mes,Transferencia,Internet fibra,Centro,Hogar,67.17,0.0527,2,1,No,2,127.26,806.04
C04352,2024-11-09,2025-11-26,2025-12-31,1,Baja,13,13-24 meses,Mes a mes,Cheque electrónico,Internet fibra,NOA,Hogar,82.63,0.1047,0,1,No,5,961.72,991.56
C04353,2024-11-09,,2025-12-31,0,Activo,14,13-24 meses,Dos años,Transferencia,Streaming,Centro,Hogar,40.63,0.0559,1,0,No,5,537.02,0.0
C04354,2024-11-09,,2025-12-31,0,Activo,14,13-24 meses,Anual,Transferencia,Internet fibra,AMBA,Profesional,84.66,0.0866,0,0,No,4,1082.6,0.0
C04355,2024-11-09,2024-12-22,2025-12-31,1,Baja,2,0-3 meses,Mes a mes,Cheque electrónico,Telefonía móvil,Cuyo,Hogar,38.41,0.0508,0,2,No,3,72.92,460.92
C04356,2024-11-09,2025-08-17,2025-12-31,1,Baja,10,7-12 meses,Mes a mes,Débito automático,Internet fibra,Cuyo,Hogar,83.65,0.0091,0,2,Sí,4,828.89,1003.8
C04357,2024-11-10,,2025-12-31,0,Activo,14,13-24 meses,Anual,Tarjeta automática,Internet fibra,Cuyo,Hogar,77.93,0.009,2,1,Sí,4,1081.2,0.0
C04358,2024-11-10,2025-12-11,2025-12-31,1,Baja,14,13-24 meses,Mes a mes,Tarjeta automática,Internet fibra,NOA,Hogar,62.91,0.0039,1,0,Sí,5,877.31,754.92
C04359,2024-11-10,,2025-12-31,0,Activo,14,13-24 meses,Mes a mes,Débito automático,Telefonía móvil,Centro,Hogar,37.15,0.0904,0,1,Sí,4,473.08,0.0
C04360,2024-11-10,,2025-12-31,0,Activo,14,13-24 meses,Anual,Tarjeta automática,Internet estándar,NOA,PyME,98.79,0.0266,0,1,Sí,4,1346.27,0.0
C04361,2024-11-10,,2025-12-31,0,Activo,14,13-24 meses,Mes a mes,Tarjeta automática,Telefonía móvil,AMBA,Hogar,40.13,0.0249,1,0,Sí,5,547.83,0.0
C04362,2024-11-10,,2025-12-31,0,Activo,14,13-24 meses,Anual,Tarjeta automática,Telefonía móvil,Litoral,Hogar,40.59,0.1432,1,1,Sí,5,486.89,0.0
C04363,2024-11-11,,2025-12-31,0,Activo,14,13-24 meses,Dos años,Tarjeta automática,Streaming,AMBA,Hogar,46.23,0.0524,0,0,Sí,4,613.31,0.0
C04364,2024-11-11,,2025-12-31,0,Activo,14,13-24 meses,Anual,Cheque electrónico,Internet fibra,Centro,Hogar,75.71,0.0324,2,0,No,4,1025.6,0.0
C04365,2024-11-11,,2025-12-31,0,Activo,14,13-24 meses,Mes a mes,Débito automático,Internet fibra,AMBA,PyME,114.1,0.0281,1,1,Sí,4,1552.51,0.0
C04366,2024-11-11,,2025-12-31,0,Activo,14,13-24 meses,Mes a mes,Tarjeta automática,Telefonía móvil,Centro,Hogar,43.0,0.0858,0,0,Sí,5,550.35,0.0
C04367,2024-11-13,,2025-12-31,0,Activo,14,13-24 meses,Mes a mes,Débito automático,Internet fibra,Cuyo,Profesional,115.23,0.0241,0,0,Sí,4,1574.34,0.0
C04368,2024-11-13,,2025-12-31,0,Activo,14,13-24 meses,Anual,Tarjeta automática,Telefonía móvil,NOA,PyME,95.16,0.0663,0,1,Sí,5,1243.91,0.0
C04369,2024-11-14,,2025-12-31,0,Activo,14,13-24 meses,Dos años,Transferencia,Telefonía móvil,Patagonia,Hogar,37.18,0.0586,2,0,No,4,490.02,0.0
C04370,2024-11-14,,2025-12-31,0,Activo,14,13-24 meses,Dos años,Transferencia,Streaming,Patagonia,Hogar,25.64,0.0926,1,0,No,4,325.72,0.0
C04371,2024-11-14,,2025-12-31,0,Activo,14,13-24 meses,Mes a mes,Tarjeta automática,Streaming,Cuyo,Profesional,53.43,0.0447,0,0,Sí,4,714.58,0.0
C04372,2024-11-14,,2025-12-31,0,Activo,14,13-24 meses,Dos años,Débito automático,Telefonía móvil,Centro,Profesional,56.6,0.0502,0,1,Sí,4,752.62,0.0
C04373,2024-11-14,,2025-12-31,0,Activo,14,13-24 meses,Mes a mes,Tarjeta automática,Streaming,Centro,Hogar,18.0,0.0424,0,0,Sí,3,241.32,0.0
C04374,2024-11-14,,2025-12-31,0,Activo,14,13-24 meses,Anual,Transferencia,Streaming,AMBA,Hogar,21.61,0.0232,0,1,No,4,295.52,0.0
C04375,2024-11-14,,2025-12-31,0,Activo,14,13-24 meses,Mes a mes,Cheque electrónico,Internet estándar,Litoral,Hogar,48.29,0.0607,0,2,No,3,635.02,0.0
C04376,2024-11-14,,2025-12-31,0,Activo,14,13-24 meses,Mes a mes,Cheque electrónico,Internet estándar,Patagonia,Hogar,54.89,0.0366,0,0,No,5,740.33,0.0
C04377,2024-11-15,,2025-12-31,0,Activo,14,13-24 meses,Mes a mes,Tarjeta automática,Internet estándar,Litoral,Profesional,60.59,0.1562,0,1,Sí,5,715.76,0.0
C04378,2024-11-15,,2025-12-31,0,Activo,14,13-24 meses,Dos años,Transferencia,Telefonía móvil,Litoral,Hogar,38.74,0.0702,0,0,No,5,504.29,0.0
C04379,2024-11-15,2025-10-03,2025-12-31,1,Baja,12,7-12 meses,Mes a mes,Cheque electrónico,Streaming,Cuyo,Hogar,29.49,0.1302,1,2,No,4,307.8,353.88
C04380,2024-11-15,2025-03-27,2025-12-31,1,Baja,5,4-6 meses,Mes a mes,Cheque electrónico,Telefonía móvil,NOA,Hogar,33.45,0.0547,2,3,No,2,158.1,401.4
C04381,2024-11-15,,2025-12-31,0,Activo,14,13-24 meses,Mes a mes,Tarjeta automática,Internet fibra,NOA,Hogar,76.99,0.0604,3,0,Sí,4,1012.76,0.0
C04382,2024-11-15,2025-12-07,2025-12-31,1,Baja,14,13-24 meses,Mes a mes,Débito automático,Telefonía móvil,Cuyo,Profesional,65.14,0.0393,1,0,Sí,5,876.12,781.68
C04383,2024-11-16,,2025-12-31,0,Activo,14,13-24 meses,Dos años,Tarjeta automática,Internet estándar,Patagonia,Hogar,35.95,0.1418,1,0,Sí,3,431.93,0.0
C04384,2024-11-16,,2025-12-31,0,Activo,14,13-24 meses,Mes a mes,Tarjeta automática,Streaming,Cuyo,Profesional,50.37,0.0538,0,2,Sí,4,667.24,0.0
C04385,2024-11-16,2024-11-13,2025-12-31,1,Baja,1,0-3 meses,Mes a mes,Transferencia,Internet fibra,AMBA,Hogar,66.01,0.0253,4,0,No,3,64.34,792.12
C04386,2024-11-16,,2025-12-31,0,Activo,14,13-24 meses,Anual,Débito automático,Telefonía móvil,Centro,Hogar,30.23,0.0691,6,1,Sí,1,393.98,0.0
C04387,2024-11-16,,2025-12-31,0,Activo,14,13-24 meses,Mes a mes,Tarjeta automática,Streaming,NOA,Hogar,21.71,0.06,1,0,Sí,3,285.7,0.0
C04388,2024-11-16,2024-12-26,2025-12-31,1,Baja,2,0-3 meses,Mes a mes,Cheque electrónico,Internet estándar,Cuyo,Hogar,64.02,0.0175,3,2,No,2,125.8,768.24
C04389,2024-11-16,,2025-12-31,0,Activo,14,13-24 meses,Mes a mes,Débito automático,Internet fibra,NOA,Profesional,77.13,0.0969,0,0,Sí,5,975.19,0.0
C04390,2024-11-17,2025-03-23,2025-12-31,1,Baja,5,4-6 meses,Mes a mes,Cheque electrónico,Internet estándar,Centro,Hogar,43.9,0.0388,0,2,No,4,210.98,526.8
C04391,2024-11-17,,2025-12-31,0,Activo,14,13-24 meses,Mes a mes,Cheque electrónico,Internet fibra,Cuyo,PyME,132.71,0.0754,2,1,No,2,1717.85,0.0
C04392,2024-11-18,,2025-12-31,0,Activo,14,13-24 meses,Mes a mes,Cheque electrónico,Internet fibra,AMBA,Hogar,90.84,0.0586,0,3,No,3,1197.23,0.0
C04393,2024-11-18,2025-08-14,2025-12-31,1,Baja,10,7-12 meses,Mes a mes,Transferencia,Internet estándar,Patagonia,Profesional,88.43,0.0337,1,1,No,4,854.5,1061.16
C04394,2024-11-18,,2025-12-31,0,Activo,14,13-24 meses,Anual,Tarjeta automática,Internet estándar,Centro,Hogar,44.36,0.0721,0,0,Sí,4,576.26,0.0
C04395,2024-11-18,2025-08-05,2025-12-31,1,Baja,10,7-12 meses,Dos años,Tarjeta automática,Internet estándar,AMBA,Profesional,72.93,0.0993,2,1,Sí,5,656.88,875.16
C04396,2024-11-18,,2025-12-31,0,Activo,14,13-24 meses,Dos años,Cheque electrónico,Streaming,Centro,Hogar,27.96,0.1306,2,1,No,4,340.32,0.0
C04397,2024-11-19,,2025-12-31,0,Activo,14,13-24 meses,Mes a mes,Tarjeta automática,Internet estándar,Litoral,Hogar,47.89,0.0667,0,1,Sí,5,625.74,0.0
C04398,2024-11-19,2025-02-10,2025-12-31,1,Baja,4,4-6 meses,Mes a mes,Débito automático,Internet fibra,Patagonia,PyME,136.01,0.0317,3,0,Sí,3,526.79,1632.12
C04399,2024-11-19,,2025-12-31,0,Activo,14,13-24 meses,Dos años,Transferencia,Telefonía móvil,NOA,Profesional,42.56,0.0866,5,0,No,1,544.24,0.0
C04400,2024-11-19,,2025-12-31,0,Activo,14,13-24 meses,Anual,Tarjeta automática,Internet estándar,Centro,Hogar,48.47,0.131,0,1,Sí,5,589.69,0.0
C04401,2024-11-19,,2025-12-31,0,Activo,14,13-24 meses,Mes a mes,Tarjeta automática,Streaming,Litoral,Profesional,51.96,0.0389,3,0,Sí,2,699.14,0.0
C04402,2024-11-19,,2025-12-31,0,Activo,14,13-24 meses,Mes a mes,Débito automático,Telefonía móvil,Cuyo,Hogar,32.54,0.0362,0,1,Sí,4,439.07,0.0
C04403,2024-11-20,2025-09-07,2025-12-31,1,Baja,11,7-12 meses,Mes a mes,Débito automático,Telefonía móvil,Patagonia,Profesional,65.03,0.0944,4,1,Sí,2,647.8,780.36
C04404,2024-11-20,2025-09-09,2025-12-31,1,Baja,11,7-12 meses,Mes a mes,Transferencia,Internet estándar,Patagonia,Hogar,29.99,0.0535,1,2,No,2,312.24,359.88
C04405,2024-11-20,,2025-12-31,0,Activo,14,13-24 meses,Mes a mes,Tarjeta automática,Internet estándar,AMBA,Profesional,68.03,0.0432,0,0,Sí,5,911.28,0.0
C04406,2024-11-20,,2025-12-31,0,Activo,14,13-24 meses,Mes a mes,Débito automático,Telefonía móvil,AMBA,Hogar,56.76,0.0715,0,0,Sí,5,737.82,0.0
C04407,2024-11-21,,2025-12-31,0,Activo,14,13-24 meses,Dos años,Tarjeta automática,Telefonía móvil,Litoral,Profesional,57.6,0.0604,0,0,Sí,4,757.69,0.0
C04408,2024-11-21,,2025-12-31,0,Activo,14,13-24 meses,Anual,Transferencia,Internet fibra,Litoral,PyME,122.24,0.0246,3,1,No,2,1669.26,0.0
C04409,2024-11-21,,2025-12-31,0,Activo,14,13-24 meses,Anual,Tarjeta automática,Streaming,NOA,PyME,68.32,0.0595,2,0,Sí,3,899.57,0.0
C04410,2024-11-21,,2025-12-31,0,Activo,14,13-24 meses,Mes a mes,Tarjeta automática,Telefonía móvil,NOA,Profesional,64.3,0.0403,2,0,Sí,5,863.92,0.0
C04411,2024-11-21,,2025-12-31,0,Activo,14,13-24 meses,Anual,Cheque electrónico,Telefonía móvil,AMBA,Profesional,70.21,0.0374,1,1,No,4,946.18,0.0
C04412,2024-11-21,,2025-12-31,0,Activo,14,13-24 meses,Anual,Tarjeta automática,Internet fibra,Litoral,Hogar,77.38,0.039,0,0,Sí,5,1041.07,0.0
C04413,2024-11-21,2025-08-26,2025-12-31,1,Baja,10,7-12 meses,Mes a mes,Transferencia,Internet estándar,Cuyo,Hogar,43.9,0.0679,2,0,No,3,409.19,526.8
C04414,2024-11-22,,2025-12-31,0,Activo,14,13-24 meses,Anual,Tarjeta automática,Internet estándar,Cuyo,Hogar,27.76,0.0411,1,0,Sí,4,372.67,0.0
C04415,2024-11-22,,2025-12-31,0,Activo,14,13-24 meses,Anual,Tarjeta automática,Internet fibra,AMBA,Hogar,79.36,0.0319,2,0,Sí,2,1075.6,0.0
C04416,2024-11-22,,2025-12-31,0,Activo,14,13-24 meses,Anual,Tarjeta automática,Streaming,NOA,Hogar,21.42,0.0092,1,0,Sí,3,297.12,0.0
C04417,2024-11-22,2025-07-17,2025-12-31,1,Baja,9,7-12 meses,Mes a mes,Cheque electrónico,Internet estándar,AMBA,Profesional,60.05,0.1006,3,2,No,4,486.08,720.6
C04418,2024-11-22,2024-11-02,2025-12-31,1,Baja,1,0-3 meses,Dos años,Débito automático,Internet fibra,NOA,Hogar,95.78,0.1239,1,0,Sí,4,83.91,1149.36
C04419,2024-11-22,,2025-12-31,0,Activo,14,13-24 meses,Mes a mes,Tarjeta automática,Internet estándar,NOA,Hogar,29.18,0.0726,1,0,Sí,4,378.86,0.0
C04420,2024-11-22,2024-12-25,2025-12-31,1,Baja,2,0-3 meses,Mes a mes,Débito automático,Telefonía móvil,Patagonia,Hogar,23.65,0.1718,2,1,Sí,1,39.17,283.8
C04421,2024-11-23,,2025-12-31,0,Activo,14,13-24 meses,Mes a mes,Débito automático,Telefonía móvil,AMBA,PyME,99.54,0.0635,0,0,Sí,5,1305.07,0.0
C04422,2024-11-23,2024-11-21,2025-12-31,1,Baja,1,0-3 meses,Mes a mes,Cheque electrónico,Telefonía móvil,Cuyo,Hogar,37.76,0.0062,2,0,No,3,37.53,453.12
C04423,2024-11-23,2025-02-24,2025-12-31,1,Baja,4,4-6 meses,Mes a mes,Cheque electrónico,Telefonía móvil,AMBA,Hogar,36.29,0.0613,3,1,No,3,136.26,435.48
C04424,2024-11-23,,2025-12-31,0,Activo,14,13-24 meses,Mes a mes,Débito automático,Telefonía móvil,Litoral,Hogar,45.0,0.0489,2,0,Sí,2,599.19,0.0
C04425,2024-11-23,2025-06-12,2025-12-31,1,Baja,8,7-12 meses,Anual,Débito automático,Internet estándar,NOA,Hogar,51.81,0.0335,1,0,Sí,5,400.59,621.72
C04426,2024-11-23,2024-11-13,2025-12-31,1,Baja,1,0-3 meses,Mes a mes,Débito automático,Internet fibra,Litoral,Hogar,67.29,0.0946,0,2,Sí,3,60.92,807.48
C04427,2024-11-23,,2025-12-31,0,Activo,14,13-24 meses,Dos años,Cheque electrónico,Telefonía móvil,AMBA,Hogar,35.49,0.0317,4,0,No,1,481.11,0.0
C04428,2024-11-24,,2025-12-31,0,Activo,14,13-24 meses,Mes a mes,Débito automático,Streaming,Centro,PyME,84.55,0.0591,3,0,Sí,3,1113.74,0.0
C04429,2024-11-24,,2025-12-31,0,Activo,14,13-24 meses,Anual,Tarjeta automática,Internet estándar,Centro,Profesional,68.84,0.0191,0,0,Sí,5,945.35,0.0
C04430,2024-11-24,,2025-12-31,0,Activo,14,13-24 meses,Dos años,Cheque electrónico,Telefonía móvil,Cuyo,Hogar,47.32,0.0405,2,2,No,3,635.65,0.0
C04431,2024-11-24,,2025-12-31,0,Activo,14,13-24 meses,Anual,Cheque electrónico,Internet estándar,Cuyo,Hogar,42.59,0.0964,1,3,No,3,538.78,0.0
C04432,2024-11-25,,2025-12-31,0,Activo,14,13-24 meses,Anual,Débito automático,Telefonía móvil,Patagonia,Hogar,45.82,0.0862,0,1,Sí,4,586.18,0.0
C04433,2024-11-25,,2025-12-31,0,Activo,14,13-24 meses,Anual,Débito automático,Streaming,Centro,Profesional,57.45,0.0408,2,1,Sí,4,771.48,0.0
C04434,2024-11-25,2025-06-03,2025-12-31,1,Baja,8,7-12 meses,Mes a mes,Transferencia,Internet fibra,Centro,PyME,133.52,0.0206,0,1,No,4,1046.16,1602.24
C04435,2024-11-26,2025-08-12,2025-12-31,1,Baja,10,7-12 meses,Mes a mes,Cheque electrónico,Telefonía móvil,Centro,Hogar,40.87,0.1637,1,0,No,2,341.8,490.44
C04436,2024-11-26,,2025-12-31,0,Activo,14,13-24 meses,Mes a mes,Débito automático,Telefonía móvil,NOA,Hogar,39.41,0.0326,0,0,Sí,5,533.75,0.0
C04437,2024-11-26,,2025-12-31,0,Activo,14,13-24 meses,Mes a mes,Débito automático,Streaming,Centro,PyME,77.21,0.0523,0,0,Sí,5,1024.41,0.0
C04438,2024-11-27,2025-09-15,2025-12-31,1,Baja,11,7-12 meses,Mes a mes,Tarjeta automática,Streaming,NOA,Hogar,18.68,0.0475,2,0,Sí,3,195.72,224.16
C04439,2024-11-27,2025-04-08,2025-12-31,1,Baja,6,4-6 meses,Mes a mes,Débito automático,Internet fibra,Litoral,PyME,129.72,0.0407,4,1,Sí,3,746.64,1556.64
C04440,2024-11-28,,2025-12-31,0,Activo,14,13-24 meses,Dos años,Tarjeta automática,Internet fibra,Centro,Hogar,82.96,0.0546,0,0,Sí,4,1098.03,0.0
C04441,2024-11-28,,2025-12-31,0,Activo,14,13-24 meses,Dos años,Transferencia,Internet fibra,Litoral,Profesional,86.22,0.043,0,0,No,4,1155.18,0.0
C04442,2024-11-28,,2025-12-31,0,Activo,14,13-24 meses,Anual,Tarjeta automática,Internet fibra,AMBA,Hogar,77.17,0.0914,2,1,Sí,3,981.63,0.0
C04443,2024-11-28,,2025-12-31,0,Activo,14,13-24 meses,Anual,Débito automático,Internet estándar,NOA,Profesional,64.89,0.0616,1,1,Sí,4,852.5,0.0
C04444,2024-11-29,,2025-12-31,0,Activo,14,13-24 meses,Mes a mes,Cheque electrónico,Internet estándar,NOA,PyME,123.56,0.0569,1,0,No,3,1631.41,0.0
C04445,2024-11-29,,2025-12-31,0,Activo,14,13-24 meses,Mes a mes,Débito automático,Internet fibra,Centro,Hogar,85.95,0.0659,0,0,Sí,3,1124.0,0.0
C04446,2024-11-29,,2025-12-31,0,Activo,14,13-24 meses,Anual,Tarjeta automática,Internet estándar,Centro,Profesional,74.77,0.0793,1,1,Sí,3,963.77,0.0
C04447,2024-11-29,,2025-12-31,0,Activo,14,13-24 meses,Anual,Cheque electrónico,Internet fibra,Cuyo,Hogar,88.12,0.089,0,2,No,3,1123.88,0.0
C04448,2024-11-29,2024-12-05,2025-12-31,1,Baja,2,0-3 meses,Mes a mes,Tarjeta automática,Internet fibra,Patagonia,Hogar,72.0,0.0117,0,0,Sí,5,142.32,864.0
C04449,2024-11-29,2025-03-20,2025-12-31,1,Baja,5,4-6 meses,Mes a mes,Cheque electrónico,Telefonía móvil,Litoral,Hogar,57.14,0.0218,0,2,No,2,279.47,685.68
C04450,2024-11-29,,2025-12-31,0,Activo,14,13-24 meses,Mes a mes,Tarjeta automática,Telefonía móvil,AMBA,Hogar,43.75,0.0039,0,0,Sí,5,610.11,0.0
C04451,2024-11-30,,2025-12-31,0,Activo,14,13-24 meses,Mes a mes,Débito automático,Telefonía móvil,AMBA,Hogar,41.51,0.0143,1,0,Sí,2,572.83,0.0
C04452,2024-11-30,2025-10-14,2025-12-31,1,Baja,12,7-12 meses,Mes a mes,Transferencia,Internet fibra,Centro,Hogar,64.64,0.0663,1,0,No,4,724.25,775.68
C04453,2024-12-01,,2025-12-31,0,Activo,13,13-24 meses,Mes a mes,Débito automático,Streaming,Patagonia,Hogar,24.58,0.0307,5,1,Sí,1,309.73,0.0
C04454,2024-12-01,,2025-12-31,0,Activo,13,13-24 meses,Anual,Débito automático,Internet fibra,Centro,Hogar,58.57,0.0295,1,0,Sí,2,738.95,0.0
C04455,2024-12-01,,2025-12-31,0,Activo,13,13-24 meses,Dos años,Tarjeta automática,Internet estándar,NOA,Hogar,46.27,0.0428,1,0,Sí,5,575.77,0.0
C04456,2024-12-01,2024-12-11,2025-12-31,1,Baja,1,0-3 meses,Mes a mes,Débito automático,Telefonía móvil,Centro,Hogar,35.66,0.0608,2,0,Sí,4,33.49,427.92
C04457,2024-12-01,,2025-12-31,0,Activo,13,13-24 meses,Anual,Tarjeta automática,Internet estándar,NOA,Profesional,62.62,0.0396,1,0,Sí,4,781.82,0.0
C04458,2024-12-02,,2025-12-31,0,Activo,13,13-24 meses,Anual,Cheque electrónico,Telefonía móvil,NOA,Hogar,26.75,0.0524,0,0,No,4,329.53,0.0
C04459,2024-12-02,2025-06-25,2025-12-31,1,Baja,7,7-12 meses,Mes a mes,Débito automático,Streaming,Patagonia,PyME,91.74,0.0531,7,1,Sí,1,608.08,1100.88
C04460,2024-12-02,,2025-12-31,0,Activo,13,13-24 meses,Anual,Débito automático,Internet fibra,Centro,Hogar,84.52,0.114,2,0,Sí,3,973.5,0.0
C04461,2024-12-02,,2025-12-31,0,Activo,13,13-24 meses,Mes a mes,Tarjeta automática,Internet fibra,AMBA,Hogar,96.59,0.0729,1,1,Sí,3,1164.13,0.0
C04462,2024-12-02,,2025-12-31,0,Activo,13,13-24 meses,Anual,Débito automático,Telefonía móvil,Centro,Hogar,60.28,0.0177,7,1,Sí,1,769.77,0.0
C04463,2024-12-02,,2025-12-31,0,Activo,13,13-24 meses,Mes a mes,Débito automático,Internet estándar,Litoral,Hogar,50.72,0.0716,1,0,Sí,4,612.15,0.0
C04464,2024-12-02,,2025-12-31,0,Activo,13,13-24 meses,Dos años,Tarjeta automática,Internet fibra,Patagonia,Hogar,89.26,0.0722,0,0,Sí,5,1076.6,0.0
C04465,2024-12-03,,2025-12-31,0,Activo,13,13-24 meses,Dos años,Transferencia,Internet fibra,NOA,Hogar,80.87,0.0813,1,0,No,4,965.84,0.0
C04466,2024-12-03,,2025-12-31,0,Activo,13,13-24 meses,Mes a mes,Tarjeta automática,Telefonía móvil,NOA,Hogar,37.3,0.0468,0,0,Sí,5,462.21,0.0
C04467,2024-12-03,2025-07-01,2025-12-31,1,Baja,8,7-12 meses,Mes a mes,Tarjeta automática,Internet fibra,Centro,Hogar,74.94,0.0286,3,0,Sí,2,582.37,899.28
C04468,2024-12-03,2025-11-23,2025-12-31,1,Baja,12,7-12 meses,Mes a mes,Transferencia,Telefonía móvil,Cuyo,Profesional,67.03,0.07,1,1,No,4,748.05,804.36
C04469,2024-12-03,,2025-12-31,0,Activo,13,13-24 meses,Anual,Tarjeta automática,Streaming,Patagonia,Hogar,73.97,0.0433,0,1,Sí,2,919.97,0.0
C04470,2024-12-03,,2025-12-31,0,Activo,13,13-24 meses,Anual,Tarjeta automática,Internet fibra,Patagonia,Hogar,90.84,0.0535,0,0,Sí,4,1117.74,0.0
C04471,2024-12-03,,2025-12-31,0,Activo,13,13-24 meses,Mes a mes,Transferencia,Internet estándar,Centro,Hogar,51.71,0.0614,0,1,No,3,630.96,0.0
C04472,2024-12-03,,2025-12-31,0,Activo,13,13-24 meses,Anual,Transferencia,Telefonía móvil,AMBA,Hogar,47.32,0.1114,1,0,No,3,546.63,0.0
C04473,2024-12-04,,2025-12-31,0,Activo,13,13-24 meses,Mes a mes,Tarjeta automática,Internet estándar,AMBA,PyME,109.22,0.0719,2,0,Sí,3,1317.77,0.0
C04474,2024-12-04,,2025-12-31,0,Activo,13,13-24 meses,Mes a mes,Tarjeta automática,Internet fibra,Patagonia,Hogar,77.01,0.1085,1,1,Sí,3,892.51,0.0
C04475,2024-12-04,,2025-12-31,0,Activo,13,13-24 meses,Mes a mes,Débito automático,Internet fibra,Cuyo,Hogar,86.32,0.0536,0,1,Sí,4,1062.01,0.0
C04476,2024-12-04,,2025-12-31,0,Activo,13,13-24 meses,Mes a mes,Transferencia,Telefonía móvil,Patagonia,Hogar,40.29,0.0691,0,1,No,4,487.58,0.0
C04477,2024-12-05,,2025-12-31,0,Activo,13,13-24 meses,Mes a mes,Débito automático,Streaming,Patagonia,PyME,72.87,0.0302,0,0,Sí,5,918.7,0.0
C04478,2024-12-05,,2025-12-31,0,Activo,13,13-24 meses,Mes a mes,Transferencia,Internet estándar,NOA,Hogar,54.3,0.0686,1,2,No,3,657.48,0.0
C04479,2024-12-05,2025-09-15,2025-12-31,1,Baja,10,7-12 meses,Mes a mes,Transferencia,Internet fibra,Cuyo,Profesional,102.77,0.0143,1,0,No,3,1013.0,1233.24
C04480,2024-12-05,,2025-12-31,0,Activo,13,13-24 meses,Dos años,Cheque electrónico,Internet estándar,Litoral,Profesional,65.4,0.057,4,0,No,2,801.74,0.0
C04481,2024-12-06,,2025-12-31,0,Activo,13,13-24 meses,Mes a mes,Débito automático,Telefonía móvil,Centro,Hogar,45.41,0.0095,1,3,Sí,3,584.72,0.0
C04482,2024-12-06,,2025-12-31,0,Activo,13,13-24 meses,Dos años,Tarjeta automática,Internet fibra,NOA,Profesional,106.57,0.012,0,0,Sí,4,1368.79,0.0
C04483,2024-12-06,,2025-12-31,0,Activo,13,13-24 meses,Mes a mes,Tarjeta automática,Telefonía móvil,NOA,Hogar,41.43,0.051,2,0,Sí,5,511.12,0.0
C04484,2024-12-06,,2025-12-31,0,Activo,13,13-24 meses,Anual,Tarjeta automática,Telefonía móvil,Cuyo,Hogar,37.08,0.0331,2,1,Sí,4,466.08,0.0
C04485,2024-12-07,2025-02-25,2025-12-31,1,Baja,3,0-3 meses,Mes a mes,Débito automático,Internet estándar,Cuyo,Hogar,41.2,0.0641,5,1,Sí,2,115.68,494.4
C04486,2024-12-07,,2025-12-31,0,Activo,13,13-24 meses,Anual,Cheque electrónico,Telefonía móvil,Patagonia,Hogar,39.21,0.0691,2,2,No,3,474.51,0.0
C04487,2024-12-07,,2025-12-31,0,Activo,13,13-24 meses,Mes a mes,Débito automático,Streaming,Cuyo,Hogar,45.88,0.0255,0,0,Sí,4,581.23,0.0
C04488,2024-12-07,2024-12-11,2025-12-31,1,Baja,1,0-3 meses,Mes a mes,Tarjeta automática,Streaming,Patagonia,Profesional,44.82,0.0604,1,1,Sí,1,42.11,537.84
C04489,2024-12-07,,2025-12-31,0,Activo,13,13-24 meses,Mes a mes,Débito automático,Internet fibra,AMBA,Profesional,99.95,0.0533,0,0,Sí,4,1230.09,0.0
C04490,2024-12-08,,2025-12-31,0,Activo,13,13-24 meses,Mes a mes,Cheque electrónico,Telefonía móvil,Centro,Profesional,56.43,0.0973,0,1,No,4,662.21,0.0
C04491,2024-12-08,,2025-12-31,0,Activo,13,13-24 meses,Dos años,Tarjeta automática,Internet estándar,Patagonia,Hogar,44.49,0.1123,2,0,Sí,3,513.42,0.0
C04492,2024-12-08,,2025-12-31,0,Activo,13,13-24 meses,Dos años,Transferencia,Telefonía móvil,NOA,Hogar,32.33,0.0422,2,0,No,4,402.55,0.0
C04493,2024-12-08,,2025-12-31,0,Activo,13,13-24 meses,Anual,Cheque electrónico,Internet fibra,AMBA,Hogar,79.1,0.1106,0,0,No,3,914.57,0.0
C04494,2024-12-09,,2025-12-31,0,Activo,13,13-24 meses,Mes a mes,Débito automático,Internet fibra,Patagonia,Profesional,90.31,0.0534,1,0,Sí,5,1111.34,0.0
C04495,2024-12-09,,2025-12-31,0,Activo,13,13-24 meses,Dos años,Transferencia,Telefonía móvil,AMBA,Hogar,56.01,0.03,1,0,No,4,706.29,0.0
C04496,2024-12-09,2024-12-05,2025-12-31,1,Baja,1,0-3 meses,Anual,Débito automático,Internet estándar,NOA,Hogar,47.82,0.0224,5,1,Sí,2,46.75,573.84
C04497,2024-12-09,,2025-12-31,0,Activo,13,13-24 meses,Mes a mes,Tarjeta automática,Internet fibra,Centro,Profesional,95.51,0.0485,1,1,Sí,4,1181.41,0.0
C04498,2024-12-09,2025-03-02,2025-12-31,1,Baja,4,4-6 meses,Mes a mes,Débito automático,Telefonía móvil,Cuyo,Profesional,58.02,0.0576,0,1,Sí,3,218.71,696.24
C04499,2024-12-09,,2025-12-31,0,Activo,13,13-24 meses,Anual,Tarjeta automática,Internet fibra,Patagonia,Hogar,82.08,0.1427,0,0,Sí,5,914.77,0.0
C04500,2024-12-10,,2025-12-31,0,Activo,13,13-24 meses,Mes a mes,Transferencia,Telefonía móvil,NOA,Hogar,58.4,0.1065,4,0,No,1,678.35,0.0
C04501,2024-12-10,,2025-12-31,0,Activo,13,13-24 meses,Mes a mes,Cheque electrónico,Telefonía móvil,Cuyo,Hogar,30.56,0.0807,1,0,No,4,365.22,0.0
C04502,2024-12-10,,2025-12-31,0,Activo,13,13-24 meses,Anual,Tarjeta automática,Internet fibra,Centro,Profesional,99.06,0.1483,1,0,Sí,3,1096.8,0.0
C04503,2024-12-10,2025-06-05,2025-12-31,1,Baja,7,7-12 meses,Mes a mes,Débito automático,Streaming,NOA,Profesional,29.74,0.0299,4,1,Sí,1,201.96,356.88
C04504,2024-12-10,2025-12-15,2025-12-31,1,Baja,13,13-24 meses,Mes a mes,Tarjeta automática,Telefonía móvil,NOA,Profesional,73.46,0.0489,0,0,Sí,4,908.28,881.52
C04505,2024-12-10,,2025-12-31,0,Activo,13,13-24 meses,Mes a mes,Tarjeta automática,Telefonía móvil,Litoral,Hogar,40.81,0.0275,4,0,Sí,2,515.94,0.0
C04506,2024-12-10,,2025-12-31,0,Activo,13,13-24 meses,Anual,Transferencia,Internet estándar,AMBA,Hogar,32.56,0.0351,0,0,No,4,408.42,0.0
C04507,2024-12-10,,2025-12-31,0,Activo,13,13-24 meses,Dos años,Tarjeta automática,Streaming,NOA,Hogar,18.0,0.0439,0,1,Sí,5,223.73,0.0
C04508,2024-12-11,2025-03-11,2025-12-31,1,Baja,4,4-6 meses,Dos años,Cheque electrónico,Streaming,Litoral,Hogar,37.95,0.0131,3,1,No,4,149.81,455.4
C04509,2024-12-11,,2025-12-31,0,Activo,13,13-24 meses,Anual,Tarjeta automática,Internet fibra,Litoral,PyME,114.69,0.1287,2,0,Sí,3,1299.08,0.0
C04510,2024-12-11,,2025-12-31,0,Activo,13,13-24 meses,Anual,Cheque electrónico,Streaming,AMBA,Hogar,32.06,0.0114,2,0,No,3,412.03,0.0
C04511,2024-12-11,,2025-12-31,0,Activo,13,13-24 meses,Anual,Débito automático,Internet estándar,NOA,Hogar,44.29,0.0616,0,1,Sí,4,540.3,0.0
C04512,2024-12-12,,2025-12-31,0,Activo,13,13-24 meses,Mes a mes,Débito automático,Internet estándar,Patagonia,Hogar,46.86,0.0816,4,1,Sí,1,559.47,0.0
C04513,2024-12-12,2025-08-16,2025-12-31,1,Baja,9,7-12 meses,Mes a mes,Transferencia,Internet estándar,Centro,Hogar,41.59,0.0778,7,0,No,1,345.19,499.08
C04514,2024-12-12,,2025-12-31,0,Activo,13,13-24 meses,Anual,Débito automático,Telefonía móvil,Cuyo,Hogar,31.52,0.0419,2,0,Sí,2,392.59,0.0
C04515,2024-12-12,,2025-12-31,0,Activo,13,13-24 meses,Anual,Tarjeta automática,Internet fibra,Cuyo,Hogar,72.64,0.0352,0,0,Sí,4,911.08,0.0
C04516,2024-12-12,,2025-12-31,0,Activo,13,13-24 meses,Mes a mes,Cheque electrónico,Internet fibra,NOA,Hogar,84.29,0.0114,2,0,No,3,1083.28,0.0
C04517,2024-12-13,,2025-12-31,0,Activo,13,13-24 meses,Dos años,Débito automático,Internet fibra,Cuyo,PyME,129.78,0.0313,0,0,Sí,3,1634.33,0.0
C04518,2024-12-13,,2025-12-31,0,Activo,13,13-24 meses,Anual,Tarjeta automática,Internet fibra,NOA,Profesional,100.63,0.0316,1,0,Sí,3,1266.85,0.0
C04519,2024-12-13,,2025-12-31,0,Activo,13,13-24 meses,Mes a mes,Débito automático,Telefonía móvil,Patagonia,PyME,94.34,0.0848,1,1,Sí,3,1122.42,0.0
C04520,2024-12-13,,2025-12-31,0,Activo,13,13-24 meses,Mes a mes,Débito automático,Internet estándar,Cuyo,Hogar,55.72,0.0307,0,0,Sí,4,702.12,0.0
C04521,2024-12-13,,2025-12-31,0,Activo,13,13-24 meses,Mes a mes,Transferencia,Internet fibra,Cuyo,PyME,137.56,0.0428,0,0,No,5,1711.74,0.0
C04522,2024-12-13,,2025-12-31,0,Activo,13,13-24 meses,Mes a mes,Cheque electrónico,Telefonía móvil,Patagonia,Hogar,36.05,0.0553,0,1,No,3,442.73,0.0
C04523,2024-12-14,,2025-12-31,0,Activo,13,13-24 meses,Mes a mes,Débito automático,Internet fibra,Cuyo,Hogar,67.51,0.0517,0,2,Sí,4,832.26,0.0
C04524,2024-12-14,,2025-12-31,0,Activo,13,13-24 meses,Mes a mes,Tarjeta automática,Internet estándar,Patagonia,Hogar,59.51,0.0775,1,1,Sí,3,713.67,0.0
C04525,2024-12-14,,2025-12-31,0,Activo,13,13-24 meses,Mes a mes,Tarjeta automática,Telefonía móvil,AMBA,Hogar,33.05,0.0559,1,0,Sí,4,405.63,0.0
C04526,2024-12-14,,2025-12-31,0,Activo,13,13-24 meses,Mes a mes,Tarjeta automática,Telefonía móvil,Cuyo,Profesional,65.51,0.0419,2,0,Sí,4,815.95,0.0
C04527,2024-12-15,2025-04-09,2025-12-31,1,Baja,5,4-6 meses,Anual,Transferencia,Internet fibra,Litoral,Hogar,78.34,0.1262,4,0,No,2,342.27,940.08
C04528,2024-12-15,,2025-12-31,0,Activo,13,13-24 meses,Anual,Tarjeta automática,Streaming,Cuyo,Hogar,23.91,0.024,2,0,Sí,2,303.37,0.0
C04529,2024-12-15,2025-07-21,2025-12-31,1,Baja,8,7-12 meses,Mes a mes,Transferencia,Streaming,NOA,Hogar,33.72,0.0046,1,1,No,3,268.52,404.64
C04530,2024-12-15,,2025-12-31,0,Activo,13,13-24 meses,Mes a mes,Transferencia,Streaming,Centro,Hogar,44.05,0.1363,0,0,No,5,494.6,0.0
C04531,2024-12-16,2025-10-13,2025-12-31,1,Baja,11,7-12 meses,Mes a mes,Cheque electrónico,Internet fibra,NOA,PyME,139.88,0.0599,0,4,No,4,1446.51,1678.56
C04532,2024-12-16,,2025-12-31,0,Activo,13,13-24 meses,Mes a mes,Tarjeta automática,Telefonía móvil,AMBA,Hogar,43.42,0.0269,1,0,Sí,3,549.28,0.0
C04533,2024-12-17,,2025-12-31,0,Activo,13,13-24 meses,Mes a mes,Tarjeta automática,Internet estándar,Cuyo,Hogar,66.84,0.0087,0,0,Sí,3,861.36,0.0
C04534,2024-12-17,2025-06-22,2025-12-31,1,Baja,7,7-12 meses,Mes a mes,Cheque electrónico,Streaming,Litoral,Profesional,28.58,0.0795,1,2,No,4,184.16,342.96
C04535,2024-12-17,,2025-12-31,0,Activo,13,13-24 meses,Mes a mes,Débito automático,Telefonía móvil,Centro,Profesional,47.77,0.0419,1,1,Sí,4,594.99,0.0
C04536,2024-12-17,,2025-12-31,0,Activo,13,13-24 meses,Dos años,Débito automático,Telefonía móvil,Litoral,Hogar,36.89,0.0544,0,0,Sí,3,453.48,0.0
C04537,2024-12-17,,2025-12-31,0,Activo,13,13-24 meses,Mes a mes,Transferencia,Telefonía móvil,NOA,Hogar,57.61,0.0244,1,2,No,2,730.66,0.0
C04538,2024-12-17,,2025-12-31,0,Activo,13,13-24 meses,Anual,Cheque electrónico,Internet fibra,Cuyo,PyME,143.37,0.0478,3,0,No,2,1774.72,0.0
C04539,2024-12-18,2025-03-16,2025-12-31,1,Baja,4,4-6 meses,Mes a mes,Tarjeta automática,Internet fibra,Litoral,Hogar,59.12,0.0575,3,0,Sí,2,222.88,709.44
C04540,2024-12-18,2025-01-13,2025-12-31,1,Baja,2,0-3 meses,Mes a mes,Cheque electrónico,Internet estándar,NOA,Hogar,44.2,0.1144,1,1,No,4,78.29,530.4
C04541,2024-12-18,,2025-12-31,0,Activo,13,13-24 meses,Dos años,Tarjeta automática,Internet fibra,NOA,Hogar,63.44,0.1418,0,0,Sí,5,707.77,0.0
C04542,2024-12-19,2025-12-22,2025-12-31,1,Baja,13,13-24 meses,Mes a mes,Cheque electrónico,Streaming,AMBA,Hogar,28.56,0.0466,2,2,No,2,353.98,342.72
C04543,2024-12-19,,2025-12-31,0,Activo,13,13-24 meses,Anual,Tarjeta automática,Streaming,Patagonia,PyME,93.92,0.0546,0,0,Sí,4,1154.3,0.0
C04544,2024-12-19,,2025-12-31,0,Activo,13,13-24 meses,Dos años,Tarjeta automática,Internet estándar,NOA,PyME,114.73,0.0501,3,0,Sí,2,1416.77,0.0
C04545,2024-12-19,2025-04-25,2025-12-31,1,Baja,5,4-6 meses,Mes a mes,Tarjeta automática,Internet fibra,NOA,Hogar,80.95,0.0464,2,0,Sí,4,385.97,971.4
C04546,2024-12-20,2025-06-10,2025-12-31,1,Baja,7,7-12 meses,Mes a mes,Cheque electrónico,Telefonía móvil,Patagonia,Profesional,55.32,0.0266,1,2,No,4,376.94,663.84
C04547,2024-12-20,2025-02-02,2025-12-31,1,Baja,3,0-3 meses,Mes a mes,Cheque electrónico,Streaming,AMBA,Profesional,45.95,0.0168,2,0,No,2,135.53,551.4
C04548,2024-12-20,,2025-12-31,0,Activo,13,13-24 meses,Mes a mes,Tarjeta automática,Internet estándar,Patagonia,Hogar,56.52,0.0462,2,1,Sí,4,700.81,0.0
C04549,2024-12-20,,2025-12-31,0,Activo,13,13-24 meses,Mes a mes,Débito automático,Internet estándar,NOA,Profesional,92.82,0.0439,1,1,Sí,4,1153.69,0.0
C04550,2024-12-20,2025-07-22,2025-12-31,1,Baja,8,7-12 meses,Mes a mes,Tarjeta automática,Internet fibra,Litoral,PyME,119.96,0.035,1,0,Sí,4,926.09,1439.52
C04551,2024-12-20,2025-06-21,2025-12-31,1,Baja,7,7-12 meses,Dos años,Tarjeta automática,Streaming,AMBA,Hogar,46.48,0.0636,1,0,Sí,4,304.67,557.76
C04552,2024-12-20,,2025-12-31,0,Activo,13,13-24 meses,Anual,Cheque electrónico,Internet fibra,Centro,Hogar,80.68,0.0581,0,1,No,3,987.9,0.0
C04553,2024-12-20,,2025-12-31,0,Activo,13,13-24 meses,Mes a mes,Tarjeta automática,Internet estándar,Centro,Profesional,76.02,0.0258,0,1,Sí,5,962.76,0.0
C04554,2024-12-21,2025-09-16,2025-12-31,1,Baja,10,7-12 meses,Mes a mes,Cheque electrónico,Internet fibra,NOA,Profesional,98.04,0.0936,2,1,No,3,888.63,1176.48
C04555,2024-12-22,,2025-12-31,0,Activo,13,13-24 meses,Anual,Cheque electrónico,Internet fibra,AMBA,Hogar,93.45,0.0626,2,0,No,4,1138.8,0.0
C04556,2024-12-22,,2025-12-31,0,Activo,13,13-24 meses,Dos años,Tarjeta automática,Internet fibra,Patagonia,Hogar,81.63,0.0512,1,1,Sí,3,1006.86,0.0
C04557,2024-12-22,,2025-12-31,0,Activo,13,13-24 meses,Mes a mes,Débito automático,Internet fibra,Centro,Profesional,88.86,0.0598,0,0,Sí,3,1086.1,0.0
C04558,2024-12-22,2025-10-05,2025-12-31,1,Baja,11,7-12 meses,Mes a mes,Cheque electrónico,Telefonía móvil,Patagonia,Hogar,46.95,0.0833,1,0,No,4,473.43,563.4
C04559,2024-12-22,,2025-12-31,0,Activo,13,13-24 meses,Dos años,Cheque electrónico,Telefonía móvil,AMBA,PyME,109.39,0.0825,0,1,No,3,1304.75,0.0
C04560,2024-12-22,,2025-12-31,0,Activo,13,13-24 meses,Dos años,Transferencia,Internet fibra,Centro,Profesional,96.0,0.0624,0,0,No,4,1170.12,0.0
C04561,2024-12-22,,2025-12-31,0,Activo,13,13-24 meses,Dos años,Tarjeta automática,Internet fibra,AMBA,Hogar,55.19,0.0449,1,1,Sí,4,685.26,0.0
C04562,2024-12-22,,2025-12-31,0,Activo,13,13-24 meses,Mes a mes,Tarjeta automática,Telefonía móvil,Litoral,Profesional,58.74,0.1172,0,1,Sí,5,674.12,0.0
C04563,2024-12-22,,2025-12-31,0,Activo,13,13-24 meses,Mes a mes,Cheque electrónico,Internet fibra,Patagonia,Hogar,79.08,0.0415,1,1,No,4,985.38,0.0
C04564,2024-12-23,,2025-12-31,0,Activo,13,13-24 meses,Mes a mes,Débito automático,Internet estándar,Cuyo,Hogar,48.51,0.0413,1,0,Sí,5,604.58,0.0
C04565,2024-12-23,,2025-12-31,0,Activo,13,13-24 meses,Mes a mes,Transferencia,Internet fibra,Litoral,Hogar,72.55,0.1044,0,1,No,4,844.69,0.0
C04566,2024-12-23,,2025-12-31,0,Activo,13,13-24 meses,Dos años,Transferencia,Streaming,Litoral,Hogar,43.55,0.029,1,0,No,5,549.73,0.0
C04567,2024-12-24,,2025-12-31,0,Activo,13,13-24 meses,Mes a mes,Débito automático,Telefonía móvil,Cuyo,PyME,70.9,0.0673,0,0,Sí,5,859.67,0.0
C04568,2024-12-24,,2025-12-31,0,Activo,13,13-24 meses,Anual,Tarjeta automática,Internet fibra,Patagonia,PyME,134.03,0.1959,0,0,Sí,3,1401.06,0.0
C04569,2024-12-25,,2025-12-31,0,Activo,13,13-24 meses,Dos años,Débito automático,Telefonía móvil,Centro,Hogar,43.19,0.0208,0,0,Sí,5,549.79,0.0
C04570,2024-12-25,,2025-12-31,0,Activo,13,13-24 meses,Dos años,Cheque electrónico,Telefonía móvil,Centro,Profesional,83.04,0.027,3,0,No,3,1050.37,0.0
C04571,2024-12-25,,2025-12-31,0,Activo,13,13-24 meses,Anual,Débito automático,Telefonía móvil,Centro,Hogar,41.84,0.0967,2,2,Sí,2,491.32,0.0
C04572,2024-12-26,,2025-12-31,0,Activo,13,13-24 meses,Dos años,Tarjeta automática,Telefonía móvil,Centro,Hogar,46.9,0.0932,3,2,Sí,3,552.88,0.0
C04573,2024-12-26,,2025-12-31,0,Activo,13,13-24 meses,Mes a mes,Cheque electrónico,Telefonía móvil,AMBA,Hogar,43.38,0.0842,1,1,No,4,516.46,0.0
C04574,2024-12-26,,2025-12-31,0,Activo,13,13-24 meses,Mes a mes,Transferencia,Streaming,AMBA,PyME,85.04,0.0338,0,0,No,5,1068.15,0.0
C04575,2024-12-26,,2025-12-31,0,Activo,13,13-24 meses,Mes a mes,Débito automático,Telefonía móvil,AMBA,Hogar,61.39,0.0157,2,0,Sí,2,785.54,0.0
C04576,2024-12-26,,2025-12-31,0,Activo,13,13-24 meses,Dos años,Cheque electrónico,Internet fibra,AMBA,Profesional,83.77,0.0305,0,1,No,2,1055.8,0.0
C04577,2024-12-26,,2025-12-31,0,Activo,13,13-24 meses,Dos años,Débito automático,Streaming,Litoral,Hogar,21.66,0.1213,1,1,Sí,3,247.42,0.0
C04578,2024-12-27,2025-05-13,2025-12-31,1,Baja,6,4-6 meses,Mes a mes,Cheque electrónico,Streaming,Centro,Hogar,37.3,0.0152,5,2,No,1,220.4,447.6
C04579,2024-12-27,,2025-12-31,0,Activo,13,13-24 meses,Mes a mes,Cheque electrónico,Internet fibra,Litoral,Hogar,80.83,0.0585,1,2,No,4,989.32,0.0
C04580,2024-12-27,2025-05-27,2025-12-31,1,Baja,6,4-6 meses,Mes a mes,Tarjeta automática,Internet fibra,AMBA,Hogar,74.88,0.0548,1,1,Sí,1,424.66,898.56
C04581,2024-12-27,,2025-12-31,0,Activo,13,13-24 meses,Mes a mes,Débito automático,Internet fibra,Patagonia,PyME,132.22,0.0394,2,1,Sí,3,1651.14,0.0
C04582,2024-12-27,,2025-12-31,0,Activo,13,13-24 meses,Dos años,Tarjeta automática,Internet estándar,Cuyo,Hogar,59.05,0.0404,0,0,Sí,5,736.64,0.0
C04583,2024-12-27,2024-12-22,2025-12-31,1,Baja,1,0-3 meses,Mes a mes,Transferencia,Internet fibra,Cuyo,Hogar,83.34,0.0271,0,0,No,5,81.08,1000.08
C04584,2024-12-27,,2025-12-31,0,Activo,13,13-24 meses,Anual,Transferencia,Internet fibra,Patagonia,Hogar,70.16,0.0963,2,0,No,4,824.25,0.0
C04585,2024-12-27,,2025-12-31,0,Activo,13,13-24 meses,Mes a mes,Débito automático,Internet fibra,NOA,Profesional,98.62,0.0722,2,0,Sí,2,1189.5,0.0
C04586,2024-12-28,,2025-12-31,0,Activo,13,13-24 meses,Mes a mes,Cheque electrónico,Streaming,Patagonia,Hogar,28.45,0.026,0,0,No,3,360.23,0.0
C04587,2024-12-28,,2025-12-31,0,Activo,13,13-24 meses,Mes a mes,Débito automático,Internet fibra,Cuyo,Profesional,101.17,0.0953,0,1,Sí,4,1189.87,0.0
C04588,2024-12-28,,2025-12-31,0,Activo,13,13-24 meses,Dos años,Cheque electrónico,Internet fibra,Cuyo,Hogar,74.47,0.0052,2,1,No,3,963.08,0.0
C04589,2024-12-28,,2025-12-31,0,Activo,13,13-24 meses,Anual,Transferencia,Internet estándar,Cuyo,Hogar,35.71,0.0444,1,0,No,3,443.62,0.0
C04590,2024-12-28,,2025-12-31,0,Activo,13,13-24 meses,Mes a mes,Débito automático,Internet estándar,AMBA,Profesional,74.4,0.0974,0,0,Sí,4,872.99,0.0
C04591,2024-12-28,2025-09-17,2025-12-31,1,Baja,10,7-12 meses,Mes a mes,Tarjeta automática,Internet fibra,Cuyo,Hogar,84.03,0.0906,2,0,Sí,4,764.17,1008.36
C04592,2024-12-28,,2025-12-31,0,Activo,13,13-24 meses,Dos años,Transferencia,Telefonía móvil,Patagonia,Hogar,57.57,0.0219,5,0,No,2,732.02,0.0
C04593,2024-12-29,,2025-12-31,0,Activo,13,13-24 meses,Anual,Transferencia,Internet fibra,Centro,Profesional,81.52,0.0512,0,0,No,4,1005.5,0.0
C04594,2024-12-29,,2025-12-31,0,Activo,13,13-24 meses,Anual,Tarjeta automática,Internet fibra,Cuyo,Profesional,95.23,0.0461,0,1,Sí,4,1180.92,0.0
C04595,2024-12-29,2025-09-06,2025-12-31,1,Baja,10,7-12 meses,Anual,Cheque electrónico,Internet estándar,AMBA,Hogar,46.47,0.0271,2,2,No,2,452.11,557.64
C04596,2024-12-29,,2025-12-31,0,Activo,13,13-24 meses,Dos años,Débito automático,Telefonía móvil,Centro,Hogar,37.64,0.0679,3,0,Sí,3,456.1,0.0
C04597,2024-12-29,2025-11-26,2025-12-31,1,Baja,12,7-12 meses,Mes a mes,Débito automático,Internet estándar,AMBA,Hogar,32.05,0.0549,1,1,Sí,4,363.49,384.6
C04598,2024-12-29,,2025-12-31,0,Activo,13,13-24 meses,Anual,Cheque electrónico,Internet fibra,Cuyo,Hogar,66.27,0.0568,2,1,No,2,812.58,0.0
C04599,2024-12-29,,2025-12-31,0,Activo,13,13-24 meses,Mes a mes,Débito automático,Internet estándar,Centro,Hogar,51.98,0.0133,4,0,Sí,4,666.75,0.0
C04600,2024-12-29,,2025-12-31,0,Activo,13,13-24 meses,Anual,Transferencia,Internet estándar,NOA,Hogar,43.5,0.0798,2,0,No,4,520.37,0.0
C04601,2024-12-30,,2025-12-31,0,Activo,13,13-24 meses,Dos años,Transferencia,Internet estándar,Litoral,Hogar,39.91,0.0391,0,0,No,5,498.54,0.0
C04602,2024-12-30,,2025-12-31,0,Activo,13,13-24 meses,Dos años,Tarjeta automática,Telefonía móvil,Cuyo,Profesional,75.73,0.0629,0,0,Sí,5,922.57,0.0
C04603,2024-12-30,,2025-12-31,0,Activo,13,13-24 meses,Mes a mes,Débito automático,Telefonía móvil,Litoral,Hogar,68.11,0.0418,1,0,Sí,4,848.42,0.0
C04604,2024-12-31,,2025-12-31,0,Activo,13,13-24 meses,Anual,Tarjeta automática,Internet estándar,NOA,Hogar,48.38,0.1079,0,0,Sí,4,561.08,0.0
C04605,2024-12-31,,2025-12-31,0,Activo,13,13-24 meses,Dos años,Tarjeta automática,Internet fibra,Centro,Hogar,61.48,0.0305,2,0,Sí,4,774.86,0.0
C04606,2024-12-31,,2025-12-31,0,Activo,13,13-24 meses,Dos años,Transferencia,Internet estándar,Centro,Hogar,53.36,0.0232,1,0,No,4,677.59,0.0
C04607,2024-12-31,,2025-12-31,0,Activo,13,13-24 meses,Anual,Tarjeta automática,Telefonía móvil,Litoral,Hogar,19.06,0.0179,4,0,Sí,3,243.34,0.0
C04608,2025-01-01,,2025-12-31,0,Activo,12,7-12 meses,Mes a mes,Cheque electrónico,Telefonía móvil,AMBA,Profesional,45.15,0.0282,0,2,No,5,526.52,0.0
C04609,2025-01-01,,2025-12-31,0,Activo,12,7-12 meses,Mes a mes,Débito automático,Internet fibra,Litoral,Hogar,82.55,0.1472,0,0,Sí,3,844.78,0.0
C04610,2025-01-01,,2025-12-31,0,Activo,12,7-12 meses,Dos años,Tarjeta automática,Internet fibra,AMBA,Profesional,80.78,0.053,3,1,Sí,3,917.98,0.0
C04611,2025-01-02,,2025-12-31,0,Activo,12,7-12 meses,Anual,Cheque electrónico,Internet fibra,NOA,Hogar,74.74,0.0443,6,2,No,1,857.15,0.0
C04612,2025-01-02,,2025-12-31,0,Activo,12,7-12 meses,Anual,Débito automático,Telefonía móvil,Patagonia,Hogar,25.68,0.0318,1,0,Sí,4,298.36,0.0
C04613,2025-01-02,,2025-12-31,0,Activo,12,7-12 meses,Anual,Transferencia,Internet estándar,AMBA,Hogar,49.62,0.0417,0,0,No,4,570.61,0.0
C04614,2025-01-02,2025-02-22,2025-12-31,1,Baja,2,0-3 meses,Mes a mes,Transferencia,Internet estándar,Litoral,Hogar,61.36,0.0381,0,2,No,5,118.04,736.32
C04615,2025-01-03,,2025-12-31,0,Activo,12,7-12 meses,Mes a mes,Cheque electrónico,Internet estándar,Centro,PyME,97.26,0.0924,0,1,No,4,1059.28,0.0
C04616,2025-01-03,,2025-12-31,0,Activo,12,7-12 meses,Anual,Tarjeta automática,Internet fibra,Litoral,Profesional,95.79,0.0575,1,1,Sí,4,1083.38,0.0
C04617,2025-01-04,,2025-12-31,0,Activo,12,7-12 meses,Mes a mes,Tarjeta automática,Telefonía móvil,Litoral,Hogar,33.03,0.0222,0,1,Sí,3,387.56,0.0
C04618,2025-01-04,,2025-12-31,0,Activo,12,7-12 meses,Anual,Cheque electrónico,Internet estándar,NOA,Hogar,40.8,0.0539,1,3,No,3,463.21,0.0
C04619,2025-01-04,,2025-12-31,0,Activo,12,7-12 meses,Anual,Tarjeta automática,Internet fibra,Centro,Profesional,86.85,0.0833,0,0,Sí,4,955.38,0.0
C04620,2025-01-04,,2025-12-31,0,Activo,12,7-12 meses,Dos años,Transferencia,Streaming,Litoral,Hogar,37.65,0.0932,1,1,No,4,409.69,0.0
C04621,2025-01-05,,2025-12-31,0,Activo,12,7-12 meses,Mes a mes,Transferencia,Streaming,NOA,PyME,68.45,0.0539,0,1,No,4,777.13,0.0
C04622,2025-01-05,,2025-12-31,0,Activo,12,7-12 meses,Anual,Débito automático,Streaming,AMBA,Hogar,25.35,0.0066,2,0,Sí,3,302.19,0.0
C04623,2025-01-05,2025-02-14,2025-12-31,1,Baja,2,0-3 meses,Mes a mes,Cheque electrónico,Telefonía móvil,Centro,Hogar,46.51,0.0671,0,2,No,2,86.78,558.12
C04624,2025-01-06,2025-09-07,2025-12-31,1,Baja,9,7-12 meses,Mes a mes,Cheque electrónico,Internet fibra,Patagonia,Hogar,88.01,0.1026,1,0,No,5,710.82,1056.12
C04625,2025-01-06,,2025-12-31,0,Activo,12,7-12 meses,Mes a mes,Tarjeta automática,Internet fibra,AMBA,Hogar,82.85,0.0991,2,0,Sí,2,895.67,0.0
C04626,2025-01-06,,2025-12-31,0,Activo,12,7-12 meses,Mes a mes,Transferencia,Internet fibra,Centro,Hogar,77.2,0.0194,1,0,No,3,908.43,0.0
C04627,2025-01-06,,2025-12-31,0,Activo,12,7-12 meses,Dos años,Transferencia,Streaming,NOA,Hogar,22.74,0.024,0,0,No,5,266.33,0.0
C04628,2025-01-06,,2025-12-31,0,Activo,12,7-12 meses,Dos años,Tarjeta automática,Telefonía móvil,Litoral,PyME,107.18,0.1603,5,0,Sí,2,1079.99,0.0
C04629,2025-01-06,2025-09-12,2025-12-31,1,Baja,9,7-12 meses,Mes a mes,Cheque electrónico,Internet estándar,AMBA,Hogar,39.46,0.0673,0,2,No,4,331.24,473.52
C04630,2025-01-06,,2025-12-31,0,Activo,12,7-12 meses,Anual,Débito automático,Telefonía móvil,NOA,Hogar,32.63,0.0636,1,0,Sí,4,366.66,0.0
C04631,2025-01-06,,2025-12-31,0,Activo,12,7-12 meses,Mes a mes,Tarjeta automática,Streaming,Litoral,Hogar,43.88,0.0369,2,0,Sí,4,507.13,0.0
C04632,2025-01-06,,2025-12-31,0,Activo,12,7-12 meses,Anual,Cheque electrónico,Telefonía móvil,Cuyo,Hogar,45.96,0.0148,0,1,No,2,543.36,0.0
C04633,2025-01-07,,2025-12-31,0,Activo,12,7-12 meses,Dos años,Cheque electrónico,Internet estándar,NOA,Hogar,53.35,0.0326,0,2,No,5,619.33,0.0
C04634,2025-01-07,,2025-12-31,0,Activo,12,7-12 meses,Anual,Tarjeta automática,Internet fibra,Centro,Profesional,102.58,0.0602,1,0,Sí,2,1156.86,0.0
C04635,2025-01-07,2025-06-04,2025-12-31,1,Baja,6,4-6 meses,Mes a mes,Transferencia,Telefonía móvil,Cuyo,Profesional,58.96,0.0643,1,1,No,3,331.01,707.52
C04636,2025-01-07,,2025-12-31,0,Activo,12,7-12 meses,Mes a mes,Tarjeta automática,Telefonía móvil,Litoral,PyME,81.19,0.0411,0,2,Sí,4,934.24,0.0
C04637,2025-01-08,2025-12-05,2025-12-31,1,Baja,12,7-12 meses,Mes a mes,Tarjeta automática,Streaming,Centro,PyME,86.76,0.0586,1,0,Sí,3,980.11,1041.12
C04638,2025-01-08,,2025-12-31,0,Activo,12,7-12 meses,Dos años,Tarjeta automática,Telefonía móvil,AMBA,Hogar,41.8,0.0471,3,0,Sí,2,477.97,0.0
C04639,2025-01-08,2025-03-06,2025-12-31,1,Baja,3,0-3 meses,Anual,Cheque electrónico,Internet estándar,AMBA,Hogar,39.55,0.0304,1,2,No,1,115.04,474.6
C04640,2025-01-08,,2025-12-31,0,Activo,12,7-12 meses,Mes a mes,Tarjeta automática,Streaming,Centro,Hogar,18.0,0.0481,1,0,Sí,3,205.61,0.0
C04641,2025-01-08,2025-02-14,2025-12-31,1,Baja,2,0-3 meses,Mes a mes,Tarjeta automática,Internet fibra,AMBA,Profesional,95.49,0.005,5,3,Sí,1,190.03,1145.88
C04642,2025-01-08,,2025-12-31,0,Activo,12,7-12 meses,Dos años,Transferencia,Internet estándar,Litoral,Hogar,34.06,0.0339,0,0,No,3,394.86,0.0
C04643,2025-01-09,,2025-12-31,0,Activo,12,7-12 meses,Mes a mes,Débito automático,Internet fibra,NOA,Profesional,94.42,0.0318,0,0,Sí,4,1097.01,0.0
C04644,2025-01-09,,2025-12-31,0,Activo,12,7-12 meses,Anual,Tarjeta automática,Internet fibra,Centro,PyME,130.1,0.0446,3,0,Sí,4,1491.57,0.0
C04645,2025-01-09,,2025-12-31,0,Activo,12,7-12 meses,Anual,Tarjeta automática,Internet fibra,AMBA,Hogar,76.69,0.1036,2,1,Sí,4,824.94,0.0
C04646,2025-01-09,2025-10-13,2025-12-31,1,Baja,10,7-12 meses,Mes a mes,Cheque electrónico,Streaming,AMBA,Hogar,33.43,0.0496,0,0,No,5,317.72,401.16
C04647,2025-01-09,2025-03-06,2025-12-31,1,Baja,3,0-3 meses,Mes a mes,Transferencia,Telefonía móvil,AMBA,Hogar,48.84,0.116,3,1,No,3,129.52,586.08
C04648,2025-01-09,,2025-12-31,0,Activo,12,7-12 meses,Mes a mes,Transferencia,Internet estándar,Litoral,Hogar,41.17,0.0824,3,1,No,1,453.33,0.0
C04649,2025-01-09,,2025-12-31,0,Activo,12,7-12 meses,Mes a mes,Tarjeta automática,Internet estándar,Cuyo,Hogar,58.57,0.0102,0,4,Sí,4,695.67,0.0
C04650,2025-01-10,,2025-12-31,0,Activo,12,7-12 meses,Anual,Débito automático,Internet fibra,Cuyo,Hogar,75.59,0.0437,0,1,Sí,4,867.44,0.0
C04651,2025-01-10,,2025-12-31,0,Activo,12,7-12 meses,Anual,Cheque electrónico,Internet estándar,Patagonia,PyME,123.29,0.0353,0,0,No,5,1427.25,0.0
C04652,2025-01-10,,2025-12-31,0,Activo,12,7-12 meses,Mes a mes,Tarjeta automática,Internet fibra,Cuyo,Profesional,89.56,0.1184,0,0,Sí,5,947.47,0.0
C04653,2025-01-11,,2025-12-31,0,Activo,12,7-12 meses,Mes a mes,Tarjeta automática,Internet estándar,Litoral,Hogar,31.28,0.0307,1,0,Sí,4,363.84,0.0
C04654,2025-01-11,,2025-12-31,0,Activo,12,7-12 meses,Mes a mes,Débito automático,Telefonía móvil,NOA,Hogar,51.17,0.0576,1,0,Sí,4,578.67,0.0
C04655,2025-01-11,,2025-12-31,0,Activo,12,7-12 meses,Mes a mes,Débito automático,Internet estándar,Centro,Profesional,71.68,0.0829,0,0,Sí,4,788.85,0.0
C04656,2025-01-11,,2025-12-31,0,Activo,12,7-12 meses,Anual,Tarjeta automática,Streaming,AMBA,Hogar,42.22,0.0457,2,0,Sí,2,483.49,0.0
C04657,2025-01-12,,2025-12-31,0,Activo,12,7-12 meses,Anual,Cheque electrónico,Streaming,Centro,PyME,87.41,0.0838,0,0,No,3,961.02,0.0
C04658,2025-01-12,,2025-12-31,0,Activo,12,7-12 meses,Anual,Débito automático,Internet fibra,AMBA,Hogar,103.74,0.0607,3,0,Sí,1,1169.32,0.0
C04659,2025-01-12,,2025-12-31,0,Activo,12,7-12 meses,Mes a mes,Transferencia,Internet estándar,Patagonia,PyME,101.92,0.0241,1,0,No,3,1193.56,0.0
C04660,2025-01-12,,2025-12-31,0,Activo,12,7-12 meses,Mes a mes,Tarjeta automática,Internet fibra,NOA,Profesional,107.51,0.0379,3,0,Sí,3,1241.22,0.0
C04661,2025-01-12,,2025-12-31,0,Activo,12,7-12 meses,Mes a mes,Transferencia,Internet estándar,Litoral,PyME,98.22,0.067,2,0,No,4,1099.67,0.0
C04662,2025-01-12,2025-12-06,2025-12-31,1,Baja,12,7-12 meses,Dos años,Débito automático,Telefonía móvil,AMBA,Profesional,65.41,0.0372,2,1,Sí,2,755.72,784.92
C04663,2025-01-13,,2025-12-31,0,Activo,12,7-12 meses,Anual,Cheque electrónico,Internet estándar,NOA,Hogar,56.46,0.062,0,1,No,4,635.51,0.0
C04664,2025-01-13,,2025-12-31,0,Activo,12,7-12 meses,Dos años,Débito automático,Internet estándar,NOA,Hogar,58.16,0.0679,0,0,Sí,4,650.53,0.0
C04665,2025-01-14,2025-09-20,2025-12-31,1,Baja,9,7-12 meses,Mes a mes,Cheque electrónico,Internet fibra,Cuyo,Profesional,104.54,0.0435,2,2,No,3,899.93,1254.48
C04666,2025-01-14,,2025-12-31,0,Activo,12,7-12 meses,Mes a mes,Tarjeta automática,Internet estándar,Patagonia,Hogar,18.0,0.0311,1,0,Sí,3,209.28,0.0
C04667,2025-01-15,,2025-12-31,0,Activo,12,7-12 meses,Anual,Débito automático,Telefonía móvil,Litoral,Hogar,41.24,0.1019,1,0,Sí,3,444.45,0.0
C04668,2025-01-15,,2025-12-31,0,Activo,12,7-12 meses,Mes a mes,Cheque electrónico,Internet fibra,Litoral,Hogar,71.67,0.0374,1,0,No,3,827.87,0.0
C04669,2025-01-15,,2025-12-31,0,Activo,12,7-12 meses,Anual,Transferencia,Streaming,Cuyo,Hogar,24.84,0.0548,1,0,No,4,281.75,0.0
C04670,2025-01-15,,2025-12-31,0,Activo,12,7-12 meses,Mes a mes,Transferencia,Internet fibra,Centro,Hogar,74.88,0.0369,1,0,No,2,865.4,0.0
C04671,2025-01-16,,2025-12-31,0,Activo,12,7-12 meses,Dos años,Cheque electrónico,Internet fibra,Centro,Hogar,88.75,0.0758,0,3,No,4,984.27,0.0
C04672,2025-01-16,,2025-12-31,0,Activo,12,7-12 meses,Mes a mes,Cheque electrónico,Internet estándar,Cuyo,Hogar,51.23,0.0356,1,0,No,5,592.87,0.0
C04673,2025-01-16,,2025-12-31,0,Activo,12,7-12 meses,Dos años,Tarjeta automática,Telefonía móvil,Patagonia,Hogar,36.42,0.1083,0,2,Sí,3,389.71,0.0
C04674,2025-01-16,,2025-12-31,0,Activo,12,7-12 meses,Mes a mes,Tarjeta automática,Internet fibra,Patagonia,Profesional,79.85,0.0417,0,1,Sí,4,918.24,0.0
C04675,2025-01-17,,2025-12-31,0,Activo,12,7-12 meses,Mes a mes,Débito automático,Streaming,AMBA,Hogar,45.86,0.0259,1,0,Sí,3,536.07,0.0
C04676,2025-01-17,2025-04-08,2025-12-31,1,Baja,4,4-6 meses,Mes a mes,Cheque electrónico,Internet fibra,AMBA,PyME,125.88,0.1042,2,1,No,4,451.05,1510.56
C04677,2025-01-17,,2025-12-31,0,Activo,12,7-12 meses,Mes a mes,Débito automático,Streaming,Cuyo,PyME,82.56,0.0402,3,0,Sí,4,950.89,0.0
C04678,2025-01-17,,2025-12-31,0,Activo,12,7-12 meses,Dos años,Débito automático,Streaming,Patagonia,Hogar,52.53,0.1096,0,0,Sí,5,561.27,0.0
C04679,2025-01-17,,2025-12-31,0,Activo,12,7-12 meses,Dos años,Débito automático,Streaming,Litoral,Hogar,22.18,0.0806,0,0,Sí,5,244.71,0.0
C04680,2025-01-17,,2025-12-31,0,Activo,12,7-12 meses,Dos años,Tarjeta automática,Internet fibra,Patagonia,Hogar,74.97,0.0878,2,0,Sí,4,820.65,0.0
C04681,2025-01-18,,2025-12-31,0,Activo,12,7-12 meses,Dos años,Tarjeta automática,Internet fibra,Patagonia,Profesional,98.55,0.0673,0,0,Sí,5,1103.01,0.0
C04682,2025-01-18,,2025-12-31,0,Activo,12,7-12 meses,Anual,Tarjeta automática,Telefonía móvil,Patagonia,Hogar,24.33,0.1194,0,0,Sí,5,257.1,0.0
C04683,2025-01-18,,2025-12-31,0,Activo,12,7-12 meses,Mes a mes,Tarjeta automática,Internet estándar,Litoral,Hogar,30.06,0.0962,0,0,Sí,4,326.02,0.0
C04684,2025-01-18,,2025-12-31,0,Activo,12,7-12 meses,Dos años,Transferencia,Internet fibra,AMBA,Hogar,72.7,0.1533,4,1,No,1,738.66,0.0
C04685,2025-01-19,,2025-12-31,0,Activo,12,7-12 meses,Mes a mes,Débito automático,Internet estándar,Centro,Profesional,62.08,0.019,0,0,Sí,4,730.81,0.0
C04686,2025-01-19,,2025-12-31,0,Activo,12,7-12 meses,Anual,Tarjeta automática,Internet fibra,Patagonia,Hogar,79.48,0.1263,5,0,Sí,2,833.3,0.0
C04687,2025-01-19,,2025-12-31,0,Activo,12,7-12 meses,Mes a mes,Débito automático,Internet estándar,Centro,Hogar,38.24,0.0507,3,0,Sí,2,435.61,0.0
C04688,2025-01-19,,2025-12-31,0,Activo,12,7-12 meses,Anual,Débito automático,Internet estándar,Patagonia,PyME,108.77,0.0192,5,2,Sí,2,1280.18,0.0
C04689,2025-01-20,,2025-12-31,0,Activo,12,7-12 meses,Mes a mes,Débito automático,Internet fibra,Cuyo,Hogar,54.28,0.0521,3,0,Sí,2,617.42,0.0
C04690,2025-01-20,,2025-12-31,0,Activo,12,7-12 meses,Mes a mes,Débito automático,Internet estándar,AMBA,Profesional,66.23,0.0244,1,0,Sí,5,775.37,0.0
C04691,2025-01-20,,2025-12-31,0,Activo,12,7-12 meses,Mes a mes,Tarjeta automática,Streaming,Patagonia,Profesional,50.96,0.0725,2,0,Sí,2,567.18,0.0
C04692,2025-01-20,,2025-12-31,0,Activo,12,7-12 meses,Mes a mes,Transferencia,Telefonía móvil,NOA,Hogar,45.61,0.0531,1,0,No,4,518.26,0.0
C04693,2025-01-20,,2025-12-31,0,Activo,12,7-12 meses,Mes a mes,Tarjeta automática,Streaming,Cuyo,Hogar,27.21,0.0636,0,0,Sí,4,305.75,0.0
C04694,2025-01-21,,2025-12-31,0,Activo,12,7-12 meses,Mes a mes,Tarjeta automática,Internet estándar,AMBA,Hogar,41.74,0.0309,1,0,Sí,3,485.4,0.0
C04695,2025-01-21,2025-04-01,2025-12-31,1,Baja,4,4-6 meses,Mes a mes,Tarjeta automática,Telefonía móvil,Cuyo,PyME,94.89,0.0309,0,0,Sí,4,367.83,1138.68
C04696,2025-01-21,,2025-12-31,0,Activo,12,7-12 meses,Anual,Débito automático,Internet fibra,NOA,Profesional,109.57,0.0275,1,0,Sí,3,1278.68,0.0
C04697,2025-01-21,,2025-12-31,0,Activo,12,7-12 meses,Mes a mes,Tarjeta automática,Streaming,Centro,Hogar,22.41,0.017,3,1,Sí,3,264.35,0.0
C04698,2025-01-21,,2025-12-31,0,Activo,12,7-12 meses,Anual,Débito automático,Internet fibra,AMBA,Profesional,106.76,0.0214,1,1,Sí,3,1253.7,0.0
C04699,2025-01-22,,2025-12-31,0,Activo,12,7-12 meses,Mes a mes,Tarjeta automática,Internet fibra,Patagonia,Hogar,90.51,0.0436,1,0,Sí,4,1038.77,0.0
C04700,2025-01-22,,2025-12-31,0,Activo,12,7-12 meses,Anual,Tarjeta automática,Streaming,Centro,Hogar,18.0,0.0275,0,1,Sí,4,210.06,0.0
C04701,2025-01-22,,2025-12-31,0,Activo,12,7-12 meses,Mes a mes,Cheque electrónico,Internet fibra,AMBA,Hogar,76.59,0.0392,0,0,No,5,883.05,0.0
C04702,2025-01-22,,2025-12-31,0,Activo,12,7-12 meses,Mes a mes,Tarjeta automática,Streaming,Patagonia,Profesional,36.24,0.1168,4,1,Sí,1,384.09,0.0
C04703,2025-01-22,,2025-12-31,0,Activo,12,7-12 meses,Mes a mes,Tarjeta automática,Streaming,Cuyo,Hogar,18.0,0.1528,1,0,Sí,5,183.0,0.0
C04704,2025-01-23,,2025-12-31,0,Activo,12,7-12 meses,Anual,Débito automático,Internet fibra,AMBA,Hogar,86.71,0.0655,0,1,Sí,5,972.37,0.0
C04705,2025-01-23,,2025-12-31,0,Activo,12,7-12 meses,Mes a mes,Tarjeta automática,Internet estándar,AMBA,Hogar,54.21,0.0518,0,0,Sí,3,616.82,0.0
C04706,2025-01-23,,2025-12-31,0,Activo,12,7-12 meses,Mes a mes,Transferencia,Streaming,Centro,Profesional,49.9,0.0432,2,2,No,4,572.93,0.0
C04707,2025-01-24,,2025-12-31,0,Activo,12,7-12 meses,Mes a mes,Tarjeta automática,Streaming,AMBA,Profesional,35.06,0.0807,1,0,Sí,3,386.77,0.0
C04708,2025-01-24,,2025-12-31,0,Activo,12,7-12 meses,Mes a mes,Débito automático,Telefonía móvil,AMBA,Hogar,44.32,0.0106,0,1,Sí,4,526.2,0.0
C04709,2025-01-24,2025-10-19,2025-12-31,1,Baja,10,7-12 meses,Mes a mes,Cheque electrónico,Internet estándar,Cuyo,Hogar,34.58,0.0432,0,3,No,4,330.86,414.96
C04710,2025-01-24,,2025-12-31,0,Activo,12,7-12 meses,Anual,Tarjeta automática,Telefonía móvil,Patagonia,Hogar,42.85,0.1148,3,0,Sí,2,455.17,0.0
C04711,2025-01-24,2025-06-04,2025-12-31,1,Baja,6,4-6 meses,Mes a mes,Tarjeta automática,Internet estándar,Cuyo,Hogar,41.72,0.0475,0,1,Sí,5,238.43,500.64
C04712,2025-01-24,,2025-12-31,0,Activo,12,7-12 meses,Anual,Transferencia,Internet fibra,AMBA,Hogar,89.56,0.0517,0,1,No,5,1019.16,0.0
C04713,2025-01-24,,2025-12-31,0,Activo,12,7-12 meses,Mes a mes,Cheque electrónico,Streaming,NOA,Hogar,25.01,0.0139,2,0,No,3,295.95,0.0
C04714,2025-01-25,,2025-12-31,0,Activo,12,7-12 meses,Mes a mes,Débito automático,Internet fibra,Litoral,Hogar,80.54,0.0298,0,0,Sí,4,937.68,0.0
C04715,2025-01-25,,2025-12-31,0,Activo,12,7-12 meses,Mes a mes,Transferencia,Internet fibra,NOA,Profesional,98.57,0.0592,2,1,No,3,1112.82,0.0
C04716,2025-01-25,,2025-12-31,0,Activo,12,7-12 meses,Mes a mes,Tarjeta automática,Internet fibra,Litoral,Hogar,77.17,0.0436,1,1,Sí,4,885.66,0.0
C04717,2025-01-26,,2025-12-31,0,Activo,12,7-12 meses,Mes a mes,Transferencia,Telefonía móvil,Cuyo,Hogar,43.16,0.0639,0,0,No,4,484.82,0.0
C04718,2025-01-26,,2025-12-31,0,Activo,12,7-12 meses,Anual,Tarjeta automática,Telefonía móvil,Litoral,Hogar,45.34,0.1114,2,0,Sí,4,483.47,0.0
C04719,2025-01-26,,2025-12-31,0,Activo,12,7-12 meses,Anual,Transferencia,Telefonía móvil,AMBA,Profesional,50.14,0.0944,1,0,No,5,544.88,0.0
C04720,2025-01-27,2025-02-13,2025-12-31,1,Baja,2,0-3 meses,Mes a mes,Tarjeta automática,Internet fibra,Cuyo,Hogar,82.43,0.0908,3,0,Sí,1,149.89,989.16
C04721,2025-01-27,2025-02-24,2025-12-31,1,Baja,2,0-3 meses,Mes a mes,Débito automático,Internet estándar,Cuyo,Hogar,58.5,0.0313,1,1,Sí,2,113.34,702.0
C04722,2025-01-27,,2025-12-31,0,Activo,12,7-12 meses,Dos años,Tarjeta automática,Telefonía móvil,Centro,Hogar,46.37,0.0695,1,0,Sí,4,517.77,0.0
C04723,2025-01-27,,2025-12-31,0,Activo,12,7-12 meses,Mes a mes,Transferencia,Internet estándar,NOA,Hogar,45.1,0.0943,1,0,No,3,490.16,0.0
C04724,2025-01-28,,2025-12-31,0,Activo,12,7-12 meses,Mes a mes,Transferencia,Internet estándar,NOA,PyME,105.92,0.0464,1,1,No,3,1212.06,0.0
C04725,2025-01-28,,2025-12-31,0,Activo,12,7-12 meses,Dos años,Cheque electrónico,Internet fibra,Cuyo,Hogar,74.0,0.0999,0,1,No,3,799.29,0.0
C04726,2025-01-29,2025-11-02,2025-12-31,1,Baja,11,7-12 meses,Mes a mes,Cheque electrónico,Internet estándar,Patagonia,Hogar,47.69,0.0971,0,2,No,5,473.65,572.28
C04727,2025-01-29,,2025-12-31,0,Activo,12,7-12 meses,Mes a mes,Débito automático,Streaming,Centro,Hogar,18.0,0.0497,3,0,Sí,4,205.26,0.0
C04728,2025-01-29,,2025-12-31,0,Activo,12,7-12 meses,Mes a mes,Transferencia,Internet estándar,NOA,Hogar,64.18,0.0712,1,0,No,3,715.32,0.0
C04729,2025-01-29,,2025-12-31,0,Activo,12,7-12 meses,Anual,Tarjeta automática,Internet fibra,Patagonia,Profesional,117.29,0.0756,0,0,Sí,3,1301.07,0.0
C04730,2025-01-29,2025-04-20,2025-12-31,1,Baja,4,4-6 meses,Mes a mes,Cheque electrónico,Streaming,Patagonia,Hogar,21.26,0.0471,3,1,No,2,81.03,255.12
C04731,2025-01-30,,2025-12-31,0,Activo,12,7-12 meses,Anual,Transferencia,Streaming,Litoral,Hogar,37.65,0.036,0,0,No,3,435.54,0.0
C04732,2025-01-30,,2025-12-31,0,Activo,12,7-12 meses,Mes a mes,Débito automático,Internet fibra,Patagonia,Hogar,94.04,0.0185,1,0,Sí,4,1107.6,0.0
C04733,2025-01-30,,2025-12-31,0,Activo,12,7-12 meses,Mes a mes,Débito automático,Internet estándar,Litoral,Hogar,38.47,0.062,5,0,Sí,2,433.02,0.0
C04734,2025-01-30,2025-06-18,2025-12-31,1,Baja,6,4-6 meses,Mes a mes,Transferencia,Telefonía móvil,NOA,Hogar,18.26,0.0173,0,1,No,4,107.66,219.12
C04735,2025-01-30,,2025-12-31,0,Activo,12,7-12 meses,Anual,Cheque electrónico,Streaming,Litoral,Profesional,63.68,0.1759,3,0,No,3,629.74,0.0
C04736,2025-01-30,,2025-12-31,0,Activo,12,7-12 meses,Mes a mes,Cheque electrónico,Streaming,Cuyo,Hogar,28.89,0.04,2,1,No,2,332.81,0.0
C04737,2025-01-31,,2025-12-31,0,Activo,12,7-12 meses,Anual,Débito automático,Streaming,Centro,Hogar,23.29,0.108,1,1,Sí,3,249.3,0.0
C04738,2025-01-31,2025-05-25,2025-12-31,1,Baja,5,4-6 meses,Mes a mes,Débito automático,Telefonía móvil,NOA,Hogar,42.52,0.0571,0,0,Sí,5,200.46,510.24
C04739,2025-01-31,,2025-12-31,0,Activo,12,7-12 meses,Mes a mes,Cheque electrónico,Internet estándar,AMBA,Profesional,62.94,0.0237,1,1,No,3,737.38,0.0
C04740,2025-01-31,,2025-12-31,0,Activo,12,7-12 meses,Mes a mes,Transferencia,Internet fibra,AMBA,Hogar,110.55,0.0793,1,0,No,4,1221.4,0.0
C04741,2025-01-31,2025-07-12,2025-12-31,1,Baja,7,7-12 meses,Mes a mes,Débito automático,Internet estándar,AMBA,Hogar,43.16,0.0431,3,0,Sí,2,289.1,517.92
C04742,2025-01-31,,2025-12-31,0,Activo,12,7-12 meses,Mes a mes,Transferencia,Telefonía móvil,AMBA,Hogar,45.6,0.0185,2,0,No,3,537.08,0.0
C04743,2025-01-31,,2025-12-31,0,Activo,12,7-12 meses,Anual,Transferencia,Internet fibra,Centro,Hogar,92.21,0.0307,0,0,No,5,1072.55,0.0
C04744,2025-02-01,,2025-12-31,0,Activo,11,7-12 meses,Dos años,Transferencia,Internet fibra,Cuyo,Hogar,92.16,0.0415,2,0,No,2,971.69,0.0
C04745,2025-02-02,,2025-12-31,0,Activo,11,7-12 meses,Anual,Débito automático,Internet fibra,Centro,Profesional,108.06,0.0284,4,1,Sí,2,1154.9,0.0
C04746,2025-02-02,,2025-12-31,0,Activo,11,7-12 meses,Anual,Cheque electrónico,Streaming,Cuyo,Hogar,24.32,0.0507,1,1,No,3,253.96,0.0
C04747,2025-02-03,,2025-12-31,0,Activo,11,7-12 meses,Mes a mes,Cheque electrónico,Streaming,Cuyo,PyME,82.33,0.0422,1,1,No,5,867.41,0.0
C04748,2025-02-04,,2025-12-31,0,Activo,11,7-12 meses,Anual,Débito automático,Internet estándar,Cuyo,Hogar,25.08,0.0037,0,0,Sí,4,274.86,0.0
C04749,2025-02-04,,2025-12-31,0,Activo,11,7-12 meses,Mes a mes,Tarjeta automática,Internet fibra,AMBA,Profesional,95.18,0.0069,0,0,Sí,3,1039.76,0.0
C04750,2025-02-04,,2025-12-31,0,Activo,11,7-12 meses,Anual,Débito automático,Streaming,Litoral,Hogar,29.36,0.05,0,0,Sí,4,306.81,0.0
C04751,2025-02-04,,2025-12-31,0,Activo,11,7-12 meses,Dos años,Transferencia,Internet fibra,Centro,Hogar,86.16,0.0051,0,0,No,4,942.93,0.0
C04752,2025-02-05,,2025-12-31,0,Activo,11,7-12 meses,Mes a mes,Débito automático,Streaming,Litoral,Profesional,66.75,0.1296,1,1,Sí,4,639.09,0.0
C04753,2025-02-05,,2025-12-31,0,Activo,11,7-12 meses,Dos años,Cheque electrónico,Internet fibra,AMBA,Hogar,85.82,0.0508,3,2,No,2,896.06,0.0
C04754,2025-02-06,2025-10-27,2025-12-31,1,Baja,9,7-12 meses,Dos años,Tarjeta automática,Telefonía móvil,NOA,Hogar,53.78,0.0264,1,0,Sí,4,471.24,645.36
C04755,2025-02-06,,2025-12-31,0,Activo,11,7-12 meses,Mes a mes,Tarjeta automática,Internet estándar,Patagonia,Profesional,66.81,0.0521,0,0,Sí,3,696.62,0.0
C04756,2025-02-06,,2025-12-31,0,Activo,11,7-12 meses,Dos años,Cheque electrónico,Streaming,Cuyo,Hogar,43.13,0.0069,1,1,No,4,471.16,0.0
C04757,2025-02-07,,2025-12-31,0,Activo,11,7-12 meses,Mes a mes,Cheque electrónico,Internet fibra,Cuyo,Profesional,96.12,0.0197,1,2,No,4,1036.49,0.0
C04758,2025-02-07,,2025-12-31,0,Activo,11,7-12 meses,Mes a mes,Débito automático,Internet fibra,Centro,Hogar,90.55,0.0942,1,0,Sí,4,902.22,0.0
C04759,2025-02-07,2025-11-01,2025-12-31,1,Baja,10,7-12 meses,Mes a mes,Tarjeta automática,Streaming,NOA,Hogar,37.85,0.0104,0,1,Sí,5,374.56,454.2
C04760,2025-02-07,,2025-12-31,0,Activo,11,7-12 meses,Mes a mes,Débito automático,Internet estándar,Patagonia,Hogar,53.32,0.0254,1,0,Sí,4,571.62,0.0
C04761,2025-02-08,,2025-12-31,0,Activo,11,7-12 meses,Mes a mes,Débito automático,Telefonía móvil,Cuyo,Hogar,25.05,0.1101,0,0,Sí,4,245.21,0.0
C04762,2025-02-08,,2025-12-31,0,Activo,11,7-12 meses,Dos años,Débito automático,Internet estándar,Litoral,Hogar,61.03,0.0966,0,0,Sí,3,606.48,0.0
C04763,2025-02-08,2025-02-14,2025-12-31,1,Baja,1,0-3 meses,Mes a mes,Tarjeta automática,Internet estándar,AMBA,Profesional,71.16,0.038,2,0,Sí,3,68.46,853.92
C04764,2025-02-08,,2025-12-31,0,Activo,11,7-12 meses,Mes a mes,Débito automático,Telefonía móvil,Patagonia,Profesional,67.73,0.0476,3,0,Sí,3,709.57,0.0
C04765,2025-02-09,,2025-12-31,0,Activo,11,7-12 meses,Anual,Transferencia,Internet estándar,Litoral,Hogar,52.45,0.0614,2,0,No,4,541.53,0.0
C04766,2025-02-09,,2025-12-31,0,Activo,11,7-12 meses,Mes a mes,Transferencia,Telefonía móvil,Centro,Hogar,47.35,0.0535,0,0,No,5,492.98,0.0
C04767,2025-02-10,,2025-12-31,0,Activo,11,7-12 meses,Anual,Transferencia,Internet estándar,Patagonia,Hogar,63.31,0.0804,1,0,No,3,640.42,0.0
C04768,2025-02-10,,2025-12-31,0,Activo,11,7-12 meses,Mes a mes,Débito automático,Internet estándar,AMBA,Hogar,43.79,0.0804,3,0,Sí,4,442.96,0.0
C04769,2025-02-10,,2025-12-31,0,Activo,11,7-12 meses,Dos años,Débito automático,Telefonía móvil,Cuyo,Hogar,47.14,0.1151,0,1,Sí,4,458.86,0.0
C04770,2025-02-10,,2025-12-31,0,Activo,11,7-12 meses,Anual,Débito automático,Internet fibra,NOA,Hogar,69.45,0.0794,0,0,Sí,5,703.29,0.0
C04771,2025-02-10,,2025-12-31,0,Activo,11,7-12 meses,Mes a mes,Cheque electrónico,Internet fibra,Patagonia,Hogar,84.34,0.0403,0,3,No,5,890.35,0.0
C04772,2025-02-11,,2025-12-31,0,Activo,11,7-12 meses,Mes a mes,Débito automático,Internet fibra,AMBA,PyME,135.76,0.0284,1,0,Sí,3,1450.95,0.0
C04773,2025-02-11,,2025-12-31,0,Activo,11,7-12 meses,Mes a mes,Transferencia,Internet estándar,Litoral,PyME,97.06,0.0454,0,1,No,5,1019.19,0.0
C04774,2025-02-11,,2025-12-31,0,Activo,11,7-12 meses,Dos años,Débito automático,Streaming,Patagonia,Hogar,30.03,0.0996,1,0,Sí,3,297.43,0.0
C04775,2025-02-11,,2025-12-31,0,Activo,11,7-12 meses,Anual,Cheque electrónico,Internet fibra,Litoral,Hogar,71.74,0.0336,1,2,No,3,762.62,0.0
C04776,2025-02-11,,2025-12-31,0,Activo,11,7-12 meses,Mes a mes,Débito automático,Internet fibra,Centro,Hogar,73.84,0.0422,0,0,Sí,5,777.96,0.0
C04777,2025-02-11,,2025-12-31,0,Activo,11,7-12 meses,Mes a mes,Débito automático,Internet fibra,Patagonia,Hogar,81.9,0.0243,0,0,Sí,4,879.01,0.0
C04778,2025-02-11,2025-06-04,2025-12-31,1,Baja,5,4-6 meses,Dos años,Cheque electrónico,Internet fibra,Cuyo,Hogar,80.95,0.0476,3,3,No,2,385.48,971.4
C04779,2025-02-11,2025-09-13,2025-12-31,1,Baja,8,7-12 meses,Mes a mes,Tarjeta automática,Internet fibra,NOA,Hogar,56.87,0.0181,2,1,Sí,3,446.73,682.44
C04780,2025-02-12,,2025-12-31,0,Activo,11,7-12 meses,Anual,Transferencia,Internet fibra,NOA,Profesional,100.08,0.0255,7,2,No,1,1072.81,0.0
C04781,2025-02-12,,2025-12-31,0,Activo,11,7-12 meses,Anual,Débito automático,Telefonía móvil,NOA,Hogar,38.66,0.054,0,0,Sí,2,402.3,0.0
C04782,2025-02-12,,2025-12-31,0,Activo,11,7-12 meses,Mes a mes,Cheque electrónico,Streaming,Cuyo,Hogar,24.44,0.0195,0,1,No,5,263.6,0.0
C04783,2025-02-12,,2025-12-31,0,Activo,11,7-12 meses,Mes a mes,Transferencia,Internet fibra,Patagonia,Profesional,83.6,0.1155,1,0,No,3,813.39,0.0
C04784,2025-02-13,,2025-12-31,0,Activo,11,7-12 meses,Mes a mes,Tarjeta automática,Internet fibra,AMBA,Hogar,77.5,0.0188,1,0,Sí,3,836.47,0.0
C04785,2025-02-13,2025-06-06,2025-12-31,1,Baja,5,4-6 meses,Mes a mes,Cheque electrónico,Internet fibra,Patagonia,Hogar,72.25,0.1197,1,3,No,2,318.01,867.0
C04786,2025-02-13,2025-11-11,2025-12-31,1,Baja,10,7-12 meses,Dos años,Transferencia,Internet estándar,Patagonia,Hogar,63.01,0.0608,1,0,No,3,591.79,756.12
C04787,2025-02-13,,2025-12-31,0,Activo,11,7-12 meses,Anual,Débito automático,Internet estándar,Patagonia,Hogar,29.76,0.0656,1,0,Sí,4,305.89,0.0
C04788,2025-02-14,,2025-12-31,0,Activo,11,7-12 meses,Dos años,Tarjeta automática,Telefonía móvil,AMBA,Hogar,31.4,0.0659,0,1,Sí,5,322.64,0.0
C04789,2025-02-14,,2025-12-31,0,Activo,11,7-12 meses,Mes a mes,Tarjeta automática,Streaming,Cuyo,Hogar,18.0,0.0272,1,0,Sí,3,192.61,0.0
C04790,2025-02-14,,2025-12-31,0,Activo,11,7-12 meses,Mes a mes,Transferencia,Internet estándar,Centro,Hogar,51.85,0.0116,1,0,No,4,563.73,0.0
C04791,2025-02-14,,2025-12-31,0,Activo,11,7-12 meses,Anual,Débito automático,Internet fibra,NOA,Profesional,108.9,0.0791,1,0,Sí,4,1103.15,0.0
C04792,2025-02-14,2025-02-09,2025-12-31,1,Baja,1,0-3 meses,Mes a mes,Cheque electrónico,Streaming,Litoral,Profesional,52.53,0.0392,3,1,No,1,50.47,630.36
C04793,2025-02-15,2025-09-01,2025-12-31,1,Baja,8,7-12 meses,Mes a mes,Tarjeta automática,Telefonía móvil,Litoral,Hogar,29.96,0.0572,4,0,Sí,1,225.97,359.52
C04794,2025-02-15,2025-11-05,2025-12-31,1,Baja,10,7-12 meses,Mes a mes,Transferencia,Internet fibra,Cuyo,Profesional,91.28,0.0915,1,0,No,3,829.28,1095.36
C04795,2025-02-15,,2025-12-31,0,Activo,11,7-12 meses,Anual,Tarjeta automática,Telefonía móvil,AMBA,Hogar,33.1,0.0707,0,0,Sí,5,338.36,0.0
C04796,2025-02-15,,2025-12-31,0,Activo,11,7-12 meses,Anual,Transferencia,Internet fibra,Litoral,Hogar,83.59,0.0903,2,1,No,2,836.46,0.0
C04797,2025-02-15,,2025-12-31,0,Activo,11,7-12 meses,Mes a mes,Tarjeta automática,Streaming,Litoral,Hogar,24.05,0.1283,0,0,Sí,4,230.61,0.0
C04798,2025-02-15,,2025-12-31,0,Activo,11,7-12 meses,Dos años,Débito automático,Internet fibra,Cuyo,Hogar,62.46,0.0462,2,0,Sí,3,655.32,0.0
C04799,2025-02-16,,2025-12-31,0,Activo,11,7-12 meses,Mes a mes,Tarjeta automática,Streaming,Litoral,Hogar,35.43,0.0341,0,0,Sí,5,376.44,0.0
C04800,2025-02-16,,2025-12-31,0,Activo,11,7-12 meses,Mes a mes,Transferencia,Internet fibra,Cuyo,PyME,146.9,0.019,1,0,No,3,1585.2,0.0
C04801,2025-02-16,,2025-12-31,0,Activo,11,7-12 meses,Mes a mes,Débito automático,Internet estándar,Litoral,Hogar,47.03,0.0394,0,0,Sí,5,496.95,0.0
C04802,2025-02-16,,2025-12-31,0,Activo,11,7-12 meses,Anual,Transferencia,Streaming,Cuyo,Hogar,30.32,0.0729,1,0,No,4,309.21,0.0
C04803,2025-02-16,,2025-12-31,0,Activo,11,7-12 meses,Mes a mes,Tarjeta automática,Streaming,Patagonia,Hogar,18.0,0.0458,0,1,Sí,4,188.93,0.0
C04804,2025-02-16,,2025-12-31,0,Activo,11,7-12 meses,Mes a mes,Débito automático,Streaming,NOA,PyME,61.35,0.1024,0,0,Sí,3,605.75,0.0
C04805,2025-02-16,,2025-12-31,0,Activo,11,7-12 meses,Mes a mes,Transferencia,Internet fibra,Cuyo,Hogar,57.66,0.0327,1,0,No,4,613.52,0.0
C04806,2025-02-17,,2025-12-31,0,Activo,11,7-12 meses,Anual,Tarjeta automática,Streaming,AMBA,PyME,83.51,0.0185,2,0,Sí,3,901.62,0.0
C04807,2025-02-17,,2025-12-31,0,Activo,11,7-12 meses,Anual,Tarjeta automática,Internet fibra,Patagonia,Hogar,74.61,0.02,1,0,Sí,4,804.3,0.0
C04808,2025-02-17,,2025-12-31,0,Activo,11,7-12 meses,Mes a mes,Tarjeta automática,Streaming,NOA,Profesional,53.01,0.0228,0,1,Sí,3,569.82,0.0
C04809,2025-02-17,,2025-12-31,0,Activo,11,7-12 meses,Dos años,Transferencia,Internet fibra,Patagonia,Hogar,75.83,0.0445,0,0,No,5,797.01,0.0
C04810,2025-02-18,2025-02-21,2025-12-31,1,Baja,1,0-3 meses,Mes a mes,Cheque electrónico,Internet estándar,Cuyo,Hogar,59.87,0.0289,1,3,No,2,58.14,718.44
C04811,2025-02-18,,2025-12-31,0,Activo,11,7-12 meses,Mes a mes,Tarjeta automática,Internet estándar,Litoral,Hogar,58.59,0.0538,4,0,Sí,2,609.82,0.0
C04812,2025-02-18,,2025-12-31,0,Activo,11,7-12 meses,Anual,Transferencia,Telefonía móvil,Cuyo,Hogar,38.45,0.0927,0,0,No,5,383.74,0.0
C04813,2025-02-18,,2025-12-31,0,Activo,11,7-12 meses,Anual,Transferencia,Streaming,Patagonia,Hogar,18.0,0.0836,0,0,No,4,181.45,0.0
C04814,2025-02-18,,2025-12-31,0,Activo,11,7-12 meses,Mes a mes,Transferencia,Internet fibra,Patagonia,Hogar,56.92,0.0218,1,0,No,4,612.47,0.0
C04815,2025-02-19,,2025-12-31,0,Activo,11,7-12 meses,Mes a mes,Débito automático,Streaming,Litoral,Hogar,44.77,0.029,1,0,Sí,3,478.19,0.0
C04816,2025-02-19,2025-02-09,2025-12-31,1,Baja,1,0-3 meses,Mes a mes,Cheque electrónico,Internet fibra,Cuyo,Hogar,67.63,0.0727,1,0,No,3,62.71,811.56
C04817,2025-02-19,,2025-12-31,0,Activo,11,7-12 meses,Mes a mes,Débito automático,Internet fibra,Centro,Hogar,61.54,0.057,0,0,Sí,5,638.35,0.0
C04818,2025-02-19,,2025-12-31,0,Activo,11,7-12 meses,Anual,Cheque electrónico,Internet estándar,Litoral,Profesional,68.43,0.0473,0,3,No,3,717.13,0.0
C04819,2025-02-19,,2025-12-31,0,Activo,11,7-12 meses,Dos años,Tarjeta automática,Telefonía móvil,Cuyo,Profesional,43.64,0.096,1,0,Sí,5,433.96,0.0
C04820,2025-02-19,,2025-12-31,0,Activo,11,7-12 meses,Mes a mes,Cheque electrónico,Telefonía móvil,NOA,PyME,98.42,0.0613,3,0,No,2,1016.26,0.0
C04821,2025-02-19,,2025-12-31,0,Activo,11,7-12 meses,Anual,Cheque electrónico,Telefonía móvil,AMBA,Hogar,38.3,0.095,4,0,No,2,381.28,0.0
C04822,2025-02-19,,2025-12-31,0,Activo,11,7-12 meses,Anual,Cheque electrónico,Internet fibra,NOA,Hogar,88.16,0.0942,1,1,No,4,878.41,0.0
C04823,2025-02-19,,2025-12-31,0,Activo,11,7-12 meses,Mes a mes,Tarjeta automática,Internet fibra,Patagonia,PyME,142.2,0.0564,2,1,Sí,3,1475.98,0.0
C04824,2025-02-19,2025-07-09,2025-12-31,1,Baja,6,4-6 meses,Mes a mes,Cheque electrónico,Telefonía móvil,Litoral,PyME,109.14,0.0795,0,0,No,4,602.78,1309.68
C04825,2025-02-19,,2025-12-31,0,Activo,11,7-12 meses,Dos años,Tarjeta automática,Internet fibra,NOA,PyME,135.27,0.0392,0,0,Sí,4,1429.64,0.0
C04826,2025-02-20,,2025-12-31,0,Activo,11,7-12 meses,Mes a mes,Transferencia,Streaming,Patagonia,Hogar,19.56,0.0602,1,0,No,5,202.21,0.0
C04827,2025-02-20,,2025-12-31,0,Activo,11,7-12 meses,Anual,Débito automático,Telefonía móvil,AMBA,Hogar,30.59,0.0997,1,0,Sí,3,302.94,0.0
C04828,2025-02-20,,2025-12-31,0,Activo,11,7-12 meses,Mes a mes,Transferencia,Internet fibra,Cuyo,PyME,127.16,0.072,0,1,No,3,1298.05,0.0
C04829,2025-02-20,,2025-12-31,0,Activo,11,7-12 meses,Anual,Débito automático,Internet estándar,NOA,Hogar,70.94,0.0502,6,2,Sí,1,741.17,0.0
C04830,2025-02-20,,2025-12-31,0,Activo,11,7-12 meses,Mes a mes,Tarjeta automática,Telefonía móvil,Patagonia,Hogar,39.26,0.0187,3,1,Sí,2,423.78,0.0
C04831,2025-02-20,,2025-12-31,0,Activo,11,7-12 meses,Dos años,Tarjeta automática,Streaming,AMBA,PyME,85.77,0.026,0,0,Sí,3,918.94,0.0
C04832,2025-02-21,,2025-12-31,0,Activo,11,7-12 meses,Anual,Tarjeta automática,Telefonía móvil,Centro,Profesional,76.7,0.0877,3,0,Sí,3,769.71,0.0
C04833,2025-02-21,,2025-12-31,0,Activo,11,7-12 meses,Mes a mes,Débito automático,Streaming,NOA,Hogar,31.8,0.033,0,1,Sí,4,338.26,0.0
C04834,2025-02-21,,2025-12-31,0,Activo,11,7-12 meses,Anual,Cheque electrónico,Internet fibra,AMBA,Hogar,69.76,0.0269,4,1,No,1,746.72,0.0
C04835,2025-02-21,,2025-12-31,0,Activo,11,7-12 meses,Anual,Transferencia,Telefonía móvil,NOA,PyME,105.03,0.0599,1,0,No,2,1086.13,0.0
C04836,2025-02-21,,2025-12-31,0,Activo,11,7-12 meses,Mes a mes,Cheque electrónico,Streaming,Litoral,Hogar,24.29,0.0806,3,1,No,3,245.65,0.0
C04837,2025-02-21,2025-11-22,2025-12-31,1,Baja,10,7-12 meses,Mes a mes,Cheque electrónico,Telefonía móvil,Patagonia,Profesional,63.18,0.068,2,1,No,2,588.84,758.16
C04838,2025-02-22,,2025-12-31,0,Activo,11,7-12 meses,Anual,Débito automático,Internet estándar,Centro,Hogar,54.63,0.0721,0,0,Sí,5,557.6,0.0
C04839,2025-02-22,,2025-12-31,0,Activo,11,7-12 meses,Anual,Débito automático,Internet estándar,Cuyo,Hogar,43.56,0.0817,2,1,Sí,3,440.01,0.0
C04840,2025-02-23,,2025-12-31,0,Activo,11,7-12 meses,Mes a mes,Débito automático,Internet estándar,Patagonia,Profesional,69.05,0.1101,0,0,Sí,5,675.92,0.0
C04841,2025-02-23,,2025-12-31,0,Activo,11,7-12 meses,Dos años,Tarjeta automática,Internet fibra,AMBA,PyME,150.6,0.0515,0,1,Sí,4,1571.29,0.0
C04842,2025-02-24,,2025-12-31,0,Activo,11,7-12 meses,Mes a mes,Transferencia,Telefonía móvil,AMBA,Hogar,35.11,0.0401,0,0,No,5,370.72,0.0
C04843,2025-02-24,2025-04-20,2025-12-31,1,Baja,3,0-3 meses,Mes a mes,Transferencia,Telefonía móvil,Litoral,Hogar,56.49,0.0181,4,1,No,2,166.4,677.88
C04844,2025-02-24,,2025-12-31,0,Activo,11,7-12 meses,Anual,Transferencia,Internet estándar,AMBA,Hogar,42.5,0.0447,1,0,No,2,446.6,0.0
C04845,2025-02-25,,2025-12-31,0,Activo,11,7-12 meses,Mes a mes,Transferencia,Telefonía móvil,NOA,Hogar,61.82,0.0433,0,0,No,4,650.58,0.0
C04846,2025-02-25,,2025-12-31,0,Activo,11,7-12 meses,Mes a mes,Tarjeta automática,Internet estándar,Patagonia,PyME,94.59,0.0631,1,0,Sí,4,974.84,0.0
C04847,2025-02-25,,2025-12-31,0,Activo,11,7-12 meses,Mes a mes,Transferencia,Telefonía móvil,Patagonia,Hogar,37.67,0.0502,0,0,No,4,393.57,0.0
C04848,2025-02-25,2025-03-07,2025-12-31,1,Baja,2,0-3 meses,Mes a mes,Tarjeta automática,Streaming,Litoral,PyME,100.59,0.0667,0,1,Sí,5,187.76,1207.08
C04849,2025-02-25,,2025-12-31,0,Activo,11,7-12 meses,Mes a mes,Cheque electrónico,Streaming,Litoral,Profesional,64.07,0.0227,0,0,No,5,688.77,0.0
C04850,2025-02-26,,2025-12-31,0,Activo,11,7-12 meses,Anual,Tarjeta automática,Streaming,NOA,Hogar,38.0,0.075,0,0,Sí,3,386.65,0.0
C04851,2025-02-26,,2025-12-31,0,Activo,11,7-12 meses,Mes a mes,Débito automático,Streaming,AMBA,Hogar,18.0,0.0775,0,0,Sí,4,182.66,0.0
C04852,2025-02-26,,2025-12-31,0,Activo,11,7-12 meses,Anual,Débito automático,Telefonía móvil,Centro,PyME,97.91,0.0447,0,0,Sí,4,1028.87,0.0
C04853,2025-02-26,,2025-12-31,0,Activo,11,7-12 meses,Anual,Tarjeta automática,Internet estándar,Patagonia,Hogar,49.01,0.0109,0,0,Sí,4,533.23,0.0
C04854,2025-02-27,,2025-12-31,0,Activo,11,7-12 meses,Mes a mes,Débito automático,Telefonía móvil,AMBA,Profesional,50.59,0.0131,0,1,Sí,5,549.2,0.0
C04855,2025-02-27,,2025-12-31,0,Activo,11,7-12 meses,Mes a mes,Tarjeta automática,Internet fibra,Centro,Hogar,85.67,0.0179,2,0,Sí,4,925.5,0.0
C04856,2025-02-28,,2025-12-31,0,Activo,11,7-12 meses,Anual,Débito automático,Internet fibra,AMBA,Hogar,69.46,0.0339,1,0,Sí,4,738.16,0.0
C04857,2025-02-28,,2025-12-31,0,Activo,11,7-12 meses,Mes a mes,Cheque electrónico,Streaming,AMBA,Hogar,18.0,0.0869,0,1,No,5,180.79,0.0
C04858,2025-02-28,,2025-12-31,0,Activo,11,7-12 meses,Mes a mes,Débito automático,Streaming,Cuyo,Hogar,18.0,0.0191,0,1,Sí,5,194.22,0.0
C04859,2025-02-28,,2025-12-31,0,Activo,11,7-12 meses,Dos años,Débito automático,Telefonía móvil,Litoral,Profesional,78.84,0.0686,1,0,Sí,5,807.75,0.0
C04860,2025-02-28,,2025-12-31,0,Activo,11,7-12 meses,Anual,Cheque electrónico,Internet fibra,AMBA,Hogar,72.38,0.0538,1,2,No,4,753.35,0.0
C04861,2025-03-01,,2025-12-31,0,Activo,10,7-12 meses,Anual,Débito automático,Internet fibra,NOA,Hogar,72.62,0.0211,1,0,Sí,4,710.88,0.0
C04862,2025-03-01,,2025-12-31,0,Activo,10,7-12 meses,Mes a mes,Cheque electrónico,Internet estándar,Patagonia,Hogar,37.66,0.0605,0,2,No,3,353.82,0.0
C04863,2025-03-01,,2025-12-31,0,Activo,10,7-12 meses,Mes a mes,Débito automático,Telefonía móvil,Litoral,Hogar,57.05,0.0555,3,0,Sí,4,538.84,0.0
C04864,2025-03-01,,2025-12-31,0,Activo,10,7-12 meses,Mes a mes,Débito automático,Telefonía móvil,AMBA,PyME,81.82,0.0183,0,0,Sí,5,803.23,0.0
C04865,2025-03-01,,2025-12-31,0,Activo,10,7-12 meses,Anual,Tarjeta automática,Telefonía móvil,Litoral,PyME,83.75,0.0263,0,0,Sí,4,815.47,0.0
C04866,2025-03-01,,2025-12-31,0,Activo,10,7-12 meses,Mes a mes,Tarjeta automática,Internet estándar,NOA,Hogar,45.46,0.0337,3,0,Sí,3,439.28,0.0
C04867,2025-03-01,2025-04-12,2025-12-31,1,Baja,2,0-3 meses,Mes a mes,Transferencia,Telefonía móvil,Centro,PyME,96.76,0.0365,3,1,No,2,186.46,1161.12
C04868,2025-03-01,,2025-12-31,0,Activo,10,7-12 meses,Mes a mes,Cheque electrónico,Internet fibra,Litoral,Hogar,85.24,0.0453,0,2,No,5,813.79,0.0
C04869,2025-03-02,,2025-12-31,0,Activo,10,7-12 meses,Anual,Tarjeta automática,Telefonía móvil,Litoral,Hogar,34.57,0.0317,1,0,Sí,4,334.74,0.0
C04870,2025-03-02,2025-03-12,2025-12-31,1,Baja,1,0-3 meses,Anual,Cheque electrónico,Internet estándar,Patagonia,Hogar,65.99,0.0726,2,3,No,1,61.2,791.88
C04871,2025-03-03,,2025-12-31,0,Activo,10,7-12 meses,Mes a mes,Débito automático,Internet estándar,NOA,Profesional,59.64,0.0224,1,0,Sí,4,583.04,0.0
C04872,2025-03-03,2025-09-14,2025-12-31,1,Baja,7,7-12 meses,Mes a mes,Débito automático,Streaming,AMBA,Hogar,18.0,0.0644,3,0,Sí,2,117.89,216.0
C04873,2025-03-04,2025-10-04,2025-12-31,1,Baja,8,7-12 meses,Mes a mes,Cheque electrónico,Telefonía móvil,AMBA,Profesional,47.86,0.0531,1,0,No,2,362.55,574.32
C04874,2025-03-04,2025-06-22,2025-12-31,1,Baja,4,4-6 meses,Mes a mes,Cheque electrónico,Internet fibra,AMBA,Hogar,69.49,0.0776,0,1,No,5,256.39,833.88
C04875,2025-03-05,2025-08-17,2025-12-31,1,Baja,6,4-6 meses,Mes a mes,Débito automático,Internet fibra,Centro,Hogar,65.15,0.0238,0,0,Sí,3,381.6,781.8
C04876,2025-03-05,2025-10-04,2025-12-31,1,Baja,8,7-12 meses,Mes a mes,Tarjeta automática,Streaming,Cuyo,Hogar,37.26,0.0659,1,0,Sí,3,278.44,447.12
C04877,2025-03-06,,2025-12-31,0,Activo,10,7-12 meses,Anual,Tarjeta automática,Telefonía móvil,NOA,Hogar,30.99,0.0102,0,1,Sí,4,306.74,0.0
C04878,2025-03-07,,2025-12-31,0,Activo,10,7-12 meses,Anual,Tarjeta automática,Streaming,Litoral,Hogar,27.54,0.1208,0,0,Sí,4,242.13,0.0
C04879,2025-03-07,,2025-12-31,0,Activo,10,7-12 meses,Dos años,Cheque electrónico,Internet fibra,Patagonia,Profesional,84.67,0.0653,0,1,No,4,791.41,0.0
C04880,2025-03-07,,2025-12-31,0,Activo,10,7-12 meses,Dos años,Débito automático,Streaming,Litoral,Hogar,18.0,0.0526,0,1,Sí,4,170.53,0.0
C04881,2025-03-07,,2025-12-31,0,Activo,10,7-12 meses,Mes a mes,Transferencia,Internet fibra,NOA,Hogar,90.17,0.0728,1,0,No,5,836.06,0.0
C04882,2025-03-08,,2025-12-31,0,Activo,10,7-12 meses,Mes a mes,Tarjeta automática,Internet fibra,Centro,Profesional,113.63,0.0566,0,1,Sí,3,1071.99,0.0
C04883,2025-03-08,2025-03-26,2025-12-31,1,Baja,1,0-3 meses,Mes a mes,Débito automático,Internet fibra,Patagonia,Hogar,91.96,0.0402,0,0,Sí,4,88.26,1103.52
C04884,2025-03-09,,2025-12-31,0,Activo,10,7-12 meses,Anual,Débito automático,Internet estándar,Centro,Profesional,50.82,0.0919,1,1,Sí,4,461.5,0.0
C04885,2025-03-09,,2025-12-31,0,Activo,10,7-12 meses,Mes a mes,Débito automático,Internet estándar,Centro,Hogar,34.34,0.0743,2,0,Sí,4,317.89,0.0
C04886,2025-03-10,,2025-12-31,0,Activo,10,7-12 meses,Mes a mes,Débito automático,Internet fibra,NOA,Profesional,117.76,0.0457,0,0,Sí,5,1123.78,0.0
C04887,2025-03-10,2025-12-14,2025-12-31,1,Baja,10,7-12 meses,Mes a mes,Cheque electrónico,Internet fibra,AMBA,Hogar,75.2,0.1169,2,0,No,2,664.09,902.4
C04888,2025-03-10,,2025-12-31,0,Activo,10,7-12 meses,Mes a mes,Cheque electrónico,Streaming,Centro,Hogar,18.0,0.0268,2,1,No,5,175.18,0.0
C04889,2025-03-10,,2025-12-31,0,Activo,10,7-12 meses,Anual,Transferencia,Internet fibra,Cuyo,Hogar,89.9,0.049,2,0,No,3,854.95,0.0
C04890,2025-03-11,,2025-12-31,0,Activo,10,7-12 meses,Anual,Tarjeta automática,Internet fibra,AMBA,Hogar,78.74,0.0858,5,1,Sí,2,719.84,0.0
C04891,2025-03-11,,2025-12-31,0,Activo,10,7-12 meses,Mes a mes,Cheque electrónico,Internet estándar,Patagonia,Hogar,55.26,0.0118,2,0,No,3,546.08,0.0
C04892,2025-03-11,,2025-12-31,0,Activo,10,7-12 meses,Dos años,Cheque electrónico,Streaming,Cuyo,Hogar,18.0,0.1437,0,1,No,4,154.13,0.0
C04893,2025-03-12,,2025-12-31,0,Activo,10,7-12 meses,Mes a mes,Cheque electrónico,Telefonía móvil,Cuyo,Hogar,38.41,0.0697,2,0,No,4,357.33,0.0
C04894,2025-03-12,,2025-12-31,0,Activo,10,7-12 meses,Mes a mes,Débito automático,Internet estándar,Centro,Hogar,59.44,0.0103,2,0,Sí,4,588.28,0.0
C04895,2025-03-12,,2025-12-31,0,Activo,10,7-12 meses,Mes a mes,Tarjeta automática,Streaming,NOA,Profesional,39.96,0.076,1,1,Sí,3,369.23,0.0
C04896,2025-03-12,,2025-12-31,0,Activo,10,7-12 meses,Anual,Transferencia,Telefonía móvil,Cuyo,Hogar,55.59,0.0999,2,0,No,1,500.37,0.0
C04897,2025-03-13,,2025-12-31,0,Activo,10,7-12 meses,Anual,Débito automático,Streaming,Patagonia,Hogar,18.0,0.014,0,1,Sí,4,177.48,0.0
C04898,2025-03-13,,2025-12-31,0,Activo,10,7-12 meses,Mes a mes,Débito automático,Internet estándar,Litoral,Hogar,47.76,0.1633,0,0,Sí,4,399.61,0.0
C04899,2025-03-13,,2025-12-31,0,Activo,10,7-12 meses,Dos años,Débito automático,Internet fibra,NOA,Hogar,96.09,0.0305,2,0,Sí,3,931.59,0.0
C04900,2025-03-13,,2025-12-31,0,Activo,10,7-12 meses,Mes a mes,Débito automático,Internet fibra,Litoral,Profesional,83.34,0.0642,0,0,Sí,3,779.9,0.0
C04901,2025-03-14,,2025-12-31,0,Activo,10,7-12 meses,Mes a mes,Débito automático,Internet estándar,NOA,PyME,106.99,0.043,3,0,Sí,2,1023.89,0.0
C04902,2025-03-14,,2025-12-31,0,Activo,10,7-12 meses,Anual,Transferencia,Internet estándar,Patagonia,Hogar,55.44,0.0334,0,0,No,5,535.88,0.0
C04903,2025-03-15,,2025-12-31,0,Activo,10,7-12 meses,Dos años,Transferencia,Telefonía móvil,AMBA,Hogar,43.01,0.0165,2,1,No,3,423.0,0.0
C04904,2025-03-16,,2025-12-31,0,Activo,10,7-12 meses,Anual,Débito automático,Internet fibra,AMBA,Hogar,75.25,0.0033,0,0,Sí,3,750.02,0.0
C04905,2025-03-16,,2025-12-31,0,Activo,10,7-12 meses,Dos años,Tarjeta automática,Internet estándar,Patagonia,Profesional,57.36,0.0329,2,1,Sí,1,554.73,0.0
C04906,2025-03-16,,2025-12-31,0,Activo,10,7-12 meses,Mes a mes,Cheque electrónico,Telefonía móvil,AMBA,Profesional,62.16,0.0876,1,0,No,2,567.15,0.0
C04907,2025-03-16,,2025-12-31,0,Activo,10,7-12 meses,Anual,Débito automático,Streaming,Centro,Hogar,27.87,0.1017,2,0,Sí,3,250.36,0.0
C04908,2025-03-16,,2025-12-31,0,Activo,10,7-12 meses,Anual,Débito automático,Internet fibra,Patagonia,Profesional,80.2,0.0116,0,0,Sí,3,792.7,0.0
C04909,2025-03-17,,2025-12-31,0,Activo,10,7-12 meses,Mes a mes,Débito automático,Telefonía móvil,Cuyo,Hogar,54.1,0.0075,0,0,Sí,4,536.94,0.0
C04910,2025-03-17,,2025-12-31,0,Activo,10,7-12 meses,Mes a mes,Débito automático,Internet estándar,Centro,Hogar,38.99,0.0064,1,0,Sí,4,387.4,0.0
C04911,2025-03-17,,2025-12-31,0,Activo,10,7-12 meses,Dos años,Transferencia,Internet fibra,Centro,Hogar,62.49,0.0382,1,1,No,4,601.03,0.0
C04912,2025-03-17,,2025-12-31,0,Activo,10,7-12 meses,Mes a mes,Tarjeta automática,Internet estándar,Centro,Hogar,42.45,0.064,2,0,Sí,3,397.33,0.0
C04913,2025-03-18,,2025-12-31,0,Activo,10,7-12 meses,Mes a mes,Cheque electrónico,Internet fibra,NOA,Hogar,68.18,0.024,0,1,No,5,665.44,0.0
C04914,2025-03-18,,2025-12-31,0,Activo,10,7-12 meses,Dos años,Tarjeta automática,Telefonía móvil,Cuyo,Hogar,39.16,0.088,1,0,Sí,3,357.14,0.0
C04915,2025-03-18,2025-03-17,2025-12-31,1,Baja,1,0-3 meses,Dos años,Cheque electrónico,Internet fibra,NOA,Hogar,64.33,0.0654,1,2,No,3,60.12,771.96
C04916,2025-03-18,,2025-12-31,0,Activo,10,7-12 meses,Dos años,Transferencia,Telefonía móvil,Patagonia,Hogar,46.93,0.0247,1,0,No,3,457.71,0.0
C04917,2025-03-19,,2025-12-31,0,Activo,10,7-12 meses,Dos años,Tarjeta automática,Internet fibra,Centro,Hogar,93.19,0.1142,2,0,Sí,3,825.48,0.0
C04918,2025-03-19,,2025-12-31,0,Activo,10,7-12 meses,Mes a mes,Débito automático,Telefonía móvil,AMBA,Hogar,43.16,0.0963,4,0,Sí,3,390.04,0.0
C04919,2025-03-20,,2025-12-31,0,Activo,10,7-12 meses,Dos años,Débito automático,Internet fibra,NOA,Profesional,80.11,0.0295,1,0,Sí,4,777.47,0.0
C04920,2025-03-20,,2025-12-31,0,Activo,10,7-12 meses,Mes a mes,Cheque electrónico,Telefonía móvil,NOA,Hogar,31.95,0.0918,1,4,No,1,290.17,0.0
C04921,2025-03-20,,2025-12-31,0,Activo,10,7-12 meses,Anual,Transferencia,Internet fibra,AMBA,Hogar,80.43,0.0498,0,0,No,3,764.25,0.0
C04922,2025-03-21,,2025-12-31,0,Activo,10,7-12 meses,Mes a mes,Débito automático,Telefonía móvil,Centro,Hogar,20.36,0.0486,0,1,Sí,5,193.71,0.0
C04923,2025-03-21,,2025-12-31,0,Activo,10,7-12 meses,Anual,Débito automático,Telefonía móvil,Patagonia,Hogar,28.44,0.0707,6,0,Sí,1,264.29,0.0
C04924,2025-03-21,,2025-12-31,0,Activo,10,7-12 meses,Anual,Cheque electrónico,Streaming,NOA,Hogar,18.0,0.0529,2,2,No,2,170.48,0.0
C04925,2025-03-21,,2025-12-31,0,Activo,10,7-12 meses,Dos años,Transferencia,Internet fibra,NOA,Hogar,79.27,0.0323,0,0,No,5,767.1,0.0
C04926,2025-03-21,,2025-12-31,0,Activo,10,7-12 meses,Mes a mes,Débito automático,Streaming,Centro,Hogar,52.78,0.075,1,0,Sí,5,488.22,0.0
C04927,2025-03-21,,2025-12-31,0,Activo,10,7-12 meses,Mes a mes,Débito automático,Streaming,NOA,Hogar,18.0,0.0439,0,0,Sí,5,172.1,0.0
C04928,2025-03-22,,2025-12-31,0,Activo,10,7-12 meses,Mes a mes,Débito automático,Internet estándar,Patagonia,Profesional,75.98,0.0615,0,0,Sí,3,713.07,0.0
C04929,2025-03-22,2025-06-21,2025-12-31,1,Baja,4,4-6 meses,Mes a mes,Transferencia,Streaming,Cuyo,Hogar,22.8,0.0649,6,0,No,1,85.28,273.6
C04930,2025-03-22,,2025-12-31,0,Activo,10,7-12 meses,Anual,Débito automático,Telefonía móvil,Cuyo,Hogar,27.48,0.0129,1,0,Sí,3,271.26,0.0
C04931,2025-03-22,,2025-12-31,0,Activo,10,7-12 meses,Mes a mes,Cheque electrónico,Telefonía móvil,Patagonia,Hogar,59.21,0.0866,1,4,No,2,540.82,0.0
C04932,2025-03-23,,2025-12-31,0,Activo,10,7-12 meses,Mes a mes,Débito automático,Internet estándar,NOA,PyME,127.76,0.0536,0,0,Sí,3,1209.12,0.0
C04933,2025-03-23,,2025-12-31,0,Activo,10,7-12 meses,Mes a mes,Débito automático,Internet fibra,NOA,Profesional,100.53,0.0391,0,0,Sí,5,965.99,0.0
C04934,2025-03-23,,2025-12-31,0,Activo,10,7-12 meses,Mes a mes,Débito automático,Internet fibra,Cuyo,Hogar,81.99,0.0034,2,0,Sí,3,817.11,0.0
C04935,2025-03-23,,2025-12-31,0,Activo,10,7-12 meses,Anual,Transferencia,Streaming,Centro,PyME,84.68,0.0075,0,0,No,3,840.45,0.0
C04936,2025-03-24,,2025-12-31,0,Activo,10,7-12 meses,Mes a mes,Débito automático,Telefonía móvil,NOA,Hogar,40.37,0.1214,1,0,Sí,4,354.69,0.0
C04937,2025-03-24,2025-12-02,2025-12-31,1,Baja,10,7-12 meses,Mes a mes,Cheque electrónico,Internet estándar,Centro,Hogar,52.74,0.0185,0,1,No,4,517.64,632.88
C04938,2025-03-25,,2025-12-31,0,Activo,10,7-12 meses,Mes a mes,Débito automático,Internet fibra,Patagonia,Profesional,103.44,0.0584,0,0,Sí,5,973.99,0.0
C04939,2025-03-25,,2025-12-31,0,Activo,10,7-12 meses,Mes a mes,Transferencia,Internet estándar,Litoral,Hogar,67.3,0.0624,0,2,No,3,631.0,0.0
C04940,2025-03-25,,2025-12-31,0,Activo,10,7-12 meses,Anual,Cheque electrónico,Internet estándar,Litoral,Profesional,61.25,0.1467,0,1,No,4,522.65,0.0
C04941,2025-03-25,,2025-12-31,0,Activo,10,7-12 meses,Mes a mes,Transferencia,Telefonía móvil,Centro,Hogar,43.4,0.1339,0,1,No,4,375.89,0.0
C04942,2025-03-26,,2025-12-31,0,Activo,10,7-12 meses,Mes a mes,Débito automático,Streaming,Centro,Hogar,28.03,0.123,1,0,Sí,4,245.82,0.0
C04943,2025-03-26,,2025-12-31,0,Activo,10,7-12 meses,Anual,Transferencia,Internet fibra,Litoral,Hogar,89.26,0.0338,2,0,No,2,862.43,0.0
C04944,2025-03-26,,2025-12-31,0,Activo,10,7-12 meses,Mes a mes,Tarjeta automática,Internet estándar,Centro,Hogar,75.4,0.0154,1,0,Sí,3,742.39,0.0
C04945,2025-03-27,,2025-12-31,0,Activo,10,7-12 meses,Anual,Tarjeta automática,Internet fibra,Patagonia,Hogar,89.64,0.0319,1,0,Sí,4,867.8,0.0
C04946,2025-03-27,,2025-12-31,0,Activo,10,7-12 meses,Mes a mes,Cheque electrónico,Streaming,NOA,Hogar,37.78,0.0099,0,3,No,4,374.06,0.0
C04947,2025-03-27,,2025-12-31,0,Activo,10,7-12 meses,Dos años,Cheque electrónico,Streaming,AMBA,Hogar,38.99,0.0061,1,0,No,4,387.52,0.0
C04948,2025-03-27,,2025-12-31,0,Activo,10,7-12 meses,Mes a mes,Tarjeta automática,Internet fibra,NOA,Hogar,91.94,0.1095,0,0,Sí,4,818.73,0.0
C04949,2025-03-27,,2025-12-31,0,Activo,10,7-12 meses,Mes a mes,Cheque electrónico,Internet estándar,Centro,Profesional,93.56,0.021,0,1,No,4,915.95,0.0
C04950,2025-03-27,,2025-12-31,0,Activo,10,7-12 meses,Dos años,Débito automático,Telefonía móvil,AMBA,Profesional,41.46,0.0199,1,0,Sí,5,406.35,0.0
C04951,2025-03-27,,2025-12-31,0,Activo,10,7-12 meses,Anual,Cheque electrónico,Telefonía móvil,NOA,Profesional,66.6,0.1138,1,0,No,4,590.21,0.0
C04952,2025-03-28,,2025-12-31,0,Activo,10,7-12 meses,Anual,Cheque electrónico,Internet estándar,Centro,Hogar,20.61,0.0497,0,1,No,4,195.86,0.0
C04953,2025-03-28,,2025-12-31,0,Activo,10,7-12 meses,Dos años,Cheque electrónico,Internet estándar,Litoral,Hogar,59.46,0.0801,5,1,No,1,546.97,0.0
C04954,2025-03-28,2025-10-19,2025-12-31,1,Baja,8,7-12 meses,Mes a mes,Cheque electrónico,Telefonía móvil,AMBA,Hogar,48.06,0.0909,0,1,No,4,349.53,576.72
C04955,2025-03-28,,2025-12-31,0,Activo,10,7-12 meses,Anual,Cheque electrónico,Streaming,AMBA,Hogar,22.98,0.0578,1,2,No,4,216.52,0.0
C04956,2025-03-28,,2025-12-31,0,Activo,10,7-12 meses,Anual,Transferencia,Telefonía móvil,Centro,Hogar,18.0,0.034,0,0,No,5,173.88,0.0
C04957,2025-03-28,,2025-12-31,0,Activo,10,7-12 meses,Mes a mes,Tarjeta automática,Internet fibra,Litoral,Profesional,95.84,0.0532,0,1,Sí,3,907.41,0.0
C04958,2025-03-28,,2025-12-31,0,Activo,10,7-12 meses,Mes a mes,Débito automático,Internet fibra,Centro,Hogar,80.45,0.089,0,0,Sí,5,732.9,0.0
C04959,2025-03-28,,2025-12-31,0,Activo,10,7-12 meses,Mes a mes,Transferencia,Internet fibra,Centro,Hogar,77.31,0.0598,0,0,No,4,726.87,0.0
C04960,2025-03-29,,2025-12-31,0,Activo,10,7-12 meses,Dos años,Tarjeta automática,Telefonía móvil,NOA,Hogar,35.16,0.0189,1,0,Sí,5,344.95,0.0
C04961,2025-03-29,,2025-12-31,0,Activo,10,7-12 meses,Mes a mes,Cheque electrónico,Streaming,Centro,Hogar,19.14,0.0661,1,1,No,5,178.75,0.0
C04962,2025-03-29,,2025-12-31,0,Activo,10,7-12 meses,Mes a mes,Tarjeta automática,Internet fibra,AMBA,Hogar,77.43,0.0596,1,0,Sí,4,728.15,0.0
C04963,2025-03-29,,2025-12-31,0,Activo,10,7-12 meses,Anual,Cheque electrónico,Telefonía móvil,AMBA,Profesional,51.18,0.2056,1,1,No,3,406.57,0.0
C04964,2025-03-29,,2025-12-31,0,Activo,10,7-12 meses,Anual,Débito automático,Telefonía móvil,NOA,Profesional,68.9,0.0251,3,0,Sí,2,671.71,0.0
C04965,2025-03-29,2025-07-24,2025-12-31,1,Baja,5,4-6 meses,Mes a mes,Cheque electrónico,Internet fibra,Cuyo,Profesional,95.13,0.0262,1,1,No,3,463.19,1141.56
C04966,2025-03-30,,2025-12-31,0,Activo,10,7-12 meses,Anual,Cheque electrónico,Streaming,NOA,PyME,65.03,0.026,1,1,No,5,633.39,0.0
C04967,2025-03-30,,2025-12-31,0,Activo,10,7-12 meses,Mes a mes,Débito automático,Streaming,Patagonia,Hogar,30.94,0.0712,3,0,Sí,2,287.37,0.0
C04968,2025-03-30,,2025-12-31,0,Activo,10,7-12 meses,Dos años,Transferencia,Internet fibra,Centro,Profesional,100.56,0.11,1,0,No,4,894.98,0.0
C04969,2025-03-30,,2025-12-31,0,Activo,10,7-12 meses,Mes a mes,Tarjeta automática,Streaming,Patagonia,PyME,101.8,0.1118,0,4,Sí,3,904.19,0.0
C04970,2025-03-31,,2025-12-31,0,Activo,10,7-12 meses,Mes a mes,Cheque electrónico,Internet fibra,Cuyo,Hogar,88.21,0.0384,2,1,No,3,848.23,0.0
C04971,2025-03-31,,2025-12-31,0,Activo,10,7-12 meses,Anual,Cheque electrónico,Telefonía móvil,Litoral,Profesional,50.11,0.1091,0,1,No,4,446.43,0.0
C04972,2025-03-31,,2025-12-31,0,Activo,10,7-12 meses,Mes a mes,Tarjeta automática,Telefonía móvil,Litoral,PyME,112.68,0.0358,0,0,Sí,5,1086.46,0.0
C04973,2025-03-31,2025-11-18,2025-12-31,1,Baja,9,7-12 meses,Mes a mes,Tarjeta automática,Telefonía móvil,Patagonia,Hogar,26.75,0.0599,1,0,Sí,5,226.33,321.0
C04974,2025-04-01,,2025-12-31,0,Activo,9,7-12 meses,Mes a mes,Débito automático,Streaming,Centro,Hogar,29.31,0.02,3,1,Sí,1,258.51,0.0
C04975,2025-04-01,,2025-12-31,0,Activo,9,7-12 meses,Anual,Tarjeta automática,Internet fibra,AMBA,Hogar,86.29,0.0801,1,1,Sí,2,714.4,0.0
C04976,2025-04-01,,2025-12-31,0,Activo,9,7-12 meses,Dos años,Cheque electrónico,Internet estándar,Patagonia,Profesional,83.05,0.059,0,1,No,5,703.35,0.0
C04977,2025-04-01,,2025-12-31,0,Activo,9,7-12 meses,Anual,Tarjeta automática,Streaming,NOA,Profesional,67.78,0.1788,1,1,Sí,4,500.95,0.0
C04978,2025-04-01,,2025-12-31,0,Activo,9,7-12 meses,Dos años,Cheque electrónico,Internet estándar,Litoral,Hogar,63.02,0.0554,1,3,No,2,535.76,0.0
C04979,2025-04-01,,2025-12-31,0,Activo,9,7-12 meses,Dos años,Cheque electrónico,Streaming,AMBA,Hogar,27.5,0.0176,1,1,No,3,243.14,0.0
C04980,2025-04-01,2025-05-17,2025-12-31,1,Baja,2,0-3 meses,Mes a mes,Cheque electrónico,Internet estándar,AMBA,Hogar,55.38,0.0706,0,5,No,4,102.94,664.56
C04981,2025-04-02,,2025-12-31,0,Activo,9,7-12 meses,Mes a mes,Transferencia,Internet fibra,Litoral,Hogar,80.47,0.0566,2,0,No,4,683.24,0.0
C04982,2025-04-02,,2025-12-31,0,Activo,9,7-12 meses,Dos años,Tarjeta automática,Internet estándar,NOA,Profesional,59.2,0.0911,2,0,Sí,3,484.26,0.0
C04983,2025-04-02,,2025-12-31,0,Activo,9,7-12 meses,Dos años,Cheque electrónico,Streaming,Litoral,Hogar,27.73,0.0899,1,2,No,4,227.13,0.0
C04984,2025-04-03,,2025-12-31,0,Activo,9,7-12 meses,Dos años,Transferencia,Internet estándar,Centro,Hogar,68.78,0.0355,0,0,No,4,597.04,0.0
C04985,2025-04-03,,2025-12-31,0,Activo,9,7-12 meses,Anual,Cheque electrónico,Streaming,Litoral,Hogar,36.11,0.0072,4,2,No,1,322.65,0.0
C04986,2025-04-04,2025-07-04,2025-12-31,1,Baja,4,4-6 meses,Mes a mes,Débito automático,Internet estándar,AMBA,Hogar,71.65,0.0511,1,0,Sí,5,271.95,859.8
C04987,2025-04-04,,2025-12-31,0,Activo,9,7-12 meses,Dos años,Tarjeta automática,Telefonía móvil,Cuyo,Profesional,48.09,0.1141,1,1,Sí,3,383.43,0.0
C04988,2025-04-04,,2025-12-31,0,Activo,9,7-12 meses,Dos años,Cheque electrónico,Streaming,NOA,Hogar,24.8,0.0405,0,1,No,4,214.16,0.0
C04989,2025-04-05,2025-12-27,2025-12-31,1,Baja,9,7-12 meses,Anual,Cheque electrónico,Internet estándar,Litoral,Hogar,53.57,0.0274,2,2,No,4,468.92,642.84
C04990,2025-04-05,,2025-12-31,0,Activo,9,7-12 meses,Dos años,Tarjeta automática,Internet estándar,AMBA,Profesional,75.17,0.0279,1,0,Sí,3,657.65,0.0
C04991,2025-04-05,,2025-12-31,0,Activo,9,7-12 meses,Mes a mes,Transferencia,Internet estándar,Centro,Hogar,47.72,0.1061,0,1,No,5,383.91,0.0
C04992,2025-04-05,,2025-12-31,0,Activo,9,7-12 meses,Dos años,Tarjeta automática,Internet fibra,AMBA,Hogar,86.81,0.0571,2,0,Sí,3,736.68,0.0
C04993,2025-04-05,,2025-12-31,0,Activo,9,7-12 meses,Mes a mes,Débito automático,Streaming,Cuyo,Hogar,37.72,0.0628,1,1,Sí,4,318.16,0.0
C04994,2025-04-05,,2025-12-31,0,Activo,9,7-12 meses,Dos años,Débito automático,Internet fibra,Centro,Hogar,62.73,0.0727,0,0,Sí,5,523.53,0.0
C04995,2025-04-05,,2025-12-31,0,Activo,9,7-12 meses,Mes a mes,Débito automático,Telefonía móvil,NOA,Hogar,50.29,0.0376,1,1,Sí,4,435.59,0.0
C04996,2025-04-05,,2025-12-31,0,Activo,9,7-12 meses,Mes a mes,Tarjeta automática,Telefonía móvil,Centro,Hogar,53.81,0.0243,1,0,Sí,5,472.52,0.0
C04997,2025-04-06,,2025-12-31,0,Activo,9,7-12 meses,Mes a mes,Tarjeta automática,Internet estándar,AMBA,Hogar,52.26,0.0336,1,0,Sí,4,454.54,0.0
C04998,2025-04-06,,2025-12-31,0,Activo,9,7-12 meses,Mes a mes,Débito automático,Telefonía móvil,Cuyo,Profesional,39.76,0.0334,1,0,Sí,4,345.89,0.0
C04999,2025-04-06,,2025-12-31,0,Activo,9,7-12 meses,Mes a mes,Tarjeta automática,Streaming,Patagonia,Hogar,25.95,0.0337,0,1,Sí,4,225.68,0.0
C05000,2025-04-07,,2025-12-31,0,Activo,9,7-12 meses,Dos años,Débito automático,Internet fibra,Patagonia,Profesional,100.82,0.0818,0,0,Sí,4,833.16,0.0
C05001,2025-04-07,,2025-12-31,0,Activo,9,7-12 meses,Mes a mes,Débito automático,Streaming,NOA,Profesional,37.48,0.0655,3,1,Sí,3,315.23,0.0
C05002,2025-04-07,,2025-12-31,0,Activo,9,7-12 meses,Dos años,Transferencia,Telefonía móvil,Cuyo,Profesional,70.1,0.0574,1,3,No,4,594.69,0.0
C05003,2025-04-07,,2025-12-31,0,Activo,9,7-12 meses,Mes a mes,Transferencia,Internet fibra,Litoral,Hogar,86.03,0.0254,3,0,No,2,754.6,0.0
C05004,2025-04-08,,2025-12-31,0,Activo,9,7-12 meses,Mes a mes,Tarjeta automática,Internet fibra,Litoral,Hogar,79.48,0.0264,0,0,Sí,3,696.44,0.0
C05005,2025-04-08,,2025-12-31,0,Activo,9,7-12 meses,Anual,Tarjeta automática,Streaming,AMBA,PyME,84.19,0.0426,1,0,Sí,3,725.43,0.0
C05006,2025-04-08,,2025-12-31,0,Activo,9,7-12 meses,Anual,Cheque electrónico,Internet estándar,AMBA,PyME,106.12,0.0882,0,2,No,3,870.84,0.0
C05007,2025-04-09,,2025-12-31,0,Activo,9,7-12 meses,Mes a mes,Cheque electrónico,Streaming,Patagonia,PyME,83.96,0.0799,0,0,No,5,695.26,0.0
C05008,2025-04-09,,2025-12-31,0,Activo,9,7-12 meses,Anual,Cheque electrónico,Streaming,Cuyo,PyME,69.86,0.089,0,0,No,4,572.78,0.0
C05009,2025-04-09,,2025-12-31,0,Activo,9,7-12 meses,Dos años,Cheque electrónico,Telefonía móvil,Patagonia,Hogar,37.27,0.0288,0,0,No,5,325.77,0.0
C05010,2025-04-09,,2025-12-31,0,Activo,9,7-12 meses,Anual,Transferencia,Internet fibra,NOA,Hogar,78.8,0.1492,0,0,No,5,603.39,0.0
C05011,2025-04-09,,2025-12-31,0,Activo,9,7-12 meses,Dos años,Cheque electrónico,Internet estándar,Centro,Profesional,82.6,0.0544,0,1,No,3,702.96,0.0
C05012,2025-04-10,,2025-12-31,0,Activo,9,7-12 meses,Anual,Débito automático,Telefonía móvil,Patagonia,Hogar,49.61,0.1209,1,0,Sí,5,392.51,0.0
C05013,2025-04-10,,2025-12-31,0,Activo,9,7-12 meses,Anual,Cheque electrónico,Internet estándar,Centro,Profesional,83.2,0.0363,1,0,No,4,721.62,0.0
C05014,2025-04-10,,2025-12-31,0,Activo,9,7-12 meses,Mes a mes,Cheque electrónico,Internet estándar,Patagonia,Profesional,51.55,0.0704,0,0,No,4,431.29,0.0
C05015,2025-04-10,2025-12-12,2025-12-31,1,Baja,9,7-12 meses,Mes a mes,Cheque electrónico,Internet fibra,AMBA,Hogar,74.08,0.1211,3,3,No,2,585.98,888.96
C05016,2025-04-10,,2025-12-31,0,Activo,9,7-12 meses,Mes a mes,Débito automático,Internet fibra,Centro,Hogar,100.81,0.0659,2,0,Sí,3,847.5,0.0
C05017,2025-04-10,,2025-12-31,0,Activo,9,7-12 meses,Anual,Débito automático,Internet estándar,Cuyo,Hogar,40.83,0.1203,0,0,Sí,4,323.26,0.0
C05018,2025-04-11,,2025-12-31,0,Activo,9,7-12 meses,Anual,Tarjeta automática,Internet estándar,Cuyo,PyME,95.61,0.0917,0,1,Sí,4,781.58,0.0
C05019,2025-04-11,,2025-12-31,0,Activo,9,7-12 meses,Mes a mes,Débito automático,Streaming,AMBA,Hogar,26.01,0.0242,0,0,Sí,4,228.43,0.0
C05020,2025-04-11,2025-04-01,2025-12-31,1,Baja,1,0-3 meses,Anual,Cheque electrónico,Streaming,NOA,Hogar,51.2,0.006,2,3,No,3,50.89,614.4
C05021,2025-04-11,,2025-12-31,0,Activo,9,7-12 meses,Mes a mes,Transferencia,Telefonía móvil,AMBA,Profesional,52.61,0.0725,1,0,No,4,439.16,0.0
C05022,2025-04-11,,2025-12-31,0,Activo,9,7-12 meses,Mes a mes,Tarjeta automática,Telefonía móvil,NOA,Profesional,66.13,0.0503,2,1,Sí,2,565.23,0.0
C05023,2025-04-12,,2025-12-31,0,Activo,9,7-12 meses,Dos años,Transferencia,Internet fibra,Centro,Hogar,82.31,0.0506,0,0,No,5,703.31,0.0
C05024,2025-04-12,2025-10-14,2025-12-31,1,Baja,7,7-12 meses,Mes a mes,Débito automático,Internet fibra,Patagonia,Hogar,56.79,0.0479,4,0,Sí,3,378.49,681.48
C05025,2025-04-12,,2025-12-31,0,Activo,9,7-12 meses,Mes a mes,Débito automático,Telefonía móvil,Patagonia,Hogar,41.83,0.0248,1,1,Sí,3,367.13,0.0
C05026,2025-04-12,2025-12-19,2025-12-31,1,Baja,9,7-12 meses,Mes a mes,Débito automático,Internet estándar,Cuyo,Hogar,42.92,0.1053,1,0,Sí,4,345.6,515.04
C05027,2025-04-12,,2025-12-31,0,Activo,9,7-12 meses,Mes a mes,Débito automático,Internet estándar,Litoral,PyME,111.46,0.0227,0,0,Sí,3,980.37,0.0
C05028,2025-04-12,2025-10-24,2025-12-31,1,Baja,7,7-12 meses,Anual,Transferencia,Internet fibra,AMBA,Hogar,97.13,0.0279,0,1,No,5,660.94,1165.56
C05029,2025-04-12,,2025-12-31,0,Activo,9,7-12 meses,Dos años,Transferencia,Streaming,NOA,Hogar,25.21,0.0435,3,0,No,3,217.02,0.0
C05030,2025-04-13,,2025-12-31,0,Activo,9,7-12 meses,Anual,Transferencia,Internet fibra,AMBA,Hogar,74.21,0.0988,1,1,No,4,601.9,0.0
C05031,2025-04-13,,2025-12-31,0,Activo,9,7-12 meses,Anual,Débito automático,Internet fibra,Litoral,Hogar,105.7,0.0779,0,0,Sí,4,877.19,0.0
C05032,2025-04-13,,2025-12-31,0,Activo,9,7-12 meses,Mes a mes,Transferencia,Internet estándar,AMBA,Hogar,41.17,0.0405,0,0,No,5,355.52,0.0
C05033,2025-04-13,,2025-12-31,0,Activo,9,7-12 meses,Mes a mes,Tarjeta automática,Streaming,Patagonia,Profesional,32.23,0.0849,1,0,Sí,4,265.44,0.0
C05034,2025-04-13,2025-08-21,2025-12-31,1,Baja,5,4-6 meses,Mes a mes,Débito automático,Internet fibra,Cuyo,Hogar,93.15,0.018,1,2,Sí,4,457.37,1117.8
C05035,2025-04-14,,2025-12-31,0,Activo,9,7-12 meses,Mes a mes,Débito automático,Streaming,Cuyo,Hogar,28.44,0.0963,1,0,Sí,5,231.31,0.0
C05036,2025-04-14,,2025-12-31,0,Activo,9,7-12 meses,Dos años,Transferencia,Internet estándar,AMBA,Hogar,52.12,0.0288,1,1,No,3,455.57,0.0
C05037,2025-04-15,,2025-12-31,0,Activo,9,7-12 meses,Mes a mes,Cheque electrónico,Internet estándar,Centro,PyME,128.55,0.0615,2,3,No,4,1085.8,0.0
C05038,2025-04-15,,2025-12-31,0,Activo,9,7-12 meses,Mes a mes,Tarjeta automática,Internet estándar,Cuyo,Hogar,33.57,0.0224,0,0,Sí,5,295.36,0.0
C05039,2025-04-15,2025-05-21,2025-12-31,1,Baja,2,0-3 meses,Mes a mes,Cheque electrónico,Internet fibra,Patagonia,Hogar,75.85,0.0154,0,1,No,3,149.36,910.2
C05040,2025-04-15,,2025-12-31,0,Activo,9,7-12 meses,Anual,Débito automático,Internet estándar,Litoral,Hogar,35.4,0.0101,5,0,Sí,3,315.38,0.0
C05041,2025-04-15,,2025-12-31,0,Activo,9,7-12 meses,Mes a mes,Débito automático,Telefonía móvil,Centro,PyME,100.69,0.0501,1,0,Sí,3,860.81,0.0
C05042,2025-04-16,,2025-12-31,0,Activo,9,7-12 meses,Mes a mes,Cheque electrónico,Internet fibra,Litoral,Profesional,89.92,0.0215,0,1,No,4,791.88,0.0
C05043,2025-04-16,,2025-12-31,0,Activo,9,7-12 meses,Dos años,Transferencia,Telefonía móvil,Centro,Hogar,29.1,0.0522,0,1,No,4,248.23,0.0
C05044,2025-04-17,,2025-12-31,0,Activo,9,7-12 meses,Mes a mes,Cheque electrónico,Internet fibra,Litoral,Hogar,86.06,0.0344,1,1,No,3,747.9,0.0
C05045,2025-04-17,,2025-12-31,0,Activo,9,7-12 meses,Dos años,Cheque electrónico,Internet estándar,Litoral,Hogar,49.11,0.0694,1,1,No,4,411.32,0.0
C05046,2025-04-17,,2025-12-31,0,Activo,9,7-12 meses,Mes a mes,Tarjeta automática,Streaming,Centro,PyME,70.23,0.0709,0,1,Sí,4,587.26,0.0
C05047,2025-04-17,,2025-12-31,0,Activo,9,7-12 meses,Anual,Cheque electrónico,Telefonía móvil,Centro,Hogar,28.91,0.1047,2,5,No,1,232.95,0.0
C05048,2025-04-17,,2025-12-31,0,Activo,9,7-12 meses,Dos años,Cheque electrónico,Internet fibra,Litoral,Profesional,98.29,0.1061,1,1,No,3,790.75,0.0
C05049,2025-04-17,,2025-12-31,0,Activo,9,7-12 meses,Mes a mes,Débito automático,Internet fibra,Litoral,Profesional,77.62,0.0783,0,0,Sí,3,643.88,0.0
C05050,2025-04-17,2025-10-08,2025-12-31,1,Baja,7,7-12 meses,Anual,Tarjeta automática,Streaming,NOA,Hogar,31.5,0.0653,2,0,Sí,2,206.1,378.0
C05051,2025-04-17,2025-04-22,2025-12-31,1,Baja,1,0-3 meses,Mes a mes,Tarjeta automática,Internet fibra,Cuyo,Hogar,92.74,0.0189,1,1,Sí,4,90.99,1112.88
C05052,2025-04-18,2025-06-04,2025-12-31,1,Baja,3,0-3 meses,Anual,Cheque electrónico,Streaming,Cuyo,Hogar,36.34,0.0422,1,0,No,2,104.42,436.08
C05053,2025-04-19,,2025-12-31,0,Activo,9,7-12 meses,Dos años,Cheque electrónico,Telefonía móvil,Cuyo,Hogar,35.14,0.0654,0,3,No,4,295.58,0.0
C05054,2025-04-19,,2025-12-31,0,Activo,9,7-12 meses,Anual,Cheque electrónico,Internet fibra,NOA,PyME,136.02,0.0762,1,2,No,3,1130.9,0.0
C05055,2025-04-19,,2025-12-31,0,Activo,9,7-12 meses,Dos años,Débito automático,Telefonía móvil,Centro,Profesional,46.23,0.016,1,1,Sí,4,409.41,0.0
C05056,2025-04-19,,2025-12-31,0,Activo,9,7-12 meses,Anual,Tarjeta automática,Internet fibra,Cuyo,Hogar,79.5,0.0728,2,1,Sí,3,663.41,0.0
C05057,2025-04-19,,2025-12-31,0,Activo,9,7-12 meses,Anual,Débito automático,Telefonía móvil,Cuyo,PyME,93.4,0.0174,1,0,Sí,3,825.97,0.0
C05058,2025-04-20,,2025-12-31,0,Activo,9,7-12 meses,Mes a mes,Débito automático,Telefonía móvil,Litoral,Hogar,30.57,0.0875,6,0,Sí,2,251.06,0.0
C05059,2025-04-20,,2025-12-31,0,Activo,9,7-12 meses,Anual,Tarjeta automática,Streaming,Patagonia,Hogar,35.86,0.0475,1,0,Sí,3,307.41,0.0
C05060,2025-04-20,,2025-12-31,0,Activo,9,7-12 meses,Dos años,Tarjeta automática,Telefonía móvil,Cuyo,Hogar,20.25,0.0509,1,0,Sí,4,172.97,0.0
C05061,2025-04-20,,2025-12-31,0,Activo,9,7-12 meses,Anual,Tarjeta automática,Telefonía móvil,Centro,PyME,83.96,0.1007,1,0,Sí,4,679.55,0.0
C05062,2025-04-20,,2025-12-31,0,Activo,9,7-12 meses,Mes a mes,Tarjeta automática,Internet fibra,Patagonia,Hogar,66.28,0.076,1,0,Sí,3,551.18,0.0
C05063,2025-04-20,,2025-12-31,0,Activo,9,7-12 meses,Mes a mes,Transferencia,Internet fibra,Centro,Hogar,72.45,0.0298,0,0,No,4,632.62,0.0
C05064,2025-04-21,,2025-12-31,0,Activo,9,7-12 meses,Anual,Débito automático,Internet fibra,NOA,Hogar,92.29,0.0363,0,0,Sí,4,800.46,0.0
C05065,2025-04-21,,2025-12-31,0,Activo,9,7-12 meses,Dos años,Débito automático,Internet estándar,Litoral,Hogar,57.3,0.0905,2,0,Sí,3,469.03,0.0
C05066,2025-04-22,,2025-12-31,0,Activo,9,7-12 meses,Mes a mes,Transferencia,Streaming,Cuyo,Hogar,30.16,0.0268,0,0,No,4,264.17,0.0
C05067,2025-04-22,,2025-12-31,0,Activo,9,7-12 meses,Mes a mes,Cheque electrónico,Internet estándar,Centro,Hogar,49.64,0.0689,1,1,No,2,415.98,0.0
C05068,2025-04-22,,2025-12-31,0,Activo,9,7-12 meses,Mes a mes,Transferencia,Streaming,Patagonia,Profesional,46.87,0.0399,1,1,No,4,405.0,0.0
C05069,2025-04-22,2025-11-22,2025-12-31,1,Baja,8,7-12 meses,Mes a mes,Transferencia,Internet estándar,Litoral,PyME,119.09,0.0681,2,0,No,3,887.84,1429.08
C05070,2025-04-22,,2025-12-31,0,Activo,9,7-12 meses,Dos años,Transferencia,Internet fibra,NOA,Hogar,58.03,0.1178,1,3,No,2,460.75,0.0
C05071,2025-04-22,,2025-12-31,0,Activo,9,7-12 meses,Mes a mes,Transferencia,Internet fibra,Patagonia,PyME,141.49,0.1279,0,1,No,3,1110.54,0.0
C05072,2025-04-23,,2025-12-31,0,Activo,9,7-12 meses,Mes a mes,Transferencia,Telefonía móvil,Patagonia,Profesional,54.41,0.0444,1,0,No,2,467.95,0.0
C05073,2025-04-23,,2025-12-31,0,Activo,9,7-12 meses,Mes a mes,Débito automático,Internet estándar,AMBA,PyME,109.53,0.0869,0,0,Sí,5,900.11,0.0
C05074,2025-04-23,,2025-12-31,0,Activo,9,7-12 meses,Mes a mes,Débito automático,Internet estándar,AMBA,Hogar,54.59,0.0534,0,1,Sí,4,465.07,0.0
C05075,2025-04-23,,2025-12-31,0,Activo,9,7-12 meses,Dos años,Débito automático,Internet fibra,Litoral,Profesional,104.07,0.059,0,0,Sí,5,881.37,0.0
C05076,2025-04-24,,2025-12-31,0,Activo,9,7-12 meses,Mes a mes,Débito automático,Telefonía móvil,AMBA,Hogar,59.42,0.0533,2,0,Sí,4,506.28,0.0
C05077,2025-04-24,,2025-12-31,0,Activo,9,7-12 meses,Mes a mes,Tarjeta automática,Internet fibra,NOA,Hogar,62.92,0.1111,1,1,Sí,5,503.37,0.0
C05078,2025-04-24,,2025-12-31,0,Activo,9,7-12 meses,Mes a mes,Débito automático,Streaming,NOA,Profesional,58.06,0.0365,0,0,Sí,4,503.47,0.0
C05079,2025-04-24,,2025-12-31,0,Activo,9,7-12 meses,Dos años,Débito automático,Internet fibra,Litoral,Hogar,77.3,0.0434,0,0,Sí,4,665.51,0.0
C05080,2025-04-24,,2025-12-31,0,Activo,9,7-12 meses,Dos años,Débito automático,Internet fibra,Patagonia,Profesional,90.93,0.0516,1,0,Sí,3,776.14,0.0
C05081,2025-04-24,,2025-12-31,0,Activo,9,7-12 meses,Mes a mes,Débito automático,Streaming,Cuyo,Hogar,51.37,0.0171,0,0,Sí,4,454.42,0.0
C05082,2025-04-25,,2025-12-31,0,Activo,9,7-12 meses,Anual,Tarjeta automática,Streaming,NOA,Hogar,36.72,0.029,1,0,Sí,2,320.9,0.0
C05083,2025-04-25,,2025-12-31,0,Activo,9,7-12 meses,Mes a mes,Débito automático,Streaming,AMBA,Hogar,24.41,0.0893,1,0,Sí,5,200.07,0.0
C05084,2025-04-25,2025-12-11,2025-12-31,1,Baja,9,7-12 meses,Anual,Débito automático,Internet fibra,Centro,PyME,143.53,0.0484,0,0,Sí,5,1229.25,1722.36
C05085,2025-04-25,,2025-12-31,0,Activo,9,7-12 meses,Mes a mes,Transferencia,Telefonía móvil,Patagonia,Hogar,41.49,0.0505,1,0,No,4,354.55,0.0
C05086,2025-04-25,,2025-12-31,0,Activo,9,7-12 meses,Anual,Débito automático,Internet estándar,Patagonia,Profesional,62.24,0.0363,0,0,Sí,3,539.83,0.0
C05087,2025-04-26,,2025-12-31,0,Activo,9,7-12 meses,Dos años,Tarjeta automática,Telefonía móvil,Centro,Profesional,53.33,0.106,1,1,Sí,5,429.09,0.0
C05088,2025-04-26,,2025-12-31,0,Activo,9,7-12 meses,Mes a mes,Tarjeta automática,Internet fibra,Patagonia,Hogar,81.35,0.0403,2,1,Sí,3,702.64,0.0
C05089,2025-04-26,,2025-12-31,0,Activo,9,7-12 meses,Mes a mes,Débito automático,Internet estándar,Cuyo,Hogar,42.25,0.0058,0,0,Sí,5,378.04,0.0
C05090,2025-04-26,2025-04-10,2025-12-31,1,Baja,1,0-3 meses,Mes a mes,Tarjeta automática,Internet estándar,NOA,PyME,105.71,0.0449,1,0,Sí,4,100.96,1268.52
C05091,2025-04-26,2025-10-07,2025-12-31,1,Baja,7,7-12 meses,Mes a mes,Débito automático,Streaming,Centro,PyME,93.76,0.0606,0,0,Sí,4,616.55,1125.12
C05092,2025-04-27,,2025-12-31,0,Activo,9,7-12 meses,Mes a mes,Débito automático,Streaming,Patagonia,Hogar,30.22,0.055,1,0,Sí,3,257.02,0.0
C05093,2025-04-27,,2025-12-31,0,Activo,9,7-12 meses,Mes a mes,Cheque electrónico,Internet estándar,Centro,Hogar,70.74,0.0969,1,0,No,5,574.97,0.0
C05094,2025-04-27,,2025-12-31,0,Activo,9,7-12 meses,Dos años,Transferencia,Internet fibra,AMBA,Hogar,78.15,0.0042,4,0,No,1,700.4,0.0
C05095,2025-04-27,2025-05-10,2025-12-31,1,Baja,2,0-3 meses,Mes a mes,Tarjeta automática,Internet fibra,Patagonia,Profesional,110.84,0.0553,5,1,Sí,2,209.42,1330.08
C05096,2025-04-28,,2025-12-31,0,Activo,9,7-12 meses,Dos años,Débito automático,Internet fibra,Patagonia,Hogar,88.74,0.1067,0,0,Sí,5,713.44,0.0
C05097,2025-04-28,,2025-12-31,0,Activo,9,7-12 meses,Mes a mes,Cheque electrónico,Telefonía móvil,Centro,Hogar,58.78,0.0303,0,0,No,3,512.99,0.0
C05098,2025-04-28,,2025-12-31,0,Activo,9,7-12 meses,Mes a mes,Tarjeta automática,Internet fibra,Litoral,Hogar,99.69,0.0366,1,0,Sí,5,864.37,0.0
C05099,2025-04-29,,2025-12-31,0,Activo,9,7-12 meses,Mes a mes,Cheque electrónico,Internet fibra,NOA,PyME,113.63,0.0553,0,0,No,5,966.12,0.0
C05100,2025-04-29,,2025-12-31,0,Activo,9,7-12 meses,Dos años,Débito automático,Internet estándar,Cuyo,Hogar,51.92,0.0222,0,0,Sí,5,456.91,0.0
C05101,2025-04-29,2025-12-21,2025-12-31,1,Baja,9,7-12 meses,Mes a mes,Tarjeta automática,Internet fibra,Litoral,Profesional,94.77,0.0226,4,1,Sí,2,833.65,1137.24
C05102,2025-04-29,,2025-12-31,0,Activo,9,7-12 meses,Mes a mes,Tarjeta automática,Telefonía móvil,Centro,Hogar,43.23,0.0625,1,0,Sí,4,364.75,0.0
C05103,2025-04-29,2025-04-06,2025-12-31,1,Baja,1,0-3 meses,Anual,Cheque electrónico,Internet estándar,Litoral,Hogar,44.63,0.06,1,0,No,4,41.95,535.56
C05104,2025-04-30,2025-05-06,2025-12-31,1,Baja,2,0-3 meses,Anual,Cheque electrónico,Telefonía móvil,NOA,Hogar,36.02,0.0644,2,2,No,2,67.4,432.24
C05105,2025-04-30,2025-06-13,2025-12-31,1,Baja,3,0-3 meses,Anual,Cheque electrónico,Streaming,Litoral,PyME,71.9,0.1033,0,3,No,4,193.42,862.8
C05106,2025-04-30,,2025-12-31,0,Activo,9,7-12 meses,Mes a mes,Débito automático,Internet estándar,AMBA,Profesional,68.07,0.0252,1,0,Sí,4,597.19,0.0
C05107,2025-04-30,2025-05-22,2025-12-31,1,Baja,2,0-3 meses,Mes a mes,Transferencia,Internet estándar,Patagonia,Hogar,59.27,0.0249,1,0,No,5,115.59,711.24
C05108,2025-04-30,,2025-12-31,0,Activo,9,7-12 meses,Anual,Tarjeta automática,Streaming,Cuyo,Hogar,23.57,0.0437,1,0,Sí,4,202.86,0.0
C05109,2025-04-30,2025-09-01,2025-12-31,1,Baja,6,4-6 meses,Anual,Débito automático,Streaming,AMBA,Hogar,25.39,0.0427,3,0,Sí,3,145.84,304.68
C05110,2025-05-01,,2025-12-31,0,Activo,8,7-12 meses,Anual,Transferencia,Internet fibra,Litoral,Hogar,70.32,0.0386,2,1,No,3,540.85,0.0
C05111,2025-05-01,,2025-12-31,0,Activo,8,7-12 meses,Mes a mes,Cheque electrónico,Telefonía móvil,Centro,PyME,86.06,0.0177,1,0,No,4,676.29,0.0
C05112,2025-05-01,2025-08-11,2025-12-31,1,Baja,4,4-6 meses,Mes a mes,Débito automático,Internet estándar,NOA,Hogar,46.4,0.0757,3,2,Sí,2,171.55,556.8
C05113,2025-05-01,,2025-12-31,0,Activo,8,7-12 meses,Dos años,Débito automático,Internet estándar,NOA,Profesional,70.78,0.0465,0,0,Sí,5,539.91,0.0
C05114,2025-05-01,,2025-12-31,0,Activo,8,7-12 meses,Anual,Tarjeta automática,Internet estándar,Patagonia,Hogar,62.83,0.0419,1,0,Sí,4,481.58,0.0
C05115,2025-05-01,,2025-12-31,0,Activo,8,7-12 meses,Mes a mes,Débito automático,Streaming,Litoral,PyME,70.89,0.1175,0,0,Sí,5,500.48,0.0
C05116,2025-05-01,,2025-12-31,0,Activo,8,7-12 meses,Dos años,Tarjeta automática,Internet estándar,Centro,PyME,103.67,0.0512,2,1,Sí,2,786.9,0.0
C05117,2025-05-01,,2025-12-31,0,Activo,8,7-12 meses,Anual,Cheque electrónico,Internet estándar,AMBA,Hogar,61.96,0.0486,0,3,No,3,471.59,0.0
C05118,2025-05-01,,2025-12-31,0,Activo,8,7-12 meses,Mes a mes,Tarjeta automática,Internet fibra,AMBA,Hogar,65.03,0.0738,4,1,Sí,3,481.85,0.0
C05119,2025-05-02,,2025-12-31,0,Activo,8,7-12 meses,Mes a mes,Transferencia,Internet estándar,Cuyo,PyME,117.94,0.0593,0,0,No,5,887.57,0.0
C05120,2025-05-02,,2025-12-31,0,Activo,8,7-12 meses,Anual,Tarjeta automática,Internet fibra,Centro,PyME,128.17,0.0664,0,1,Sí,5,957.28,0.0
C05121,2025-05-02,,2025-12-31,0,Activo,8,7-12 meses,Mes a mes,Débito automático,Telefonía móvil,NOA,Hogar,49.82,0.0118,1,0,Sí,3,393.86,0.0
C05122,2025-05-02,,2025-12-31,0,Activo,8,7-12 meses,Anual,Tarjeta automática,Internet estándar,Centro,PyME,101.6,0.0577,0,1,Sí,3,765.9,0.0
C05123,2025-05-02,,2025-12-31,0,Activo,8,7-12 meses,Anual,Débito automático,Telefonía móvil,Centro,PyME,102.05,0.1089,1,2,Sí,4,727.49,0.0
C05124,2025-05-02,,2025-12-31,0,Activo,8,7-12 meses,Mes a mes,Débito automático,Streaming,Patagonia,Hogar,46.7,0.0774,0,2,Sí,5,344.68,0.0
C05125,2025-05-03,,2025-12-31,0,Activo,8,7-12 meses,Dos años,Transferencia,Streaming,NOA,Hogar,27.66,0.014,3,0,No,2,218.18,0.0
C05126,2025-05-03,2025-07-03,2025-12-31,1,Baja,3,0-3 meses,Mes a mes,Cheque electrónico,Telefonía móvil,Cuyo,Hogar,52.96,0.0786,3,1,No,2,146.39,635.52
C05127,2025-05-03,2025-12-12,2025-12-31,1,Baja,8,7-12 meses,Mes a mes,Débito automático,Internet fibra,AMBA,Hogar,81.02,0.0537,2,0,Sí,3,613.35,972.24
C05128,2025-05-03,,2025-12-31,0,Activo,8,7-12 meses,Anual,Débito automático,Internet estándar,AMBA,PyME,95.35,0.0678,0,0,Sí,5,711.08,0.0
C05129,2025-05-03,,2025-12-31,0,Activo,8,7-12 meses,Anual,Cheque electrónico,Internet fibra,Litoral,PyME,131.4,0.0321,2,2,No,3,1017.46,0.0
C05130,2025-05-03,,2025-12-31,0,Activo,8,7-12 meses,Mes a mes,Tarjeta automática,Internet fibra,NOA,Hogar,75.71,0.1428,0,2,Sí,4,519.19,0.0
C05131,2025-05-04,,2025-12-31,0,Activo,8,7-12 meses,Anual,Cheque electrónico,Internet estándar,Cuyo,Hogar,33.47,0.0229,0,0,No,4,261.63,0.0
C05132,2025-05-04,,2025-12-31,0,Activo,8,7-12 meses,Dos años,Cheque electrónico,Streaming,AMBA,Hogar,34.05,0.0644,1,2,No,3,254.86,0.0
C05133,2025-05-05,2025-12-17,2025-12-31,1,Baja,8,7-12 meses,Anual,Cheque electrónico,Telefonía móvil,Cuyo,Hogar,49.24,0.0759,1,4,No,4,364.02,590.88
C05134,2025-05-05,,2025-12-31,0,Activo,8,7-12 meses,Anual,Débito automático,Internet fibra,AMBA,Profesional,104.94,0.0394,0,0,Sí,4,806.44,0.0
C05135,2025-05-05,,2025-12-31,0,Activo,8,7-12 meses,Mes a mes,Transferencia,Streaming,Cuyo,Hogar,44.73,0.0132,0,1,No,5,353.12,0.0
C05136,2025-05-05,,2025-12-31,0,Activo,8,7-12 meses,Mes a mes,Débito automático,Internet fibra,Cuyo,Hogar,88.49,0.0451,0,1,Sí,5,675.99,0.0
C05137,2025-05-05,,2025-12-31,0,Activo,8,7-12 meses,Mes a mes,Transferencia,Internet fibra,Patagonia,Hogar,71.37,0.1715,0,1,No,3,473.04,0.0
C05138,2025-05-05,,2025-12-31,0,Activo,8,7-12 meses,Mes a mes,Cheque electrónico,Internet fibra,AMBA,PyME,128.71,0.0622,2,1,No,4,965.63,0.0
C05139,2025-05-06,,2025-12-31,0,Activo,8,7-12 meses,Anual,Tarjeta automática,Streaming,Cuyo,Hogar,38.23,0.0153,3,1,Sí,4,301.16,0.0
C05140,2025-05-06,2025-10-04,2025-12-31,1,Baja,6,4-6 meses,Mes a mes,Cheque electrónico,Internet estándar,Centro,Hogar,53.29,0.0839,1,2,No,2,292.91,639.48
C05141,2025-05-06,2025-11-16,2025-12-31,1,Baja,7,7-12 meses,Mes a mes,Débito automático,Internet fibra,Cuyo,PyME,132.8,0.0685,0,0,Sí,4,865.92,1593.6
C05142,2025-05-06,,2025-12-31,0,Activo,8,7-12 meses,Mes a mes,Tarjeta automática,Internet fibra,NOA,Profesional,86.38,0.0207,0,1,Sí,4,676.74,0.0
C05143,2025-05-06,,2025-12-31,0,Activo,8,7-12 meses,Mes a mes,Transferencia,Internet estándar,Patagonia,Profesional,61.16,0.0271,3,0,No,3,476.02,0.0
C05144,2025-05-06,2025-08-20,2025-12-31,1,Baja,4,4-6 meses,Mes a mes,Cheque electrónico,Telefonía móvil,NOA,Hogar,48.41,0.0963,5,2,No,1,174.99,580.92
C05145,2025-05-06,,2025-12-31,0,Activo,8,7-12 meses,Anual,Débito automático,Internet fibra,AMBA,Hogar,56.54,0.0646,0,1,Sí,3,423.1,0.0
C05146,2025-05-07,,2025-12-31,0,Activo,8,7-12 meses,Anual,Cheque electrónico,Streaming,Patagonia,Hogar,18.0,0.0329,0,1,No,3,139.26,0.0
C05147,2025-05-07,,2025-12-31,0,Activo,8,7-12 meses,Mes a mes,Débito automático,Streaming,NOA,Hogar,36.63,0.0106,0,1,Sí,4,289.93,0.0
C05148,2025-05-07,,2025-12-31,0,Activo,8,7-12 meses,Mes a mes,Cheque electrónico,Internet estándar,Patagonia,Hogar,43.13,0.0751,0,1,No,4,319.13,0.0
C05149,2025-05-08,,2025-12-31,0,Activo,8,7-12 meses,Anual,Transferencia,Internet fibra,Patagonia,Hogar,83.15,0.0787,3,0,No,3,612.85,0.0
C05150,2025-05-08,2025-05-25,2025-12-31,1,Baja,1,0-3 meses,Mes a mes,Cheque electrónico,Telefonía móvil,AMBA,Hogar,59.34,0.0445,2,2,No,4,56.7,712.08
C05151,2025-05-08,,2025-12-31,0,Activo,8,7-12 meses,Mes a mes,Tarjeta automática,Internet estándar,Patagonia,PyME,92.86,0.0782,0,1,Sí,3,684.79,0.0
C05152,2025-05-08,,2025-12-31,0,Activo,8,7-12 meses,Mes a mes,Débito automático,Internet estándar,NOA,Profesional,48.63,0.1016,0,0,Sí,5,349.51,0.0
C05153,2025-05-08,,2025-12-31,0,Activo,8,7-12 meses,Anual,Cheque electrónico,Telefonía móvil,Centro,Hogar,38.96,0.0717,0,3,No,4,289.33,0.0
C05154,2025-05-08,,2025-12-31,0,Activo,8,7-12 meses,Dos años,Tarjeta automática,Telefonía móvil,Cuyo,Hogar,34.47,0.0454,1,0,Sí,5,263.24,0.0
C05155,2025-05-09,,2025-12-31,0,Activo,8,7-12 meses,Anual,Débito automático,Streaming,Cuyo,Hogar,28.72,0.0698,0,0,Sí,4,213.72,0.0
C05156,2025-05-09,,2025-12-31,0,Activo,8,7-12 meses,Dos años,Cheque electrónico,Telefonía móvil,AMBA,Hogar,47.92,0.0208,0,0,No,5,375.39,0.0
C05157,2025-05-09,,2025-12-31,0,Activo,8,7-12 meses,Dos años,Transferencia,Internet fibra,AMBA,Hogar,81.59,0.0928,0,2,No,5,592.15,0.0
C05158,2025-05-09,,2025-12-31,0,Activo,8,7-12 meses,Mes a mes,Cheque electrónico,Telefonía móvil,Centro,PyME,97.51,0.0439,3,1,No,1,745.83,0.0
C05159,2025-05-09,,2025-12-31,0,Activo,8,7-12 meses,Mes a mes,Transferencia,Internet estándar,AMBA,PyME,115.64,0.0652,0,0,No,5,864.8,0.0
C05160,2025-05-10,2025-05-12,2025-12-31,1,Baja,1,0-3 meses,Mes a mes,Cheque electrónico,Telefonía móvil,Litoral,PyME,104.38,0.0308,3,1,No,2,101.17,1252.56
C05161,2025-05-11,,2025-12-31,0,Activo,8,7-12 meses,Mes a mes,Débito automático,Internet estándar,AMBA,Hogar,47.0,0.0841,0,0,Sí,3,344.38,0.0
C05162,2025-05-11,2025-10-06,2025-12-31,1,Baja,6,4-6 meses,Mes a mes,Transferencia,Internet fibra,AMBA,Profesional,102.99,0.1162,3,0,No,3,546.14,1235.88
C05163,2025-05-11,2025-06-08,2025-12-31,1,Baja,2,0-3 meses,Mes a mes,Cheque electrónico,Internet estándar,Litoral,Profesional,50.0,0.0182,0,3,No,4,98.18,600.0
C05164,2025-05-12,2025-11-05,2025-12-31,1,Baja,7,7-12 meses,Mes a mes,Transferencia,Streaming,Centro,Hogar,40.7,0.0319,2,0,No,4,275.81,488.4
C05165,2025-05-12,,2025-12-31,0,Activo,8,7-12 meses,Mes a mes,Tarjeta automática,Internet estándar,Cuyo,Hogar,49.24,0.1189,1,0,Sí,4,347.08,0.0
C05166,2025-05-12,,2025-12-31,0,Activo,8,7-12 meses,Anual,Débito automático,Telefonía móvil,Cuyo,Hogar,28.79,0.0463,1,0,Sí,4,219.66,0.0
C05167,2025-05-12,,2025-12-31,0,Activo,8,7-12 meses,Anual,Débito automático,Internet fibra,Cuyo,Hogar,73.42,0.0431,1,0,Sí,5,562.04,0.0
C05168,2025-05-13,,2025-12-31,0,Activo,8,7-12 meses,Dos años,Transferencia,Internet fibra,Cuyo,PyME,144.41,0.0164,1,0,No,5,1136.33,0.0
C05169,2025-05-13,,2025-12-31,0,Activo,8,7-12 meses,Mes a mes,Débito automático,Internet estándar,AMBA,Profesional,58.56,0.0262,0,0,Sí,5,456.21,0.0
C05170,2025-05-13,,2025-12-31,0,Activo,8,7-12 meses,Mes a mes,Transferencia,Internet estándar,AMBA,PyME,108.52,0.022,1,0,No,4,849.06,0.0
C05171,2025-05-14,,2025-12-31,0,Activo,8,7-12 meses,Dos años,Cheque electrónico,Streaming,Cuyo,Hogar,38.67,0.0487,0,1,No,5,294.29,0.0
C05172,2025-05-14,,2025-12-31,0,Activo,8,7-12 meses,Anual,Tarjeta automática,Telefonía móvil,Litoral,Hogar,42.27,0.0956,1,0,Sí,4,305.83,0.0
C05173,2025-05-14,,2025-12-31,0,Activo,8,7-12 meses,Anual,Transferencia,Streaming,Patagonia,Hogar,19.49,0.0766,0,2,No,3,143.98,0.0
C05174,2025-05-14,,2025-12-31,0,Activo,8,7-12 meses,Mes a mes,Débito automático,Internet estándar,Centro,Hogar,48.3,0.0448,2,0,Sí,3,369.09,0.0
C05175,2025-05-15,,2025-12-31,0,Activo,8,7-12 meses,Mes a mes,Tarjeta automática,Internet estándar,AMBA,PyME,88.5,0.0304,0,0,Sí,4,686.48,0.0
C05176,2025-05-15,,2025-12-31,0,Activo,8,7-12 meses,Dos años,Débito automático,Telefonía móvil,Litoral,Hogar,36.62,0.1149,3,0,Sí,3,259.3,0.0
C05177,2025-05-15,,2025-12-31,0,Activo,8,7-12 meses,Anual,Débito automático,Streaming,NOA,Hogar,18.0,0.0751,1,0,Sí,3,133.19,0.0
C05178,2025-05-15,2025-08-02,2025-12-31,1,Baja,4,4-6 meses,Anual,Cheque electrónico,Telefonía móvil,Centro,Hogar,41.48,0.0874,0,1,No,3,151.42,497.76
C05179,2025-05-15,,2025-12-31,0,Activo,8,7-12 meses,Mes a mes,Débito automático,Internet fibra,AMBA,Profesional,82.04,0.0447,0,0,Sí,5,626.98,0.0
C05180,2025-05-15,,2025-12-31,0,Activo,8,7-12 meses,Mes a mes,Tarjeta automática,Streaming,Cuyo,Hogar,29.92,0.101,0,0,Sí,4,215.18,0.0
C05181,2025-05-15,,2025-12-31,0,Activo,8,7-12 meses,Mes a mes,Débito automático,Internet fibra,Litoral,Hogar,90.46,0.0667,0,0,Sí,4,675.41,0.0
C05182,2025-05-15,,2025-12-31,0,Activo,8,7-12 meses,Anual,Cheque electrónico,Streaming,Litoral,Profesional,60.15,0.0132,0,1,No,4,474.85,0.0
C05183,2025-05-15,,2025-12-31,0,Activo,8,7-12 meses,Mes a mes,Débito automático,Telefonía móvil,AMBA,Hogar,28.3,0.0527,0,0,Sí,4,214.47,0.0
C05184,2025-05-15,,2025-12-31,0,Activo,8,7-12 meses,Mes a mes,Débito automático,Telefonía móvil,Litoral,Hogar,34.67,0.0934,1,0,Sí,4,251.45,0.0
C05185,2025-05-16,2025-05-07,2025-12-31,1,Baja,1,0-3 meses,Mes a mes,Cheque electrónico,Internet fibra,Cuyo,Hogar,87.38,0.0107,1,1,No,2,86.45,1048.56
C05186,2025-05-16,,2025-12-31,0,Activo,8,7-12 meses,Dos años,Tarjeta automática,Telefonía móvil,AMBA,Hogar,49.74,0.1155,0,0,Sí,4,351.96,0.0
C05187,2025-05-16,,2025-12-31,0,Activo,8,7-12 meses,Mes a mes,Débito automático,Internet fibra,NOA,Hogar,71.23,0.0493,0,0,Sí,5,541.75,0.0
C05188,2025-05-16,,2025-12-31,0,Activo,8,7-12 meses,Mes a mes,Débito automático,Internet estándar,Litoral,Hogar,43.65,0.0482,0,0,Sí,4,332.37,0.0
C05189,2025-05-16,,2025-12-31,0,Activo,8,7-12 meses,Anual,Transferencia,Streaming,Centro,Hogar,29.9,0.0811,0,1,No,3,219.8,0.0
C05190,2025-05-17,,2025-12-31,0,Activo,8,7-12 meses,Anual,Cheque electrónico,Internet estándar,Patagonia,Hogar,28.83,0.0756,0,1,No,4,213.2,0.0
C05191,2025-05-17,,2025-12-31,0,Activo,8,7-12 meses,Anual,Tarjeta automática,Internet estándar,Patagonia,Hogar,54.78,0.0143,0,0,Sí,4,431.97,0.0
C05192,2025-05-18,,2025-12-31,0,Activo,8,7-12 meses,Dos años,Cheque electrónico,Streaming,Centro,Hogar,40.91,0.0698,0,0,No,4,304.44,0.0
C05193,2025-05-18,,2025-12-31,0,Activo,8,7-12 meses,Mes a mes,Transferencia,Streaming,NOA,Profesional,42.72,0.0903,1,0,No,3,310.9,0.0
C05194,2025-05-18,,2025-12-31,0,Activo,8,7-12 meses,Dos años,Cheque electrónico,Streaming,Litoral,Profesional,31.39,0.025,1,0,No,4,244.84,0.0
C05195,2025-05-18,2025-07-13,2025-12-31,1,Baja,3,0-3 meses,Dos años,Cheque electrónico,Internet estándar,Centro,Profesional,82.54,0.0494,0,2,No,4,235.39,990.48
C05196,2025-05-18,,2025-12-31,0,Activo,8,7-12 meses,Mes a mes,Transferencia,Streaming,Cuyo,PyME,86.41,0.0618,0,0,No,5,648.56,0.0
C05197,2025-05-19,,2025-12-31,0,Activo,8,7-12 meses,Anual,Tarjeta automática,Internet estándar,Centro,Hogar,56.8,0.0834,2,0,Sí,5,416.5,0.0
C05198,2025-05-19,,2025-12-31,0,Activo,8,7-12 meses,Mes a mes,Débito automático,Internet fibra,NOA,Hogar,63.47,0.0113,0,0,Sí,5,502.02,0.0
C05199,2025-05-19,,2025-12-31,0,Activo,8,7-12 meses,Mes a mes,Cheque electrónico,Internet estándar,Centro,Hogar,34.51,0.0115,0,1,No,4,272.91,0.0
C05200,2025-05-19,,2025-12-31,0,Activo,8,7-12 meses,Mes a mes,Transferencia,Streaming,Cuyo,Profesional,51.56,0.1176,1,0,No,5,363.97,0.0
C05201,2025-05-19,,2025-12-31,0,Activo,8,7-12 meses,Mes a mes,Débito automático,Internet fibra,AMBA,Hogar,89.3,0.0408,0,0,Sí,4,685.25,0.0
C05202,2025-05-20,,2025-12-31,0,Activo,8,7-12 meses,Dos años,Cheque electrónico,Internet fibra,NOA,PyME,120.58,0.0733,1,1,No,3,893.93,0.0
C05203,2025-05-20,2025-06-24,2025-12-31,1,Baja,2,0-3 meses,Mes a mes,Cheque electrónico,Telefonía móvil,Centro,Hogar,40.88,0.047,0,1,No,3,77.92,490.56
C05204,2025-05-20,,2025-12-31,0,Activo,8,7-12 meses,Anual,Transferencia,Telefonía móvil,Litoral,Hogar,24.54,0.0579,1,0,No,4,184.95,0.0
C05205,2025-05-20,,2025-12-31,0,Activo,8,7-12 meses,Mes a mes,Cheque electrónico,Streaming,Cuyo,Profesional,39.28,0.0283,0,1,No,4,305.35,0.0
C05206,2025-05-21,2025-05-18,2025-12-31,1,Baja,1,0-3 meses,Mes a mes,Tarjeta automática,Telefonía móvil,Litoral,Hogar,39.17,0.0463,0,0,Sí,5,37.36,470.04
C05207,2025-05-21,,2025-12-31,0,Activo,8,7-12 meses,Mes a mes,Transferencia,Telefonía móvil,Litoral,PyME,102.38,0.0123,3,0,No,3,808.97,0.0
C05208,2025-05-21,2025-06-21,2025-12-31,1,Baja,2,0-3 meses,Mes a mes,Cheque electrónico,Internet estándar,Centro,Hogar,25.84,0.0416,2,3,No,2,49.53,310.08
C05209,2025-05-22,,2025-12-31,0,Activo,8,7-12 meses,Anual,Tarjeta automática,Internet fibra,Cuyo,Profesional,110.52,0.0245,1,0,Sí,3,862.5,0.0
C05210,2025-05-22,,2025-12-31,0,Activo,8,7-12 meses,Dos años,Tarjeta automática,Streaming,Litoral,Hogar,27.12,0.0851,0,1,Sí,4,198.5,0.0
C05211,2025-05-22,2025-05-15,2025-12-31,1,Baja,1,0-3 meses,Mes a mes,Cheque electrónico,Telefonía móvil,Centro,Hogar,56.24,0.0543,2,1,No,4,53.19,674.88
C05212,2025-05-23,,2025-12-31,0,Activo,8,7-12 meses,Dos años,Débito automático,Streaming,AMBA,Profesional,54.69,0.0521,2,0,Sí,4,414.73,0.0
C05213,2025-05-23,,2025-12-31,0,Activo,8,7-12 meses,Anual,Tarjeta automática,Internet fibra,Centro,Hogar,87.38,0.0551,1,0,Sí,5,660.52,0.0
C05214,2025-05-24,,2025-12-31,0,Activo,8,7-12 meses,Anual,Tarjeta automática,Telefonía móvil,Cuyo,Hogar,64.22,0.0421,0,0,Sí,5,492.13,0.0
C05215,2025-05-24,,2025-12-31,0,Activo,8,7-12 meses,Mes a mes,Débito automático,Streaming,Centro,Hogar,20.4,0.0721,0,0,Sí,5,151.43,0.0
C05216,2025-05-24,,2025-12-31,0,Activo,8,7-12 meses,Mes a mes,Débito automático,Internet estándar,Centro,Profesional,68.49,0.0955,1,0,Sí,5,495.59,0.0
C05217,2025-05-24,,2025-12-31,0,Activo,8,7-12 meses,Dos años,Cheque electrónico,Telefonía móvil,Patagonia,Profesional,49.1,0.047,0,2,No,5,374.34,0.0
C05218,2025-05-25,,2025-12-31,0,Activo,8,7-12 meses,Anual,Transferencia,Streaming,Patagonia,Hogar,27.88,0.05,4,1,No,2,211.89,0.0
C05219,2025-05-25,,2025-12-31,0,Activo,8,7-12 meses,Mes a mes,Transferencia,Telefonía móvil,NOA,Profesional,67.92,0.0309,1,0,No,4,526.57,0.0
C05220,2025-05-25,,2025-12-31,0,Activo,8,7-12 meses,Anual,Tarjeta automática,Telefonía móvil,Patagonia,PyME,109.4,0.0507,0,0,Sí,5,830.83,0.0
C05221,2025-05-25,,2025-12-31,0,Activo,8,7-12 meses,Mes a mes,Débito automático,Internet fibra,Cuyo,Hogar,73.8,0.0395,1,1,Sí,2,567.08,0.0
C05222,2025-05-25,,2025-12-31,0,Activo,8,7-12 meses,Anual,Débito automático,Telefonía móvil,NOA,PyME,83.75,0.0687,0,0,Sí,5,623.97,0.0
C05223,2025-05-25,,2025-12-31,0,Activo,8,7-12 meses,Mes a mes,Cheque electrónico,Internet estándar,NOA,Hogar,49.81,0.0927,1,0,No,5,361.54,0.0
C05224,2025-05-26,,2025-12-31,0,Activo,8,7-12 meses,Dos años,Cheque electrónico,Telefonía móvil,Centro,Profesional,50.63,0.0517,2,0,No,4,384.1,0.0
C05225,2025-05-26,2025-12-10,2025-12-31,1,Baja,8,7-12 meses,Mes a mes,Débito automático,Telefonía móvil,Centro,Hogar,35.64,0.0308,3,1,Sí,2,276.34,427.68
C05226,2025-05-26,,2025-12-31,0,Activo,8,7-12 meses,Mes a mes,Cheque electrónico,Telefonía móvil,NOA,PyME,104.39,0.0833,1,1,No,4,765.55,0.0
C05227,2025-05-27,,2025-12-31,0,Activo,8,7-12 meses,Anual,Tarjeta automática,Telefonía móvil,NOA,Hogar,47.34,0.0469,2,1,Sí,4,360.96,0.0
C05228,2025-05-28,,2025-12-31,0,Activo,8,7-12 meses,Mes a mes,Débito automático,Telefonía móvil,NOA,Hogar,51.18,0.1325,1,1,Sí,4,355.19,0.0
C05229,2025-05-28,,2025-12-31,0,Activo,8,7-12 meses,Dos años,Transferencia,Internet fibra,Cuyo,Profesional,92.29,0.0425,1,2,No,3,706.94,0.0
C05230,2025-05-28,,2025-12-31,0,Activo,8,7-12 meses,Anual,Débito automático,Internet estándar,NOA,Profesional,78.1,0.0731,0,1,Sí,4,579.13,0.0
C05231,2025-05-30,,2025-12-31,0,Activo,8,7-12 meses,Mes a mes,Cheque electrónico,Internet fibra,Patagonia,Hogar,78.16,0.0613,0,0,No,5,586.95,0.0
C05232,2025-05-30,,2025-12-31,0,Activo,8,7-12 meses,Mes a mes,Tarjeta automática,Telefonía móvil,Patagonia,Hogar,38.87,0.0766,1,0,Sí,3,287.14,0.0
C05233,2025-05-30,,2025-12-31,0,Activo,8,7-12 meses,Dos años,Cheque electrónico,Streaming,Litoral,Profesional,34.91,0.148,4,2,No,1,237.95,0.0
C05234,2025-05-30,,2025-12-31,0,Activo,8,7-12 meses,Anual,Tarjeta automática,Streaming,Centro,Hogar,18.0,0.0307,0,0,Sí,4,139.58,0.0
C05235,2025-05-30,,2025-12-31,0,Activo,8,7-12 meses,Dos años,Tarjeta automática,Internet fibra,Patagonia,Hogar,60.8,0.1539,2,1,Sí,5,411.54,0.0
C05236,2025-05-31,,2025-12-31,0,Activo,8,7-12 meses,Mes a mes,Débito automático,Streaming,NOA,Hogar,31.37,0.0364,0,0,Sí,5,241.83,0.0
C05237,2025-06-01,2025-07-11,2025-12-31,1,Baja,2,0-3 meses,Dos años,Cheque electrónico,Internet estándar,NOA,Hogar,39.02,0.0445,3,1,No,2,74.57,468.24
C05238,2025-06-01,,2025-12-31,0,Activo,7,7-12 meses,Mes a mes,Débito automático,Telefonía móvil,Litoral,Profesional,41.9,0.0316,4,0,Sí,4,284.03,0.0
C05239,2025-06-01,,2025-12-31,0,Activo,7,7-12 meses,Anual,Transferencia,Telefonía móvil,AMBA,Hogar,37.39,0.012,1,1,No,3,258.59,0.0
C05240,2025-06-01,2025-06-12,2025-12-31,1,Baja,1,0-3 meses,Mes a mes,Tarjeta automática,Internet estándar,Patagonia,Hogar,52.08,0.044,0,0,Sí,4,49.79,624.96
C05241,2025-06-01,,2025-12-31,0,Activo,7,7-12 meses,Mes a mes,Tarjeta automática,Telefonía móvil,Centro,Hogar,46.57,0.0549,0,0,Sí,3,308.09,0.0
C05242,2025-06-01,,2025-12-31,0,Activo,7,7-12 meses,Dos años,Tarjeta automática,Internet fibra,Centro,PyME,132.68,0.0685,2,1,Sí,3,865.14,0.0
C05243,2025-06-01,,2025-12-31,0,Activo,7,7-12 meses,Dos años,Cheque electrónico,Internet fibra,AMBA,Hogar,77.33,0.0296,0,1,No,5,525.29,0.0
C05244,2025-06-02,2025-08-12,2025-12-31,1,Baja,3,0-3 meses,Mes a mes,Tarjeta automática,Streaming,AMBA,Hogar,23.08,0.0556,4,0,Sí,2,65.39,276.96
C05245,2025-06-02,2025-09-24,2025-12-31,1,Baja,4,4-6 meses,Dos años,Débito automático,Streaming,Cuyo,Profesional,53.97,0.0344,1,1,Sí,5,208.45,647.64
C05246,2025-06-02,,2025-12-31,0,Activo,7,7-12 meses,Mes a mes,Transferencia,Internet fibra,Centro,Hogar,76.06,0.0489,4,0,No,2,506.38,0.0
C05247,2025-06-02,,2025-12-31,0,Activo,7,7-12 meses,Mes a mes,Débito automático,Internet fibra,Cuyo,Profesional,95.16,0.0215,0,1,Sí,4,651.8,0.0
C05248,2025-06-02,,2025-12-31,0,Activo,7,7-12 meses,Mes a mes,Débito automático,Internet estándar,Litoral,Hogar,60.42,0.0353,0,0,Sí,5,408.01,0.0
C05249,2025-06-02,,2025-12-31,0,Activo,7,7-12 meses,Mes a mes,Tarjeta automática,Internet fibra,Litoral,Profesional,104.71,0.0573,0,1,Sí,5,690.97,0.0
C05250,2025-06-03,,2025-12-31,0,Activo,7,7-12 meses,Mes a mes,Débito automático,Internet estándar,Cuyo,Hogar,46.97,0.0557,1,0,Sí,4,310.48,0.0
C05251,2025-06-03,,2025-12-31,0,Activo,7,7-12 meses,Mes a mes,Transferencia,Internet estándar,Cuyo,Hogar,45.4,0.0972,0,0,No,4,286.91,0.0
C05252,2025-06-04,,2025-12-31,0,Activo,7,7-12 meses,Mes a mes,Tarjeta automática,Telefonía móvil,NOA,Hogar,38.32,0.1109,1,0,Sí,5,238.49,0.0
C05253,2025-06-04,,2025-12-31,0,Activo,7,7-12 meses,Anual,Transferencia,Internet estándar,Centro,Hogar,26.77,0.104,3,0,No,3,167.9,0.0
C05254,2025-06-04,,2025-12-31,0,Activo,7,7-12 meses,Anual,Tarjeta automática,Internet fibra,AMBA,Profesional,108.07,0.0504,1,0,Sí,4,718.36,0.0
C05255,2025-06-04,,2025-12-31,0,Activo,7,7-12 meses,Anual,Cheque electrónico,Internet fibra,Patagonia,Hogar,70.47,0.0391,0,1,No,4,474.0,0.0
C05256,2025-06-04,2025-08-24,2025-12-31,1,Baja,3,0-3 meses,Mes a mes,Cheque electrónico,Internet fibra,AMBA,Hogar,87.4,0.0298,1,3,No,2,254.39,1048.8
C05257,2025-06-05,,2025-12-31,0,Activo,7,7-12 meses,Anual,Tarjeta automática,Streaming,Patagonia,Hogar,29.46,0.0243,1,0,Sí,3,201.21,0.0
C05258,2025-06-05,,2025-12-31,0,Activo,7,7-12 meses,Mes a mes,Débito automático,Internet estándar,Centro,Profesional,82.31,0.0326,1,0,Sí,5,557.39,0.0
C05259,2025-06-05,,2025-12-31,0,Activo,7,7-12 meses,Anual,Débito automático,Internet fibra,NOA,PyME,138.82,0.0754,0,0,Sí,5,898.47,0.0
C05260,2025-06-05,,2025-12-31,0,Activo,7,7-12 meses,Mes a mes,Cheque electrónico,Telefonía móvil,Centro,Hogar,52.03,0.0125,2,1,No,3,359.66,0.0
C05261,2025-06-05,,2025-12-31,0,Activo,7,7-12 meses,Mes a mes,Débito automático,Telefonía móvil,AMBA,Hogar,35.49,0.1187,0,0,Sí,4,218.94,0.0
C05262,2025-06-05,2025-09-24,2025-12-31,1,Baja,4,4-6 meses,Mes a mes,Transferencia,Internet fibra,Cuyo,Profesional,81.86,0.117,6,1,No,1,289.13,982.32
C05263,2025-06-05,,2025-12-31,0,Activo,7,7-12 meses,Anual,Tarjeta automática,Internet fibra,Cuyo,PyME,134.62,0.0681,0,1,Sí,4,878.17,0.0
C05264,2025-06-06,,2025-12-31,0,Activo,7,7-12 meses,Dos años,Tarjeta automática,Telefonía móvil,Patagonia,Hogar,20.91,0.0162,1,0,Sí,4,144.0,0.0
C05265,2025-06-06,,2025-12-31,0,Activo,7,7-12 meses,Anual,Transferencia,Streaming,Litoral,Hogar,23.85,0.0476,1,0,No,4,159.0,0.0
C05266,2025-06-07,,2025-12-31,0,Activo,7,7-12 meses,Dos años,Transferencia,Telefonía móvil,NOA,Profesional,46.92,0.1328,0,0,No,4,284.82,0.0
C05267,2025-06-07,,2025-12-31,0,Activo,7,7-12 meses,Dos años,Cheque electrónico,Internet fibra,Patagonia,Hogar,68.76,0.0849,0,0,No,5,440.46,0.0
C05268,2025-06-07,,2025-12-31,0,Activo,7,7-12 meses,Mes a mes,Cheque electrónico,Telefonía móvil,Centro,PyME,103.55,0.129,1,1,No,4,631.34,0.0
C05269,2025-06-08,,2025-12-31,0,Activo,7,7-12 meses,Anual,Transferencia,Internet fibra,AMBA,Profesional,101.83,0.0239,1,1,No,3,695.77,0.0
C05270,2025-06-08,,2025-12-31,0,Activo,7,7-12 meses,Mes a mes,Débito automático,Internet estándar,Centro,PyME,102.22,0.0402,0,1,Sí,4,686.78,0.0
C05271,2025-06-09,,2025-12-31,0,Activo,7,7-12 meses,Mes a mes,Cheque electrónico,Streaming,NOA,Profesional,50.52,0.0131,0,1,No,4,349.01,0.0
C05272,2025-06-09,,2025-12-31,0,Activo,7,7-12 meses,Mes a mes,Cheque electrónico,Streaming,Patagonia,PyME,78.05,0.0343,1,0,No,5,527.61,0.0
C05273,2025-06-09,,2025-12-31,0,Activo,7,7-12 meses,Dos años,Cheque electrónico,Internet fibra,Patagonia,Hogar,104.69,0.0959,6,2,No,1,662.55,0.0
C05274,2025-06-09,,2025-12-31,0,Activo,7,7-12 meses,Anual,Cheque electrónico,Internet fibra,Centro,PyME,136.31,0.1078,2,1,No,2,851.31,0.0
C05275,2025-06-10,,2025-12-31,0,Activo,7,7-12 meses,Mes a mes,Débito automático,Telefonía móvil,Cuyo,Hogar,35.51,0.0295,1,1,Sí,2,241.24,0.0
C05276,2025-06-10,2025-07-01,2025-12-31,1,Baja,2,0-3 meses,Mes a mes,Transferencia,Internet fibra,Patagonia,Hogar,87.63,0.0287,4,1,No,1,170.23,1051.56
C05277,2025-06-10,,2025-12-31,0,Activo,7,7-12 meses,Mes a mes,Transferencia,Internet estándar,NOA,Hogar,62.64,0.0301,0,0,No,5,425.28,0.0
C05278,2025-06-10,,2025-12-31,0,Activo,7,7-12 meses,Anual,Tarjeta automática,Internet fibra,Litoral,Hogar,69.48,0.064,0,1,Sí,5,455.23,0.0
C05279,2025-06-11,,2025-12-31,0,Activo,7,7-12 meses,Dos años,Transferencia,Internet fibra,AMBA,Hogar,62.4,0.0444,7,0,No,1,417.41,0.0
C05280,2025-06-11,,2025-12-31,0,Activo,7,7-12 meses,Mes a mes,Débito automático,Telefonía móvil,NOA,Hogar,28.58,0.0092,0,0,Sí,4,198.22,0.0
C05281,2025-06-11,,2025-12-31,0,Activo,7,7-12 meses,Mes a mes,Débito automático,Internet fibra,NOA,Hogar,70.63,0.0961,0,0,Sí,4,446.9,0.0
C05282,2025-06-11,,2025-12-31,0,Activo,7,7-12 meses,Anual,Tarjeta automática,Internet estándar,AMBA,Hogar,48.4,0.0312,2,0,Sí,5,328.23,0.0
C05283,2025-06-11,,2025-12-31,0,Activo,7,7-12 meses,Mes a mes,Transferencia,Streaming,Cuyo,Hogar,18.0,0.1117,1,0,No,4,111.93,0.0
C05284,2025-06-12,,2025-12-31,0,Activo,7,7-12 meses,Mes a mes,Transferencia,Internet fibra,NOA,Profesional,91.4,0.0877,1,0,No,3,583.69,0.0
C05285,2025-06-12,,2025-12-31,0,Activo,7,7-12 meses,Mes a mes,Débito automático,Streaming,NOA,Hogar,26.71,0.0189,1,0,Sí,4,183.44,0.0
C05286,2025-06-13,,2025-12-31,0,Activo,7,7-12 meses,Mes a mes,Tarjeta automática,Internet estándar,NOA,Profesional,70.57,0.1021,2,0,Sí,4,443.55,0.0
C05287,2025-06-13,,2025-12-31,0,Activo,7,7-12 meses,Mes a mes,Débito automático,Telefonía móvil,NOA,Profesional,66.73,0.1065,3,0,Sí,3,417.36,0.0
C05288,2025-06-13,,2025-12-31,0,Activo,7,7-12 meses,Dos años,Tarjeta automática,Telefonía móvil,AMBA,Profesional,64.42,0.1202,2,1,Sí,4,396.74,0.0
C05289,2025-06-13,,2025-12-31,0,Activo,7,7-12 meses,Mes a mes,Débito automático,Telefonía móvil,AMBA,Hogar,61.71,0.0353,0,0,Sí,5,416.72,0.0
C05290,2025-06-13,,2025-12-31,0,Activo,7,7-12 meses,Mes a mes,Débito automático,Internet estándar,Cuyo,Hogar,61.04,0.0117,1,1,Sí,3,422.28,0.0
C05291,2025-06-13,,2025-12-31,0,Activo,7,7-12 meses,Anual,Cheque electrónico,Telefonía móvil,Litoral,Hogar,44.44,0.0967,4,0,No,2,281.0,0.0
C05292,2025-06-14,,2025-12-31,0,Activo,7,7-12 meses,Dos años,Débito automático,Streaming,Cuyo,Hogar,18.32,0.0882,1,0,Sí,4,116.93,0.0
C05293,2025-06-14,,2025-12-31,0,Activo,7,7-12 meses,Mes a mes,Transferencia,Internet estándar,Centro,PyME,96.57,0.0942,3,0,No,2,612.31,0.0
C05294,2025-06-14,2025-11-11,2025-12-31,1,Baja,6,4-6 meses,Mes a mes,Cheque electrónico,Internet fibra,Centro,Hogar,62.28,0.1303,0,2,No,3,324.99,747.36
C05295,2025-06-14,,2025-12-31,0,Activo,7,7-12 meses,Anual,Débito automático,Internet fibra,Litoral,PyME,134.69,0.0176,2,0,Sí,3,926.24,0.0
C05296,2025-06-14,,2025-12-31,0,Activo,7,7-12 meses,Mes a mes,Cheque electrónico,Internet fibra,NOA,Hogar,81.64,0.0268,1,2,No,3,556.16,0.0
C05297,2025-06-14,,2025-12-31,0,Activo,7,7-12 meses,Anual,Tarjeta automática,Internet fibra,Patagonia,Profesional,105.82,0.0145,1,1,Sí,3,730.0,0.0
C05298,2025-06-15,,2025-12-31,0,Activo,7,7-12 meses,Mes a mes,Débito automático,Telefonía móvil,Centro,Hogar,44.94,0.0145,3,1,Sí,1,310.02,0.0
C05299,2025-06-15,2025-11-01,2025-12-31,1,Baja,6,4-6 meses,Mes a mes,Tarjeta automática,Telefonía móvil,AMBA,PyME,108.59,0.0274,2,0,Sí,2,633.69,1303.08
C05300,2025-06-15,,2025-12-31,0,Activo,7,7-12 meses,Mes a mes,Débito automático,Internet fibra,Centro,Profesional,107.82,0.0456,0,0,Sí,4,720.32,0.0
C05301,2025-06-16,,2025-12-31,0,Activo,7,7-12 meses,Anual,Cheque electrónico,Telefonía móvil,Patagonia,Hogar,30.69,0.0341,0,0,No,4,207.5,0.0
C05302,2025-06-16,,2025-12-31,0,Activo,7,7-12 meses,Mes a mes,Transferencia,Streaming,AMBA,Hogar,23.3,0.0452,1,1,No,4,155.73,0.0
C05303,2025-06-17,,2025-12-31,0,Activo,7,7-12 meses,Mes a mes,Transferencia,Internet estándar,Patagonia,Hogar,48.88,0.0209,1,0,No,4,335.01,0.0
C05304,2025-06-17,2025-11-27,2025-12-31,1,Baja,6,4-6 meses,Mes a mes,Tarjeta automática,Telefonía móvil,Litoral,Hogar,34.23,0.0951,3,1,Sí,2,185.85,410.76
C05305,2025-06-17,,2025-12-31,0,Activo,7,7-12 meses,Anual,Cheque electrónico,Streaming,Litoral,Hogar,26.32,0.0915,1,1,No,4,167.38,0.0
C05306,2025-06-17,,2025-12-31,0,Activo,7,7-12 meses,Mes a mes,Débito automático,Streaming,NOA,PyME,87.31,0.044,0,1,Sí,4,584.28,0.0
C05307,2025-06-18,,2025-12-31,0,Activo,7,7-12 meses,Anual,Tarjeta automática,Internet fibra,Litoral,Hogar,76.65,0.0273,3,0,Sí,2,521.9,0.0
C05308,2025-06-18,,2025-12-31,0,Activo,7,7-12 meses,Anual,Cheque electrónico,Internet fibra,Litoral,Hogar,78.0,0.068,0,3,No,5,508.87,0.0
C05309,2025-06-19,,2025-12-31,0,Activo,7,7-12 meses,Mes a mes,Débito automático,Telefonía móvil,Cuyo,Hogar,31.63,0.0184,0,0,Sí,2,217.34,0.0
C05310,2025-06-19,,2025-12-31,0,Activo,7,7-12 meses,Dos años,Débito automático,Internet fibra,Litoral,Hogar,83.57,0.0508,0,0,Sí,5,555.27,0.0
C05311,2025-06-20,,2025-12-31,0,Activo,7,7-12 meses,Dos años,Tarjeta automática,Internet fibra,Cuyo,Profesional,100.77,0.0158,0,2,Sí,5,694.24,0.0
C05312,2025-06-20,,2025-12-31,0,Activo,7,7-12 meses,Mes a mes,Tarjeta automática,Internet fibra,AMBA,Hogar,69.61,0.0258,1,1,Sí,4,474.7,0.0
C05313,2025-06-21,,2025-12-31,0,Activo,7,7-12 meses,Mes a mes,Cheque electrónico,Internet estándar,AMBA,Hogar,34.77,0.0331,0,0,No,5,235.33,0.0
C05314,2025-06-21,,2025-12-31,0,Activo,7,7-12 meses,Mes a mes,Débito automático,Internet estándar,Patagonia,Hogar,62.53,0.0306,2,1,Sí,2,424.32,0.0
C05315,2025-06-21,,2025-12-31,0,Activo,7,7-12 meses,Mes a mes,Cheque electrónico,Telefonía móvil,Litoral,PyME,116.23,0.1116,2,1,No,5,722.81,0.0
C05316,2025-06-21,,2025-12-31,0,Activo,7,7-12 meses,Mes a mes,Tarjeta automática,Internet estándar,Cuyo,Hogar,51.58,0.0358,0,1,Sí,3,348.13,0.0
C05317,2025-06-21,,2025-12-31,0,Activo,7,7-12 meses,Dos años,Transferencia,Telefonía móvil,Patagonia,Profesional,56.02,0.064,1,0,No,3,367.04,0.0
C05318,2025-06-21,,2025-12-31,0,Activo,7,7-12 meses,Dos años,Transferencia,Streaming,Cuyo,Hogar,40.51,0.0555,4,0,No,2,267.83,0.0
C05319,2025-06-22,,2025-12-31,0,Activo,7,7-12 meses,Mes a mes,Transferencia,Internet estándar,Centro,Profesional,72.17,0.0614,1,0,No,3,474.17,0.0
C05320,2025-06-22,,2025-12-31,0,Activo,7,7-12 meses,Mes a mes,Débito automático,Internet fibra,Litoral,Hogar,75.68,0.0194,2,0,Sí,2,519.48,0.0
C05321,2025-06-22,,2025-12-31,0,Activo,7,7-12 meses,Mes a mes,Débito automático,Internet fibra,Cuyo,Profesional,106.65,0.0419,0,0,Sí,4,715.27,0.0
C05322,2025-06-23,2025-12-19,2025-12-31,1,Baja,7,7-12 meses,Mes a mes,Transferencia,Telefonía móvil,NOA,PyME,88.09,0.0579,0,2,No,2,580.93,1057.08
C05323,2025-06-23,,2025-12-31,0,Activo,7,7-12 meses,Mes a mes,Cheque electrónico,Telefonía móvil,Patagonia,Hogar,34.4,0.0812,1,0,No,4,221.25,0.0
C05324,2025-06-23,,2025-12-31,0,Activo,7,7-12 meses,Dos años,Débito automático,Internet estándar,Patagonia,Hogar,53.0,0.0321,0,0,Sí,4,359.09,0.0
C05325,2025-06-23,,2025-12-31,0,Activo,7,7-12 meses,Dos años,Débito automático,Telefonía móvil,Patagonia,PyME,98.26,0.092,1,0,Sí,4,624.54,0.0
C05326,2025-06-23,,2025-12-31,0,Activo,7,7-12 meses,Mes a mes,Transferencia,Telefonía móvil,Patagonia,Hogar,49.01,0.0754,1,0,No,4,317.2,0.0
C05327,2025-06-23,,2025-12-31,0,Activo,7,7-12 meses,Anual,Débito automático,Internet fibra,Patagonia,Profesional,109.13,0.0166,0,0,Sí,4,751.23,0.0
C05328,2025-06-23,,2025-12-31,0,Activo,7,7-12 meses,Mes a mes,Tarjeta automática,Streaming,Cuyo,Profesional,29.92,0.0433,1,0,Sí,3,200.37,0.0
C05329,2025-06-24,,2025-12-31,0,Activo,7,7-12 meses,Anual,Cheque electrónico,Telefonía móvil,Patagonia,Hogar,42.43,0.0912,0,0,No,5,269.92,0.0
C05330,2025-06-24,,2025-12-31,0,Activo,7,7-12 meses,Mes a mes,Tarjeta automática,Telefonía móvil,AMBA,Hogar,62.91,0.0654,0,1,Sí,4,411.57,0.0
C05331,2025-06-24,2025-06-14,2025-12-31,1,Baja,1,0-3 meses,Mes a mes,Tarjeta automática,Internet fibra,Litoral,Hogar,71.44,0.0345,0,1,Sí,3,68.98,857.28
C05332,2025-06-25,,2025-12-31,0,Activo,7,7-12 meses,Anual,Transferencia,Internet fibra,Litoral,Hogar,70.14,0.0521,0,0,No,4,465.4,0.0
C05333,2025-06-25,,2025-12-31,0,Activo,7,7-12 meses,Mes a mes,Tarjeta automática,Internet estándar,AMBA,Hogar,24.35,0.031,1,4,Sí,4,165.17,0.0
C05334,2025-06-26,,2025-12-31,0,Activo,7,7-12 meses,Anual,Tarjeta automática,Internet fibra,Litoral,Profesional,97.12,0.0481,0,2,Sí,3,647.14,0.0
C05335,2025-06-26,,2025-12-31,0,Activo,7,7-12 meses,Mes a mes,Tarjeta automática,Internet fibra,AMBA,Hogar,84.39,0.0692,0,0,Sí,5,549.85,0.0
C05336,2025-06-26,,2025-12-31,0,Activo,7,7-12 meses,Anual,Tarjeta automática,Streaming,Patagonia,Profesional,53.36,0.0564,1,0,Sí,3,352.45,0.0
C05337,2025-06-26,,2025-12-31,0,Activo,7,7-12 meses,Anual,Débito automático,Internet estándar,Litoral,Hogar,37.59,0.0265,1,0,Sí,4,256.16,0.0
C05338,2025-06-27,2025-06-26,2025-12-31,1,Baja,1,0-3 meses,Mes a mes,Cheque electrónico,Internet fibra,Litoral,Hogar,77.9,0.1131,1,1,No,4,69.09,934.8
C05339,2025-06-27,,2025-12-31,0,Activo,7,7-12 meses,Mes a mes,Débito automático,Streaming,Litoral,Hogar,31.44,0.0188,1,0,Sí,3,215.94,0.0
C05340,2025-06-27,,2025-12-31,0,Activo,7,7-12 meses,Anual,Débito automático,Internet fibra,Centro,Hogar,78.57,0.1175,1,0,Sí,4,485.37,0.0
C05341,2025-06-27,,2025-12-31,0,Activo,7,7-12 meses,Mes a mes,Transferencia,Internet estándar,Litoral,Hogar,36.96,0.0345,2,1,No,2,249.79,0.0
C05342,2025-06-29,,2025-12-31,0,Activo,7,7-12 meses,Mes a mes,Tarjeta automática,Telefonía móvil,Centro,PyME,97.85,0.0644,0,1,Sí,3,640.84,0.0
C05343,2025-06-29,,2025-12-31,0,Activo,7,7-12 meses,Anual,Débito automático,Telefonía móvil,Patagonia,Hogar,33.04,0.0371,1,0,Sí,4,222.7,0.0
C05344,2025-06-29,,2025-12-31,0,Activo,7,7-12 meses,Mes a mes,Débito automático,Internet fibra,AMBA,Hogar,57.41,0.0154,4,0,Sí,4,395.68,0.0
C05345,2025-06-29,,2025-12-31,0,Activo,7,7-12 meses,Anual,Débito automático,Telefonía móvil,AMBA,Profesional,67.49,0.0136,1,1,Sí,4,466.0,0.0
C05346,2025-06-30,,2025-12-31,0,Activo,7,7-12 meses,Mes a mes,Débito automático,Telefonía móvil,Patagonia,Profesional,61.54,0.0249,2,3,Sí,3,420.05,0.0
C05347,2025-06-30,,2025-12-31,0,Activo,7,7-12 meses,Anual,Tarjeta automática,Streaming,AMBA,Hogar,35.51,0.0215,0,0,Sí,5,243.23,0.0
C05348,2025-06-30,,2025-12-31,0,Activo,7,7-12 meses,Mes a mes,Cheque electrónico,Telefonía móvil,NOA,Hogar,36.12,0.0453,0,2,No,3,241.39,0.0
C05349,2025-06-30,,2025-12-31,0,Activo,7,7-12 meses,Mes a mes,Cheque electrónico,Internet fibra,AMBA,Hogar,84.89,0.0109,0,2,No,5,587.75,0.0
C05350,2025-06-30,2025-10-02,2025-12-31,1,Baja,5,4-6 meses,Mes a mes,Cheque electrónico,Internet fibra,Litoral,Hogar,89.24,0.02,0,2,No,4,437.28,1070.88
C05351,2025-07-01,,2025-12-31,0,Activo,6,4-6 meses,Dos años,Tarjeta automática,Telefonía móvil,NOA,Hogar,61.29,0.0427,2,0,Sí,4,352.04,0.0
C05352,2025-07-01,,2025-12-31,0,Activo,6,4-6 meses,Dos años,Transferencia,Internet estándar,Patagonia,Hogar,57.95,0.1061,2,1,No,4,310.81,0.0
C05353,2025-07-01,,2025-12-31,0,Activo,6,4-6 meses,Anual,Débito automático,Internet estándar,Litoral,Hogar,53.23,0.1132,0,3,Sí,4,283.23,0.0
C05354,2025-07-01,,2025-12-31,0,Activo,6,4-6 meses,Mes a mes,Tarjeta automática,Internet fibra,Patagonia,PyME,117.82,0.0612,0,1,Sí,4,663.66,0.0
C05355,2025-07-01,,2025-12-31,0,Activo,6,4-6 meses,Mes a mes,Cheque electrónico,Internet fibra,Patagonia,Hogar,76.83,0.0605,0,2,No,5,433.09,0.0
C05356,2025-07-01,,2025-12-31,0,Activo,6,4-6 meses,Anual,Transferencia,Internet fibra,AMBA,Hogar,62.35,0.0186,2,1,No,3,367.14,0.0
C05357,2025-07-02,,2025-12-31,0,Activo,6,4-6 meses,Anual,Tarjeta automática,Internet fibra,Centro,PyME,123.99,0.0873,0,0,Sí,4,678.99,0.0
C05358,2025-07-02,,2025-12-31,0,Activo,6,4-6 meses,Mes a mes,Cheque electrónico,Telefonía móvil,Centro,Hogar,63.51,0.0562,0,0,No,4,359.64,0.0
C05359,2025-07-03,,2025-12-31,0,Activo,6,4-6 meses,Dos años,Tarjeta automática,Internet fibra,Centro,Profesional,84.75,0.0035,0,0,Sí,5,506.72,0.0
C05360,2025-07-03,,2025-12-31,0,Activo,6,4-6 meses,Mes a mes,Débito automático,Telefonía móvil,Centro,PyME,71.23,0.0202,2,1,Sí,2,418.75,0.0
C05361,2025-07-03,,2025-12-31,0,Activo,6,4-6 meses,Mes a mes,Tarjeta automática,Internet fibra,Litoral,Profesional,104.94,0.159,0,2,Sí,3,529.53,0.0
C05362,2025-07-04,,2025-12-31,0,Activo,6,4-6 meses,Dos años,Tarjeta automática,Internet estándar,NOA,Profesional,59.6,0.1029,0,0,Sí,3,320.8,0.0
C05363,2025-07-04,,2025-12-31,0,Activo,6,4-6 meses,Mes a mes,Cheque electrónico,Telefonía móvil,Litoral,Hogar,50.45,0.0025,1,0,No,4,301.94,0.0
C05364,2025-07-04,,2025-12-31,0,Activo,6,4-6 meses,Mes a mes,Débito automático,Internet fibra,AMBA,PyME,120.13,0.1371,1,0,Sí,5,621.96,0.0
C05365,2025-07-05,,2025-12-31,0,Activo,6,4-6 meses,Mes a mes,Tarjeta automática,Internet fibra,Patagonia,Profesional,91.31,0.043,2,0,Sí,5,524.3,0.0
C05366,2025-07-05,,2025-12-31,0,Activo,6,4-6 meses,Dos años,Transferencia,Telefonía móvil,Litoral,Hogar,55.15,0.0557,1,1,No,4,312.47,0.0
C05367,2025-07-06,,2025-12-31,0,Activo,6,4-6 meses,Mes a mes,Cheque electrónico,Internet fibra,Patagonia,Hogar,63.46,0.1228,0,2,No,5,334.0,0.0
C05368,2025-07-06,,2025-12-31,0,Activo,6,4-6 meses,Anual,Cheque electrónico,Internet fibra,Cuyo,Hogar,76.14,0.0348,1,0,No,4,440.94,0.0
C05369,2025-07-06,,2025-12-31,0,Activo,6,4-6 meses,Mes a mes,Cheque electrónico,Telefonía móvil,Cuyo,Hogar,45.2,0.031,0,0,No,4,262.79,0.0
C05370,2025-07-06,,2025-12-31,0,Activo,6,4-6 meses,Mes a mes,Cheque electrónico,Internet estándar,Litoral,Hogar,41.09,0.0524,1,1,No,3,233.62,0.0
C05371,2025-07-06,,2025-12-31,0,Activo,6,4-6 meses,Mes a mes,Transferencia,Streaming,Patagonia,Hogar,31.66,0.0319,0,0,No,4,183.9,0.0
C05372,2025-07-07,,2025-12-31,0,Activo,6,4-6 meses,Mes a mes,Débito automático,Internet fibra,Centro,Hogar,78.17,0.0759,1,0,Sí,4,433.42,0.0
C05373,2025-07-07,,2025-12-31,0,Activo,6,4-6 meses,Mes a mes,Cheque electrónico,Internet fibra,Litoral,Hogar,83.88,0.0195,0,1,No,4,493.47,0.0
C05374,2025-07-07,,2025-12-31,0,Activo,6,4-6 meses,Mes a mes,Tarjeta automática,Internet estándar,NOA,Hogar,69.26,0.1233,3,0,Sí,4,364.32,0.0
C05375,2025-07-07,,2025-12-31,0,Activo,6,4-6 meses,Anual,Tarjeta automática,Streaming,AMBA,Hogar,58.43,0.0934,1,0,Sí,4,317.84,0.0
C05376,2025-07-08,,2025-12-31,0,Activo,6,4-6 meses,Anual,Débito automático,Internet fibra,Centro,Hogar,83.1,0.1672,0,0,Sí,4,415.23,0.0
C05377,2025-07-08,,2025-12-31,0,Activo,6,4-6 meses,Anual,Tarjeta automática,Telefonía móvil,Litoral,Hogar,40.79,0.0261,0,0,Sí,5,238.35,0.0
C05378,2025-07-08,,2025-12-31,0,Activo,6,4-6 meses,Anual,Transferencia,Telefonía móvil,NOA,Hogar,46.85,0.0455,1,1,No,4,268.31,0.0
C05379,2025-07-08,2025-08-19,2025-12-31,1,Baja,2,0-3 meses,Mes a mes,Cheque electrónico,Internet estándar,NOA,PyME,101.45,0.1386,3,2,No,1,174.78,1217.4
C05380,2025-07-08,2025-12-08,2025-12-31,1,Baja,6,4-6 meses,Mes a mes,Débito automático,Internet estándar,Litoral,Hogar,31.54,0.0556,5,0,Sí,3,178.72,378.48
C05381,2025-07-09,,2025-12-31,0,Activo,6,4-6 meses,Mes a mes,Débito automático,Streaming,Litoral,Hogar,28.49,0.0208,1,0,Sí,5,167.38,0.0
C05382,2025-07-09,2025-09-10,2025-12-31,1,Baja,3,0-3 meses,Mes a mes,Débito automático,Streaming,Cuyo,PyME,95.9,0.022,4,0,Sí,2,281.37,1150.8
C05383,2025-07-09,2025-09-18,2025-12-31,1,Baja,3,0-3 meses,Mes a mes,Transferencia,Internet fibra,Cuyo,Profesional,79.89,0.0445,4,2,No,3,229.0,958.68
C05384,2025-07-10,2025-10-12,2025-12-31,1,Baja,4,4-6 meses,Mes a mes,Tarjeta automática,Telefonía móvil,Patagonia,Hogar,31.17,0.1062,1,0,Sí,5,111.44,374.04
C05385,2025-07-11,2025-08-21,2025-12-31,1,Baja,2,0-3 meses,Mes a mes,Tarjeta automática,Internet estándar,Litoral,Hogar,42.6,0.0444,2,0,Sí,3,81.42,511.2
C05386,2025-07-11,,2025-12-31,0,Activo,6,4-6 meses,Mes a mes,Transferencia,Telefonía móvil,Litoral,PyME,101.1,0.0689,1,0,No,4,564.81,0.0
C05387,2025-07-11,,2025-12-31,0,Activo,6,4-6 meses,Dos años,Débito automático,Telefonía móvil,NOA,Hogar,68.15,0.0222,1,0,Sí,5,399.82,0.0
C05388,2025-07-11,,2025-12-31,0,Activo,6,4-6 meses,Anual,Débito automático,Internet fibra,AMBA,Hogar,69.1,0.0423,0,0,Sí,4,397.06,0.0
C05389,2025-07-12,,2025-12-31,0,Activo,6,4-6 meses,Mes a mes,Débito automático,Internet estándar,NOA,Hogar,50.0,0.0884,3,1,Sí,2,273.48,0.0
C05390,2025-07-12,,2025-12-31,0,Activo,6,4-6 meses,Mes a mes,Tarjeta automática,Internet estándar,Patagonia,Hogar,49.06,0.0111,1,0,Sí,4,291.09,0.0
C05391,2025-07-13,,2025-12-31,0,Activo,6,4-6 meses,Anual,Transferencia,Internet estándar,Litoral,Hogar,45.69,0.0669,1,0,No,4,255.8,0.0
C05392,2025-07-14,,2025-12-31,0,Activo,6,4-6 meses,Mes a mes,Débito automático,Telefonía móvil,Litoral,PyME,96.48,0.0356,5,0,Sí,4,558.27,0.0
C05393,2025-07-14,,2025-12-31,0,Activo,6,4-6 meses,Mes a mes,Débito automático,Internet fibra,Litoral,PyME,127.89,0.1454,1,0,Sí,5,655.77,0.0
C05394,2025-07-14,,2025-12-31,0,Activo,6,4-6 meses,Anual,Cheque electrónico,Streaming,Litoral,Hogar,59.17,0.0499,2,1,No,5,337.3,0.0
C05395,2025-07-14,,2025-12-31,0,Activo,6,4-6 meses,Mes a mes,Transferencia,Telefonía móvil,Cuyo,PyME,105.25,0.0892,3,0,No,4,575.17,0.0
C05396,2025-07-14,,2025-12-31,0,Activo,6,4-6 meses,Mes a mes,Tarjeta automática,Telefonía móvil,Patagonia,Profesional,54.98,0.0354,1,0,Sí,4,318.2,0.0
C05397,2025-07-14,,2025-12-31,0,Activo,6,4-6 meses,Mes a mes,Transferencia,Internet fibra,Centro,PyME,146.02,0.1272,1,0,No,2,764.68,0.0
C05398,2025-07-14,,2025-12-31,0,Activo,6,4-6 meses,Anual,Tarjeta automática,Telefonía móvil,Litoral,PyME,99.82,0.0616,1,0,Sí,4,562.03,0.0
C05399,2025-07-14,,2025-12-31,0,Activo,6,4-6 meses,Dos años,Tarjeta automática,Internet fibra,Litoral,PyME,133.64,0.0326,0,0,Sí,3,775.7,0.0
C05400,2025-07-15,,2025-12-31,0,Activo,6,4-6 meses,Anual,Transferencia,Internet estándar,Cuyo,Hogar,47.0,0.2004,1,0,No,3,225.49,0.0
C05401,2025-07-15,2025-11-19,2025-12-31,1,Baja,5,4-6 meses,Mes a mes,Tarjeta automática,Internet fibra,Patagonia,Hogar,75.25,0.055,1,0,Sí,5,355.56,903.0
C05402,2025-07-15,,2025-12-31,0,Activo,6,4-6 meses,Mes a mes,Tarjeta automática,Streaming,Centro,Hogar,18.0,0.0999,0,0,Sí,3,97.21,0.0
C05403,2025-07-15,,2025-12-31,0,Activo,6,4-6 meses,Anual,Cheque electrónico,Internet fibra,Litoral,Hogar,59.59,0.0233,1,1,No,3,349.21,0.0
C05404,2025-07-16,2025-09-24,2025-12-31,1,Baja,3,0-3 meses,Anual,Transferencia,Internet fibra,Centro,PyME,137.08,0.1043,0,0,No,4,368.35,1644.96
C05405,2025-07-16,,2025-12-31,0,Activo,6,4-6 meses,Dos años,Cheque electrónico,Internet fibra,Centro,PyME,130.89,0.0647,0,0,No,5,734.53,0.0
C05406,2025-07-16,,2025-12-31,0,Activo,6,4-6 meses,Anual,Cheque electrónico,Telefonía móvil,Litoral,Profesional,69.65,0.0865,0,2,No,4,381.75,0.0
C05407,2025-07-16,2025-09-01,2025-12-31,1,Baja,3,0-3 meses,Mes a mes,Débito automático,Streaming,NOA,Profesional,37.21,0.0385,1,0,Sí,4,107.33,446.52
C05408,2025-07-18,,2025-12-31,0,Activo,6,4-6 meses,Anual,Transferencia,Streaming,Centro,Hogar,18.0,0.0973,0,0,No,5,97.49,0.0
C05409,2025-07-18,,2025-12-31,0,Activo,6,4-6 meses,Dos años,Débito automático,Streaming,AMBA,Hogar,37.54,0.0435,5,0,Sí,1,215.44,0.0
C05410,2025-07-19,,2025-12-31,0,Activo,6,4-6 meses,Anual,Transferencia,Internet estándar,AMBA,Hogar,45.75,0.047,0,2,No,5,261.6,0.0
C05411,2025-07-19,,2025-12-31,0,Activo,6,4-6 meses,Anual,Débito automático,Internet fibra,Cuyo,Hogar,87.41,0.0377,0,0,Sí,3,504.69,0.0
C05412,2025-07-19,,2025-12-31,0,Activo,6,4-6 meses,Mes a mes,Tarjeta automática,Internet fibra,Patagonia,Profesional,96.37,0.0852,2,1,Sí,2,528.96,0.0
C05413,2025-07-19,,2025-12-31,0,Activo,6,4-6 meses,Anual,Tarjeta automática,Internet estándar,Patagonia,Hogar,69.65,0.045,1,0,Sí,5,399.09,0.0
C05414,2025-07-19,,2025-12-31,0,Activo,6,4-6 meses,Mes a mes,Transferencia,Telefonía móvil,Centro,Hogar,50.31,0.037,0,1,No,4,290.69,0.0
C05415,2025-07-20,,2025-12-31,0,Activo,6,4-6 meses,Mes a mes,Tarjeta automática,Internet fibra,NOA,Hogar,82.51,0.0277,0,0,Sí,5,481.35,0.0
C05416,2025-07-21,,2025-12-31,0,Activo,6,4-6 meses,Anual,Transferencia,Streaming,AMBA,Hogar,37.8,0.1144,0,0,No,5,200.85,0.0
C05417,2025-07-21,,2025-12-31,0,Activo,6,4-6 meses,Dos años,Cheque electrónico,Telefonía móvil,Litoral,Profesional,57.0,0.0194,1,2,No,4,335.37,0.0
C05418,2025-07-21,,2025-12-31,0,Activo,6,4-6 meses,Dos años,Transferencia,Telefonía móvil,NOA,Profesional,41.93,0.1127,3,0,No,2,223.23,0.0
C05419,2025-07-22,,2025-12-31,0,Activo,6,4-6 meses,Mes a mes,Débito automático,Internet fibra,Patagonia,Hogar,81.97,0.024,0,1,Sí,4,480.02,0.0
C05420,2025-07-23,,2025-12-31,0,Activo,6,4-6 meses,Mes a mes,Tarjeta automática,Telefonía móvil,Patagonia,Profesional,81.36,0.1201,4,1,Sí,3,429.53,0.0
C05421,2025-07-23,2025-11-16,2025-12-31,1,Baja,5,4-6 meses,Mes a mes,Cheque electrónico,Streaming,Centro,Hogar,18.0,0.1117,1,0,No,3,79.95,216.0
C05422,2025-07-23,,2025-12-31,0,Activo,6,4-6 meses,Dos años,Débito automático,Internet estándar,Patagonia,Hogar,54.16,0.1639,3,0,Sí,3,271.7,0.0
C05423,2025-07-23,2025-07-01,2025-12-31,1,Baja,1,0-3 meses,Anual,Débito automático,Telefonía móvil,Cuyo,Hogar,25.11,0.0575,2,0,Sí,4,23.67,301.32
C05424,2025-07-24,,2025-12-31,0,Activo,6,4-6 meses,Dos años,Cheque electrónico,Internet fibra,Cuyo,Profesional,95.74,0.0526,1,1,No,3,544.22,0.0
C05425,2025-07-24,,2025-12-31,0,Activo,6,4-6 meses,Mes a mes,Tarjeta automática,Telefonía móvil,Litoral,PyME,97.87,0.0929,0,1,Sí,4,532.67,0.0
C05426,2025-07-24,,2025-12-31,0,Activo,6,4-6 meses,Mes a mes,Débito automático,Streaming,Litoral,Hogar,37.22,0.0816,0,0,Sí,4,205.1,0.0
C05427,2025-07-24,,2025-12-31,0,Activo,6,4-6 meses,Anual,Tarjeta automática,Telefonía móvil,Centro,Profesional,62.31,0.0183,1,0,Sí,4,367.02,0.0
C05428,2025-07-24,,2025-12-31,0,Activo,6,4-6 meses,Mes a mes,Tarjeta automática,Telefonía móvil,NOA,PyME,112.11,0.0423,2,0,Sí,2,644.21,0.0
C05429,2025-07-25,,2025-12-31,0,Activo,6,4-6 meses,Dos años,Débito automático,Streaming,NOA,PyME,96.83,0.1063,1,0,Sí,4,519.22,0.0
C05430,2025-07-25,,2025-12-31,0,Activo,6,4-6 meses,Anual,Transferencia,Internet fibra,Centro,Hogar,75.84,0.0485,1,1,No,5,432.97,0.0
C05431,2025-07-25,,2025-12-31,0,Activo,6,4-6 meses,Mes a mes,Débito automático,Internet fibra,Centro,Hogar,90.04,0.0367,0,0,Sí,2,520.41,0.0
C05432,2025-07-25,,2025-12-31,0,Activo,6,4-6 meses,Mes a mes,Transferencia,Telefonía móvil,AMBA,Hogar,38.56,0.0864,0,0,No,5,211.37,0.0
C05433,2025-07-25,,2025-12-31,0,Activo,6,4-6 meses,Dos años,Cheque electrónico,Streaming,Cuyo,PyME,78.67,0.054,0,1,No,2,446.53,0.0
C05434,2025-07-26,,2025-12-31,0,Activo,6,4-6 meses,Anual,Cheque electrónico,Telefonía móvil,Centro,Hogar,28.75,0.0497,5,3,No,2,163.93,0.0
C05435,2025-07-26,,2025-12-31,0,Activo,6,4-6 meses,Anual,Tarjeta automática,Internet estándar,NOA,Hogar,63.43,0.1151,0,0,Sí,4,336.78,0.0
C05436,2025-07-27,,2025-12-31,0,Activo,6,4-6 meses,Anual,Transferencia,Internet estándar,NOA,PyME,100.7,0.0321,0,0,No,4,584.81,0.0
C05437,2025-07-27,,2025-12-31,0,Activo,6,4-6 meses,Mes a mes,Tarjeta automática,Telefonía móvil,Patagonia,Hogar,18.0,0.0718,1,0,Sí,3,100.25,0.0
C05438,2025-07-27,,2025-12-31,0,Activo,6,4-6 meses,Anual,Transferencia,Telefonía móvil,Centro,Hogar,47.96,0.0477,0,0,No,5,274.03,0.0
C05439,2025-07-27,,2025-12-31,0,Activo,6,4-6 meses,Dos años,Débito automático,Internet estándar,Patagonia,PyME,99.23,0.0562,0,1,Sí,5,561.92,0.0
C05440,2025-07-28,2025-09-07,2025-12-31,1,Baja,3,0-3 meses,Mes a mes,Transferencia,Internet fibra,Cuyo,Hogar,74.72,0.0529,1,1,No,3,212.3,896.64
C05441,2025-07-28,,2025-12-31,0,Activo,6,4-6 meses,Anual,Tarjeta automática,Telefonía móvil,Centro,Hogar,39.43,0.0618,0,0,Sí,3,221.96,0.0
C05442,2025-07-28,2025-09-19,2025-12-31,1,Baja,3,0-3 meses,Mes a mes,Transferencia,Telefonía móvil,Litoral,Hogar,38.3,0.043,4,0,No,3,109.96,459.6
C05443,2025-07-28,,2025-12-31,0,Activo,6,4-6 meses,Mes a mes,Tarjeta automática,Internet estándar,AMBA,Hogar,79.01,0.0286,0,0,Sí,5,460.5,0.0
C05444,2025-07-28,,2025-12-31,0,Activo,6,4-6 meses,Mes a mes,Tarjeta automática,Internet estándar,NOA,Hogar,67.29,0.0136,1,0,Sí,3,398.25,0.0
C05445,2025-07-29,,2025-12-31,0,Activo,6,4-6 meses,Dos años,Transferencia,Internet fibra,AMBA,Hogar,85.69,0.0516,0,0,No,3,487.61,0.0
C05446,2025-07-29,,2025-12-31,0,Activo,6,4-6 meses,Mes a mes,Débito automático,Internet estándar,Centro,Hogar,51.65,0.0353,0,0,Sí,5,298.96,0.0
C05447,2025-07-29,,2025-12-31,0,Activo,6,4-6 meses,Mes a mes,Transferencia,Internet fibra,Centro,Hogar,90.42,0.0614,0,0,No,4,509.21,0.0
C05448,2025-07-29,,2025-12-31,0,Activo,6,4-6 meses,Anual,Transferencia,Internet fibra,Litoral,Profesional,98.68,0.0959,0,1,No,4,535.3,0.0
C05449,2025-07-29,,2025-12-31,0,Activo,6,4-6 meses,Mes a mes,Transferencia,Telefonía móvil,Patagonia,Hogar,50.97,0.1206,3,0,No,3,268.94,0.0
C05450,2025-07-30,,2025-12-31,0,Activo,6,4-6 meses,Anual,Transferencia,Internet estándar,NOA,Profesional,73.14,0.1207,1,1,No,2,385.87,0.0
C05451,2025-07-30,,2025-12-31,0,Activo,6,4-6 meses,Dos años,Cheque electrónico,Telefonía móvil,Cuyo,PyME,98.41,0.0214,0,0,No,4,577.82,0.0
C05452,2025-07-30,2025-07-20,2025-12-31,1,Baja,1,0-3 meses,Mes a mes,Cheque electrónico,Internet estándar,Centro,Profesional,77.34,0.0348,4,3,No,1,74.65,928.08
C05453,2025-07-30,,2025-12-31,0,Activo,6,4-6 meses,Mes a mes,Tarjeta automática,Internet fibra,AMBA,Hogar,73.38,0.017,1,0,Sí,2,432.8,0.0
C05454,2025-07-30,,2025-12-31,0,Activo,6,4-6 meses,Dos años,Débito automático,Internet estándar,Litoral,Hogar,49.64,0.0416,1,0,Sí,3,285.45,0.0
C05455,2025-07-30,,2025-12-31,0,Activo,6,4-6 meses,Mes a mes,Transferencia,Internet fibra,NOA,Hogar,67.23,0.0225,1,0,No,4,394.3,0.0
C05456,2025-07-30,,2025-12-31,0,Activo,6,4-6 meses,Mes a mes,Tarjeta automática,Streaming,AMBA,Hogar,19.5,0.0515,0,0,Sí,4,110.97,0.0
C05457,2025-07-31,,2025-12-31,0,Activo,6,4-6 meses,Dos años,Tarjeta automática,Telefonía móvil,NOA,Hogar,18.0,0.0917,2,0,Sí,3,98.1,0.0
C05458,2025-07-31,,2025-12-31,0,Activo,6,4-6 meses,Dos años,Tarjeta automática,Telefonía móvil,Centro,PyME,102.02,0.0789,4,1,Sí,1,563.82,0.0
C05459,2025-07-31,,2025-12-31,0,Activo,6,4-6 meses,Anual,Débito automático,Telefonía móvil,NOA,Hogar,50.05,0.0285,1,0,Sí,4,291.74,0.0
C05460,2025-07-31,,2025-12-31,0,Activo,6,4-6 meses,Mes a mes,Débito automático,Telefonía móvil,AMBA,Hogar,53.94,0.0626,0,0,Sí,5,303.38,0.0
C05461,2025-08-01,,2025-12-31,0,Activo,5,4-6 meses,Dos años,Transferencia,Telefonía móvil,NOA,Profesional,47.87,0.0964,3,1,No,3,216.28,0.0
C05462,2025-08-01,,2025-12-31,0,Activo,5,4-6 meses,Anual,Transferencia,Internet estándar,Centro,PyME,108.84,0.0883,0,1,No,4,496.15,0.0
C05463,2025-08-01,,2025-12-31,0,Activo,5,4-6 meses,Anual,Transferencia,Streaming,Centro,Profesional,46.99,0.0174,0,0,No,5,230.86,0.0
C05464,2025-08-02,,2025-12-31,0,Activo,5,4-6 meses,Dos años,Tarjeta automática,Internet estándar,Centro,Hogar,57.11,0.0149,1,1,Sí,3,281.3,0.0
C05465,2025-08-02,,2025-12-31,0,Activo,5,4-6 meses,Anual,Transferencia,Internet fibra,AMBA,Hogar,70.83,0.0791,0,0,No,4,326.14,0.0
C05466,2025-08-02,,2025-12-31,0,Activo,5,4-6 meses,Mes a mes,Transferencia,Streaming,Patagonia,Hogar,25.3,0.0288,0,0,No,4,122.86,0.0
C05467,2025-08-02,,2025-12-31,0,Activo,5,4-6 meses,Mes a mes,Tarjeta automática,Streaming,AMBA,Hogar,18.0,0.058,0,1,Sí,4,84.78,0.0
C05468,2025-08-02,,2025-12-31,0,Activo,5,4-6 meses,Mes a mes,Tarjeta automática,Internet fibra,Cuyo,Profesional,88.11,0.0177,1,0,Sí,5,432.75,0.0
C05469,2025-08-03,,2025-12-31,0,Activo,5,4-6 meses,Mes a mes,Tarjeta automática,Telefonía móvil,NOA,Profesional,60.03,0.086,0,1,Sí,5,274.34,0.0
C05470,2025-08-03,,2025-12-31,0,Activo,5,4-6 meses,Mes a mes,Cheque electrónico,Internet fibra,Cuyo,Hogar,79.92,0.0215,5,1,No,4,391.01,0.0
C05471,2025-08-04,,2025-12-31,0,Activo,5,4-6 meses,Mes a mes,Débito automático,Streaming,Patagonia,PyME,65.46,0.053,2,0,Sí,4,309.95,0.0
C05472,2025-08-04,,2025-12-31,0,Activo,5,4-6 meses,Anual,Tarjeta automática,Telefonía móvil,Patagonia,Hogar,36.37,0.1062,3,0,Sí,3,162.54,0.0
C05473,2025-08-04,,2025-12-31,0,Activo,5,4-6 meses,Mes a mes,Tarjeta automática,Internet fibra,Patagonia,Hogar,79.76,0.0303,2,0,Sí,2,386.72,0.0
C05474,2025-08-05,,2025-12-31,0,Activo,5,4-6 meses,Mes a mes,Tarjeta automática,Telefonía móvil,NOA,Profesional,75.49,0.0287,0,0,Sí,4,366.62,0.0
C05475,2025-08-05,,2025-12-31,0,Activo,5,4-6 meses,Mes a mes,Débito automático,Telefonía móvil,AMBA,Hogar,32.7,0.1121,1,1,Sí,3,145.17,0.0
C05476,2025-08-05,2025-11-04,2025-12-31,1,Baja,4,4-6 meses,Mes a mes,Cheque electrónico,Streaming,Centro,Hogar,34.39,0.0803,1,2,No,3,126.51,412.68
C05477,2025-08-05,,2025-12-31,0,Activo,5,4-6 meses,Anual,Débito automático,Telefonía móvil,Centro,Hogar,35.82,0.1029,0,0,Sí,5,160.67,0.0
C05478,2025-08-06,,2025-12-31,0,Activo,5,4-6 meses,Mes a mes,Cheque electrónico,Streaming,AMBA,Hogar,24.1,0.0902,0,2,No,5,109.63,0.0
C05479,2025-08-06,,2025-12-31,0,Activo,5,4-6 meses,Mes a mes,Tarjeta automática,Internet estándar,AMBA,Hogar,39.35,0.1051,0,2,Sí,3,176.07,0.0
C05480,2025-08-06,,2025-12-31,0,Activo,5,4-6 meses,Anual,Débito automático,Streaming,AMBA,Profesional,35.51,0.0735,1,0,Sí,3,164.5,0.0
C05481,2025-08-06,,2025-12-31,0,Activo,5,4-6 meses,Mes a mes,Cheque electrónico,Internet estándar,NOA,Hogar,43.78,0.0516,1,0,No,4,207.6,0.0
C05482,2025-08-06,2025-10-10,2025-12-31,1,Baja,3,0-3 meses,Mes a mes,Transferencia,Internet estándar,NOA,PyME,115.53,0.1048,5,1,No,1,310.27,1386.36
C05483,2025-08-06,,2025-12-31,0,Activo,5,4-6 meses,Anual,Cheque electrónico,Internet fibra,Litoral,Profesional,87.7,0.1324,1,0,No,5,380.44,0.0
C05484,2025-08-07,,2025-12-31,0,Activo,5,4-6 meses,Mes a mes,Tarjeta automática,Internet estándar,NOA,Profesional,56.98,0.1118,1,1,Sí,4,253.05,0.0
C05485,2025-08-07,,2025-12-31,0,Activo,5,4-6 meses,Anual,Débito automático,Telefonía móvil,Cuyo,PyME,99.3,0.0343,1,0,Sí,3,479.47,0.0
C05486,2025-08-07,,2025-12-31,0,Activo,5,4-6 meses,Anual,Transferencia,Telefonía móvil,Cuyo,Profesional,60.06,0.0422,0,0,No,3,287.63,0.0
C05487,2025-08-07,,2025-12-31,0,Activo,5,4-6 meses,Dos años,Tarjeta automática,Telefonía móvil,NOA,Hogar,41.25,0.0467,1,0,Sí,5,196.62,0.0
C05488,2025-08-07,,2025-12-31,0,Activo,5,4-6 meses,Mes a mes,Cheque electrónico,Internet fibra,AMBA,PyME,135.79,0.0056,1,2,No,4,675.15,0.0
C05489,2025-08-08,,2025-12-31,0,Activo,5,4-6 meses,Anual,Débito automático,Internet estándar,AMBA,Hogar,37.89,0.0632,0,0,Sí,5,177.48,0.0
C05490,2025-08-08,,2025-12-31,0,Activo,5,4-6 meses,Anual,Tarjeta automática,Internet estándar,Litoral,Hogar,39.11,0.07,1,0,Sí,3,181.86,0.0
C05491,2025-08-09,,2025-12-31,0,Activo,5,4-6 meses,Mes a mes,Transferencia,Internet fibra,Centro,Hogar,88.85,0.0538,0,0,No,5,420.35,0.0
C05492,2025-08-09,,2025-12-31,0,Activo,5,4-6 meses,Dos años,Transferencia,Streaming,Patagonia,Hogar,27.39,0.0555,0,0,No,4,129.35,0.0
C05493,2025-08-09,,2025-12-31,0,Activo,5,4-6 meses,Mes a mes,Cheque electrónico,Internet estándar,Litoral,Hogar,55.56,0.0409,3,2,No,2,266.44,0.0
C05494,2025-08-09,,2025-12-31,0,Activo,5,4-6 meses,Dos años,Cheque electrónico,Telefonía móvil,Centro,PyME,110.46,0.0428,0,1,No,3,528.66,0.0
C05495,2025-08-09,,2025-12-31,0,Activo,5,4-6 meses,Anual,Tarjeta automática,Internet fibra,AMBA,Profesional,105.3,0.0707,0,0,Sí,4,489.28,0.0
C05496,2025-08-09,,2025-12-31,0,Activo,5,4-6 meses,Mes a mes,Transferencia,Telefonía móvil,AMBA,Hogar,26.93,0.0146,0,1,No,4,132.68,0.0
C05497,2025-08-10,,2025-12-31,0,Activo,5,4-6 meses,Mes a mes,Cheque electrónico,Telefonía móvil,Cuyo,Hogar,40.72,0.0077,1,1,No,3,202.03,0.0
C05498,2025-08-10,,2025-12-31,0,Activo,5,4-6 meses,Dos años,Tarjeta automática,Streaming,Centro,Hogar,40.45,0.0337,2,0,Sí,4,195.43,0.0
C05499,2025-08-10,,2025-12-31,0,Activo,5,4-6 meses,Mes a mes,Débito automático,Internet fibra,AMBA,Hogar,83.75,0.1257,1,1,Sí,3,366.11,0.0
C05500,2025-08-10,2025-11-22,2025-12-31,1,Baja,4,4-6 meses,Mes a mes,Cheque electrónico,Internet fibra,Patagonia,Hogar,80.02,0.0532,0,2,No,4,303.05,960.24
C05501,2025-08-10,,2025-12-31,0,Activo,5,4-6 meses,Mes a mes,Tarjeta automática,Telefonía móvil,NOA,Profesional,41.96,0.1152,2,0,Sí,3,185.63,0.0
C05502,2025-08-11,2025-10-26,2025-12-31,1,Baja,3,0-3 meses,Anual,Cheque electrónico,Internet fibra,NOA,Hogar,71.22,0.0609,0,0,No,4,200.65,854.64
C05503,2025-08-11,2025-11-21,2025-12-31,1,Baja,4,4-6 meses,Mes a mes,Débito automático,Internet fibra,AMBA,Hogar,78.76,0.0839,5,1,Sí,2,288.61,945.12
C05504,2025-08-11,,2025-12-31,0,Activo,5,4-6 meses,Anual,Cheque electrónico,Telefonía móvil,Centro,Hogar,26.32,0.0595,1,1,No,3,123.77,0.0
C05505,2025-08-11,,2025-12-31,0,Activo,5,4-6 meses,Anual,Transferencia,Telefonía móvil,Cuyo,Hogar,50.73,0.0612,1,0,No,4,238.13,0.0
C05506,2025-08-11,2025-08-23,2025-12-31,1,Baja,1,0-3 meses,Mes a mes,Transferencia,Streaming,NOA,Hogar,27.71,0.0669,0,0,No,4,25.86,332.52
C05507,2025-08-11,,2025-12-31,0,Activo,5,4-6 meses,Mes a mes,Transferencia,Internet fibra,Litoral,Hogar,56.22,0.0214,1,1,No,5,275.08,0.0
C05508,2025-08-11,,2025-12-31,0,Activo,5,4-6 meses,Mes a mes,Tarjeta automática,Internet estándar,Cuyo,Hogar,42.77,0.0459,0,0,Sí,4,204.03,0.0
C05509,2025-08-12,,2025-12-31,0,Activo,5,4-6 meses,Dos años,Transferencia,Telefonía móvil,NOA,Hogar,38.85,0.0315,2,1,No,3,188.13,0.0
C05510,2025-08-12,,2025-12-31,0,Activo,5,4-6 meses,Dos años,Cheque electrónico,Internet estándar,Litoral,Hogar,47.57,0.0528,0,1,No,4,225.29,0.0
C05511,2025-08-12,,2025-12-31,0,Activo,5,4-6 meses,Mes a mes,Cheque electrónico,Internet fibra,NOA,Hogar,93.62,0.0156,0,1,No,4,460.8,0.0
C05512,2025-08-12,,2025-12-31,0,Activo,5,4-6 meses,Mes a mes,Cheque electrónico,Internet fibra,NOA,Hogar,84.36,0.0409,0,3,No,3,404.55,0.0
C05513,2025-08-12,,2025-12-31,0,Activo,5,4-6 meses,Mes a mes,Transferencia,Streaming,NOA,Hogar,18.0,0.0234,1,1,No,3,87.89,0.0
C05514,2025-08-13,,2025-12-31,0,Activo,5,4-6 meses,Dos años,Transferencia,Internet fibra,Litoral,Profesional,79.62,0.022,3,0,No,2,389.34,0.0
C05515,2025-08-13,,2025-12-31,0,Activo,5,4-6 meses,Mes a mes,Débito automático,Telefonía móvil,Cuyo,Hogar,39.07,0.0266,5,0,Sí,2,190.15,0.0
C05516,2025-08-13,,2025-12-31,0,Activo,5,4-6 meses,Mes a mes,Transferencia,Internet fibra,AMBA,Profesional,97.39,0.0603,0,2,No,5,457.59,0.0
C05517,2025-08-13,,2025-12-31,0,Activo,5,4-6 meses,Dos años,Transferencia,Internet fibra,Patagonia,Hogar,88.92,0.0576,1,0,No,4,418.99,0.0
C05518,2025-08-13,,2025-12-31,0,Activo,5,4-6 meses,Mes a mes,Tarjeta automática,Telefonía móvil,Centro,Hogar,61.03,0.0374,4,0,Sí,1,293.74,0.0
C05519,2025-08-13,,2025-12-31,0,Activo,5,4-6 meses,Mes a mes,Tarjeta automática,Telefonía móvil,AMBA,Hogar,61.63,0.029,3,0,Sí,1,299.21,0.0
C05520,2025-08-14,,2025-12-31,0,Activo,5,4-6 meses,Mes a mes,Transferencia,Streaming,Patagonia,PyME,79.13,0.0731,5,0,No,4,366.73,0.0
C05521,2025-08-14,,2025-12-31,0,Activo,5,4-6 meses,Anual,Débito automático,Telefonía móvil,Cuyo,Hogar,52.28,0.0372,0,0,Sí,4,251.68,0.0
C05522,2025-08-14,,2025-12-31,0,Activo,5,4-6 meses,Mes a mes,Tarjeta automática,Internet fibra,Litoral,Profesional,100.68,0.0007,1,0,Sí,5,503.05,0.0
C05523,2025-08-14,,2025-12-31,0,Activo,5,4-6 meses,Dos años,Tarjeta automática,Internet estándar,Patagonia,PyME,92.0,0.0624,2,1,Sí,3,431.3,0.0
C05524,2025-08-14,2025-08-06,2025-12-31,1,Baja,1,0-3 meses,Mes a mes,Cheque electrónico,Internet fibra,Centro,Hogar,57.23,0.0191,2,2,No,2,56.14,686.76
C05525,2025-08-15,,2025-12-31,0,Activo,5,4-6 meses,Mes a mes,Cheque electrónico,Internet estándar,Patagonia,Hogar,50.59,0.0272,1,1,No,3,246.07,0.0
C05526,2025-08-15,,2025-12-31,0,Activo,5,4-6 meses,Anual,Transferencia,Telefonía móvil,Litoral,Hogar,25.55,0.0293,1,0,No,4,124.01,0.0
C05527,2025-08-15,,2025-12-31,0,Activo,5,4-6 meses,Anual,Cheque electrónico,Telefonía móvil,Litoral,Profesional,50.63,0.1408,1,1,No,3,217.51,0.0
C05528,2025-08-15,,2025-12-31,0,Activo,5,4-6 meses,Anual,Cheque electrónico,Internet fibra,Centro,Hogar,70.47,0.0926,4,0,No,2,319.72,0.0
C05529,2025-08-15,,2025-12-31,0,Activo,5,4-6 meses,Anual,Tarjeta automática,Internet estándar,Patagonia,PyME,106.41,0.0047,0,0,Sí,3,529.55,0.0
C05530,2025-08-15,,2025-12-31,0,Activo,5,4-6 meses,Mes a mes,Tarjeta automática,Telefonía móvil,Centro,Hogar,56.09,0.1081,1,0,Sí,3,250.13,0.0
C05531,2025-08-15,,2025-12-31,0,Activo,5,4-6 meses,Anual,Tarjeta automática,Streaming,Litoral,PyME,84.14,0.0687,2,0,Sí,4,391.8,0.0
C05532,2025-08-15,,2025-12-31,0,Activo,5,4-6 meses,Mes a mes,Tarjeta automática,Internet fibra,Patagonia,Hogar,72.07,0.0689,3,1,Sí,1,335.52,0.0
C05533,2025-08-16,,2025-12-31,0,Activo,5,4-6 meses,Mes a mes,Débito automático,Internet estándar,AMBA,Hogar,26.25,0.0352,1,0,Sí,3,126.63,0.0
C05534,2025-08-16,,2025-12-31,0,Activo,5,4-6 meses,Dos años,Tarjeta automática,Internet estándar,Cuyo,Hogar,54.04,0.1222,0,0,Sí,5,237.18,0.0
C05535,2025-08-16,,2025-12-31,0,Activo,5,4-6 meses,Anual,Cheque electrónico,Internet estándar,Patagonia,PyME,104.31,0.0834,0,4,No,4,478.05,0.0
C05536,2025-08-17,,2025-12-31,0,Activo,5,4-6 meses,Mes a mes,Transferencia,Internet estándar,Centro,Hogar,42.95,0.171,1,0,No,3,178.03,0.0
C05537,2025-08-17,,2025-12-31,0,Activo,5,4-6 meses,Mes a mes,Débito automático,Internet estándar,AMBA,Profesional,79.83,0.0154,1,0,Sí,5,393.0,0.0
C05538,2025-08-18,,2025-12-31,0,Activo,5,4-6 meses,Dos años,Cheque electrónico,Internet estándar,Cuyo,Hogar,35.9,0.0598,3,0,No,3,168.77,0.0
C05539,2025-08-18,2025-11-27,2025-12-31,1,Baja,4,4-6 meses,Mes a mes,Cheque electrónico,Internet estándar,Cuyo,Hogar,41.47,0.0607,0,0,No,3,155.81,497.64
C05540,2025-08-18,,2025-12-31,0,Activo,5,4-6 meses,Mes a mes,Transferencia,Internet fibra,NOA,Hogar,75.3,0.2034,3,0,No,3,299.92,0.0
C05541,2025-08-18,,2025-12-31,0,Activo,5,4-6 meses,Mes a mes,Cheque electrónico,Internet fibra,Patagonia,Profesional,89.82,0.0517,0,1,No,3,425.88,0.0
C05542,2025-08-18,,2025-12-31,0,Activo,5,4-6 meses,Mes a mes,Cheque electrónico,Internet estándar,Centro,Hogar,55.06,0.093,0,1,No,3,249.7,0.0
C05543,2025-08-18,,2025-12-31,0,Activo,5,4-6 meses,Mes a mes,Transferencia,Telefonía móvil,Centro,Profesional,65.1,0.0885,1,0,No,4,296.69,0.0
C05544,2025-08-18,,2025-12-31,0,Activo,5,4-6 meses,Dos años,Cheque electrónico,Telefonía móvil,Centro,Profesional,71.56,0.0587,3,0,No,3,336.8,0.0
C05545,2025-08-18,,2025-12-31,0,Activo,5,4-6 meses,Mes a mes,Tarjeta automática,Internet fibra,NOA,PyME,138.53,0.0192,2,0,Sí,3,679.35,0.0
C05546,2025-08-19,,2025-12-31,0,Activo,5,4-6 meses,Mes a mes,Débito automático,Internet estándar,Cuyo,Profesional,65.73,0.0787,0,0,Sí,4,302.79,0.0
C05547,2025-08-19,,2025-12-31,0,Activo,5,4-6 meses,Anual,Débito automático,Streaming,NOA,Hogar,25.26,0.0318,0,0,Sí,4,122.28,0.0
C05548,2025-08-19,,2025-12-31,0,Activo,5,4-6 meses,Mes a mes,Tarjeta automática,Internet estándar,AMBA,Hogar,54.01,0.1114,0,2,Sí,5,239.97,0.0
C05549,2025-08-19,,2025-12-31,0,Activo,5,4-6 meses,Anual,Tarjeta automática,Streaming,Litoral,Hogar,26.91,0.0681,0,1,Sí,5,125.39,0.0
C05550,2025-08-19,,2025-12-31,0,Activo,5,4-6 meses,Anual,Tarjeta automática,Telefonía móvil,AMBA,Hogar,42.52,0.0805,0,0,Sí,3,195.49,0.0
C05551,2025-08-19,,2025-12-31,0,Activo,5,4-6 meses,Anual,Tarjeta automática,Internet fibra,Litoral,Profesional,101.61,0.0447,1,0,Sí,2,485.34,0.0
C05552,2025-08-19,,2025-12-31,0,Activo,5,4-6 meses,Anual,Tarjeta automática,Internet estándar,AMBA,Hogar,50.52,0.017,0,0,Sí,3,248.31,0.0
C05553,2025-08-19,,2025-12-31,0,Activo,5,4-6 meses,Anual,Débito automático,Internet estándar,AMBA,Hogar,52.39,0.0082,1,1,Sí,5,259.8,0.0
C05554,2025-08-20,,2025-12-31,0,Activo,5,4-6 meses,Anual,Cheque electrónico,Internet estándar,AMBA,Hogar,40.3,0.0113,0,2,No,1,199.22,0.0
C05555,2025-08-20,,2025-12-31,0,Activo,5,4-6 meses,Anual,Transferencia,Internet fibra,Patagonia,Profesional,110.85,0.1443,3,0,No,2,474.27,0.0
C05556,2025-08-20,,2025-12-31,0,Activo,5,4-6 meses,Mes a mes,Transferencia,Streaming,Litoral,Hogar,18.0,0.1177,1,0,No,5,79.41,0.0
C05557,2025-08-21,,2025-12-31,0,Activo,5,4-6 meses,Anual,Tarjeta automática,Internet fibra,Litoral,PyME,137.83,0.0546,0,0,Sí,5,651.52,0.0
C05558,2025-08-21,,2025-12-31,0,Activo,5,4-6 meses,Anual,Cheque electrónico,Streaming,Centro,Hogar,23.66,0.0459,2,0,No,3,112.87,0.0
C05559,2025-08-21,,2025-12-31,0,Activo,5,4-6 meses,Mes a mes,Tarjeta automática,Streaming,Centro,Hogar,40.91,0.0745,4,0,Sí,3,189.31,0.0
C05560,2025-08-21,,2025-12-31,0,Activo,5,4-6 meses,Dos años,Tarjeta automática,Internet estándar,Cuyo,PyME,113.72,0.0206,2,0,Sí,3,556.89,0.0
C05561,2025-08-21,,2025-12-31,0,Activo,5,4-6 meses,Mes a mes,Débito automático,Telefonía móvil,NOA,Hogar,41.98,0.0632,2,1,Sí,3,196.63,0.0
C05562,2025-08-21,,2025-12-31,0,Activo,5,4-6 meses,Mes a mes,Cheque electrónico,Telefonía móvil,Patagonia,Hogar,59.1,0.0711,1,1,No,4,274.49,0.0
C05563,2025-08-22,,2025-12-31,0,Activo,5,4-6 meses,Dos años,Cheque electrónico,Internet estándar,AMBA,PyME,101.94,0.1011,0,1,No,5,458.17,0.0
C05564,2025-08-22,,2025-12-31,0,Activo,5,4-6 meses,Mes a mes,Cheque electrónico,Telefonía móvil,AMBA,Hogar,51.7,0.1207,0,1,No,2,227.3,0.0
C05565,2025-08-22,,2025-12-31,0,Activo,5,4-6 meses,Mes a mes,Transferencia,Telefonía móvil,Cuyo,Hogar,34.01,0.1226,2,1,No,2,149.2,0.0
C05566,2025-08-22,,2025-12-31,0,Activo,5,4-6 meses,Mes a mes,Débito automático,Internet fibra,Centro,PyME,137.45,0.0626,1,1,Sí,3,644.23,0.0
C05567,2025-08-22,,2025-12-31,0,Activo,5,4-6 meses,Dos años,Transferencia,Streaming,Cuyo,Hogar,18.74,0.0593,1,0,No,3,88.14,0.0
C05568,2025-08-22,,2025-12-31,0,Activo,5,4-6 meses,Mes a mes,Tarjeta automática,Streaming,NOA,PyME,84.21,0.0356,2,0,Sí,3,406.06,0.0
C05569,2025-08-22,,2025-12-31,0,Activo,5,4-6 meses,Anual,Tarjeta automática,Streaming,Centro,Profesional,46.43,0.0943,1,0,Sí,4,210.26,0.0
C05570,2025-08-22,,2025-12-31,0,Activo,5,4-6 meses,Anual,Cheque electrónico,Telefonía móvil,Litoral,Hogar,51.66,0.0385,3,1,No,1,248.36,0.0
C05571,2025-08-22,,2025-12-31,0,Activo,5,4-6 meses,Anual,Cheque electrónico,Internet estándar,Cuyo,Hogar,41.62,0.0332,3,4,No,2,201.19,0.0
C05572,2025-08-23,,2025-12-31,0,Activo,5,4-6 meses,Dos años,Débito automático,Internet fibra,Litoral,Hogar,111.81,0.0958,0,0,Sí,4,505.49,0.0
C05573,2025-08-23,,2025-12-31,0,Activo,5,4-6 meses,Anual,Tarjeta automática,Internet estándar,Litoral,Hogar,33.8,0.1047,1,0,Sí,5,151.31,0.0
C05574,2025-08-23,,2025-12-31,0,Activo,5,4-6 meses,Mes a mes,Tarjeta automática,Telefonía móvil,Litoral,Hogar,44.56,0.0534,0,0,Sí,5,210.9,0.0
C05575,2025-08-23,,2025-12-31,0,Activo,5,4-6 meses,Dos años,Débito automático,Internet estándar,Centro,Profesional,70.17,0.0382,3,1,Sí,2,337.45,0.0
C05576,2025-08-23,,2025-12-31,0,Activo,5,4-6 meses,Mes a mes,Tarjeta automática,Internet fibra,NOA,PyME,138.92,0.1487,4,0,Sí,3,591.31,0.0
C05577,2025-08-24,,2025-12-31,0,Activo,5,4-6 meses,Mes a mes,Transferencia,Internet fibra,Centro,PyME,127.33,0.0438,0,1,No,2,608.76,0.0
C05578,2025-08-24,,2025-12-31,0,Activo,5,4-6 meses,Mes a mes,Tarjeta automática,Streaming,AMBA,PyME,86.66,0.0471,1,0,Sí,2,412.89,0.0
C05579,2025-08-24,,2025-12-31,0,Activo,5,4-6 meses,Anual,Tarjeta automática,Internet fibra,AMBA,Hogar,71.79,0.0737,0,0,Sí,5,332.5,0.0
C05580,2025-08-24,,2025-12-31,0,Activo,5,4-6 meses,Mes a mes,Tarjeta automática,Internet estándar,AMBA,Hogar,69.6,0.0347,2,0,Sí,3,335.92,0.0
C05581,2025-08-24,,2025-12-31,0,Activo,5,4-6 meses,Anual,Transferencia,Internet fibra,Cuyo,Hogar,71.01,0.0548,1,0,No,5,335.59,0.0
C05582,2025-08-24,,2025-12-31,0,Activo,5,4-6 meses,Mes a mes,Débito automático,Internet estándar,Patagonia,Hogar,47.37,0.0321,6,0,Sí,2,229.25,0.0
C05583,2025-08-24,,2025-12-31,0,Activo,5,4-6 meses,Mes a mes,Débito automático,Internet fibra,AMBA,PyME,125.7,0.0565,0,0,Sí,3,592.99,0.0
C05584,2025-08-24,,2025-12-31,0,Activo,5,4-6 meses,Mes a mes,Transferencia,Internet fibra,AMBA,PyME,124.2,0.1004,1,0,No,4,558.65,0.0
C05585,2025-08-25,,2025-12-31,0,Activo,5,4-6 meses,Dos años,Cheque electrónico,Streaming,Litoral,Profesional,31.59,0.0434,0,1,No,3,151.09,0.0
C05586,2025-08-25,,2025-12-31,0,Activo,5,4-6 meses,Mes a mes,Tarjeta automática,Internet fibra,Litoral,Hogar,85.39,0.0291,1,0,Sí,4,414.53,0.0
C05587,2025-08-25,,2025-12-31,0,Activo,5,4-6 meses,Mes a mes,Transferencia,Internet fibra,Litoral,Hogar,70.6,0.0314,1,0,No,3,341.92,0.0
C05588,2025-08-25,,2025-12-31,0,Activo,5,4-6 meses,Mes a mes,Tarjeta automática,Streaming,AMBA,Hogar,20.23,0.0058,2,0,Sí,4,100.56,0.0
C05589,2025-08-25,,2025-12-31,0,Activo,5,4-6 meses,Mes a mes,Transferencia,Internet fibra,Centro,Hogar,67.41,0.1259,0,0,No,5,294.62,0.0
C05590,2025-08-25,,2025-12-31,0,Activo,5,4-6 meses,Anual,Débito automático,Internet fibra,Cuyo,Hogar,81.35,0.0865,1,0,Sí,3,371.57,0.0
C05591,2025-08-25,,2025-12-31,0,Activo,5,4-6 meses,Mes a mes,Cheque electrónico,Internet estándar,Patagonia,Profesional,67.24,0.0123,0,1,No,3,332.06,0.0
C05592,2025-08-26,,2025-12-31,0,Activo,5,4-6 meses,Mes a mes,Cheque electrónico,Internet estándar,Litoral,Hogar,49.29,0.0188,2,0,No,4,241.82,0.0
C05593,2025-08-27,,2025-12-31,0,Activo,5,4-6 meses,Dos años,Transferencia,Internet estándar,Patagonia,Profesional,58.63,0.1496,3,0,No,2,249.29,0.0
C05594,2025-08-27,,2025-12-31,0,Activo,5,4-6 meses,Mes a mes,Cheque electrónico,Telefonía móvil,Litoral,PyME,101.79,0.0641,0,3,No,3,476.33,0.0
C05595,2025-08-27,,2025-12-31,0,Activo,5,4-6 meses,Mes a mes,Tarjeta automática,Internet estándar,Cuyo,Hogar,41.71,0.0599,1,0,Sí,3,196.06,0.0
C05596,2025-08-27,,2025-12-31,0,Activo,5,4-6 meses,Anual,Transferencia,Internet estándar,Litoral,Hogar,49.77,0.0796,1,1,No,3,229.04,0.0
C05597,2025-08-27,,2025-12-31,0,Activo,5,4-6 meses,Anual,Tarjeta automática,Telefonía móvil,Cuyo,Profesional,58.46,0.0484,1,0,Sí,4,278.15,0.0
C05598,2025-08-27,,2025-12-31,0,Activo,5,4-6 meses,Anual,Tarjeta automática,Internet estándar,AMBA,PyME,85.43,0.039,0,0,Sí,5,410.49,0.0
C05599,2025-08-27,,2025-12-31,0,Activo,5,4-6 meses,Mes a mes,Débito automático,Telefonía móvil,Litoral,Hogar,64.32,0.0572,0,0,Sí,4,303.2,0.0
C05600,2025-08-29,,2025-12-31,0,Activo,5,4-6 meses,Mes a mes,Transferencia,Internet estándar,Centro,Profesional,73.32,0.0785,3,2,No,1,337.82,0.0
C05601,2025-08-29,,2025-12-31,0,Activo,5,4-6 meses,Mes a mes,Transferencia,Streaming,Centro,Hogar,30.98,0.0475,0,0,No,4,147.54,0.0
C05602,2025-08-29,,2025-12-31,0,Activo,5,4-6 meses,Mes a mes,Cheque electrónico,Telefonía móvil,Patagonia,Hogar,45.72,0.03,1,1,No,3,221.74,0.0
C05603,2025-08-29,,2025-12-31,0,Activo,5,4-6 meses,Mes a mes,Débito automático,Internet fibra,AMBA,Hogar,100.58,0.1024,0,1,Sí,5,451.4,0.0
C05604,2025-08-29,,2025-12-31,0,Activo,5,4-6 meses,Dos años,Cheque electrónico,Telefonía móvil,AMBA,Hogar,54.51,0.0828,2,1,No,2,249.98,0.0
C05605,2025-08-29,,2025-12-31,0,Activo,5,4-6 meses,Anual,Cheque electrónico,Internet estándar,Cuyo,Hogar,52.84,0.0616,2,1,No,3,247.93,0.0
C05606,2025-08-30,,2025-12-31,0,Activo,5,4-6 meses,Mes a mes,Cheque electrónico,Streaming,Litoral,Profesional,39.21,0.0173,0,2,No,4,192.66,0.0
C05607,2025-08-30,,2025-12-31,0,Activo,5,4-6 meses,Mes a mes,Tarjeta automática,Internet estándar,NOA,Hogar,42.94,0.0917,2,0,Sí,3,195.01,0.0
C05608,2025-08-31,,2025-12-31,0,Activo,5,4-6 meses,Anual,Débito automático,Internet fibra,Litoral,Hogar,58.16,0.0096,3,0,Sí,4,288.01,0.0
C05609,2025-08-31,,2025-12-31,0,Activo,5,4-6 meses,Mes a mes,Transferencia,Internet fibra,Centro,Profesional,91.95,0.0629,2,1,No,3,430.83,0.0
C05610,2025-08-31,,2025-12-31,0,Activo,5,4-6 meses,Mes a mes,Cheque electrónico,Telefonía móvil,Cuyo,Hogar,49.28,0.1157,4,1,No,4,217.89,0.0
C05611,2025-08-31,,2025-12-31,0,Activo,5,4-6 meses,Mes a mes,Tarjeta automática,Streaming,Cuyo,Hogar,35.97,0.0184,0,0,Sí,4,176.54,0.0
C05612,2025-08-31,,2025-12-31,0,Activo,5,4-6 meses,Anual,Débito automático,Telefonía móvil,Cuyo,Hogar,48.78,0.0798,1,1,Sí,3,224.44,0.0
C05613,2025-08-31,,2025-12-31,0,Activo,5,4-6 meses,Anual,Débito automático,Internet fibra,Patagonia,Hogar,72.33,0.0592,0,0,Sí,5,340.24,0.0
C05614,2025-08-31,,2025-12-31,0,Activo,5,4-6 meses,Mes a mes,Tarjeta automática,Internet fibra,Patagonia,Hogar,84.06,0.0551,0,0,Sí,5,397.14,0.0
C05615,2025-08-31,,2025-12-31,0,Activo,5,4-6 meses,Mes a mes,Cheque electrónico,Internet estándar,Patagonia,Profesional,76.07,0.0373,0,3,No,3,366.16,0.0
C05616,2025-08-31,,2025-12-31,0,Activo,5,4-6 meses,Anual,Tarjeta automática,Internet fibra,Cuyo,Hogar,53.5,0.0416,0,0,Sí,4,256.37,0.0
C05617,2025-08-31,,2025-12-31,0,Activo,5,4-6 meses,Anual,Débito automático,Internet estándar,Centro,Hogar,52.35,0.0561,0,1,Sí,5,247.07,0.0
C05618,2025-08-31,,2025-12-31,0,Activo,5,4-6 meses,Anual,Transferencia,Telefonía móvil,AMBA,Hogar,64.89,0.0323,3,0,No,3,313.97,0.0
C05619,2025-09-01,,2025-12-31,0,Activo,4,4-6 meses,Mes a mes,Débito automático,Telefonía móvil,Patagonia,Profesional,56.79,0.0401,0,1,Sí,3,218.05,0.0
C05620,2025-09-01,,2025-12-31,0,Activo,4,4-6 meses,Anual,Tarjeta automática,Internet estándar,NOA,Hogar,21.26,0.0542,0,0,Sí,4,80.43,0.0
C05621,2025-09-01,,2025-12-31,0,Activo,4,4-6 meses,Dos años,Transferencia,Internet estándar,AMBA,Hogar,40.06,0.012,0,0,No,5,158.32,0.0
C05622,2025-09-01,,2025-12-31,0,Activo,4,4-6 meses,Anual,Débito automático,Streaming,AMBA,Hogar,18.0,0.0795,1,1,Sí,3,66.28,0.0
C05623,2025-09-01,2025-09-08,2025-12-31,1,Baja,1,0-3 meses,Mes a mes,Cheque electrónico,Streaming,Centro,Profesional,40.02,0.1455,2,1,No,3,34.2,480.24
C05624,2025-09-01,,2025-12-31,0,Activo,4,4-6 meses,Anual,Transferencia,Streaming,Patagonia,Profesional,33.54,0.029,1,2,No,4,130.27,0.0
C05625,2025-09-01,,2025-12-31,0,Activo,4,4-6 meses,Mes a mes,Cheque electrónico,Internet estándar,Centro,Hogar,59.24,0.0894,1,0,No,5,215.78,0.0
C05626,2025-09-01,,2025-12-31,0,Activo,4,4-6 meses,Mes a mes,Tarjeta automática,Internet fibra,AMBA,Hogar,86.56,0.1051,0,0,Sí,3,309.85,0.0
C05627,2025-09-01,,2025-12-31,0,Activo,4,4-6 meses,Mes a mes,Transferencia,Internet fibra,Cuyo,Profesional,99.77,0.0285,0,0,No,5,387.71,0.0
C05628,2025-09-03,,2025-12-31,0,Activo,4,4-6 meses,Dos años,Débito automático,Telefonía móvil,Cuyo,Hogar,55.49,0.0255,0,1,Sí,5,216.3,0.0
C05629,2025-09-03,,2025-12-31,0,Activo,4,4-6 meses,Mes a mes,Transferencia,Streaming,Cuyo,Hogar,22.78,0.0559,2,1,No,3,86.03,0.0
C05630,2025-09-03,,2025-12-31,0,Activo,4,4-6 meses,Dos años,Débito automático,Telefonía móvil,Litoral,Profesional,60.81,0.0521,2,0,Sí,3,230.57,0.0
C05631,2025-09-03,,2025-12-31,0,Activo,4,4-6 meses,Mes a mes,Tarjeta automática,Internet estándar,Centro,Hogar,73.14,0.0419,0,0,Sí,5,280.3,0.0
C05632,2025-09-03,,2025-12-31,0,Activo,4,4-6 meses,Mes a mes,Tarjeta automática,Internet estándar,AMBA,Hogar,55.44,0.0578,0,0,Sí,5,208.94,0.0
C05633,2025-09-03,,2025-12-31,0,Activo,4,4-6 meses,Mes a mes,Cheque electrónico,Internet estándar,AMBA,Profesional,73.41,0.0596,0,1,No,4,276.14,0.0
C05634,2025-09-04,,2025-12-31,0,Activo,4,4-6 meses,Anual,Cheque electrónico,Telefonía móvil,Patagonia,Profesional,51.56,0.0422,1,1,No,3,197.54,0.0
C05635,2025-09-04,,2025-12-31,0,Activo,4,4-6 meses,Mes a mes,Tarjeta automática,Internet fibra,Litoral,Hogar,73.42,0.0405,0,0,Sí,5,281.79,0.0
C05636,2025-09-04,,2025-12-31,0,Activo,4,4-6 meses,Mes a mes,Transferencia,Streaming,Centro,Hogar,18.0,0.079,3,0,No,3,66.31,0.0
C05637,2025-09-04,,2025-12-31,0,Activo,4,4-6 meses,Mes a mes,Transferencia,Internet fibra,NOA,Hogar,96.49,0.0766,0,0,No,5,356.4,0.0
C05638,2025-09-04,,2025-12-31,0,Activo,4,4-6 meses,Mes a mes,Débito automático,Internet fibra,Litoral,Hogar,60.86,0.0564,0,0,Sí,5,229.71,0.0
C05639,2025-09-04,,2025-12-31,0,Activo,4,4-6 meses,Mes a mes,Débito automático,Internet fibra,Patagonia,Hogar,88.06,0.0223,3,1,Sí,3,344.39,0.0
C05640,2025-09-05,2025-12-23,2025-12-31,1,Baja,4,4-6 meses,Mes a mes,Cheque electrónico,Internet estándar,Patagonia,Hogar,55.39,0.1117,0,3,No,4,196.81,664.68
C05641,2025-09-05,,2025-12-31,0,Activo,4,4-6 meses,Mes a mes,Transferencia,Telefonía móvil,Centro,Hogar,24.36,0.0521,1,0,No,2,92.36,0.0
C05642,2025-09-05,,2025-12-31,0,Activo,4,4-6 meses,Dos años,Transferencia,Telefonía móvil,Litoral,Hogar,54.57,0.0434,0,0,No,4,208.81,0.0
C05643,2025-09-06,,2025-12-31,0,Activo,4,4-6 meses,Mes a mes,Transferencia,Streaming,Litoral,Hogar,26.15,0.0498,4,0,No,4,99.39,0.0
C05644,2025-09-06,,2025-12-31,0,Activo,4,4-6 meses,Mes a mes,Transferencia,Internet estándar,Cuyo,Hogar,34.47,0.0778,2,0,No,4,127.15,0.0
C05645,2025-09-06,,2025-12-31,0,Activo,4,4-6 meses,Mes a mes,Tarjeta automática,Telefonía móvil,Litoral,Hogar,46.01,0.0065,1,0,Sí,3,182.84,0.0
C05646,2025-09-06,,2025-12-31,0,Activo,4,4-6 meses,Mes a mes,Cheque electrónico,Internet fibra,Cuyo,PyME,123.95,0.0411,0,2,No,4,475.42,0.0
C05647,2025-09-06,,2025-12-31,0,Activo,4,4-6 meses,Anual,Tarjeta automática,Telefonía móvil,AMBA,Hogar,39.75,0.0572,1,0,Sí,3,149.91,0.0
C05648,2025-09-07,,2025-12-31,0,Activo,4,4-6 meses,Mes a mes,Cheque electrónico,Streaming,AMBA,Profesional,41.44,0.0744,1,1,No,3,153.43,0.0
C05649,2025-09-07,2025-12-10,2025-12-31,1,Baja,4,4-6 meses,Mes a mes,Cheque electrónico,Internet estándar,Cuyo,Hogar,39.33,0.0575,1,2,No,3,148.27,471.96
C05650,2025-09-07,,2025-12-31,0,Activo,4,4-6 meses,Anual,Transferencia,Internet fibra,NOA,Profesional,82.93,0.0112,0,0,No,4,328.0,0.0
C05651,2025-09-08,,2025-12-31,0,Activo,4,4-6 meses,Mes a mes,Transferencia,Internet fibra,Centro,Hogar,86.77,0.0385,0,0,No,4,333.72,0.0
C05652,2025-09-08,,2025-12-31,0,Activo,4,4-6 meses,Dos años,Tarjeta automática,Internet estándar,Litoral,Profesional,70.57,0.0959,2,0,Sí,2,255.21,0.0
C05653,2025-09-08,,2025-12-31,0,Activo,4,4-6 meses,Dos años,Débito automático,Telefonía móvil,AMBA,PyME,99.87,0.0341,0,0,Sí,5,385.86,0.0
C05654,2025-09-09,,2025-12-31,0,Activo,4,4-6 meses,Mes a mes,Transferencia,Streaming,Litoral,Hogar,24.99,0.0153,0,0,No,5,98.43,0.0
C05655,2025-09-09,,2025-12-31,0,Activo,4,4-6 meses,Mes a mes,Tarjeta automática,Internet estándar,Centro,PyME,104.56,0.0102,1,1,Sí,2,413.97,0.0
C05656,2025-09-09,,2025-12-31,0,Activo,4,4-6 meses,Mes a mes,Tarjeta automática,Internet estándar,Cuyo,Profesional,58.9,0.0426,5,0,Sí,3,225.56,0.0
C05657,2025-09-09,2025-11-13,2025-12-31,1,Baja,3,0-3 meses,Mes a mes,Cheque electrónico,Telefonía móvil,Patagonia,Profesional,51.71,0.03,2,1,No,4,150.48,620.52
C05658,2025-09-11,,2025-12-31,0,Activo,4,4-6 meses,Mes a mes,Débito automático,Internet estándar,Cuyo,Hogar,67.81,0.0718,0,0,Sí,5,251.76,0.0
C05659,2025-09-11,2025-10-03,2025-12-31,1,Baja,2,0-3 meses,Mes a mes,Débito automático,Internet fibra,NOA,Hogar,87.73,0.0182,0,0,Sí,4,172.27,1052.76
C05660,2025-09-11,,2025-12-31,0,Activo,4,4-6 meses,Mes a mes,Tarjeta automática,Streaming,AMBA,Profesional,40.82,0.1245,2,0,Sí,3,142.95,0.0
C05661,2025-09-12,,2025-12-31,0,Activo,4,4-6 meses,Mes a mes,Transferencia,Internet estándar,AMBA,Hogar,32.54,0.031,0,0,No,5,126.13,0.0
C05662,2025-09-12,,2025-12-31,0,Activo,4,4-6 meses,Mes a mes,Débito automático,Internet estándar,Centro,Hogar,30.29,0.1509,0,0,Sí,5,102.88,0.0
C05663,2025-09-12,,2025-12-31,0,Activo,4,4-6 meses,Dos años,Cheque electrónico,Internet estándar,Centro,Hogar,42.02,0.0631,2,1,No,5,157.47,0.0
C05664,2025-09-13,,2025-12-31,0,Activo,4,4-6 meses,Dos años,Débito automático,Internet fibra,Cuyo,Hogar,79.18,0.0424,1,0,Sí,3,303.29,0.0
C05665,2025-09-13,,2025-12-31,0,Activo,4,4-6 meses,Mes a mes,Tarjeta automática,Telefonía móvil,NOA,Profesional,61.3,0.0566,1,0,Sí,5,231.32,0.0
C05666,2025-09-13,,2025-12-31,0,Activo,4,4-6 meses,Anual,Débito automático,Telefonía móvil,Centro,Profesional,61.63,0.0364,1,2,Sí,3,237.55,0.0
C05667,2025-09-13,,2025-12-31,0,Activo,4,4-6 meses,Mes a mes,Tarjeta automática,Telefonía móvil,Cuyo,PyME,100.68,0.0606,3,1,Sí,2,378.32,0.0
C05668,2025-09-13,,2025-12-31,0,Activo,4,4-6 meses,Anual,Cheque electrónico,Telefonía móvil,AMBA,Profesional,48.58,0.0376,2,0,No,4,187.01,0.0
C05669,2025-09-14,,2025-12-31,0,Activo,4,4-6 meses,Anual,Tarjeta automática,Internet estándar,Patagonia,Profesional,83.59,0.0418,0,1,Sí,4,320.38,0.0
C05670,2025-09-14,,2025-12-31,0,Activo,4,4-6 meses,Dos años,Tarjeta automática,Internet estándar,Litoral,PyME,101.83,0.0124,1,0,Sí,5,402.27,0.0
C05671,2025-09-14,,2025-12-31,0,Activo,4,4-6 meses,Mes a mes,Débito automático,Streaming,AMBA,Hogar,32.24,0.0241,0,1,Sí,3,125.85,0.0
C05672,2025-09-14,,2025-12-31,0,Activo,4,4-6 meses,Mes a mes,Tarjeta automática,Internet fibra,Cuyo,Hogar,70.78,0.0341,1,0,Sí,5,273.47,0.0
C05673,2025-09-14,,2025-12-31,0,Activo,4,4-6 meses,Dos años,Débito automático,Telefonía móvil,Centro,Profesional,63.43,0.1103,3,1,Sí,3,225.73,0.0
C05674,2025-09-14,,2025-12-31,0,Activo,4,4-6 meses,Mes a mes,Débito automático,Internet fibra,Cuyo,Profesional,118.85,0.0114,0,1,Sí,4,469.98,0.0
C05675,2025-09-15,,2025-12-31,0,Activo,4,4-6 meses,Mes a mes,Cheque electrónico,Internet estándar,Centro,Profesional,56.12,0.0293,2,2,No,2,217.9,0.0
C05676,2025-09-15,,2025-12-31,0,Activo,4,4-6 meses,Anual,Tarjeta automática,Streaming,Patagonia,Hogar,18.0,0.0743,0,0,Sí,4,66.65,0.0
C05677,2025-09-16,,2025-12-31,0,Activo,4,4-6 meses,Anual,Débito automático,Telefonía móvil,AMBA,Hogar,32.49,0.0363,2,0,Sí,3,125.24,0.0
C05678,2025-09-16,,2025-12-31,0,Activo,4,4-6 meses,Anual,Transferencia,Streaming,Litoral,Hogar,25.34,0.0936,0,0,No,5,91.87,0.0
C05679,2025-09-16,,2025-12-31,0,Activo,4,4-6 meses,Anual,Tarjeta automática,Streaming,Patagonia,Profesional,41.26,0.0934,1,0,Sí,4,149.63,0.0
C05680,2025-09-16,,2025-12-31,0,Activo,4,4-6 meses,Anual,Transferencia,Internet fibra,AMBA,Hogar,66.55,0.0038,1,0,No,4,265.19,0.0
C05681,2025-09-16,,2025-12-31,0,Activo,4,4-6 meses,Mes a mes,Cheque electrónico,Streaming,NOA,Hogar,28.45,0.0715,3,0,No,3,105.66,0.0
C05682,2025-09-17,,2025-12-31,0,Activo,4,4-6 meses,Anual,Cheque electrónico,Streaming,Patagonia,Hogar,46.17,0.0776,1,5,No,2,170.35,0.0
C05683,2025-09-17,,2025-12-31,0,Activo,4,4-6 meses,Anual,Cheque electrónico,Internet estándar,Centro,Hogar,47.35,0.031,1,2,No,4,183.53,0.0
C05684,2025-09-17,,2025-12-31,0,Activo,4,4-6 meses,Dos años,Transferencia,Telefonía móvil,Cuyo,Hogar,40.94,0.1294,2,0,No,4,142.57,0.0
C05685,2025-09-18,,2025-12-31,0,Activo,4,4-6 meses,Mes a mes,Débito automático,Internet fibra,Patagonia,Hogar,81.77,0.0475,0,0,Sí,3,311.54,0.0
C05686,2025-09-18,,2025-12-31,0,Activo,4,4-6 meses,Mes a mes,Cheque electrónico,Internet estándar,Litoral,Hogar,56.12,0.0493,0,0,No,4,213.41,0.0
C05687,2025-09-18,,2025-12-31,0,Activo,4,4-6 meses,Anual,Tarjeta automática,Telefonía móvil,Patagonia,Hogar,57.11,0.1018,0,0,Sí,4,205.18,0.0
C05688,2025-09-18,,2025-12-31,0,Activo,4,4-6 meses,Mes a mes,Débito automático,Internet estándar,NOA,Profesional,69.64,0.026,1,0,Sí,3,271.32,0.0
C05689,2025-09-18,,2025-12-31,0,Activo,4,4-6 meses,Mes a mes,Transferencia,Streaming,Cuyo,Hogar,28.97,0.0803,4,0,No,2,106.57,0.0
C05690,2025-09-18,,2025-12-31,0,Activo,4,4-6 meses,Anual,Cheque electrónico,Internet estándar,AMBA,Profesional,56.09,0.0243,2,3,No,3,218.91,0.0
C05691,2025-09-18,,2025-12-31,0,Activo,4,4-6 meses,Mes a mes,Cheque electrónico,Telefonía móvil,Cuyo,Hogar,50.14,0.1029,0,0,No,5,179.92,0.0
C05692,2025-09-19,,2025-12-31,0,Activo,4,4-6 meses,Mes a mes,Tarjeta automática,Internet fibra,Litoral,Hogar,68.71,0.1019,0,0,Sí,5,246.83,0.0
C05693,2025-09-19,2025-10-13,2025-12-31,1,Baja,2,0-3 meses,Mes a mes,Transferencia,Internet fibra,Patagonia,Hogar,68.37,0.0208,5,0,No,1,133.9,820.44
C05694,2025-09-19,,2025-12-31,0,Activo,4,4-6 meses,Mes a mes,Tarjeta automática,Telefonía móvil,Centro,Hogar,44.12,0.0244,1,0,Sí,4,172.17,0.0
C05695,2025-09-20,,2025-12-31,0,Activo,4,4-6 meses,Anual,Transferencia,Streaming,NOA,Hogar,45.96,0.05,4,0,No,4,174.65,0.0
C05696,2025-09-20,,2025-12-31,0,Activo,4,4-6 meses,Mes a mes,Transferencia,Internet estándar,AMBA,Hogar,56.99,0.1007,3,0,No,3,205.0,0.0
C05697,2025-09-20,,2025-12-31,0,Activo,4,4-6 meses,Mes a mes,Tarjeta automática,Internet estándar,Litoral,Hogar,48.59,0.098,0,2,Sí,5,175.31,0.0
C05698,2025-09-20,,2025-12-31,0,Activo,4,4-6 meses,Mes a mes,Cheque electrónico,Internet estándar,Cuyo,Profesional,56.2,0.0093,0,0,No,3,222.71,0.0
C05699,2025-09-20,2025-10-23,2025-12-31,1,Baja,2,0-3 meses,Mes a mes,Débito automático,Telefonía móvil,Patagonia,Hogar,58.74,0.0698,1,1,Sí,2,109.28,704.88
C05700,2025-09-21,,2025-12-31,0,Activo,4,4-6 meses,Mes a mes,Débito automático,Streaming,Centro,Hogar,28.38,0.0692,0,0,Sí,4,105.66,0.0
C05701,2025-09-21,,2025-12-31,0,Activo,4,4-6 meses,Mes a mes,Cheque electrónico,Telefonía móvil,NOA,Profesional,56.81,0.0289,0,1,No,5,220.67,0.0
C05702,2025-09-22,,2025-12-31,0,Activo,4,4-6 meses,Mes a mes,Transferencia,Telefonía móvil,AMBA,Hogar,48.11,0.068,1,0,No,5,179.35,0.0
C05703,2025-09-22,,2025-12-31,0,Activo,4,4-6 meses,Mes a mes,Débito automático,Internet estándar,Patagonia,Hogar,44.07,0.0733,2,0,Sí,3,163.36,0.0
C05704,2025-09-23,,2025-12-31,0,Activo,4,4-6 meses,Mes a mes,Tarjeta automática,Streaming,Cuyo,Hogar,20.72,0.027,1,0,Sí,4,80.64,0.0
C05705,2025-09-23,,2025-12-31,0,Activo,4,4-6 meses,Mes a mes,Tarjeta automática,Streaming,Litoral,Profesional,39.77,0.1128,1,0,Sí,4,141.14,0.0
C05706,2025-09-24,,2025-12-31,0,Activo,4,4-6 meses,Mes a mes,Tarjeta automática,Telefonía móvil,Centro,Hogar,34.74,0.0481,1,1,Sí,3,132.28,0.0
C05707,2025-09-24,,2025-12-31,0,Activo,4,4-6 meses,Mes a mes,Débito automático,Streaming,Cuyo,PyME,71.6,0.0743,4,0,Sí,1,265.12,0.0
C05708,2025-09-24,,2025-12-31,0,Activo,4,4-6 meses,Mes a mes,Débito automático,Internet fibra,Cuyo,Hogar,64.37,0.0452,0,0,Sí,4,245.84,0.0
C05709,2025-09-24,,2025-12-31,0,Activo,4,4-6 meses,Mes a mes,Débito automático,Telefonía móvil,Centro,Hogar,52.69,0.0413,2,0,Sí,2,202.06,0.0
C05710,2025-09-24,,2025-12-31,0,Activo,4,4-6 meses,Mes a mes,Transferencia,Streaming,AMBA,Profesional,54.36,0.0516,0,0,No,5,206.22,0.0
C05711,2025-09-24,,2025-12-31,0,Activo,4,4-6 meses,Anual,Tarjeta automática,Telefonía móvil,Cuyo,Hogar,32.95,0.0657,0,0,Sí,3,123.14,0.0
C05712,2025-09-24,,2025-12-31,0,Activo,4,4-6 meses,Mes a mes,Transferencia,Internet estándar,Cuyo,PyME,113.77,0.1263,0,0,No,4,397.6,0.0
C05713,2025-09-24,,2025-12-31,0,Activo,4,4-6 meses,Anual,Cheque electrónico,Internet estándar,Patagonia,Profesional,70.4,0.01,0,1,No,4,278.78,0.0
C05714,2025-09-24,,2025-12-31,0,Activo,4,4-6 meses,Anual,Tarjeta automática,Streaming,Cuyo,Hogar,25.44,0.0551,0,1,Sí,4,96.15,0.0
C05715,2025-09-25,,2025-12-31,0,Activo,4,4-6 meses,Mes a mes,Transferencia,Telefonía móvil,Litoral,Hogar,28.52,0.0199,1,0,No,4,111.81,0.0
C05716,2025-09-25,,2025-12-31,0,Activo,4,4-6 meses,Mes a mes,Tarjeta automática,Internet fibra,Cuyo,Hogar,81.76,0.0758,1,0,Sí,3,302.25,0.0
C05717,2025-09-25,,2025-12-31,0,Activo,4,4-6 meses,Mes a mes,Débito automático,Internet estándar,Cuyo,Hogar,69.52,0.0499,0,1,Sí,3,264.2,0.0
C05718,2025-09-25,,2025-12-31,0,Activo,4,4-6 meses,Mes a mes,Transferencia,Telefonía móvil,Patagonia,Hogar,42.16,0.0183,0,0,No,4,165.55,0.0
C05719,2025-09-25,2025-09-04,2025-12-31,1,Baja,1,0-3 meses,Mes a mes,Tarjeta automática,Telefonía móvil,Patagonia,Hogar,52.99,0.1086,2,0,Sí,2,47.24,635.88
C05720,2025-09-26,,2025-12-31,0,Activo,4,4-6 meses,Mes a mes,Débito automático,Internet fibra,NOA,Profesional,93.67,0.062,0,0,Sí,4,351.45,0.0
C05721,2025-09-27,,2025-12-31,0,Activo,4,4-6 meses,Anual,Cheque electrónico,Internet fibra,Cuyo,Profesional,106.14,0.1598,2,2,No,2,356.72,0.0
C05722,2025-09-28,,2025-12-31,0,Activo,4,4-6 meses,Mes a mes,Tarjeta automática,Internet estándar,AMBA,PyME,102.35,0.0474,0,0,Sí,4,389.99,0.0
C05723,2025-09-28,,2025-12-31,0,Activo,4,4-6 meses,Anual,Transferencia,Internet fibra,Litoral,Hogar,51.54,0.0472,0,0,No,3,196.43,0.0
C05724,2025-09-28,,2025-12-31,0,Activo,4,4-6 meses,Anual,Transferencia,Internet fibra,Cuyo,Hogar,70.06,0.0302,0,0,No,3,271.78,0.0
C05725,2025-09-28,,2025-12-31,0,Activo,4,4-6 meses,Mes a mes,Tarjeta automática,Internet estándar,AMBA,Hogar,50.45,0.0173,1,1,Sí,3,198.31,0.0
C05726,2025-09-28,2025-10-20,2025-12-31,1,Baja,2,0-3 meses,Dos años,Transferencia,Streaming,NOA,Hogar,40.91,0.0054,3,0,No,4,81.38,490.92
C05727,2025-09-29,,2025-12-31,0,Activo,4,4-6 meses,Dos años,Débito automático,Internet estándar,Litoral,Hogar,47.31,0.0109,0,0,Sí,5,187.18,0.0
C05728,2025-09-29,,2025-12-31,0,Activo,4,4-6 meses,Mes a mes,Tarjeta automática,Internet estándar,Litoral,Hogar,49.33,0.077,2,0,Sí,4,182.13,0.0
C05729,2025-09-30,,2025-12-31,0,Activo,4,4-6 meses,Mes a mes,Cheque electrónico,Telefonía móvil,Litoral,Hogar,35.54,0.0966,0,2,No,4,128.43,0.0
C05730,2025-09-30,,2025-12-31,0,Activo,4,4-6 meses,Mes a mes,Débito automático,Internet estándar,NOA,Hogar,66.17,0.0186,0,1,Sí,5,259.76,0.0
C05731,2025-10-01,,2025-12-31,0,Activo,3,0-3 meses,Mes a mes,Transferencia,Telefonía móvil,Patagonia,Hogar,58.51,0.0212,0,0,No,4,171.81,0.0
C05732,2025-10-01,,2025-12-31,0,Activo,3,0-3 meses,Mes a mes,Tarjeta automática,Internet fibra,Patagonia,Hogar,70.56,0.0691,1,0,Sí,4,197.05,0.0
C05733,2025-10-02,,2025-12-31,0,Activo,3,0-3 meses,Mes a mes,Tarjeta automática,Telefonía móvil,Patagonia,Hogar,25.32,0.0515,1,1,Sí,4,72.05,0.0
C05734,2025-10-02,,2025-12-31,0,Activo,3,0-3 meses,Mes a mes,Transferencia,Telefonía móvil,Patagonia,PyME,77.12,0.0703,2,0,No,4,215.1,0.0
C05735,2025-10-02,,2025-12-31,0,Activo,3,0-3 meses,Anual,Transferencia,Internet fibra,Patagonia,Hogar,84.64,0.0434,0,0,No,5,242.9,0.0
C05736,2025-10-02,,2025-12-31,0,Activo,3,0-3 meses,Mes a mes,Tarjeta automática,Streaming,AMBA,Hogar,30.49,0.0525,1,0,Sí,4,86.67,0.0
C05737,2025-10-02,,2025-12-31,0,Activo,3,0-3 meses,Mes a mes,Transferencia,Streaming,Cuyo,PyME,75.4,0.0876,2,0,No,3,206.38,0.0
C05738,2025-10-03,2025-12-24,2025-12-31,1,Baja,3,0-3 meses,Mes a mes,Débito automático,Internet estándar,Centro,Hogar,51.99,0.1016,3,0,Sí,3,140.12,623.88
C05739,2025-10-03,,2025-12-31,0,Activo,3,0-3 meses,Anual,Débito automático,Telefonía móvil,NOA,Hogar,28.47,0.1599,0,0,Sí,4,71.75,0.0
C05740,2025-10-03,,2025-12-31,0,Activo,3,0-3 meses,Anual,Cheque electrónico,Internet fibra,Litoral,Hogar,86.74,0.038,0,3,No,4,250.33,0.0
C05741,2025-10-03,,2025-12-31,0,Activo,3,0-3 meses,Mes a mes,Transferencia,Internet estándar,Litoral,Hogar,44.79,0.0132,1,0,No,3,132.6,0.0
C05742,2025-10-03,,2025-12-31,0,Activo,3,0-3 meses,Anual,Débito automático,Telefonía móvil,Litoral,Hogar,30.1,0.0066,0,0,Sí,3,89.7,0.0
C05743,2025-10-03,,2025-12-31,0,Activo,3,0-3 meses,Mes a mes,Transferencia,Internet fibra,Patagonia,Hogar,73.96,0.0284,0,1,No,3,215.58,0.0
C05744,2025-10-04,,2025-12-31,0,Activo,3,0-3 meses,Anual,Débito automático,Internet fibra,Patagonia,PyME,128.58,0.016,6,0,Sí,3,379.57,0.0
C05745,2025-10-04,,2025-12-31,0,Activo,3,0-3 meses,Mes a mes,Cheque electrónico,Internet fibra,Centro,Hogar,82.02,0.0416,0,0,No,3,235.82,0.0
C05746,2025-10-04,,2025-12-31,0,Activo,3,0-3 meses,Mes a mes,Cheque electrónico,Telefonía móvil,NOA,Hogar,54.83,0.0264,0,0,No,5,160.15,0.0
C05747,2025-10-04,,2025-12-31,0,Activo,3,0-3 meses,Anual,Débito automático,Internet fibra,Patagonia,PyME,145.26,0.1395,1,0,Sí,4,374.99,0.0
C05748,2025-10-04,,2025-12-31,0,Activo,3,0-3 meses,Dos años,Débito automático,Internet fibra,Centro,Hogar,79.76,0.2005,1,0,Sí,5,191.3,0.0
C05749,2025-10-04,,2025-12-31,0,Activo,3,0-3 meses,Anual,Cheque electrónico,Streaming,Litoral,PyME,81.94,0.0373,0,0,No,3,236.65,0.0
C05750,2025-10-04,,2025-12-31,0,Activo,3,0-3 meses,Mes a mes,Cheque electrónico,Streaming,Cuyo,PyME,77.74,0.0598,0,0,No,4,219.27,0.0
C05751,2025-10-05,,2025-12-31,0,Activo,3,0-3 meses,Anual,Tarjeta automática,Internet estándar,Cuyo,PyME,84.55,0.0139,2,0,Sí,2,250.12,0.0
C05752,2025-10-05,,2025-12-31,0,Activo,3,0-3 meses,Mes a mes,Tarjeta automática,Telefonía móvil,NOA,Hogar,41.79,0.0523,0,0,Sí,5,118.81,0.0
C05753,2025-10-05,,2025-12-31,0,Activo,3,0-3 meses,Anual,Débito automático,Internet fibra,Centro,Hogar,68.64,0.1367,1,0,Sí,5,177.77,0.0
C05754,2025-10-05,,2025-12-31,0,Activo,3,0-3 meses,Anual,Cheque electrónico,Streaming,NOA,Profesional,60.4,0.0861,1,3,No,3,165.6,0.0
C05755,2025-10-05,2025-11-25,2025-12-31,1,Baja,2,0-3 meses,Mes a mes,Cheque electrónico,Streaming,Litoral,Hogar,26.79,0.0734,3,2,No,4,49.65,321.48
C05756,2025-10-05,2025-10-01,2025-12-31,1,Baja,1,0-3 meses,Mes a mes,Cheque electrónico,Internet estándar,Patagonia,Hogar,57.22,0.071,1,1,No,4,53.16,686.64
C05757,2025-10-05,,2025-12-31,0,Activo,3,0-3 meses,Mes a mes,Tarjeta automática,Telefonía móvil,Patagonia,Hogar,36.69,0.0575,0,0,Sí,4,103.74,0.0
C05758,2025-10-05,,2025-12-31,0,Activo,3,0-3 meses,Mes a mes,Cheque electrónico,Internet estándar,Litoral,Hogar,41.57,0.2203,2,0,No,3,97.24,0.0
C05759,2025-10-06,,2025-12-31,0,Activo,3,0-3 meses,Mes a mes,Tarjeta automática,Internet fibra,Centro,Profesional,102.65,0.1096,3,0,Sí,3,274.2,0.0
C05760,2025-10-06,,2025-12-31,0,Activo,3,0-3 meses,Mes a mes,Débito automático,Internet fibra,NOA,PyME,136.05,0.1388,0,0,Sí,3,351.5,0.0
C05761,2025-10-06,,2025-12-31,0,Activo,3,0-3 meses,Anual,Débito automático,Internet fibra,Litoral,Hogar,81.54,0.0586,1,0,Sí,4,230.29,0.0
C05762,2025-10-06,,2025-12-31,0,Activo,3,0-3 meses,Mes a mes,Débito automático,Telefonía móvil,Cuyo,Hogar,40.97,0.0767,2,0,Sí,3,113.48,0.0
C05763,2025-10-06,2025-12-16,2025-12-31,1,Baja,3,0-3 meses,Mes a mes,Débito automático,Internet fibra,Centro,Hogar,86.68,0.0296,2,1,Sí,3,252.34,1040.16
C05764,2025-10-06,,2025-12-31,0,Activo,3,0-3 meses,Anual,Tarjeta automática,Telefonía móvil,AMBA,Hogar,49.09,0.079,2,1,Sí,3,135.64,0.0
C05765,2025-10-07,,2025-12-31,0,Activo,3,0-3 meses,Mes a mes,Tarjeta automática,Internet fibra,Centro,Hogar,54.05,0.0447,2,0,Sí,4,154.9,0.0
C05766,2025-10-07,,2025-12-31,0,Activo,3,0-3 meses,Mes a mes,Cheque electrónico,Telefonía móvil,AMBA,Profesional,57.17,0.0966,0,1,No,4,154.94,0.0
C05767,2025-10-07,,2025-12-31,0,Activo,3,0-3 meses,Anual,Tarjeta automática,Telefonía móvil,NOA,Hogar,53.16,0.0905,0,2,Sí,3,145.05,0.0
C05768,2025-10-07,,2025-12-31,0,Activo,3,0-3 meses,Dos años,Débito automático,Internet fibra,Cuyo,Profesional,84.79,0.0478,0,1,Sí,4,242.21,0.0
C05769,2025-10-07,,2025-12-31,0,Activo,3,0-3 meses,Mes a mes,Tarjeta automática,Internet fibra,Litoral,Hogar,59.38,0.0372,2,1,Sí,3,171.51,0.0
C05770,2025-10-07,,2025-12-31,0,Activo,3,0-3 meses,Mes a mes,Débito automático,Telefonía móvil,Patagonia,Hogar,40.47,0.0617,0,0,Sí,4,113.92,0.0
C05771,2025-10-08,,2025-12-31,0,Activo,3,0-3 meses,Mes a mes,Tarjeta automática,Internet fibra,NOA,Profesional,101.73,0.0953,0,0,Sí,4,276.11,0.0
C05772,2025-10-08,,2025-12-31,0,Activo,3,0-3 meses,Dos años,Transferencia,Internet fibra,Cuyo,Hogar,72.93,0.0051,0,1,No,4,217.67,0.0
C05773,2025-10-08,,2025-12-31,0,Activo,3,0-3 meses,Anual,Débito automático,Telefonía móvil,AMBA,Hogar,56.22,0.0203,3,0,Sí,2,165.24,0.0
C05774,2025-10-08,,2025-12-31,0,Activo,3,0-3 meses,Anual,Tarjeta automática,Telefonía móvil,Litoral,Hogar,62.28,0.0589,6,0,Sí,1,175.84,0.0
C05775,2025-10-08,,2025-12-31,0,Activo,3,0-3 meses,Anual,Cheque electrónico,Telefonía móvil,NOA,Hogar,20.82,0.039,0,0,No,4,60.02,0.0
C05776,2025-10-09,,2025-12-31,0,Activo,3,0-3 meses,Mes a mes,Tarjeta automática,Telefonía móvil,Cuyo,Hogar,37.78,0.1224,0,1,Sí,4,99.47,0.0
C05777,2025-10-09,2025-12-18,2025-12-31,1,Baja,3,0-3 meses,Mes a mes,Transferencia,Internet estándar,AMBA,Profesional,41.9,0.0626,2,0,No,2,117.83,502.8
C05778,2025-10-09,,2025-12-31,0,Activo,3,0-3 meses,Anual,Tarjeta automática,Telefonía móvil,Patagonia,Hogar,49.27,0.0615,0,0,Sí,3,138.72,0.0
C05779,2025-10-09,,2025-12-31,0,Activo,3,0-3 meses,Dos años,Cheque electrónico,Internet estándar,Litoral,Hogar,41.52,0.0585,0,0,No,5,117.27,0.0
C05780,2025-10-09,,2025-12-31,0,Activo,3,0-3 meses,Mes a mes,Tarjeta automática,Telefonía móvil,AMBA,Hogar,36.77,0.052,3,0,Sí,2,104.57,0.0
C05781,2025-10-09,,2025-12-31,0,Activo,3,0-3 meses,Anual,Débito automático,Streaming,AMBA,Profesional,59.63,0.0071,1,0,Sí,4,177.62,0.0
C05782,2025-10-09,,2025-12-31,0,Activo,3,0-3 meses,Mes a mes,Transferencia,Internet estándar,Litoral,Hogar,34.39,0.0213,1,2,No,4,100.97,0.0
C05783,2025-10-11,,2025-12-31,0,Activo,3,0-3 meses,Dos años,Débito automático,Telefonía móvil,AMBA,Profesional,42.62,0.0299,0,0,Sí,5,124.04,0.0
C05784,2025-10-11,2025-10-15,2025-12-31,1,Baja,1,0-3 meses,Mes a mes,Cheque electrónico,Internet estándar,Centro,Hogar,23.95,0.0789,0,1,No,3,22.06,287.4
C05785,2025-10-12,,2025-12-31,0,Activo,3,0-3 meses,Anual,Tarjeta automática,Streaming,Centro,Profesional,60.98,0.0224,2,0,Sí,3,178.84,0.0
C05786,2025-10-12,,2025-12-31,0,Activo,3,0-3 meses,Mes a mes,Débito automático,Internet estándar,Cuyo,Profesional,78.42,0.0351,0,0,Sí,5,227.0,0.0
C05787,2025-10-12,,2025-12-31,0,Activo,3,0-3 meses,Anual,Cheque electrónico,Internet fibra,Patagonia,Profesional,92.77,0.0331,1,5,No,3,269.1,0.0
C05788,2025-10-13,,2025-12-31,0,Activo,3,0-3 meses,Anual,Cheque electrónico,Internet estándar,Cuyo,Profesional,52.97,0.0131,1,0,No,5,156.83,0.0
C05789,2025-10-13,,2025-12-31,0,Activo,3,0-3 meses,Mes a mes,Débito automático,Telefonía móvil,NOA,Hogar,51.18,0.0412,0,0,Sí,5,147.21,0.0
C05790,2025-10-13,,2025-12-31,0,Activo,3,0-3 meses,Anual,Débito automático,Internet estándar,Litoral,Hogar,79.3,0.1105,0,0,Sí,4,211.61,0.0
C05791,2025-10-14,,2025-12-31,0,Activo,3,0-3 meses,Dos años,Transferencia,Streaming,Cuyo,Hogar,26.41,0.017,4,1,No,4,77.88,0.0
C05792,2025-10-14,,2025-12-31,0,Activo,3,0-3 meses,Dos años,Transferencia,Internet estándar,Litoral,Hogar,35.77,0.0452,0,0,No,5,102.46,0.0
C05793,2025-10-14,,2025-12-31,0,Activo,3,0-3 meses,Mes a mes,Cheque electrónico,Telefonía móvil,AMBA,Hogar,55.66,0.0367,2,1,No,2,160.85,0.0
C05794,2025-10-15,,2025-12-31,0,Activo,3,0-3 meses,Anual,Cheque electrónico,Streaming,NOA,Profesional,34.54,0.0822,0,1,No,4,95.1,0.0
C05795,2025-10-15,,2025-12-31,0,Activo,3,0-3 meses,Mes a mes,Débito automático,Internet fibra,Centro,Hogar,73.97,0.0687,0,0,Sí,5,206.66,0.0
C05796,2025-10-16,,2025-12-31,0,Activo,3,0-3 meses,Anual,Transferencia,Internet estándar,NOA,PyME,74.97,0.0639,1,0,No,4,210.54,0.0
C05797,2025-10-16,,2025-12-31,0,Activo,3,0-3 meses,Mes a mes,Débito automático,Streaming,Litoral,Profesional,43.66,0.0781,0,0,Sí,3,120.75,0.0
C05798,2025-10-16,,2025-12-31,0,Activo,3,0-3 meses,Anual,Tarjeta automática,Internet fibra,Centro,Hogar,63.94,0.0771,0,1,Sí,4,177.03,0.0
C05799,2025-10-16,2025-10-25,2025-12-31,1,Baja,1,0-3 meses,Mes a mes,Cheque electrónico,Internet estándar,Cuyo,Hogar,62.85,0.0653,0,0,No,4,58.75,754.2
C05800,2025-10-16,,2025-12-31,0,Activo,3,0-3 meses,Mes a mes,Transferencia,Internet estándar,AMBA,Hogar,38.26,0.053,0,1,No,5,108.7,0.0
C05801,2025-10-16,,2025-12-31,0,Activo,3,0-3 meses,Mes a mes,Tarjeta automática,Internet fibra,Litoral,Hogar,86.58,0.0517,0,1,Sí,5,246.31,0.0
C05802,2025-10-17,,2025-12-31,0,Activo,3,0-3 meses,Mes a mes,Transferencia,Telefonía móvil,AMBA,Hogar,40.85,0.1397,1,1,No,3,105.43,0.0
C05803,2025-10-17,,2025-12-31,0,Activo,3,0-3 meses,Mes a mes,Tarjeta automática,Telefonía móvil,Litoral,Hogar,43.38,0.095,0,0,Sí,4,117.78,0.0
C05804,2025-10-18,,2025-12-31,0,Activo,3,0-3 meses,Mes a mes,Tarjeta automática,Streaming,Centro,Profesional,52.74,0.0198,0,0,Sí,5,155.09,0.0
C05805,2025-10-18,,2025-12-31,0,Activo,3,0-3 meses,Anual,Transferencia,Internet fibra,AMBA,Hogar,77.41,0.0373,0,0,No,4,223.57,0.0
C05806,2025-10-18,,2025-12-31,0,Activo,3,0-3 meses,Mes a mes,Transferencia,Telefonía móvil,Centro,Hogar,34.87,0.0052,0,0,No,5,104.07,0.0
C05807,2025-10-18,,2025-12-31,0,Activo,3,0-3 meses,Mes a mes,Débito automático,Streaming,AMBA,Hogar,20.07,0.0478,0,0,Sí,5,57.33,0.0
C05808,2025-10-18,,2025-12-31,0,Activo,3,0-3 meses,Anual,Tarjeta automática,Telefonía móvil,NOA,Hogar,47.6,0.0655,0,0,Sí,4,133.45,0.0
C05809,2025-10-18,,2025-12-31,0,Activo,3,0-3 meses,Dos años,Débito automático,Internet fibra,NOA,Hogar,57.08,0.0284,1,1,Sí,2,166.38,0.0
C05810,2025-10-18,,2025-12-31,0,Activo,3,0-3 meses,Dos años,Tarjeta automática,Internet fibra,NOA,Profesional,114.46,0.045,0,0,Sí,5,327.93,0.0
C05811,2025-10-18,,2025-12-31,0,Activo,3,0-3 meses,Anual,Cheque electrónico,Streaming,Patagonia,Hogar,30.45,0.0926,3,0,No,4,82.89,0.0
C05812,2025-10-19,,2025-12-31,0,Activo,3,0-3 meses,Dos años,Tarjeta automática,Telefonía móvil,Centro,Hogar,38.29,0.1426,1,1,Sí,5,98.49,0.0
C05813,2025-10-19,2025-12-23,2025-12-31,1,Baja,3,0-3 meses,Anual,Cheque electrónico,Internet fibra,Patagonia,PyME,135.93,0.0496,3,1,No,2,387.56,1631.16
C05814,2025-10-19,,2025-12-31,0,Activo,3,0-3 meses,Dos años,Tarjeta automática,Internet estándar,Patagonia,Hogar,42.46,0.161,0,0,Sí,5,106.87,0.0
C05815,2025-10-19,,2025-12-31,0,Activo,3,0-3 meses,Dos años,Tarjeta automática,Streaming,Centro,Hogar,27.04,0.0431,0,3,Sí,5,77.62,0.0
C05816,2025-10-19,,2025-12-31,0,Activo,3,0-3 meses,Mes a mes,Débito automático,Telefonía móvil,NOA,Profesional,47.55,0.0816,2,0,Sí,4,131.01,0.0
C05817,2025-10-20,,2025-12-31,0,Activo,3,0-3 meses,Dos años,Transferencia,Telefonía móvil,NOA,Profesional,64.13,0.0239,2,0,No,3,187.79,0.0
C05818,2025-10-20,,2025-12-31,0,Activo,3,0-3 meses,Anual,Cheque electrónico,Telefonía móvil,Cuyo,Hogar,41.14,0.0367,1,1,No,3,118.89,0.0
C05819,2025-10-20,,2025-12-31,0,Activo,3,0-3 meses,Anual,Débito automático,Streaming,Litoral,Hogar,31.06,0.1178,0,0,Sí,4,82.2,0.0
C05820,2025-10-20,,2025-12-31,0,Activo,3,0-3 meses,Dos años,Débito automático,Telefonía móvil,NOA,Profesional,76.31,0.0114,0,0,Sí,3,226.32,0.0
C05821,2025-10-20,,2025-12-31,0,Activo,3,0-3 meses,Mes a mes,Tarjeta automática,Internet estándar,Centro,Hogar,40.15,0.03,2,1,Sí,2,116.84,0.0
C05822,2025-10-20,,2025-12-31,0,Activo,3,0-3 meses,Mes a mes,Débito automático,Internet fibra,NOA,Hogar,76.58,0.0941,0,0,Sí,5,208.12,0.0
C05823,2025-10-20,,2025-12-31,0,Activo,3,0-3 meses,Anual,Débito automático,Streaming,Centro,Profesional,28.83,0.0395,0,0,Sí,4,83.07,0.0
C05824,2025-10-20,,2025-12-31,0,Activo,3,0-3 meses,Anual,Cheque electrónico,Streaming,NOA,Profesional,53.05,0.0571,0,0,No,3,150.06,0.0
C05825,2025-10-21,,2025-12-31,0,Activo,3,0-3 meses,Dos años,Débito automático,Internet estándar,Centro,Hogar,48.81,0.0666,0,1,Sí,4,136.68,0.0
C05826,2025-10-21,,2025-12-31,0,Activo,3,0-3 meses,Dos años,Transferencia,Internet fibra,Patagonia,Hogar,78.19,0.0364,0,0,No,5,226.03,0.0
C05827,2025-10-21,,2025-12-31,0,Activo,3,0-3 meses,Anual,Cheque electrónico,Telefonía móvil,Litoral,Hogar,40.27,0.1961,4,0,No,3,97.12,0.0
C05828,2025-10-21,,2025-12-31,0,Activo,3,0-3 meses,Dos años,Tarjeta automática,Telefonía móvil,Cuyo,Profesional,53.64,0.0364,0,0,Sí,4,155.06,0.0
C05829,2025-10-21,,2025-12-31,0,Activo,3,0-3 meses,Mes a mes,Débito automático,Internet estándar,Cuyo,Profesional,94.46,0.0762,1,2,Sí,3,261.79,0.0
C05830,2025-10-22,,2025-12-31,0,Activo,3,0-3 meses,Dos años,Cheque electrónico,Telefonía móvil,Centro,Profesional,60.42,0.083,0,1,No,4,166.22,0.0
C05831,2025-10-22,,2025-12-31,0,Activo,3,0-3 meses,Mes a mes,Débito automático,Internet estándar,Patagonia,Hogar,52.26,0.106,1,2,Sí,4,140.16,0.0
C05832,2025-10-23,,2025-12-31,0,Activo,3,0-3 meses,Mes a mes,Débito automático,Internet fibra,NOA,PyME,120.47,0.1228,0,0,Sí,5,317.03,0.0
C05833,2025-10-23,,2025-12-31,0,Activo,3,0-3 meses,Mes a mes,Cheque electrónico,Internet fibra,Litoral,Hogar,87.74,0.0863,1,3,No,4,240.5,0.0
C05834,2025-10-23,,2025-12-31,0,Activo,3,0-3 meses,Mes a mes,Tarjeta automática,Internet estándar,Centro,Hogar,47.64,0.0609,0,0,Sí,4,134.22,0.0
C05835,2025-10-24,,2025-12-31,0,Activo,3,0-3 meses,Mes a mes,Cheque electrónico,Internet fibra,Patagonia,Profesional,100.9,0.0604,6,0,No,1,284.42,0.0
C05836,2025-10-25,,2025-12-31,0,Activo,3,0-3 meses,Mes a mes,Débito automático,Streaming,Cuyo,Hogar,38.93,0.06,0,1,Sí,4,109.78,0.0
C05837,2025-10-25,,2025-12-31,0,Activo,3,0-3 meses,Anual,Transferencia,Telefonía móvil,NOA,Hogar,40.86,0.1173,1,0,No,3,108.2,0.0
C05838,2025-10-25,,2025-12-31,0,Activo,3,0-3 meses,Anual,Débito automático,Internet estándar,Centro,Hogar,41.55,0.0559,0,0,Sí,3,117.68,0.0
C05839,2025-10-25,,2025-12-31,0,Activo,3,0-3 meses,Mes a mes,Débito automático,Telefonía móvil,Litoral,Profesional,34.39,0.0884,0,0,Sí,4,94.05,0.0
C05840,2025-10-26,,2025-12-31,0,Activo,3,0-3 meses,Anual,Tarjeta automática,Telefonía móvil,Cuyo,Hogar,37.74,0.0845,1,0,Sí,3,103.65,0.0
C05841,2025-10-26,,2025-12-31,0,Activo,3,0-3 meses,Mes a mes,Tarjeta automática,Internet estándar,NOA,Hogar,41.49,0.0639,0,0,Sí,5,116.52,0.0
C05842,2025-10-27,,2025-12-31,0,Activo,3,0-3 meses,Mes a mes,Débito automático,Internet fibra,AMBA,Hogar,65.43,0.0328,0,0,Sí,4,189.85,0.0
C05843,2025-10-27,,2025-12-31,0,Activo,3,0-3 meses,Mes a mes,Débito automático,Internet fibra,Litoral,Profesional,111.98,0.0942,4,0,Sí,1,304.29,0.0
C05844,2025-10-27,,2025-12-31,0,Activo,3,0-3 meses,Anual,Transferencia,Streaming,Patagonia,PyME,94.81,0.0088,0,0,No,4,281.93,0.0
C05845,2025-10-27,,2025-12-31,0,Activo,3,0-3 meses,Anual,Tarjeta automática,Internet estándar,Cuyo,Hogar,28.87,0.0068,3,0,Sí,3,86.02,0.0
C05846,2025-10-27,,2025-12-31,0,Activo,3,0-3 meses,Anual,Tarjeta automática,Streaming,Litoral,Profesional,48.69,0.1593,0,2,Sí,3,122.8,0.0
C05847,2025-10-27,,2025-12-31,0,Activo,3,0-3 meses,Anual,Tarjeta automática,Streaming,Centro,Hogar,20.01,0.0149,2,0,Sí,3,59.14,0.0
C05848,2025-10-27,,2025-12-31,0,Activo,3,0-3 meses,Anual,Débito automático,Streaming,Cuyo,Hogar,33.03,0.0143,0,0,Sí,4,97.67,0.0
C05849,2025-10-27,,2025-12-31,0,Activo,3,0-3 meses,Anual,Tarjeta automática,Internet fibra,NOA,Hogar,69.2,0.0154,0,1,Sí,4,204.4,0.0
C05850,2025-10-28,,2025-12-31,0,Activo,3,0-3 meses,Dos años,Tarjeta automática,Internet fibra,Cuyo,Hogar,72.07,0.0279,1,0,Sí,4,210.18,0.0
C05851,2025-10-28,,2025-12-31,0,Activo,3,0-3 meses,Mes a mes,Transferencia,Internet estándar,Centro,Hogar,59.59,0.0437,0,0,No,4,170.96,0.0
C05852,2025-10-28,,2025-12-31,0,Activo,3,0-3 meses,Mes a mes,Transferencia,Telefonía móvil,Litoral,Hogar,51.01,0.0921,0,0,No,4,138.94,0.0
C05853,2025-10-28,,2025-12-31,0,Activo,3,0-3 meses,Mes a mes,Transferencia,Streaming,Cuyo,Hogar,45.6,0.0693,3,0,No,3,127.32,0.0
C05854,2025-10-28,,2025-12-31,0,Activo,3,0-3 meses,Anual,Tarjeta automática,Streaming,Patagonia,Profesional,44.61,0.0651,1,1,Sí,3,125.12,0.0
C05855,2025-10-29,,2025-12-31,0,Activo,3,0-3 meses,Mes a mes,Cheque electrónico,Streaming,AMBA,Hogar,18.0,0.0781,0,0,No,5,49.78,0.0
C05856,2025-10-29,,2025-12-31,0,Activo,3,0-3 meses,Mes a mes,Transferencia,Internet estándar,NOA,Profesional,77.13,0.0307,2,0,No,5,224.29,0.0
C05857,2025-10-30,,2025-12-31,0,Activo,3,0-3 meses,Dos años,Transferencia,Internet fibra,Patagonia,Profesional,106.2,0.0239,0,0,No,3,310.99,0.0
C05858,2025-10-30,,2025-12-31,0,Activo,3,0-3 meses,Dos años,Tarjeta automática,Internet fibra,NOA,Hogar,84.91,0.0754,0,0,Sí,4,235.52,0.0
C05859,2025-10-30,,2025-12-31,0,Activo,3,0-3 meses,Mes a mes,Tarjeta automática,Internet fibra,Cuyo,Profesional,87.82,0.0491,2,1,Sí,2,250.52,0.0
C05860,2025-10-31,,2025-12-31,0,Activo,3,0-3 meses,Mes a mes,Débito automático,Internet fibra,Cuyo,Hogar,66.22,0.0257,0,0,Sí,4,193.55,0.0
C05861,2025-10-31,,2025-12-31,0,Activo,3,0-3 meses,Mes a mes,Tarjeta automática,Internet estándar,Cuyo,Hogar,54.9,0.0573,1,0,Sí,5,155.26,0.0
C05862,2025-10-31,,2025-12-31,0,Activo,3,0-3 meses,Mes a mes,Transferencia,Telefonía móvil,NOA,Profesional,50.25,0.0115,2,0,No,4,149.02,0.0
C05863,2025-11-01,,2025-12-31,0,Activo,2,0-3 meses,Dos años,Tarjeta automática,Internet fibra,AMBA,Hogar,74.61,0.0338,0,0,Sí,4,144.18,0.0
C05864,2025-11-01,,2025-12-31,0,Activo,2,0-3 meses,Anual,Tarjeta automática,Internet fibra,Litoral,Hogar,109.97,0.0669,0,0,Sí,5,205.23,0.0
C05865,2025-11-01,2025-11-09,2025-12-31,1,Baja,1,0-3 meses,Mes a mes,Tarjeta automática,Internet fibra,Centro,PyME,156.42,0.0746,1,0,Sí,3,144.75,1877.04
C05866,2025-11-01,,2025-12-31,0,Activo,2,0-3 meses,Mes a mes,Tarjeta automática,Internet fibra,Litoral,Profesional,104.72,0.0125,1,1,Sí,3,206.82,0.0
C05867,2025-11-02,,2025-12-31,0,Activo,2,0-3 meses,Mes a mes,Débito automático,Internet fibra,NOA,Hogar,70.72,0.0525,1,0,Sí,4,134.01,0.0
C05868,2025-11-02,,2025-12-31,0,Activo,2,0-3 meses,Mes a mes,Tarjeta automática,Internet fibra,Patagonia,Hogar,70.05,0.1761,0,1,Sí,4,115.43,0.0
C05869,2025-11-02,,2025-12-31,0,Activo,2,0-3 meses,Mes a mes,Débito automático,Internet fibra,AMBA,PyME,140.87,0.0609,2,0,Sí,3,264.58,0.0
C05870,2025-11-02,,2025-12-31,0,Activo,2,0-3 meses,Anual,Tarjeta automática,Telefonía móvil,Cuyo,PyME,113.47,0.1033,0,0,Sí,4,203.5,0.0
C05871,2025-11-02,,2025-12-31,0,Activo,2,0-3 meses,Mes a mes,Débito automático,Internet estándar,AMBA,Hogar,43.37,0.0583,0,1,Sí,4,81.68,0.0
C05872,2025-11-02,,2025-12-31,0,Activo,2,0-3 meses,Dos años,Cheque electrónico,Internet fibra,Cuyo,Profesional,90.98,0.0123,5,0,No,3,179.72,0.0
C05873,2025-11-02,,2025-12-31,0,Activo,2,0-3 meses,Mes a mes,Cheque electrónico,Internet estándar,Centro,Hogar,49.96,0.1439,0,1,No,3,85.54,0.0
C05874,2025-11-03,,2025-12-31,0,Activo,2,0-3 meses,Anual,Débito automático,Internet fibra,Patagonia,Hogar,62.72,0.0409,3,1,Sí,2,120.31,0.0
C05875,2025-11-03,,2025-12-31,0,Activo,2,0-3 meses,Mes a mes,Débito automático,Internet estándar,Litoral,PyME,89.06,0.1255,1,0,Sí,4,155.77,0.0
C05876,2025-11-03,,2025-12-31,0,Activo,2,0-3 meses,Mes a mes,Transferencia,Internet estándar,Centro,Profesional,54.06,0.1006,5,0,No,1,97.24,0.0
C05877,2025-11-03,,2025-12-31,0,Activo,2,0-3 meses,Dos años,Cheque electrónico,Telefonía móvil,NOA,Hogar,48.01,0.0601,2,1,No,2,90.25,0.0
C05878,2025-11-04,,2025-12-31,0,Activo,2,0-3 meses,Anual,Débito automático,Telefonía móvil,Patagonia,Profesional,62.99,0.0541,3,1,Sí,3,119.16,0.0
C05879,2025-11-04,,2025-12-31,0,Activo,2,0-3 meses,Mes a mes,Tarjeta automática,Streaming,Litoral,Hogar,41.51,0.044,0,1,Sí,3,79.37,0.0
C05880,2025-11-04,,2025-12-31,0,Activo,2,0-3 meses,Mes a mes,Transferencia,Internet fibra,Cuyo,Hogar,58.89,0.0852,1,0,No,4,107.75,0.0
C05881,2025-11-05,,2025-12-31,0,Activo,2,0-3 meses,Anual,Tarjeta automática,Internet estándar,Centro,Profesional,50.31,0.095,0,0,Sí,3,91.06,0.0
C05882,2025-11-05,,2025-12-31,0,Activo,2,0-3 meses,Dos años,Transferencia,Internet fibra,Litoral,Hogar,83.01,0.0782,0,1,No,5,153.04,0.0
C05883,2025-11-05,,2025-12-31,0,Activo,2,0-3 meses,Anual,Tarjeta automática,Telefonía móvil,Patagonia,Hogar,32.41,0.0863,0,0,Sí,5,59.23,0.0
C05884,2025-11-06,2025-11-25,2025-12-31,1,Baja,1,0-3 meses,Mes a mes,Tarjeta automática,Internet fibra,NOA,Hogar,69.21,0.0567,5,1,Sí,2,65.29,830.52
C05885,2025-11-06,2025-12-09,2025-12-31,1,Baja,2,0-3 meses,Mes a mes,Cheque electrónico,Streaming,Patagonia,Hogar,40.14,0.0352,0,1,No,4,77.45,481.68
C05886,2025-11-06,,2025-12-31,0,Activo,2,0-3 meses,Mes a mes,Transferencia,Internet estándar,AMBA,PyME,97.92,0.1222,0,0,No,4,171.91,0.0
C05887,2025-11-07,,2025-12-31,0,Activo,2,0-3 meses,Mes a mes,Débito automático,Internet estándar,NOA,Hogar,44.2,0.0211,2,0,Sí,5,86.53,0.0
C05888,2025-11-07,,2025-12-31,0,Activo,2,0-3 meses,Anual,Cheque electrónico,Internet estándar,Centro,Hogar,46.25,0.0692,0,0,No,3,86.1,0.0
C05889,2025-11-08,,2025-12-31,0,Activo,2,0-3 meses,Anual,Cheque electrónico,Internet estándar,AMBA,Profesional,64.92,0.014,0,3,No,3,128.02,0.0
C05890,2025-11-08,,2025-12-31,0,Activo,2,0-3 meses,Mes a mes,Débito automático,Streaming,Litoral,Profesional,54.53,0.2248,0,0,Sí,4,84.54,0.0
C05891,2025-11-08,,2025-12-31,0,Activo,2,0-3 meses,Anual,Cheque electrónico,Streaming,Cuyo,Profesional,33.69,0.0046,0,2,No,4,67.07,0.0
C05892,2025-11-08,,2025-12-31,0,Activo,2,0-3 meses,Anual,Débito automático,Internet fibra,AMBA,PyME,130.93,0.0216,3,1,Sí,3,256.2,0.0
C05893,2025-11-08,,2025-12-31,0,Activo,2,0-3 meses,Anual,Tarjeta automática,Internet fibra,Centro,Profesional,108.79,0.0157,2,1,Sí,3,214.16,0.0
C05894,2025-11-08,,2025-12-31,0,Activo,2,0-3 meses,Mes a mes,Cheque electrónico,Telefonía móvil,Centro,Profesional,83.46,0.102,1,1,No,3,149.89,0.0
C05895,2025-11-08,,2025-12-31,0,Activo,2,0-3 meses,Mes a mes,Débito automático,Internet estándar,Cuyo,Hogar,34.08,0.0306,1,0,Sí,4,66.07,0.0
C05896,2025-11-09,,2025-12-31,0,Activo,2,0-3 meses,Mes a mes,Cheque electrónico,Streaming,Patagonia,Hogar,32.64,0.0267,0,1,No,5,63.54,0.0
C05897,2025-11-09,,2025-12-31,0,Activo,2,0-3 meses,Mes a mes,Tarjeta automática,Internet estándar,Patagonia,Hogar,46.91,0.0109,0,0,Sí,4,92.8,0.0
C05898,2025-11-09,,2025-12-31,0,Activo,2,0-3 meses,Mes a mes,Tarjeta automática,Streaming,AMBA,Profesional,45.91,0.0675,2,1,Sí,2,85.62,0.0
C05899,2025-11-09,,2025-12-31,0,Activo,2,0-3 meses,Mes a mes,Tarjeta automática,Streaming,Centro,Hogar,20.31,0.1362,0,0,Sí,5,35.09,0.0
C05900,2025-11-09,,2025-12-31,0,Activo,2,0-3 meses,Mes a mes,Transferencia,Internet fibra,Litoral,Profesional,104.31,0.0519,0,0,No,4,197.79,0.0
C05901,2025-11-10,,2025-12-31,0,Activo,2,0-3 meses,Mes a mes,Cheque electrónico,Internet estándar,Patagonia,Hogar,56.75,0.1173,3,0,No,3,100.19,0.0
C05902,2025-11-10,,2025-12-31,0,Activo,2,0-3 meses,Dos años,Débito automático,Internet estándar,AMBA,Profesional,94.75,0.0147,1,0,Sí,4,186.71,0.0
C05903,2025-11-10,,2025-12-31,0,Activo,2,0-3 meses,Anual,Tarjeta automática,Internet fibra,Cuyo,Hogar,63.47,0.0443,0,0,Sí,4,121.32,0.0
C05904,2025-11-10,,2025-12-31,0,Activo,2,0-3 meses,Mes a mes,Débito automático,Streaming,AMBA,Hogar,18.0,0.1249,0,1,Sí,4,31.5,0.0
C05905,2025-11-10,,2025-12-31,0,Activo,2,0-3 meses,Dos años,Débito automático,Internet fibra,Cuyo,Hogar,100.6,0.114,0,0,Sí,5,178.26,0.0
C05906,2025-11-10,,2025-12-31,0,Activo,2,0-3 meses,Mes a mes,Transferencia,Internet fibra,Cuyo,Hogar,77.43,0.0768,5,1,No,2,142.97,0.0
C05907,2025-11-11,,2025-12-31,0,Activo,2,0-3 meses,Mes a mes,Transferencia,Telefonía móvil,Centro,PyME,91.98,0.0873,2,0,No,3,167.9,0.0
C05908,2025-11-11,,2025-12-31,0,Activo,2,0-3 meses,Anual,Tarjeta automática,Telefonía móvil,NOA,Hogar,44.07,0.0386,2,1,Sí,3,84.74,0.0
C05909,2025-11-11,,2025-12-31,0,Activo,2,0-3 meses,Mes a mes,Débito automático,Internet fibra,Patagonia,Hogar,62.66,0.0358,5,0,Sí,3,120.83,0.0
C05910,2025-11-11,,2025-12-31,0,Activo,2,0-3 meses,Mes a mes,Transferencia,Streaming,Litoral,Profesional,51.13,0.1594,1,0,No,3,85.96,0.0
C05911,2025-11-11,,2025-12-31,0,Activo,2,0-3 meses,Mes a mes,Tarjeta automática,Internet fibra,Patagonia,Hogar,77.12,0.0473,2,0,Sí,4,146.94,0.0
C05912,2025-11-11,,2025-12-31,0,Activo,2,0-3 meses,Mes a mes,Débito automático,Streaming,Centro,Hogar,40.81,0.0533,0,0,Sí,5,77.27,0.0
C05913,2025-11-11,,2025-12-31,0,Activo,2,0-3 meses,Anual,Transferencia,Internet estándar,NOA,Hogar,58.43,0.0595,3,0,No,2,109.91,0.0
C05914,2025-11-12,,2025-12-31,0,Activo,2,0-3 meses,Mes a mes,Débito automático,Telefonía móvil,Cuyo,Hogar,52.34,0.006,0,0,Sí,4,104.05,0.0
C05915,2025-11-12,,2025-12-31,0,Activo,2,0-3 meses,Mes a mes,Tarjeta automática,Internet estándar,Cuyo,Profesional,69.1,0.0547,1,1,Sí,4,130.64,0.0
C05916,2025-11-12,,2025-12-31,0,Activo,2,0-3 meses,Mes a mes,Tarjeta automática,Internet estándar,Litoral,Hogar,66.65,0.0216,1,1,Sí,3,130.42,0.0
C05917,2025-11-12,,2025-12-31,0,Activo,2,0-3 meses,Mes a mes,Transferencia,Telefonía móvil,Litoral,Hogar,48.34,0.0932,1,1,No,4,87.67,0.0
C05918,2025-11-12,,2025-12-31,0,Activo,2,0-3 meses,Mes a mes,Tarjeta automática,Internet fibra,Litoral,Hogar,72.14,0.0736,2,0,Sí,2,133.66,0.0
C05919,2025-11-13,,2025-12-31,0,Activo,2,0-3 meses,Dos años,Cheque electrónico,Internet fibra,Patagonia,Hogar,69.1,0.0116,4,2,No,1,136.6,0.0
C05920,2025-11-13,,2025-12-31,0,Activo,2,0-3 meses,Anual,Débito automático,Internet estándar,Centro,Hogar,41.34,0.075,1,2,Sí,4,76.48,0.0
C05921,2025-11-13,,2025-12-31,0,Activo,2,0-3 meses,Mes a mes,Débito automático,Streaming,Patagonia,Hogar,35.48,0.0485,3,0,Sí,2,67.52,0.0
C05922,2025-11-13,,2025-12-31,0,Activo,2,0-3 meses,Anual,Transferencia,Internet fibra,Centro,Profesional,81.35,0.0974,1,0,No,2,146.85,0.0
C05923,2025-11-14,,2025-12-31,0,Activo,2,0-3 meses,Mes a mes,Débito automático,Internet estándar,Centro,Hogar,50.71,0.1064,1,0,Sí,4,90.63,0.0
C05924,2025-11-14,,2025-12-31,0,Activo,2,0-3 meses,Mes a mes,Tarjeta automática,Internet estándar,Cuyo,PyME,94.84,0.0653,1,0,Sí,4,177.29,0.0
C05925,2025-11-14,,2025-12-31,0,Activo,2,0-3 meses,Mes a mes,Tarjeta automática,Streaming,Litoral,Profesional,33.22,0.0173,1,0,Sí,3,65.29,0.0
C05926,2025-11-14,,2025-12-31,0,Activo,2,0-3 meses,Mes a mes,Transferencia,Telefonía móvil,Litoral,Hogar,29.99,0.0563,0,0,No,4,56.6,0.0
C05927,2025-11-15,,2025-12-31,0,Activo,2,0-3 meses,Anual,Débito automático,Internet estándar,AMBA,Hogar,48.74,0.061,3,0,Sí,3,91.53,0.0
C05928,2025-11-15,,2025-12-31,0,Activo,2,0-3 meses,Dos años,Cheque electrónico,Internet estándar,Patagonia,Profesional,75.4,0.0607,0,1,No,5,141.65,0.0
C05929,2025-11-15,,2025-12-31,0,Activo,2,0-3 meses,Mes a mes,Débito automático,Internet estándar,Litoral,Hogar,41.56,0.0356,0,0,Sí,5,80.16,0.0
C05930,2025-11-16,,2025-12-31,0,Activo,2,0-3 meses,Mes a mes,Débito automático,Internet fibra,Litoral,Profesional,73.16,0.0125,0,1,Sí,5,144.49,0.0
C05931,2025-11-16,,2025-12-31,0,Activo,2,0-3 meses,Anual,Tarjeta automática,Telefonía móvil,Patagonia,Hogar,76.7,0.0999,3,0,Sí,3,138.08,0.0
C05932,2025-11-16,,2025-12-31,0,Activo,2,0-3 meses,Mes a mes,Tarjeta automática,Telefonía móvil,Patagonia,Hogar,54.3,0.0572,1,1,Sí,3,102.39,0.0
C05933,2025-11-16,,2025-12-31,0,Activo,2,0-3 meses,Mes a mes,Cheque electrónico,Telefonía móvil,Cuyo,Profesional,70.26,0.0732,1,1,No,2,130.23,0.0
C05934,2025-11-16,,2025-12-31,0,Activo,2,0-3 meses,Dos años,Tarjeta automática,Telefonía móvil,Cuyo,Profesional,77.91,0.0994,0,0,Sí,3,140.33,0.0
C05935,2025-11-16,,2025-12-31,0,Activo,2,0-3 meses,Anual,Cheque electrónico,Internet estándar,Centro,Hogar,50.02,0.0037,1,1,No,3,99.67,0.0
C05936,2025-11-17,,2025-12-31,0,Activo,2,0-3 meses,Dos años,Tarjeta automática,Streaming,Litoral,Profesional,45.51,0.0768,0,0,Sí,5,84.03,0.0
C05937,2025-11-17,,2025-12-31,0,Activo,2,0-3 meses,Mes a mes,Débito automático,Internet fibra,Centro,Hogar,92.91,0.0787,2,1,Sí,2,171.2,0.0
C05938,2025-11-17,,2025-12-31,0,Activo,2,0-3 meses,Mes a mes,Tarjeta automática,Telefonía móvil,Litoral,Hogar,56.84,0.0756,1,0,Sí,5,105.09,0.0
C05939,2025-11-17,,2025-12-31,0,Activo,2,0-3 meses,Mes a mes,Transferencia,Streaming,Cuyo,PyME,90.77,0.0349,6,0,No,1,175.2,0.0
C05940,2025-11-17,,2025-12-31,0,Activo,2,0-3 meses,Dos años,Tarjeta automática,Internet fibra,Centro,Hogar,87.71,0.0529,1,0,Sí,3,166.14,0.0
C05941,2025-11-17,,2025-12-31,0,Activo,2,0-3 meses,Mes a mes,Débito automático,Telefonía móvil,Cuyo,Hogar,28.37,0.0601,1,0,Sí,3,53.33,0.0
C05942,2025-11-17,,2025-12-31,0,Activo,2,0-3 meses,Mes a mes,Cheque electrónico,Streaming,NOA,Hogar,26.17,0.0487,0,1,No,4,49.79,0.0
C05943,2025-11-17,,2025-12-31,0,Activo,2,0-3 meses,Mes a mes,Transferencia,Telefonía móvil,Litoral,PyME,115.74,0.1178,1,0,No,5,204.21,0.0
C05944,2025-11-18,,2025-12-31,0,Activo,2,0-3 meses,Anual,Tarjeta automática,Telefonía móvil,Cuyo,Hogar,50.85,0.0185,5,0,Sí,2,99.82,0.0
C05945,2025-11-18,,2025-12-31,0,Activo,2,0-3 meses,Anual,Cheque electrónico,Telefonía móvil,Cuyo,Profesional,43.92,0.0409,2,2,No,2,84.25,0.0
C05946,2025-11-18,,2025-12-31,0,Activo,2,0-3 meses,Anual,Débito automático,Internet estándar,Litoral,Profesional,61.16,0.0355,3,0,Sí,4,117.98,0.0
C05947,2025-11-18,,2025-12-31,0,Activo,2,0-3 meses,Mes a mes,Tarjeta automática,Internet estándar,AMBA,Profesional,83.95,0.0655,1,0,Sí,3,156.9,0.0
C05948,2025-11-19,,2025-12-31,0,Activo,2,0-3 meses,Anual,Débito automático,Streaming,Litoral,Hogar,34.01,0.0564,4,0,Sí,1,64.18,0.0
C05949,2025-11-19,,2025-12-31,0,Activo,2,0-3 meses,Mes a mes,Cheque electrónico,Internet fibra,AMBA,Hogar,80.0,0.0866,0,0,No,5,146.14,0.0
C05950,2025-11-19,,2025-12-31,0,Activo,2,0-3 meses,Mes a mes,Débito automático,Internet fibra,NOA,PyME,135.33,0.0349,1,0,Sí,5,261.21,0.0
C05951,2025-11-19,,2025-12-31,0,Activo,2,0-3 meses,Mes a mes,Transferencia,Telefonía móvil,Litoral,Hogar,41.08,0.0538,2,0,No,4,77.74,0.0
C05952,2025-11-20,2025-11-07,2025-12-31,1,Baja,1,0-3 meses,Mes a mes,Transferencia,Telefonía móvil,AMBA,Hogar,36.23,0.0552,1,0,No,2,34.23,434.76
C05953,2025-11-20,,2025-12-31,0,Activo,2,0-3 meses,Mes a mes,Débito automático,Telefonía móvil,Cuyo,Hogar,32.83,0.0198,1,0,Sí,5,64.36,0.0
C05954,2025-11-20,,2025-12-31,0,Activo,2,0-3 meses,Dos años,Débito automático,Internet fibra,NOA,Profesional,107.11,0.0187,1,0,Sí,3,210.21,0.0
C05955,2025-11-20,,2025-12-31,0,Activo,2,0-3 meses,Mes a mes,Transferencia,Internet fibra,NOA,PyME,135.61,0.097,2,0,No,4,244.91,0.0
C05956,2025-11-20,,2025-12-31,0,Activo,2,0-3 meses,Mes a mes,Débito automático,Telefonía móvil,AMBA,Hogar,49.78,0.08,1,0,Sí,4,91.6,0.0
C05957,2025-11-20,,2025-12-31,0,Activo,2,0-3 meses,Anual,Tarjeta automática,Internet fibra,Centro,Hogar,84.01,0.0255,1,1,Sí,4,163.74,0.0
C05958,2025-11-20,,2025-12-31,0,Activo,2,0-3 meses,Anual,Débito automático,Internet estándar,AMBA,Profesional,82.5,0.1538,1,1,Sí,3,139.62,0.0
C05959,2025-11-21,,2025-12-31,0,Activo,2,0-3 meses,Mes a mes,Cheque electrónico,Internet estándar,Cuyo,Hogar,54.0,0.0888,2,3,No,3,98.41,0.0
C05960,2025-11-21,,2025-12-31,0,Activo,2,0-3 meses,Anual,Tarjeta automática,Telefonía móvil,NOA,PyME,106.06,0.0446,0,0,Sí,4,202.66,0.0
C05961,2025-11-21,,2025-12-31,0,Activo,2,0-3 meses,Mes a mes,Tarjeta automática,Internet estándar,Patagonia,Hogar,50.84,0.0406,3,0,Sí,4,97.55,0.0
C05962,2025-11-21,,2025-12-31,0,Activo,2,0-3 meses,Mes a mes,Tarjeta automática,Internet fibra,Centro,Hogar,67.58,0.056,0,0,Sí,3,127.59,0.0
C05963,2025-11-21,,2025-12-31,0,Activo,2,0-3 meses,Anual,Tarjeta automática,Internet estándar,Centro,Hogar,46.52,0.0496,1,1,Sí,5,88.43,0.0
C05964,2025-11-21,,2025-12-31,0,Activo,2,0-3 meses,Mes a mes,Cheque electrónico,Internet fibra,Litoral,Hogar,84.49,0.0707,1,1,No,2,157.03,0.0
C05965,2025-11-22,,2025-12-31,0,Activo,2,0-3 meses,Mes a mes,Débito automático,Streaming,Litoral,Hogar,36.45,0.017,0,0,Sí,5,71.66,0.0
C05966,2025-11-22,,2025-12-31,0,Activo,2,0-3 meses,Mes a mes,Transferencia,Streaming,Cuyo,Profesional,62.96,0.0914,1,0,No,3,114.41,0.0
C05967,2025-11-23,,2025-12-31,0,Activo,2,0-3 meses,Mes a mes,Transferencia,Streaming,Cuyo,Hogar,23.94,0.0479,1,1,No,4,45.59,0.0
C05968,2025-11-23,,2025-12-31,0,Activo,2,0-3 meses,Mes a mes,Débito automático,Internet estándar,NOA,Profesional,69.49,0.0913,4,1,Sí,2,126.29,0.0
C05969,2025-11-23,,2025-12-31,0,Activo,2,0-3 meses,Dos años,Cheque electrónico,Internet fibra,Litoral,Hogar,76.58,0.1117,1,0,No,3,136.05,0.0
C05970,2025-11-23,,2025-12-31,0,Activo,2,0-3 meses,Mes a mes,Cheque electrónico,Internet fibra,Patagonia,Hogar,95.87,0.108,0,1,No,4,171.03,0.0
C05971,2025-11-23,,2025-12-31,0,Activo,2,0-3 meses,Dos años,Transferencia,Telefonía móvil,NOA,Hogar,46.14,0.0042,0,1,No,5,91.89,0.0
C05972,2025-11-23,,2025-12-31,0,Activo,2,0-3 meses,Mes a mes,Transferencia,Internet estándar,Cuyo,Hogar,53.35,0.0831,1,0,No,4,97.83,0.0
C05973,2025-11-23,,2025-12-31,0,Activo,2,0-3 meses,Anual,Débito automático,Internet estándar,Patagonia,Hogar,48.61,0.1072,0,1,Sí,5,86.8,0.0
C05974,2025-11-24,2025-11-16,2025-12-31,1,Baja,1,0-3 meses,Mes a mes,Cheque electrónico,Internet estándar,Patagonia,Profesional,64.52,0.0472,5,2,No,2,61.47,774.24
C05975,2025-11-24,,2025-12-31,0,Activo,2,0-3 meses,Mes a mes,Tarjeta automática,Telefonía móvil,Centro,Hogar,26.06,0.0979,1,0,Sí,4,47.02,0.0
C05976,2025-11-24,,2025-12-31,0,Activo,2,0-3 meses,Mes a mes,Transferencia,Telefonía móvil,Centro,Hogar,28.13,0.0916,1,1,No,5,51.11,0.0
C05977,2025-11-24,2025-11-27,2025-12-31,1,Baja,1,0-3 meses,Mes a mes,Débito automático,Internet fibra,AMBA,Hogar,79.97,0.0313,5,1,Sí,2,77.47,959.64
C05978,2025-11-25,,2025-12-31,0,Activo,2,0-3 meses,Dos años,Débito automático,Streaming,Litoral,Hogar,29.6,0.0879,1,0,Sí,3,54.0,0.0
C05979,2025-11-25,,2025-12-31,0,Activo,2,0-3 meses,Anual,Cheque electrónico,Internet estándar,Patagonia,Hogar,51.03,0.0729,0,2,No,3,94.62,0.0
C05980,2025-11-26,,2025-12-31,0,Activo,2,0-3 meses,Anual,Transferencia,Telefonía móvil,Patagonia,Hogar,52.36,0.0292,3,2,No,4,101.66,0.0
C05981,2025-11-26,,2025-12-31,0,Activo,2,0-3 meses,Mes a mes,Tarjeta automática,Telefonía móvil,Cuyo,Hogar,43.02,0.0149,1,0,Sí,4,84.76,0.0
C05982,2025-11-26,,2025-12-31,0,Activo,2,0-3 meses,Mes a mes,Transferencia,Streaming,Patagonia,Hogar,25.17,0.1128,3,0,No,3,44.66,0.0
C05983,2025-11-26,,2025-12-31,0,Activo,2,0-3 meses,Anual,Cheque electrónico,Telefonía móvil,AMBA,Hogar,39.69,0.0875,1,2,No,3,72.43,0.0
C05984,2025-11-26,,2025-12-31,0,Activo,2,0-3 meses,Anual,Transferencia,Internet estándar,Litoral,Hogar,51.68,0.0696,0,0,No,3,96.17,0.0
C05985,2025-11-27,,2025-12-31,0,Activo,2,0-3 meses,Anual,Cheque electrónico,Internet estándar,Cuyo,Hogar,44.82,0.0716,0,1,No,5,83.22,0.0
C05986,2025-11-27,,2025-12-31,0,Activo,2,0-3 meses,Anual,Cheque electrónico,Streaming,Patagonia,Hogar,40.71,0.0887,3,1,No,1,74.2,0.0
C05987,2025-11-27,2025-11-12,2025-12-31,1,Baja,1,0-3 meses,Mes a mes,Cheque electrónico,Streaming,NOA,Hogar,28.88,0.0538,5,3,No,1,27.33,346.56
C05988,2025-11-28,,2025-12-31,0,Activo,2,0-3 meses,Dos años,Débito automático,Internet fibra,Litoral,Hogar,80.77,0.0124,0,1,Sí,4,159.54,0.0
C05989,2025-11-28,,2025-12-31,0,Activo,2,0-3 meses,Mes a mes,Débito automático,Internet estándar,Litoral,PyME,95.02,0.0501,1,0,Sí,3,180.52,0.0
C05990,2025-11-28,,2025-12-31,0,Activo,2,0-3 meses,Mes a mes,Cheque electrónico,Internet fibra,NOA,Profesional,107.71,0.0255,0,2,No,3,209.93,0.0
C05991,2025-11-29,,2025-12-31,0,Activo,2,0-3 meses,Dos años,Cheque electrónico,Internet fibra,Cuyo,Hogar,93.83,0.0215,3,2,No,3,183.63,0.0
C05992,2025-11-29,2025-12-13,2025-12-31,1,Baja,2,0-3 meses,Mes a mes,Tarjeta automática,Telefonía móvil,AMBA,PyME,82.01,0.066,1,1,Sí,5,153.19,984.12
C05993,2025-11-29,,2025-12-31,0,Activo,2,0-3 meses,Mes a mes,Tarjeta automática,Internet fibra,Litoral,Hogar,82.41,0.1255,1,2,Sí,3,144.14,0.0
C05994,2025-11-29,,2025-12-31,0,Activo,2,0-3 meses,Mes a mes,Débito automático,Telefonía móvil,Cuyo,Hogar,40.81,0.1283,0,1,Sí,4,71.15,0.0
C05995,2025-11-29,,2025-12-31,0,Activo,2,0-3 meses,Mes a mes,Transferencia,Internet estándar,Litoral,PyME,107.12,0.0762,0,2,No,3,197.91,0.0
C05996,2025-11-29,,2025-12-31,0,Activo,2,0-3 meses,Dos años,Cheque electrónico,Streaming,Patagonia,Profesional,51.97,0.0549,6,1,No,1,98.23,0.0
C05997,2025-11-29,,2025-12-31,0,Activo,2,0-3 meses,Anual,Débito automático,Telefonía móvil,Litoral,Hogar,18.0,0.0775,0,0,Sí,4,33.21,0.0
C05998,2025-11-30,,2025-12-31,0,Activo,2,0-3 meses,Mes a mes,Tarjeta automática,Telefonía móvil,Centro,Hogar,50.35,0.0196,0,0,Sí,4,98.73,0.0
C05999,2025-11-30,,2025-12-31,0,Activo,2,0-3 meses,Dos años,Tarjeta automática,Telefonía móvil,Litoral,PyME,109.24,0.0435,2,1,Sí,4,208.98,0.0
C06000,2025-11-30,,2025-12-31,0,Activo,2,0-3 meses,Anual,Cheque electrónico,Internet fibra,Cuyo,Hogar,91.47,0.1501,3,1,No,1,155.48,0.0
