customer_id,signup_date,region,customer_segment,acquisition_channel,signup_date_key
C00001,2023-04-06,Litoral,Consumo,Email,20230406
C00002,2025-04-04,Patagonia,Premium,Paid Social,20250404
C00003,2024-11-28,Centro,Consumo,Orgánico,20241128
C00004,2024-04-12,Cuyo,Consumo,Orgánico,20240412
C00005,2024-04-06,NOA,Premium,Orgánico,20240406
C00006,2025-07-03,NOA,Consumo,Marketplace,20250703
C00007,2023-04-02,Cuyo,Consumo,Referidos,20230402
C00008,2025-01-12,Centro,Premium,Orgánico,20250112
C00009,2023-08-03,Centro,Premium,Paid Social,20230803
C00010,2023-04-11,Litoral,Consumo,Referidos,20230411
C00011,2024-07-14,Litoral,PyME,Paid Social,20240714
C00012,2025-11-05,Centro,Consumo,Paid Social,20251105
C00013,2025-02-22,AMBA,Consumo,Referidos,20250222
C00014,2025-03-21,Cuyo,Consumo,Orgánico,20250321
C00015,2025-02-03,Patagonia,Consumo,Paid Social,20250203
C00016,2025-04-17,AMBA,Consumo,Orgánico,20250417
C00017,2024-06-30,Cuyo,Premium,Orgánico,20240630
C00018,2023-05-17,AMBA,Consumo,Referidos,20230517
C00019,2025-06-13,Centro,Consumo,Referidos,20250613
C00020,2024-04-24,Litoral,Consumo,Marketplace,20240424
C00021,2024-06-16,Centro,Consumo,Orgánico,20240616
C00022,2024-01-30,Centro,Consumo,Referidos,20240130
C00023,2023-07-14,NOA,PyME,Marketplace,20230714
C00024,2025-09-14,Centro,Consumo,Email,20250914
C00025,2025-04-12,Centro,Consumo,Marketplace,20250412
C00026,2024-11-16,NOA,Consumo,Marketplace,20241116
C00027,2024-03-04,Litoral,Consumo,Referidos,20240304
C00028,2025-05-26,AMBA,Premium,Marketplace,20250526
C00029,2024-08-03,Cuyo,PyME,Email,20240803
C00030,2024-04-17,Litoral,Consumo,Paid Social,20240417
C00031,2024-04-24,Centro,Consumo,Marketplace,20240424
C00032,2023-08-31,Litoral,Consumo,Referidos,20230831
C00033,2023-04-09,Litoral,Consumo,Orgánico,20230409
C00034,2024-08-13,Centro,Consumo,Paid Social,20240813
C00035,2025-08-03,Patagonia,Consumo,Orgánico,20250803
C00036,2023-03-09,Cuyo,Premium,Marketplace,20230309
C00037,2025-07-03,NOA,Consumo,Orgánico,20250703
C00038,2025-05-31,AMBA,Consumo,Paid Social,20250531
C00039,2023-10-22,Centro,Consumo,Paid Social,20231022
C00040,2024-11-03,Patagonia,Premium,Orgánico,20241103
C00041,2023-06-25,NOA,Consumo,Marketplace,20230625
C00042,2025-03-18,Centro,Consumo,Paid Social,20250318
C00043,2025-01-16,NOA,Premium,Orgánico,20250116
C00044,2024-01-13,Centro,Consumo,Orgánico,20240113
C00045,2023-03-14,Cuyo,PyME,Referidos,20230314
C00046,2025-10-30,Centro,Consumo,Email,20251030
C00047,2024-04-19,Cuyo,Consumo,Paid Social,20240419
C00048,2025-08-09,NOA,PyME,Paid Social,20250809
C00049,2024-12-22,Patagonia,Consumo,Marketplace,20241222
C00050,2025-04-08,Patagonia,Consumo,Referidos,20250408
C00051,2025-03-20,Centro,Consumo,Referidos,20250320
C00052,2023-07-27,NOA,Premium,Paid Social,20230727
C00053,2024-01-23,Cuyo,PyME,Marketplace,20240123
C00054,2024-05-12,Litoral,Consumo,Referidos,20240512
C00055,2024-06-14,Patagonia,PyME,Paid Social,20240614
C00056,2023-02-16,Litoral,Consumo,Marketplace,20230216
C00057,2024-08-05,Litoral,Consumo,Marketplace,20240805
C00058,2023-06-14,Cuyo,Consumo,Referidos,20230614
C00059,2025-03-02,Litoral,Consumo,Referidos,20250302
C00060,2024-12-28,NOA,Premium,Paid Social,20241228
C00061,2025-09-09,Cuyo,Consumo,Paid Social,20250909
C00062,2025-03-04,Litoral,Consumo,Orgánico,20250304
C00063,2024-01-26,Centro,Consumo,Email,20240126
C00064,2025-10-27,Cuyo,Premium,Paid Social,20251027
C00065,2024-03-13,Patagonia,PyME,Paid Social,20240313
C00066,2023-12-14,Litoral,Consumo,Marketplace,20231214
C00067,2025-08-22,Centro,Consumo,Orgánico,20250822
C00068,2024-01-30,Litoral,Consumo,Referidos,20240130
C00069,2023-03-23,Patagonia,Consumo,Orgánico,20230323
C00070,2024-05-15,AMBA,PyME,Orgánico,20240515
C00071,2025-04-27,AMBA,Consumo,Orgánico,20250427
C00072,2023-07-21,Cuyo,Consumo,Paid Social,20230721
C00073,2024-05-08,Litoral,Consumo,Paid Social,20240508
C00074,2023-05-19,Centro,Consumo,Paid Social,20230519
C00075,2025-01-01,Patagonia,PyME,Email,20250101
C00076,2024-05-21,NOA,Consumo,Paid Social,20240521
C00077,2023-12-18,Litoral,Consumo,Orgánico,20231218
C00078,2023-08-30,Cuyo,Consumo,Paid Social,20230830
C00079,2024-08-24,AMBA,PyME,Orgánico,20240824
C00080,2024-12-14,Patagonia,PyME,Orgánico,20241214
C00081,2025-09-28,NOA,Consumo,Orgánico,20250928
C00082,2024-04-10,Cuyo,Consumo,Referidos,20240410
C00083,2023-06-21,Litoral,Consumo,Referidos,20230621
C00084,2025-06-05,Patagonia,Consumo,Marketplace,20250605
C00085,2024-11-01,Patagonia,Consumo,Referidos,20241101
C00086,2025-01-15,AMBA,Premium,Paid Social,20250115
C00087,2023-04-14,Patagonia,PyME,Paid Social,20230414
C00088,2023-11-29,NOA,Consumo,Orgánico,20231129
C00089,2025-03-28,Patagonia,Consumo,Email,20250328
C00090,2025-06-05,Cuyo,Consumo,Orgánico,20250605
C00091,2024-04-08,Litoral,Consumo,Orgánico,20240408
C00092,2025-05-07,Centro,Consumo,Marketplace,20250507
C00093,2025-06-15,Litoral,Consumo,Orgánico,20250615
C00094,2024-02-17,Centro,PyME,Orgánico,20240217
C00095,2025-08-14,Cuyo,Consumo,Marketplace,20250814
C00096,2023-11-04,Centro,Premium,Paid Social,20231104
C00097,2023-09-13,Cuyo,Consumo,Paid Social,20230913
C00098,2024-12-27,Cuyo,Consumo,Orgánico,20241227
C00099,2024-11-09,AMBA,Consumo,Paid Social,20241109
C00100,2023-05-29,Patagonia,PyME,Marketplace,20230529
C00101,2025-06-05,Cuyo,Consumo,Referidos,20250605
C00102,2023-08-01,NOA,Consumo,Paid Social,20230801
C00103,2025-05-07,Centro,Premium,Paid Social,20250507
C00104,2023-01-08,Patagonia,Premium,Paid Social,20230108
C00105,2025-04-28,Centro,Consumo,Email,20250428
C00106,2025-04-18,Litoral,Consumo,Orgánico,20250418
C00107,2025-04-11,Cuyo,Consumo,Orgánico,20250411
C00108,2024-12-09,Cuyo,Premium,Referidos,20241209
C00109,2024-05-17,Litoral,Consumo,Marketplace,20240517
C00110,2025-01-21,Patagonia,Consumo,Marketplace,20250121
C00111,2023-10-23,Centro,Consumo,Referidos,20231023
C00112,2025-04-11,NOA,Consumo,Paid Social,20250411
C00113,2024-08-14,Centro,PyME,Referidos,20240814
C00114,2024-05-03,Centro,Premium,Marketplace,20240503
C00115,2024-06-22,Centro,Consumo,Orgánico,20240622
C00116,2024-08-28,NOA,PyME,Paid Social,20240828
C00117,2023-02-09,AMBA,Consumo,Orgánico,20230209
C00118,2023-05-29,Cuyo,Consumo,Marketplace,20230529
C00119,2023-09-19,Cuyo,Consumo,Marketplace,20230919
C00120,2023-05-02,Patagonia,Premium,Referidos,20230502
C00121,2024-04-13,Cuyo,Consumo,Orgánico,20240413
C00122,2024-12-12,NOA,Consumo,Marketplace,20241212
C00123,2024-11-27,Patagonia,Consumo,Orgánico,20241127
C00124,2024-05-16,Patagonia,Consumo,Orgánico,20240516
C00125,2025-06-29,Patagonia,PyME,Email,20250629
C00126,2024-08-24,AMBA,Consumo,Referidos,20240824
C00127,2023-03-26,Cuyo,Consumo,Marketplace,20230326
C00128,2025-03-25,Litoral,Consumo,Paid Social,20250325
C00129,2024-09-03,Centro,Consumo,Paid Social,20240903
C00130,2024-11-06,AMBA,Consumo,Paid Social,20241106
C00131,2024-08-25,AMBA,Consumo,Orgánico,20240825
C00132,2024-08-12,Patagonia,PyME,Marketplace,20240812
C00133,2023-04-07,Litoral,Premium,Paid Social,20230407
C00134,2024-08-18,Centro,Premium,Orgánico,20240818
C00135,2025-04-26,Patagonia,Consumo,Paid Social,20250426
C00136,2023-11-20,Patagonia,Consumo,Referidos,20231120
C00137,2024-10-04,Patagonia,Consumo,Marketplace,20241004
C00138,2023-02-02,NOA,Consumo,Orgánico,20230202
C00139,2024-01-06,NOA,Premium,Orgánico,20240106
C00140,2024-04-10,Centro,Consumo,Marketplace,20240410
C00141,2025-11-12,Patagonia,Consumo,Email,20251112
C00142,2023-08-17,Cuyo,Consumo,Paid Social,20230817
C00143,2023-10-22,Cuyo,Consumo,Orgánico,20231022
C00144,2024-03-11,Litoral,Consumo,Marketplace,20240311
C00145,2025-11-23,Litoral,Consumo,Referidos,20251123
C00146,2025-06-27,Cuyo,Consumo,Orgánico,20250627
C00147,2023-02-06,NOA,Consumo,Orgánico,20230206
C00148,2023-09-07,Centro,Consumo,Orgánico,20230907
C00149,2025-05-25,AMBA,Premium,Orgánico,20250525
C00150,2023-03-04,AMBA,Consumo,Orgánico,20230304
C00151,2025-06-30,Patagonia,Consumo,Orgánico,20250630
C00152,2023-10-27,Cuyo,Consumo,Orgánico,20231027
C00153,2025-09-04,Cuyo,Consumo,Paid Social,20250904
C00154,2023-11-09,Litoral,Premium,Paid Social,20231109
C00155,2024-04-07,Cuyo,Consumo,Paid Social,20240407
C00156,2024-12-05,Litoral,PyME,Referidos,20241205
C00157,2023-05-15,AMBA,Premium,Orgánico,20230515
C00158,2024-08-16,AMBA,Consumo,Marketplace,20240816
C00159,2024-06-21,NOA,Consumo,Marketplace,20240621
C00160,2025-04-14,Cuyo,Consumo,Marketplace,20250414
C00161,2025-11-26,Centro,Consumo,Orgánico,20251126
C00162,2024-12-08,Cuyo,Consumo,Orgánico,20241208
C00163,2024-03-11,Cuyo,Consumo,Email,20240311
C00164,2024-03-08,Centro,Consumo,Orgánico,20240308
C00165,2024-03-21,Centro,Consumo,Orgánico,20240321
C00166,2025-05-16,Patagonia,Consumo,Orgánico,20250516
C00167,2023-12-09,AMBA,Consumo,Email,20231209
C00168,2023-06-27,Centro,PyME,Referidos,20230627
C00169,2023-12-23,Cuyo,Consumo,Orgánico,20231223
C00170,2023-01-25,Litoral,Consumo,Marketplace,20230125
C00171,2023-04-24,NOA,PyME,Referidos,20230424
C00172,2023-04-06,NOA,Consumo,Orgánico,20230406
C00173,2025-04-01,Centro,Consumo,Paid Social,20250401
C00174,2025-02-08,Litoral,Consumo,Orgánico,20250208
C00175,2025-01-12,AMBA,Consumo,Marketplace,20250112
C00176,2024-05-06,Litoral,Premium,Referidos,20240506
C00177,2025-02-02,AMBA,Consumo,Email,20250202
C00178,2023-06-21,AMBA,Consumo,Email,20230621
C00179,2025-08-17,Patagonia,Consumo,Orgánico,20250817
C00180,2024-06-17,Centro,Consumo,Marketplace,20240617
C00181,2025-09-26,Cuyo,Consumo,Marketplace,20250926
C00182,2023-06-12,AMBA,Premium,Referidos,20230612
C00183,2024-06-13,Patagonia,Consumo,Paid Social,20240613
C00184,2025-01-11,Patagonia,Consumo,Orgánico,20250111
C00185,2024-06-11,Litoral,Consumo,Orgánico,20240611
C00186,2024-04-20,NOA,PyME,Orgánico,20240420
C00187,2023-06-27,Cuyo,Consumo,Email,20230627
C00188,2024-02-10,Centro,Consumo,Referidos,20240210
C00189,2023-09-12,AMBA,Consumo,Marketplace,20230912
C00190,2023-11-18,Centro,Premium,Orgánico,20231118
C00191,2024-12-29,Centro,Consumo,Orgánico,20241229
C00192,2024-11-02,Centro,Premium,Orgánico,20241102
C00193,2024-10-08,Centro,Consumo,Marketplace,20241008
C00194,2024-01-21,Litoral,PyME,Referidos,20240121
C00195,2025-10-19,AMBA,PyME,Paid Social,20251019
C00196,2023-04-04,Litoral,Consumo,Email,20230404
C00197,2023-12-31,Cuyo,Consumo,Email,20231231
C00198,2023-05-06,Patagonia,Consumo,Orgánico,20230506
C00199,2023-12-27,Litoral,Consumo,Orgánico,20231227
C00200,2025-10-21,NOA,Consumo,Orgánico,20251021
C00201,2024-01-26,Cuyo,Consumo,Orgánico,20240126
C00202,2025-08-25,Centro,PyME,Email,20250825
C00203,2024-06-11,Litoral,Consumo,Paid Social,20240611
C00204,2025-01-15,Litoral,Consumo,Referidos,20250115
C00205,2024-05-02,Cuyo,Consumo,Email,20240502
C00206,2023-10-11,Litoral,Consumo,Paid Social,20231011
C00207,2025-03-24,Cuyo,Consumo,Marketplace,20250324
C00208,2025-10-29,Centro,Consumo,Paid Social,20251029
C00209,2023-10-08,Centro,Consumo,Email,20231008
C00210,2025-04-09,NOA,PyME,Orgánico,20250409
C00211,2023-10-06,Patagonia,Consumo,Referidos,20231006
C00212,2025-02-02,AMBA,PyME,Paid Social,20250202
C00213,2025-04-20,NOA,Consumo,Orgánico,20250420
C00214,2024-04-23,Patagonia,Consumo,Orgánico,20240423
C00215,2025-02-23,AMBA,Consumo,Referidos,20250223
C00216,2023-10-17,Patagonia,Consumo,Email,20231017
C00217,2023-03-26,Litoral,Premium,Email,20230326
C00218,2023-04-13,NOA,Consumo,Paid Social,20230413
C00219,2024-04-21,Cuyo,Consumo,Email,20240421
C00220,2025-08-19,Litoral,Premium,Email,20250819
C00221,2023-05-16,Centro,Consumo,Orgánico,20230516
C00222,2024-04-30,Centro,Premium,Paid Social,20240430
C00223,2025-01-19,Litoral,Consumo,Paid Social,20250119
C00224,2023-08-04,Patagonia,PyME,Referidos,20230804
C00225,2025-02-07,NOA,Consumo,Paid Social,20250207
C00226,2023-11-22,Patagonia,Consumo,Paid Social,20231122
C00227,2025-05-11,Litoral,Consumo,Marketplace,20250511
C00228,2024-09-08,Litoral,Consumo,Marketplace,20240908
C00229,2024-08-05,Cuyo,PyME,Orgánico,20240805
C00230,2023-07-08,Patagonia,Consumo,Marketplace,20230708
C00231,2024-05-08,Centro,Consumo,Orgánico,20240508
C00232,2025-07-01,Centro,Consumo,Marketplace,20250701
C00233,2023-01-21,NOA,PyME,Orgánico,20230121
C00234,2025-03-18,Litoral,Consumo,Paid Social,20250318
C00235,2024-06-08,Cuyo,Premium,Marketplace,20240608
C00236,2025-02-05,NOA,Consumo,Orgánico,20250205
C00237,2024-12-07,NOA,PyME,Referidos,20241207
C00238,2024-04-05,Centro,Consumo,Paid Social,20240405
C00239,2023-11-25,Litoral,Consumo,Orgánico,20231125
C00240,2024-10-30,Cuyo,Consumo,Marketplace,20241030
C00241,2023-05-30,Patagonia,Consumo,Paid Social,20230530
C00242,2024-09-14,NOA,PyME,Marketplace,20240914
C00243,2023-04-11,Litoral,PyME,Marketplace,20230411
C00244,2024-11-23,Patagonia,Consumo,Orgánico,20241123
C00245,2024-10-31,Litoral,PyME,Orgánico,20241031
C00246,2023-03-31,NOA,Consumo,Paid Social,20230331
C00247,2025-03-17,Cuyo,Consumo,Paid Social,20250317
C00248,2024-03-18,Cuyo,Consumo,Orgánico,20240318
C00249,2025-04-18,Cuyo,Consumo,Paid Social,20250418
C00250,2023-02-14,NOA,Consumo,Referidos,20230214
C00251,2023-07-11,Litoral,Consumo,Orgánico,20230711
C00252,2024-06-10,AMBA,Consumo,Referidos,20240610
C00253,2023-07-20,AMBA,Premium,Paid Social,20230720
C00254,2023-12-18,Litoral,Premium,Orgánico,20231218
C00255,2024-12-04,Patagonia,Consumo,Orgánico,20241204
C00256,2023-06-03,Cuyo,Consumo,Orgánico,20230603
C00257,2024-12-22,Litoral,Premium,Email,20241222
C00258,2023-04-21,Patagonia,Consumo,Orgánico,20230421
C00259,2023-07-06,Litoral,Premium,Referidos,20230706
C00260,2024-09-17,NOA,Consumo,Referidos,20240917
C00261,2025-04-25,Litoral,Consumo,Orgánico,20250425
C00262,2023-07-01,Patagonia,Consumo,Marketplace,20230701
C00263,2023-11-16,Patagonia,Premium,Marketplace,20231116
C00264,2025-09-12,Litoral,PyME,Orgánico,20250912
C00265,2025-11-20,AMBA,Consumo,Marketplace,20251120
C00266,2024-09-10,Cuyo,PyME,Orgánico,20240910
C00267,2024-04-21,AMBA,PyME,Email,20240421
C00268,2024-01-05,Litoral,Consumo,Orgánico,20240105
C00269,2024-10-14,AMBA,Premium,Referidos,20241014
C00270,2024-09-21,Litoral,Consumo,Referidos,20240921
C00271,2023-11-10,Cuyo,Consumo,Marketplace,20231110
C00272,2023-01-25,AMBA,Consumo,Marketplace,20230125
C00273,2023-06-11,AMBA,PyME,Orgánico,20230611
C00274,2025-10-17,Litoral,Premium,Email,20251017
C00275,2024-03-21,AMBA,Consumo,Orgánico,20240321
C00276,2024-05-28,NOA,Consumo,Orgánico,20240528
C00277,2024-05-12,Patagonia,Consumo,Orgánico,20240512
C00278,2025-04-13,Patagonia,Premium,Marketplace,20250413
C00279,2023-03-11,Centro,PyME,Email,20230311
C00280,2023-03-30,Patagonia,Consumo,Orgánico,20230330
C00281,2023-10-21,Litoral,Consumo,Marketplace,20231021
C00282,2024-06-02,Cuyo,Consumo,Referidos,20240602
C00283,2024-12-15,AMBA,Consumo,Paid Social,20241215
C00284,2024-06-06,Litoral,Consumo,Paid Social,20240606
C00285,2024-04-14,Patagonia,Consumo,Referidos,20240414
C00286,2025-09-25,AMBA,Consumo,Email,20250925
C00287,2023-06-21,AMBA,Consumo,Paid Social,20230621
C00288,2024-08-31,Cuyo,PyME,Paid Social,20240831
C00289,2024-07-31,Litoral,Consumo,Orgánico,20240731
C00290,2024-05-19,Cuyo,Consumo,Paid Social,20240519
C00291,2025-05-10,Cuyo,Premium,Paid Social,20250510
C00292,2023-10-12,Centro,PyME,Orgánico,20231012
C00293,2025-10-12,AMBA,Consumo,Orgánico,20251012
C00294,2023-12-20,AMBA,Consumo,Email,20231220
C00295,2024-08-03,AMBA,Consumo,Paid Social,20240803
C00296,2024-07-08,Patagonia,Consumo,Paid Social,20240708
C00297,2025-06-24,Patagonia,Consumo,Orgánico,20250624
C00298,2024-04-12,Cuyo,Consumo,Marketplace,20240412
C00299,2023-10-31,AMBA,Consumo,Orgánico,20231031
C00300,2023-01-24,Cuyo,Consumo,Paid Social,20230124
C00301,2024-01-23,NOA,Consumo,Orgánico,20240123
C00302,2025-05-30,Centro,Consumo,Referidos,20250530
C00303,2023-01-11,Cuyo,Consumo,Paid Social,20230111
C00304,2025-08-12,Litoral,Consumo,Paid Social,20250812
C00305,2024-08-01,Centro,Premium,Marketplace,20240801
C00306,2023-05-30,Cuyo,Consumo,Referidos,20230530
C00307,2023-11-18,Cuyo,Consumo,Paid Social,20231118
C00308,2024-08-13,Cuyo,Consumo,Paid Social,20240813
C00309,2023-12-03,Patagonia,Consumo,Marketplace,20231203
C00310,2023-04-26,Litoral,PyME,Marketplace,20230426
C00311,2024-12-10,AMBA,Premium,Referidos,20241210
C00312,2024-12-16,AMBA,Consumo,Referidos,20241216
C00313,2023-05-07,Cuyo,Consumo,Marketplace,20230507
C00314,2023-10-27,NOA,Consumo,Marketplace,20231027
C00315,2023-09-17,AMBA,Consumo,Orgánico,20230917
C00316,2024-12-03,AMBA,Consumo,Marketplace,20241203
C00317,2025-02-16,Patagonia,PyME,Referidos,20250216
C00318,2025-02-13,Cuyo,Premium,Email,20250213
C00319,2025-09-26,Centro,Consumo,Paid Social,20250926
C00320,2025-03-29,Centro,Consumo,Paid Social,20250329
C00321,2023-12-08,Litoral,Consumo,Referidos,20231208
C00322,2023-04-25,Litoral,Consumo,Email,20230425
C00323,2024-10-16,Litoral,Consumo,Orgánico,20241016
C00324,2025-09-02,Centro,PyME,Email,20250902
C00325,2025-11-04,Litoral,Premium,Orgánico,20251104
C00326,2023-09-03,NOA,Consumo,Paid Social,20230903
C00327,2023-09-09,Centro,Consumo,Email,20230909
C00328,2023-02-09,Cuyo,Consumo,Email,20230209
C00329,2023-05-31,AMBA,Premium,Orgánico,20230531
C00330,2024-08-13,Litoral,Consumo,Orgánico,20240813
C00331,2024-08-05,AMBA,Consumo,Orgánico,20240805
C00332,2024-01-31,Centro,Consumo,Email,20240131
C00333,2023-11-27,Patagonia,Consumo,Marketplace,20231127
C00334,2025-06-02,AMBA,Consumo,Referidos,20250602
C00335,2024-05-04,NOA,Consumo,Referidos,20240504
C00336,2025-05-10,Cuyo,Consumo,Paid Social,20250510
C00337,2025-10-22,Cuyo,Premium,Orgánico,20251022
C00338,2023-12-04,Litoral,Consumo,Marketplace,20231204
C00339,2023-08-04,Litoral,Consumo,Paid Social,20230804
C00340,2025-10-11,Cuyo,Premium,Orgánico,20251011
C00341,2024-11-07,NOA,Consumo,Paid Social,20241107
C00342,2023-11-06,NOA,Consumo,Email,20231106
C00343,2024-10-24,Centro,Consumo,Paid Social,20241024
C00344,2024-07-02,Patagonia,Consumo,Orgánico,20240702
C00345,2025-08-22,Centro,Premium,Email,20250822
C00346,2023-09-30,NOA,Consumo,Orgánico,20230930
C00347,2025-11-21,Centro,Consumo,Paid Social,20251121
C00348,2025-09-23,Centro,Consumo,Referidos,20250923
C00349,2023-07-12,Patagonia,Consumo,Marketplace,20230712
C00350,2023-06-25,Patagonia,Consumo,Paid Social,20230625
C00351,2024-07-21,AMBA,PyME,Orgánico,20240721
C00352,2023-02-17,Litoral,Premium,Paid Social,20230217
C00353,2023-11-15,Cuyo,Premium,Orgánico,20231115
C00354,2024-04-08,Litoral,Consumo,Marketplace,20240408
C00355,2025-10-29,Litoral,Consumo,Referidos,20251029
C00356,2025-11-22,NOA,Premium,Paid Social,20251122
C00357,2023-06-11,NOA,Consumo,Referidos,20230611
C00358,2025-08-07,Litoral,Consumo,Paid Social,20250807
C00359,2023-04-07,Patagonia,Premium,Paid Social,20230407
C00360,2025-03-08,NOA,Consumo,Marketplace,20250308
C00361,2025-06-19,Centro,Consumo,Orgánico,20250619
C00362,2025-08-06,Patagonia,PyME,Paid Social,20250806
C00363,2023-08-26,Patagonia,Consumo,Marketplace,20230826
C00364,2025-08-09,AMBA,Consumo,Paid Social,20250809
C00365,2023-05-04,NOA,Consumo,Paid Social,20230504
C00366,2024-07-06,Patagonia,PyME,Orgánico,20240706
C00367,2024-05-15,Cuyo,Consumo,Paid Social,20240515
C00368,2023-12-03,Cuyo,Premium,Paid Social,20231203
C00369,2023-01-24,Cuyo,Consumo,Paid Social,20230124
C00370,2025-04-02,NOA,Consumo,Orgánico,20250402
C00371,2023-12-24,NOA,Consumo,Paid Social,20231224
C00372,2024-12-05,Patagonia,Consumo,Email,20241205
C00373,2024-03-12,Litoral,Consumo,Marketplace,20240312
C00374,2024-02-02,AMBA,Consumo,Email,20240202
C00375,2025-08-01,NOA,Consumo,Email,20250801
C00376,2023-04-11,AMBA,Consumo,Referidos,20230411
C00377,2025-02-23,Centro,Premium,Orgánico,20250223
C00378,2025-03-06,AMBA,Premium,Paid Social,20250306
C00379,2024-02-09,NOA,Consumo,Orgánico,20240209
C00380,2023-10-07,Cuyo,Consumo,Paid Social,20231007
C00381,2023-01-06,Centro,Consumo,Marketplace,20230106
C00382,2025-09-24,AMBA,Consumo,Paid Social,20250924
C00383,2025-10-06,Cuyo,Consumo,Marketplace,20251006
C00384,2023-09-14,Patagonia,Consumo,Orgánico,20230914
C00385,2023-02-03,NOA,Consumo,Paid Social,20230203
C00386,2023-05-11,Litoral,Consumo,Paid Social,20230511
C00387,2023-03-14,Litoral,PyME,Orgánico,20230314
C00388,2025-06-04,NOA,Consumo,Paid Social,20250604
C00389,2025-08-07,NOA,Consumo,Email,20250807
C00390,2023-06-13,Centro,Consumo,Paid Social,20230613
C00391,2025-03-06,NOA,Consumo,Referidos,20250306
C00392,2023-07-10,Litoral,Consumo,Marketplace,20230710
C00393,2024-01-27,NOA,Consumo,Paid Social,20240127
C00394,2024-09-30,AMBA,Consumo,Marketplace,20240930
C00395,2025-02-05,AMBA,Consumo,Orgánico,20250205
C00396,2025-07-20,NOA,Consumo,Orgánico,20250720
C00397,2023-02-17,Patagonia,Consumo,Paid Social,20230217
C00398,2023-07-29,Centro,Premium,Email,20230729
C00399,2023-10-26,NOA,PyME,Paid Social,20231026
C00400,2023-11-27,AMBA,Premium,Email,20231127
C00401,2025-11-28,Patagonia,Consumo,Marketplace,20251128
C00402,2025-04-07,Centro,Consumo,Orgánico,20250407
C00403,2023-12-08,AMBA,Consumo,Referidos,20231208
C00404,2025-10-31,Patagonia,Premium,Email,20251031
C00405,2024-06-15,NOA,PyME,Paid Social,20240615
C00406,2024-06-17,AMBA,Premium,Orgánico,20240617
C00407,2024-04-06,AMBA,Consumo,Paid Social,20240406
C00408,2023-06-03,Litoral,Consumo,Paid Social,20230603
C00409,2025-09-22,AMBA,Premium,Referidos,20250922
C00410,2023-01-15,Patagonia,Consumo,Paid Social,20230115
C00411,2023-07-05,NOA,Consumo,Orgánico,20230705
C00412,2023-09-02,Patagonia,Consumo,Referidos,20230902
C00413,2023-10-25,Centro,Consumo,Email,20231025
C00414,2023-05-21,Centro,Consumo,Marketplace,20230521
C00415,2023-01-20,Patagonia,Consumo,Paid Social,20230120
C00416,2024-12-22,AMBA,Premium,Email,20241222
C00417,2025-10-29,Litoral,PyME,Paid Social,20251029
C00418,2023-05-10,Cuyo,Premium,Email,20230510
C00419,2023-11-12,Patagonia,Consumo,Paid Social,20231112
C00420,2024-06-23,Centro,Consumo,Orgánico,20240623
C00421,2025-09-14,Patagonia,Consumo,Marketplace,20250914
C00422,2025-01-09,Patagonia,Premium,Referidos,20250109
C00423,2025-03-26,Centro,Consumo,Email,20250326
C00424,2024-09-10,Cuyo,PyME,Paid Social,20240910
C00425,2024-03-20,AMBA,Consumo,Referidos,20240320
C00426,2023-08-01,Cuyo,Consumo,Orgánico,20230801
C00427,2025-07-09,Centro,Premium,Paid Social,20250709
C00428,2025-05-06,AMBA,Consumo,Orgánico,20250506
C00429,2023-01-27,Litoral,PyME,Orgánico,20230127
C00430,2025-01-31,Litoral,Consumo,Orgánico,20250131
C00431,2023-03-31,AMBA,Consumo,Referidos,20230331
C00432,2025-02-26,Centro,Consumo,Orgánico,20250226
C00433,2025-05-29,AMBA,Premium,Referidos,20250529
C00434,2023-05-20,Patagonia,Consumo,Marketplace,20230520
C00435,2024-04-07,Cuyo,Premium,Orgánico,20240407
C00436,2023-05-12,AMBA,Premium,Referidos,20230512
C00437,2024-08-27,Centro,Consumo,Paid Social,20240827
C00438,2025-09-14,NOA,Premium,Marketplace,20250914
C00439,2023-03-28,Centro,PyME,Paid Social,20230328
C00440,2024-02-28,Patagonia,Consumo,Paid Social,20240228
C00441,2025-11-02,Cuyo,Premium,Orgánico,20251102
C00442,2023-11-17,Centro,Consumo,Marketplace,20231117
C00443,2023-05-21,Centro,Consumo,Orgánico,20230521
C00444,2024-06-04,AMBA,Consumo,Referidos,20240604
C00445,2024-06-25,Patagonia,Premium,Orgánico,20240625
C00446,2024-12-06,Cuyo,Consumo,Email,20241206
C00447,2023-12-01,Cuyo,Consumo,Paid Social,20231201
C00448,2025-10-14,AMBA,Consumo,Orgánico,20251014
C00449,2024-07-08,Patagonia,Consumo,Orgánico,20240708
C00450,2023-11-02,Centro,Premium,Orgánico,20231102
C00451,2025-10-19,Litoral,PyME,Referidos,20251019
C00452,2025-09-11,NOA,Consumo,Referidos,20250911
C00453,2024-06-15,Patagonia,Consumo,Orgánico,20240615
C00454,2023-01-27,Litoral,PyME,Paid Social,20230127
C00455,2024-09-27,NOA,Consumo,Orgánico,20240927
C00456,2024-08-14,Centro,Consumo,Referidos,20240814
C00457,2023-06-07,NOA,PyME,Referidos,20230607
C00458,2024-11-06,Litoral,Premium,Marketplace,20241106
C00459,2025-06-14,Cuyo,Consumo,Marketplace,20250614
C00460,2023-04-23,Centro,Consumo,Paid Social,20230423
C00461,2025-02-09,Patagonia,PyME,Orgánico,20250209
C00462,2023-05-30,NOA,Consumo,Marketplace,20230530
C00463,2025-03-08,Patagonia,Consumo,Orgánico,20250308
C00464,2024-03-22,AMBA,Premium,Orgánico,20240322
C00465,2023-01-07,Cuyo,Consumo,Paid Social,20230107
C00466,2025-10-26,Patagonia,Consumo,Referidos,20251026
C00467,2023-06-26,Cuyo,Consumo,Referidos,20230626
C00468,2024-09-26,Patagonia,Consumo,Marketplace,20240926
C00469,2023-07-13,Patagonia,Consumo,Paid Social,20230713
C00470,2025-09-20,AMBA,Consumo,Orgánico,20250920
C00471,2025-02-25,Litoral,Consumo,Paid Social,20250225
C00472,2025-05-06,Centro,Premium,Referidos,20250506
C00473,2024-04-05,Cuyo,Consumo,Orgánico,20240405
C00474,2024-05-12,Cuyo,Consumo,Marketplace,20240512
C00475,2024-11-06,Patagonia,Consumo,Paid Social,20241106
C00476,2025-04-15,NOA,Consumo,Referidos,20250415
C00477,2025-06-21,Cuyo,Premium,Referidos,20250621
C00478,2023-01-19,Litoral,Consumo,Paid Social,20230119
C00479,2024-12-07,Litoral,Consumo,Referidos,20241207
C00480,2023-04-27,Litoral,Premium,Paid Social,20230427
C00481,2023-11-03,Litoral,Consumo,Referidos,20231103
C00482,2025-06-02,Patagonia,Consumo,Referidos,20250602
C00483,2023-09-24,NOA,Premium,Email,20230924
C00484,2025-04-28,Patagonia,Consumo,Orgánico,20250428
C00485,2024-05-08,AMBA,Premium,Marketplace,20240508
C00486,2023-09-05,Cuyo,Premium,Marketplace,20230905
C00487,2023-12-22,Cuyo,PyME,Email,20231222
C00488,2024-07-19,Litoral,Consumo,Marketplace,20240719
C00489,2025-03-25,Litoral,Premium,Paid Social,20250325
C00490,2024-10-07,Patagonia,Consumo,Paid Social,20241007
C00491,2025-09-20,Cuyo,Consumo,Paid Social,20250920
C00492,2025-07-13,Centro,PyME,Orgánico,20250713
C00493,2025-03-13,Cuyo,Consumo,Paid Social,20250313
C00494,2024-10-04,NOA,Premium,Email,20241004
C00495,2023-11-05,Centro,Consumo,Orgánico,20231105
C00496,2024-03-15,AMBA,Consumo,Orgánico,20240315
C00497,2023-05-07,NOA,Consumo,Referidos,20230507
C00498,2024-02-03,Centro,PyME,Referidos,20240203
C00499,2025-09-13,Litoral,Consumo,Marketplace,20250913
C00500,2024-03-29,Patagonia,Consumo,Orgánico,20240329
C00501,2023-05-02,Centro,Consumo,Referidos,20230502
C00502,2024-11-25,Cuyo,Premium,Orgánico,20241125
C00503,2025-10-22,Centro,Consumo,Orgánico,20251022
C00504,2025-07-12,AMBA,Consumo,Referidos,20250712
C00505,2023-10-19,AMBA,Consumo,Paid Social,20231019
C00506,2024-04-28,Centro,Consumo,Referidos,20240428
C00507,2024-07-19,Cuyo,Consumo,Orgánico,20240719
C00508,2023-09-21,Litoral,Consumo,Orgánico,20230921
C00509,2023-10-14,AMBA,PyME,Paid Social,20231014
C00510,2023-09-10,NOA,Premium,Orgánico,20230910
C00511,2025-11-25,Patagonia,Consumo,Orgánico,20251125
C00512,2025-03-05,AMBA,Consumo,Orgánico,20250305
C00513,2025-06-14,NOA,Consumo,Paid Social,20250614
C00514,2025-05-19,AMBA,PyME,Referidos,20250519
C00515,2025-10-18,Litoral,Consumo,Orgánico,20251018
C00516,2023-04-23,Cuyo,Consumo,Email,20230423
C00517,2025-07-27,Litoral,PyME,Email,20250727
C00518,2023-03-12,NOA,Consumo,Paid Social,20230312
C00519,2024-05-21,NOA,Consumo,Paid Social,20240521
C00520,2024-09-25,Centro,Consumo,Email,20240925
C00521,2024-01-17,Litoral,Consumo,Marketplace,20240117
C00522,2023-06-05,NOA,Consumo,Orgánico,20230605
C00523,2023-07-24,Patagonia,PyME,Referidos,20230724
C00524,2025-05-28,NOA,Consumo,Orgánico,20250528
C00525,2023-12-06,Cuyo,Consumo,Paid Social,20231206
C00526,2023-11-27,Centro,Premium,Paid Social,20231127
C00527,2025-09-10,Litoral,Premium,Orgánico,20250910
C00528,2023-06-03,Patagonia,Consumo,Orgánico,20230603
C00529,2025-09-01,NOA,Premium,Orgánico,20250901
C00530,2025-09-07,Patagonia,Consumo,Orgánico,20250907
C00531,2024-09-29,Patagonia,Consumo,Email,20240929
C00532,2023-06-26,Litoral,Consumo,Orgánico,20230626
C00533,2023-06-15,Centro,Consumo,Referidos,20230615
C00534,2023-10-31,Cuyo,PyME,Marketplace,20231031
C00535,2024-09-06,Cuyo,Premium,Orgánico,20240906
C00536,2023-06-13,Patagonia,Consumo,Orgánico,20230613
C00537,2024-04-30,Litoral,Consumo,Paid Social,20240430
C00538,2023-05-03,Patagonia,PyME,Marketplace,20230503
C00539,2024-07-29,AMBA,Consumo,Paid Social,20240729
C00540,2023-01-23,Patagonia,Consumo,Orgánico,20230123
C00541,2025-01-25,Litoral,Consumo,Marketplace,20250125
C00542,2023-02-28,NOA,Consumo,Paid Social,20230228
C00543,2023-07-27,Cuyo,Consumo,Paid Social,20230727
C00544,2023-07-05,Cuyo,PyME,Marketplace,20230705
C00545,2025-06-04,AMBA,Consumo,Marketplace,20250604
C00546,2023-02-26,Patagonia,Consumo,Paid Social,20230226
C00547,2024-04-02,Patagonia,Premium,Paid Social,20240402
C00548,2024-09-21,NOA,Consumo,Paid Social,20240921
C00549,2024-07-03,AMBA,Premium,Orgánico,20240703
C00550,2024-12-25,Centro,Consumo,Paid Social,20241225
C00551,2025-05-05,NOA,Consumo,Orgánico,20250505
C00552,2024-02-24,AMBA,Consumo,Email,20240224
C00553,2025-06-01,Litoral,Premium,Referidos,20250601
C00554,2023-12-05,Cuyo,Consumo,Marketplace,20231205
C00555,2025-11-14,NOA,Premium,Referidos,20251114
C00556,2024-06-21,NOA,Consumo,Orgánico,20240621
C00557,2025-02-22,NOA,Consumo,Orgánico,20250222
C00558,2025-07-20,Centro,Premium,Paid Social,20250720
C00559,2025-04-24,Litoral,Consumo,Orgánico,20250424
C00560,2025-06-25,Patagonia,Premium,Orgánico,20250625
C00561,2024-07-25,NOA,Consumo,Referidos,20240725
C00562,2023-02-16,AMBA,Consumo,Paid Social,20230216
C00563,2024-06-09,NOA,Premium,Orgánico,20240609
C00564,2023-07-13,Cuyo,Consumo,Paid Social,20230713
C00565,2025-08-04,AMBA,Consumo,Marketplace,20250804
C00566,2023-09-10,Litoral,Consumo,Email,20230910
C00567,2023-08-31,Patagonia,Premium,Orgánico,20230831
C00568,2023-09-23,AMBA,Consumo,Paid Social,20230923
C00569,2024-11-15,AMBA,Consumo,Marketplace,20241115
C00570,2024-08-31,NOA,Premium,Orgánico,20240831
C00571,2025-10-07,NOA,Consumo,Email,20251007
C00572,2024-03-19,AMBA,PyME,Referidos,20240319
C00573,2023-10-28,NOA,Premium,Referidos,20231028
C00574,2023-02-22,NOA,Consumo,Orgánico,20230222
C00575,2023-01-08,NOA,PyME,Marketplace,20230108
C00576,2024-02-02,Centro,Consumo,Paid Social,20240202
C00577,2025-09-12,Litoral,Consumo,Orgánico,20250912
C00578,2024-07-11,NOA,Consumo,Orgánico,20240711
C00579,2025-08-09,NOA,Consumo,Paid Social,20250809
C00580,2023-04-19,Litoral,Consumo,Orgánico,20230419
C00581,2023-04-10,Centro,Consumo,Referidos,20230410
C00582,2025-06-06,AMBA,Consumo,Marketplace,20250606
C00583,2023-04-24,Centro,Consumo,Orgánico,20230424
C00584,2023-02-25,AMBA,Consumo,Referidos,20230225
C00585,2024-03-06,Centro,Premium,Marketplace,20240306
C00586,2025-09-11,AMBA,Consumo,Orgánico,20250911
C00587,2025-01-04,Patagonia,Consumo,Referidos,20250104
C00588,2023-04-16,Litoral,Consumo,Marketplace,20230416
C00589,2025-06-10,Litoral,Consumo,Referidos,20250610
C00590,2025-06-17,Patagonia,Consumo,Paid Social,20250617
C00591,2025-05-02,Cuyo,Consumo,Marketplace,20250502
C00592,2025-08-19,Cuyo,Consumo,Referidos,20250819
C00593,2023-09-13,Centro,Premium,Orgánico,20230913
C00594,2025-11-09,Cuyo,Consumo,Orgánico,20251109
C00595,2023-12-08,Centro,Consumo,Paid Social,20231208
C00596,2025-05-04,Litoral,Premium,Paid Social,20250504
C00597,2024-09-09,NOA,Consumo,Paid Social,20240909
C00598,2025-04-10,Litoral,Consumo,Orgánico,20250410
C00599,2024-10-30,Centro,Consumo,Referidos,20241030
C00600,2024-11-15,Patagonia,Consumo,Referidos,20241115
C00601,2024-10-18,Patagonia,Consumo,Paid Social,20241018
C00602,2025-04-09,Cuyo,Consumo,Orgánico,20250409
C00603,2025-02-26,Centro,Consumo,Orgánico,20250226
C00604,2023-05-24,Patagonia,PyME,Orgánico,20230524
C00605,2025-05-29,Centro,Consumo,Email,20250529
C00606,2024-07-24,NOA,Consumo,Orgánico,20240724
C00607,2023-12-11,Centro,Consumo,Marketplace,20231211
C00608,2024-07-01,Cuyo,Premium,Orgánico,20240701
C00609,2025-10-26,Patagonia,Consumo,Orgánico,20251026
C00610,2025-07-02,AMBA,Consumo,Marketplace,20250702
C00611,2025-06-06,Centro,Consumo,Paid Social,20250606
C00612,2024-05-07,AMBA,Premium,Paid Social,20240507
C00613,2025-04-15,Cuyo,Consumo,Orgánico,20250415
C00614,2024-02-15,Litoral,Consumo,Email,20240215
C00615,2024-12-31,Centro,Consumo,Paid Social,20241231
C00616,2024-11-12,Cuyo,Consumo,Referidos,20241112
C00617,2023-09-24,Patagonia,Consumo,Email,20230924
C00618,2023-10-11,NOA,Consumo,Marketplace,20231011
C00619,2023-03-07,AMBA,Consumo,Email,20230307
C00620,2023-05-29,Litoral,Premium,Referidos,20230529
C00621,2024-04-06,AMBA,PyME,Referidos,20240406
C00622,2024-05-23,Litoral,Consumo,Paid Social,20240523
C00623,2023-06-25,NOA,Consumo,Email,20230625
C00624,2024-03-19,Patagonia,Consumo,Email,20240319
C00625,2024-10-05,Centro,Consumo,Orgánico,20241005
C00626,2023-09-05,Centro,Consumo,Referidos,20230905
C00627,2023-12-27,Patagonia,Consumo,Orgánico,20231227
C00628,2024-01-27,Patagonia,PyME,Paid Social,20240127
C00629,2024-06-21,Centro,Consumo,Orgánico,20240621
C00630,2024-01-26,AMBA,Premium,Orgánico,20240126
C00631,2025-02-23,Cuyo,Consumo,Orgánico,20250223
C00632,2023-12-15,Litoral,Consumo,Orgánico,20231215
C00633,2024-04-07,Cuyo,Consumo,Orgánico,20240407
C00634,2024-02-09,NOA,Consumo,Orgánico,20240209
C00635,2023-07-14,Patagonia,Consumo,Email,20230714
C00636,2024-12-31,Patagonia,Consumo,Paid Social,20241231
C00637,2023-09-08,AMBA,Consumo,Marketplace,20230908
C00638,2023-11-13,NOA,Consumo,Referidos,20231113
C00639,2025-04-24,Patagonia,Consumo,Orgánico,20250424
C00640,2025-10-07,Cuyo,Consumo,Paid Social,20251007
C00641,2024-12-15,Litoral,Consumo,Paid Social,20241215
C00642,2025-09-02,Patagonia,PyME,Paid Social,20250902
C00643,2025-06-28,NOA,Consumo,Paid Social,20250628
C00644,2024-05-27,Litoral,Consumo,Email,20240527
C00645,2025-03-31,AMBA,Consumo,Email,20250331
C00646,2023-12-16,Litoral,Consumo,Paid Social,20231216
C00647,2024-05-05,Patagonia,Consumo,Referidos,20240505
C00648,2024-07-24,AMBA,Consumo,Orgánico,20240724
C00649,2025-10-19,Patagonia,Consumo,Referidos,20251019
C00650,2025-06-22,Centro,Consumo,Marketplace,20250622
C00651,2024-06-05,NOA,Consumo,Orgánico,20240605
C00652,2024-11-26,Litoral,PyME,Referidos,20241126
C00653,2023-08-04,Centro,PyME,Referidos,20230804
C00654,2025-05-06,AMBA,Consumo,Paid Social,20250506
C00655,2024-08-11,AMBA,Consumo,Orgánico,20240811
C00656,2024-07-21,Patagonia,Consumo,Referidos,20240721
C00657,2025-03-27,Cuyo,Consumo,Paid Social,20250327
C00658,2024-11-05,NOA,Consumo,Orgánico,20241105
C00659,2023-03-19,Centro,Consumo,Email,20230319
C00660,2023-11-03,NOA,Consumo,Paid Social,20231103
C00661,2023-07-08,NOA,Consumo,Orgánico,20230708
C00662,2025-02-21,AMBA,Consumo,Marketplace,20250221
C00663,2023-02-07,Litoral,PyME,Orgánico,20230207
C00664,2023-08-04,NOA,PyME,Paid Social,20230804
C00665,2024-09-28,Centro,Consumo,Email,20240928
C00666,2025-01-09,AMBA,Consumo,Orgánico,20250109
C00667,2024-06-20,NOA,Consumo,Referidos,20240620
C00668,2025-07-05,Cuyo,Consumo,Email,20250705
C00669,2025-09-05,AMBA,Consumo,Paid Social,20250905
C00670,2023-05-21,NOA,Premium,Paid Social,20230521
C00671,2025-10-11,Patagonia,Consumo,Marketplace,20251011
C00672,2024-10-16,AMBA,Consumo,Marketplace,20241016
C00673,2024-11-08,Centro,PyME,Orgánico,20241108
C00674,2023-04-12,AMBA,Consumo,Paid Social,20230412
C00675,2024-10-24,NOA,Consumo,Paid Social,20241024
C00676,2025-02-11,AMBA,Premium,Marketplace,20250211
C00677,2024-09-10,Patagonia,Premium,Referidos,20240910
C00678,2023-03-31,Litoral,Consumo,Paid Social,20230331
C00679,2024-07-11,Litoral,Premium,Marketplace,20240711
C00680,2025-09-23,Patagonia,Consumo,Paid Social,20250923
C00681,2025-02-09,NOA,Consumo,Orgánico,20250209
C00682,2023-05-27,AMBA,Consumo,Email,20230527
C00683,2025-10-19,AMBA,Premium,Paid Social,20251019
C00684,2025-10-18,AMBA,Premium,Email,20251018
C00685,2023-06-30,Patagonia,Consumo,Paid Social,20230630
C00686,2025-05-02,Litoral,Consumo,Referidos,20250502
C00687,2024-03-09,AMBA,Premium,Marketplace,20240309
C00688,2024-09-24,Centro,Consumo,Orgánico,20240924
C00689,2024-04-19,Litoral,Consumo,Paid Social,20240419
C00690,2025-04-13,Patagonia,Premium,Referidos,20250413
C00691,2025-11-27,Cuyo,Consumo,Orgánico,20251127
C00692,2025-04-26,NOA,Consumo,Referidos,20250426
C00693,2025-09-18,NOA,Consumo,Email,20250918
C00694,2025-10-04,Patagonia,Consumo,Orgánico,20251004
C00695,2023-04-06,Cuyo,Premium,Marketplace,20230406
C00696,2023-09-27,NOA,Consumo,Paid Social,20230927
C00697,2025-02-07,Patagonia,Consumo,Orgánico,20250207
C00698,2024-09-20,Litoral,Consumo,Orgánico,20240920
C00699,2023-02-23,Cuyo,Consumo,Referidos,20230223
C00700,2023-04-12,Patagonia,Consumo,Marketplace,20230412
C00701,2024-07-08,Litoral,Consumo,Paid Social,20240708
C00702,2024-10-18,Centro,Consumo,Orgánico,20241018
C00703,2023-06-28,NOA,Consumo,Orgánico,20230628
C00704,2023-07-02,AMBA,Consumo,Email,20230702
C00705,2023-05-18,Patagonia,Consumo,Paid Social,20230518
C00706,2024-08-24,Litoral,Consumo,Paid Social,20240824
C00707,2023-01-09,Litoral,Consumo,Paid Social,20230109
C00708,2024-09-01,AMBA,Consumo,Paid Social,20240901
C00709,2024-05-21,Cuyo,Consumo,Email,20240521
C00710,2024-05-11,NOA,Consumo,Paid Social,20240511
C00711,2024-12-24,Centro,Consumo,Orgánico,20241224
C00712,2024-07-10,Patagonia,Consumo,Paid Social,20240710
C00713,2025-02-14,NOA,Premium,Paid Social,20250214
C00714,2025-03-24,NOA,Consumo,Paid Social,20250324
C00715,2025-09-06,Litoral,Consumo,Orgánico,20250906
C00716,2025-05-01,Centro,Consumo,Orgánico,20250501
C00717,2024-07-05,Patagonia,Consumo,Paid Social,20240705
C00718,2024-06-08,Cuyo,Consumo,Orgánico,20240608
C00719,2023-09-09,Litoral,Consumo,Email,20230909
C00720,2024-09-30,Patagonia,Consumo,Paid Social,20240930
C00721,2023-05-29,Patagonia,Premium,Orgánico,20230529
C00722,2025-09-18,Centro,Consumo,Email,20250918
C00723,2025-06-18,Patagonia,Premium,Paid Social,20250618
C00724,2023-05-08,Litoral,Premium,Orgánico,20230508
C00725,2025-04-17,NOA,Consumo,Referidos,20250417
C00726,2023-05-05,Litoral,PyME,Paid Social,20230505
C00727,2025-02-07,NOA,PyME,Marketplace,20250207
C00728,2023-04-04,NOA,Consumo,Orgánico,20230404
C00729,2024-06-03,NOA,Consumo,Marketplace,20240603
C00730,2024-12-01,Patagonia,Consumo,Referidos,20241201
C00731,2025-02-15,Litoral,Consumo,Orgánico,20250215
C00732,2024-03-21,AMBA,Consumo,Paid Social,20240321
C00733,2025-09-08,Cuyo,Consumo,Email,20250908
C00734,2025-04-04,Cuyo,Consumo,Paid Social,20250404
C00735,2023-08-10,Patagonia,Premium,Paid Social,20230810
C00736,2024-12-15,Litoral,Consumo,Marketplace,20241215
C00737,2025-02-17,Cuyo,Consumo,Referidos,20250217
C00738,2023-12-22,AMBA,Consumo,Marketplace,20231222
C00739,2025-02-25,Patagonia,Premium,Referidos,20250225
C00740,2025-08-14,Cuyo,Consumo,Referidos,20250814
C00741,2025-05-20,AMBA,Consumo,Referidos,20250520
C00742,2025-03-23,Centro,Consumo,Email,20250323
C00743,2024-11-06,NOA,Consumo,Marketplace,20241106
C00744,2023-10-16,AMBA,Premium,Email,20231016
C00745,2025-04-26,Cuyo,Consumo,Orgánico,20250426
C00746,2024-01-23,Litoral,Consumo,Email,20240123
C00747,2024-07-20,AMBA,Consumo,Orgánico,20240720
C00748,2023-12-01,AMBA,Premium,Marketplace,20231201
C00749,2023-11-30,NOA,Premium,Email,20231130
C00750,2023-06-17,Litoral,Consumo,Email,20230617
C00751,2025-10-20,Centro,Premium,Orgánico,20251020
C00752,2023-06-07,Centro,Consumo,Paid Social,20230607
C00753,2023-04-02,Cuyo,Premium,Paid Social,20230402
C00754,2025-09-23,Patagonia,Premium,Email,20250923
C00755,2024-08-14,Patagonia,Consumo,Email,20240814
C00756,2024-04-11,Centro,Consumo,Paid Social,20240411
C00757,2025-02-24,Patagonia,Consumo,Orgánico,20250224
C00758,2024-02-13,NOA,Consumo,Paid Social,20240213
C00759,2023-05-17,Centro,Consumo,Paid Social,20230517
C00760,2025-02-16,AMBA,Consumo,Marketplace,20250216
C00761,2023-07-07,NOA,Consumo,Marketplace,20230707
C00762,2024-08-11,Litoral,Consumo,Referidos,20240811
C00763,2025-10-07,Patagonia,Consumo,Paid Social,20251007
C00764,2025-09-23,Centro,Consumo,Orgánico,20250923
C00765,2024-01-20,Centro,Consumo,Marketplace,20240120
C00766,2025-04-11,Centro,Consumo,Marketplace,20250411
C00767,2024-10-14,Centro,Premium,Orgánico,20241014
C00768,2024-05-25,Cuyo,PyME,Email,20240525
C00769,2023-05-30,AMBA,Consumo,Paid Social,20230530
C00770,2024-02-05,NOA,Consumo,Orgánico,20240205
C00771,2024-11-25,Litoral,Consumo,Marketplace,20241125
C00772,2025-11-16,NOA,PyME,Marketplace,20251116
C00773,2023-01-06,Litoral,Consumo,Marketplace,20230106
C00774,2025-02-03,Centro,Premium,Orgánico,20250203
C00775,2025-06-20,Litoral,Consumo,Paid Social,20250620
C00776,2025-10-10,AMBA,Consumo,Marketplace,20251010
C00777,2024-03-27,Patagonia,Consumo,Email,20240327
C00778,2023-05-07,Patagonia,Premium,Paid Social,20230507
C00779,2023-10-16,AMBA,Premium,Paid Social,20231016
C00780,2025-06-24,Litoral,Consumo,Orgánico,20250624
C00781,2025-07-24,Litoral,Consumo,Email,20250724
C00782,2024-11-09,Centro,Consumo,Marketplace,20241109
C00783,2023-05-11,AMBA,PyME,Orgánico,20230511
C00784,2023-05-10,Patagonia,Consumo,Orgánico,20230510
C00785,2024-05-24,Centro,Premium,Paid Social,20240524
C00786,2024-09-18,Litoral,Consumo,Email,20240918
C00787,2023-02-04,Centro,Consumo,Paid Social,20230204
C00788,2024-12-31,Litoral,Consumo,Orgánico,20241231
C00789,2024-08-02,AMBA,Consumo,Referidos,20240802
C00790,2023-01-14,Cuyo,Premium,Orgánico,20230114
C00791,2023-04-12,Litoral,Premium,Email,20230412
C00792,2024-04-28,Cuyo,Premium,Email,20240428
C00793,2025-02-08,Litoral,Consumo,Paid Social,20250208
C00794,2025-05-29,Centro,Premium,Email,20250529
C00795,2024-04-04,Cuyo,Consumo,Referidos,20240404
C00796,2023-11-11,Patagonia,Consumo,Email,20231111
C00797,2025-10-28,Cuyo,Consumo,Email,20251028
C00798,2024-05-03,AMBA,Consumo,Paid Social,20240503
C00799,2023-12-02,NOA,Consumo,Paid Social,20231202
C00800,2024-04-16,Patagonia,Consumo,Paid Social,20240416
C00801,2023-01-13,Patagonia,Consumo,Paid Social,20230113
C00802,2023-11-18,Patagonia,Consumo,Paid Social,20231118
C00803,2024-07-03,Patagonia,Consumo,Orgánico,20240703
C00804,2025-09-05,Patagonia,Consumo,Referidos,20250905
C00805,2025-02-25,Litoral,Premium,Orgánico,20250225
C00806,2025-04-12,AMBA,Consumo,Marketplace,20250412
C00807,2024-08-03,Litoral,Consumo,Email,20240803
C00808,2023-04-28,Centro,Premium,Orgánico,20230428
C00809,2024-02-21,Patagonia,PyME,Email,20240221
C00810,2025-11-27,Cuyo,Premium,Paid Social,20251127
C00811,2023-02-17,NOA,Premium,Marketplace,20230217
C00812,2025-07-25,Litoral,PyME,Marketplace,20250725
C00813,2024-12-29,Litoral,Consumo,Referidos,20241229
C00814,2023-10-30,NOA,PyME,Email,20231030
C00815,2025-04-08,Cuyo,PyME,Marketplace,20250408
C00816,2025-06-10,Cuyo,Consumo,Email,20250610
C00817,2023-02-16,Cuyo,Premium,Marketplace,20230216
C00818,2023-04-24,NOA,Premium,Orgánico,20230424
C00819,2024-12-10,Patagonia,Premium,Marketplace,20241210
C00820,2025-11-30,AMBA,Premium,Email,20251130
C00821,2023-01-26,Cuyo,Consumo,Paid Social,20230126
C00822,2024-12-09,Cuyo,Consumo,Marketplace,20241209
C00823,2023-05-26,Litoral,Consumo,Email,20230526
C00824,2024-11-23,AMBA,Premium,Marketplace,20241123
C00825,2024-10-25,Patagonia,Premium,Orgánico,20241025
C00826,2023-04-07,Patagonia,Premium,Email,20230407
C00827,2024-12-25,Centro,Premium,Referidos,20241225
C00828,2025-08-13,AMBA,PyME,Orgánico,20250813
C00829,2025-07-08,Litoral,Consumo,Referidos,20250708
C00830,2023-01-31,Centro,PyME,Email,20230131
C00831,2023-09-19,NOA,Consumo,Orgánico,20230919
C00832,2023-09-14,Patagonia,Consumo,Email,20230914
C00833,2024-04-27,NOA,Consumo,Orgánico,20240427
C00834,2023-06-02,Litoral,Consumo,Referidos,20230602
C00835,2025-06-28,NOA,Consumo,Marketplace,20250628
C00836,2025-04-07,AMBA,Consumo,Paid Social,20250407
C00837,2025-05-10,Centro,Consumo,Paid Social,20250510
C00838,2023-07-31,AMBA,Premium,Paid Social,20230731
C00839,2023-01-16,Patagonia,Consumo,Paid Social,20230116
C00840,2025-08-27,Litoral,Consumo,Marketplace,20250827
C00841,2023-11-04,Centro,Consumo,Paid Social,20231104
C00842,2024-11-29,Centro,Consumo,Paid Social,20241129
C00843,2025-08-26,Litoral,Consumo,Orgánico,20250826
C00844,2023-02-08,Centro,Consumo,Email,20230208
C00845,2023-01-06,Litoral,Premium,Referidos,20230106
C00846,2023-01-06,Litoral,Consumo,Orgánico,20230106
C00847,2023-06-16,Centro,Premium,Orgánico,20230616
C00848,2023-02-25,Centro,Consumo,Orgánico,20230225
C00849,2025-05-23,Cuyo,Premium,Orgánico,20250523
C00850,2024-10-07,Litoral,PyME,Paid Social,20241007
C00851,2025-11-09,Centro,Consumo,Referidos,20251109
C00852,2025-05-03,Cuyo,Consumo,Paid Social,20250503
C00853,2025-10-22,Litoral,Consumo,Orgánico,20251022
C00854,2023-09-12,Centro,Consumo,Email,20230912
C00855,2023-11-03,Litoral,Consumo,Referidos,20231103
C00856,2025-06-23,AMBA,Consumo,Paid Social,20250623
C00857,2023-09-18,AMBA,Premium,Orgánico,20230918
C00858,2023-03-02,Centro,PyME,Referidos,20230302
C00859,2024-12-13,Centro,Consumo,Orgánico,20241213
C00860,2025-05-03,AMBA,Consumo,Referidos,20250503
C00861,2025-10-28,NOA,Consumo,Referidos,20251028
C00862,2025-09-15,Centro,Consumo,Marketplace,20250915
C00863,2023-05-09,Patagonia,Premium,Orgánico,20230509
C00864,2025-04-02,NOA,Consumo,Orgánico,20250402
C00865,2025-06-20,Patagonia,Consumo,Marketplace,20250620
C00866,2025-01-13,Patagonia,Consumo,Paid Social,20250113
C00867,2025-05-23,AMBA,Consumo,Paid Social,20250523
C00868,2025-06-11,Cuyo,Consumo,Email,20250611
C00869,2024-04-20,Patagonia,Consumo,Orgánico,20240420
C00870,2023-02-12,Litoral,Consumo,Email,20230212
C00871,2024-04-30,AMBA,Consumo,Marketplace,20240430
C00872,2023-08-03,Litoral,Premium,Email,20230803
C00873,2023-05-02,Patagonia,Consumo,Paid Social,20230502
C00874,2023-05-14,Patagonia,Premium,Marketplace,20230514
C00875,2025-01-12,Cuyo,Consumo,Email,20250112
C00876,2024-06-21,Centro,Consumo,Orgánico,20240621
C00877,2024-07-28,Centro,Premium,Email,20240728
C00878,2025-03-04,Centro,Consumo,Orgánico,20250304
C00879,2024-08-06,Cuyo,Consumo,Paid Social,20240806
C00880,2024-11-01,Centro,Consumo,Email,20241101
C00881,2023-04-02,Cuyo,Premium,Orgánico,20230402
C00882,2025-06-25,AMBA,PyME,Orgánico,20250625
C00883,2024-04-22,Centro,Consumo,Email,20240422
C00884,2023-06-15,Centro,Consumo,Orgánico,20230615
C00885,2025-05-16,AMBA,Consumo,Paid Social,20250516
C00886,2025-02-21,NOA,Consumo,Orgánico,20250221
C00887,2023-02-26,Patagonia,Consumo,Email,20230226
C00888,2023-07-25,NOA,Consumo,Marketplace,20230725
C00889,2023-01-17,Litoral,Premium,Orgánico,20230117
C00890,2023-10-16,AMBA,Consumo,Referidos,20231016
C00891,2023-04-17,NOA,Premium,Orgánico,20230417
C00892,2025-01-26,Cuyo,Consumo,Paid Social,20250126
C00893,2024-07-10,Patagonia,Premium,Paid Social,20240710
C00894,2025-11-09,Cuyo,Consumo,Orgánico,20251109
C00895,2025-03-09,Cuyo,Consumo,Orgánico,20250309
C00896,2024-10-13,Cuyo,Consumo,Referidos,20241013
C00897,2024-06-26,Centro,Consumo,Referidos,20240626
C00898,2023-02-28,Litoral,Consumo,Marketplace,20230228
C00899,2023-03-16,Patagonia,Consumo,Marketplace,20230316
C00900,2024-10-18,AMBA,Consumo,Paid Social,20241018
C00901,2023-01-05,AMBA,Consumo,Orgánico,20230105
C00902,2023-02-15,NOA,PyME,Orgánico,20230215
C00903,2023-08-22,Litoral,Premium,Paid Social,20230822
C00904,2025-07-30,NOA,Consumo,Marketplace,20250730
C00905,2024-05-03,Litoral,PyME,Orgánico,20240503
C00906,2025-01-25,Litoral,Consumo,Orgánico,20250125
C00907,2024-03-14,NOA,Consumo,Paid Social,20240314
C00908,2023-07-04,Litoral,Premium,Marketplace,20230704
C00909,2024-01-31,Centro,Consumo,Paid Social,20240131
C00910,2023-04-08,Litoral,Consumo,Referidos,20230408
C00911,2025-03-31,Centro,Consumo,Paid Social,20250331
C00912,2023-07-15,Cuyo,Consumo,Paid Social,20230715
C00913,2024-02-05,Patagonia,Consumo,Paid Social,20240205
C00914,2025-11-09,AMBA,Consumo,Referidos,20251109
C00915,2024-09-22,Patagonia,Consumo,Referidos,20240922
C00916,2024-05-03,Litoral,Consumo,Paid Social,20240503
C00917,2024-08-01,Centro,Consumo,Orgánico,20240801
C00918,2025-04-15,AMBA,Consumo,Orgánico,20250415
C00919,2023-09-29,Patagonia,Premium,Orgánico,20230929
C00920,2024-11-08,Patagonia,Premium,Orgánico,20241108
C00921,2025-07-18,Patagonia,Consumo,Orgánico,20250718
C00922,2024-09-01,Cuyo,Premium,Email,20240901
C00923,2024-04-20,Litoral,Consumo,Referidos,20240420
C00924,2023-06-04,Cuyo,Consumo,Referidos,20230604
C00925,2023-09-22,Cuyo,Consumo,Referidos,20230922
C00926,2025-10-04,Centro,Consumo,Marketplace,20251004
C00927,2024-07-30,Centro,Premium,Marketplace,20240730
C00928,2023-11-17,NOA,PyME,Orgánico,20231117
C00929,2024-03-21,Litoral,Consumo,Orgánico,20240321
C00930,2024-09-07,Centro,Consumo,Orgánico,20240907
C00931,2024-07-26,NOA,Consumo,Marketplace,20240726
C00932,2025-01-15,AMBA,Consumo,Orgánico,20250115
C00933,2023-10-02,Litoral,Consumo,Paid Social,20231002
C00934,2024-11-22,AMBA,PyME,Paid Social,20241122
C00935,2024-04-16,Cuyo,Premium,Email,20240416
C00936,2025-09-28,Litoral,PyME,Email,20250928
C00937,2023-06-18,NOA,Consumo,Referidos,20230618
C00938,2023-06-08,NOA,Consumo,Email,20230608
C00939,2024-05-06,NOA,Consumo,Marketplace,20240506
C00940,2024-06-25,Centro,PyME,Orgánico,20240625
C00941,2025-01-05,AMBA,Consumo,Marketplace,20250105
C00942,2024-03-06,NOA,Consumo,Email,20240306
C00943,2025-08-31,NOA,Consumo,Orgánico,20250831
C00944,2024-05-19,Centro,Premium,Marketplace,20240519
C00945,2023-05-18,AMBA,Premium,Marketplace,20230518
C00946,2023-05-07,Litoral,Consumo,Referidos,20230507
C00947,2025-11-02,AMBA,Consumo,Marketplace,20251102
C00948,2023-05-23,AMBA,Premium,Paid Social,20230523
C00949,2025-10-06,NOA,Consumo,Orgánico,20251006
C00950,2023-10-24,Cuyo,Consumo,Orgánico,20231024
C00951,2023-04-10,AMBA,Consumo,Marketplace,20230410
C00952,2023-11-21,Litoral,Consumo,Referidos,20231121
C00953,2024-10-16,Cuyo,Consumo,Marketplace,20241016
C00954,2024-03-31,Litoral,PyME,Referidos,20240331
C00955,2025-04-16,NOA,Consumo,Email,20250416
C00956,2024-10-12,Centro,Consumo,Orgánico,20241012
C00957,2024-03-02,Litoral,Consumo,Orgánico,20240302
C00958,2024-11-06,Patagonia,Consumo,Paid Social,20241106
C00959,2025-10-31,Cuyo,Consumo,Referidos,20251031
C00960,2024-03-14,NOA,Consumo,Orgánico,20240314
C00961,2023-06-13,Cuyo,Consumo,Marketplace,20230613
C00962,2024-03-11,Cuyo,Consumo,Email,20240311
C00963,2025-06-13,NOA,Consumo,Paid Social,20250613
C00964,2023-08-20,Litoral,Consumo,Marketplace,20230820
C00965,2025-10-07,NOA,Consumo,Email,20251007
C00966,2024-09-18,Patagonia,Consumo,Referidos,20240918
C00967,2024-10-02,Patagonia,Consumo,Paid Social,20241002
C00968,2023-12-04,Centro,Consumo,Paid Social,20231204
C00969,2025-09-07,Cuyo,PyME,Orgánico,20250907
C00970,2023-02-08,NOA,Consumo,Paid Social,20230208
C00971,2023-11-15,Litoral,Premium,Referidos,20231115
C00972,2024-03-21,Centro,Consumo,Marketplace,20240321
C00973,2024-05-23,Centro,Premium,Marketplace,20240523
C00974,2024-05-19,Patagonia,Consumo,Orgánico,20240519
C00975,2023-06-07,Centro,Consumo,Marketplace,20230607
C00976,2023-08-29,AMBA,Consumo,Orgánico,20230829
C00977,2023-04-12,Patagonia,Consumo,Orgánico,20230412
C00978,2024-09-01,Centro,PyME,Referidos,20240901
C00979,2024-01-09,Patagonia,Consumo,Marketplace,20240109
C00980,2024-08-25,Litoral,Consumo,Marketplace,20240825
C00981,2024-09-20,NOA,Consumo,Referidos,20240920
C00982,2025-01-17,Litoral,Consumo,Orgánico,20250117
C00983,2024-08-05,NOA,Consumo,Orgánico,20240805
C00984,2024-11-21,NOA,Premium,Orgánico,20241121
C00985,2024-09-17,Centro,Consumo,Email,20240917
C00986,2024-11-25,NOA,Premium,Paid Social,20241125
C00987,2024-10-18,Patagonia,Consumo,Orgánico,20241018
C00988,2023-12-03,AMBA,PyME,Paid Social,20231203
C00989,2023-09-20,AMBA,Consumo,Email,20230920
C00990,2025-04-18,Centro,Consumo,Referidos,20250418
C00991,2023-12-31,AMBA,Premium,Paid Social,20231231
C00992,2024-08-07,Cuyo,Consumo,Paid Social,20240807
C00993,2023-07-29,NOA,Consumo,Email,20230729
C00994,2024-04-04,Cuyo,Consumo,Email,20240404
C00995,2024-07-18,AMBA,Consumo,Orgánico,20240718
C00996,2024-10-28,Cuyo,PyME,Orgánico,20241028
C00997,2024-07-14,Centro,Premium,Marketplace,20240714
C00998,2024-01-20,NOA,Consumo,Referidos,20240120
C00999,2025-10-21,AMBA,PyME,Orgánico,20251021
C01000,2024-06-30,Patagonia,Consumo,Email,20240630
C01001,2025-05-10,Cuyo,Premium,Email,20250510
C01002,2025-02-23,AMBA,Consumo,Orgánico,20250223
C01003,2024-08-17,Patagonia,Consumo,Orgánico,20240817
C01004,2025-08-02,Cuyo,Consumo,Marketplace,20250802
C01005,2023-05-17,Patagonia,Consumo,Paid Social,20230517
C01006,2025-09-07,Litoral,Consumo,Orgánico,20250907
C01007,2025-06-24,Patagonia,Consumo,Referidos,20250624
C01008,2024-06-20,Cuyo,Consumo,Paid Social,20240620
C01009,2025-02-20,AMBA,Consumo,Email,20250220
C01010,2024-07-08,AMBA,Consumo,Orgánico,20240708
C01011,2023-10-14,Cuyo,Consumo,Orgánico,20231014
C01012,2025-05-01,Cuyo,Consumo,Orgánico,20250501
C01013,2023-09-19,Patagonia,Premium,Marketplace,20230919
C01014,2023-12-01,Cuyo,Consumo,Email,20231201
C01015,2024-07-07,NOA,PyME,Referidos,20240707
C01016,2025-06-10,Centro,Premium,Orgánico,20250610
C01017,2024-02-13,Cuyo,Consumo,Referidos,20240213
C01018,2024-06-10,Patagonia,Consumo,Paid Social,20240610
C01019,2023-02-14,AMBA,Consumo,Email,20230214
C01020,2023-05-04,Centro,Premium,Paid Social,20230504
C01021,2023-03-01,Patagonia,Consumo,Email,20230301
C01022,2023-03-18,Litoral,PyME,Orgánico,20230318
C01023,2025-07-13,Patagonia,PyME,Orgánico,20250713
C01024,2025-06-15,Litoral,Consumo,Referidos,20250615
C01025,2025-05-25,NOA,Premium,Orgánico,20250525
C01026,2023-03-01,NOA,Consumo,Orgánico,20230301
C01027,2023-03-24,NOA,Premium,Marketplace,20230324
C01028,2023-10-26,AMBA,Premium,Orgánico,20231026
C01029,2024-08-25,Litoral,Consumo,Email,20240825
C01030,2023-12-22,AMBA,Consumo,Referidos,20231222
C01031,2024-06-03,Centro,Consumo,Referidos,20240603
C01032,2023-07-04,Centro,PyME,Orgánico,20230704
C01033,2025-02-17,Litoral,Consumo,Email,20250217
C01034,2023-12-01,Cuyo,Premium,Paid Social,20231201
C01035,2023-03-12,NOA,Consumo,Paid Social,20230312
C01036,2025-03-01,Centro,Consumo,Referidos,20250301
C01037,2025-08-19,Litoral,PyME,Marketplace,20250819
C01038,2023-01-16,Patagonia,Consumo,Orgánico,20230116
C01039,2024-04-10,NOA,Consumo,Orgánico,20240410
C01040,2025-05-30,Centro,Consumo,Referidos,20250530
C01041,2025-01-22,Patagonia,Consumo,Paid Social,20250122
C01042,2025-07-01,AMBA,Consumo,Referidos,20250701
C01043,2024-03-18,Litoral,Consumo,Orgánico,20240318
C01044,2024-02-01,Cuyo,Consumo,Orgánico,20240201
C01045,2025-01-25,NOA,Consumo,Referidos,20250125
C01046,2023-06-13,Patagonia,Consumo,Marketplace,20230613
C01047,2023-09-12,NOA,Consumo,Orgánico,20230912
C01048,2024-10-01,NOA,Consumo,Marketplace,20241001
C01049,2024-12-12,Cuyo,PyME,Paid Social,20241212
C01050,2023-05-08,Patagonia,Consumo,Orgánico,20230508
C01051,2024-06-25,AMBA,Consumo,Paid Social,20240625
C01052,2024-01-24,Litoral,Consumo,Orgánico,20240124
C01053,2024-06-18,AMBA,PyME,Referidos,20240618
C01054,2025-10-17,Patagonia,Premium,Orgánico,20251017
C01055,2023-03-23,NOA,Premium,Paid Social,20230323
C01056,2025-11-26,Patagonia,PyME,Orgánico,20251126
C01057,2024-04-23,NOA,Consumo,Referidos,20240423
C01058,2025-04-02,Centro,PyME,Marketplace,20250402
C01059,2024-03-28,NOA,Consumo,Paid Social,20240328
C01060,2023-11-28,Litoral,Premium,Paid Social,20231128
C01061,2025-03-31,Patagonia,Premium,Marketplace,20250331
C01062,2025-01-02,Patagonia,PyME,Orgánico,20250102
C01063,2023-06-03,Litoral,Consumo,Referidos,20230603
C01064,2025-01-21,Centro,Premium,Email,20250121
C01065,2025-03-13,Litoral,Consumo,Marketplace,20250313
C01066,2024-02-18,Litoral,Consumo,Orgánico,20240218
C01067,2025-09-12,NOA,Consumo,Orgánico,20250912
C01068,2024-11-13,Cuyo,Consumo,Paid Social,20241113
C01069,2023-12-22,Litoral,Consumo,Orgánico,20231222
C01070,2023-01-12,Litoral,Consumo,Orgánico,20230112
C01071,2024-12-19,AMBA,Consumo,Marketplace,20241219
C01072,2023-08-11,AMBA,Consumo,Orgánico,20230811
C01073,2025-03-16,AMBA,Consumo,Orgánico,20250316
C01074,2024-07-13,Litoral,Consumo,Orgánico,20240713
C01075,2024-05-12,Cuyo,Premium,Paid Social,20240512
C01076,2023-06-24,NOA,Consumo,Paid Social,20230624
C01077,2025-01-27,Patagonia,Premium,Orgánico,20250127
C01078,2023-06-26,AMBA,Consumo,Referidos,20230626
C01079,2024-03-20,AMBA,Consumo,Referidos,20240320
C01080,2025-06-09,Cuyo,Consumo,Orgánico,20250609
C01081,2025-09-07,NOA,Consumo,Referidos,20250907
C01082,2025-11-19,AMBA,Consumo,Paid Social,20251119
C01083,2025-10-17,Centro,Consumo,Paid Social,20251017
C01084,2024-08-15,AMBA,Consumo,Marketplace,20240815
C01085,2023-08-02,Cuyo,Consumo,Marketplace,20230802
C01086,2025-06-12,NOA,Consumo,Paid Social,20250612
C01087,2025-05-03,Patagonia,Consumo,Paid Social,20250503
C01088,2025-11-20,Cuyo,Premium,Orgánico,20251120
C01089,2024-11-24,AMBA,Consumo,Paid Social,20241124
C01090,2023-05-31,Cuyo,Consumo,Email,20230531
C01091,2024-06-19,Litoral,Consumo,Orgánico,20240619
C01092,2024-04-22,Centro,Consumo,Marketplace,20240422
C01093,2025-06-16,Patagonia,Consumo,Referidos,20250616
C01094,2024-02-23,NOA,Consumo,Orgánico,20240223
C01095,2023-12-16,Centro,Consumo,Marketplace,20231216
C01096,2023-03-27,Centro,Consumo,Referidos,20230327
C01097,2025-06-08,AMBA,Consumo,Paid Social,20250608
C01098,2025-03-15,Patagonia,Consumo,Paid Social,20250315
C01099,2023-02-13,Cuyo,Consumo,Marketplace,20230213
C01100,2024-04-06,Centro,PyME,Marketplace,20240406
C01101,2024-05-25,Centro,Consumo,Orgánico,20240525
C01102,2024-05-14,AMBA,Consumo,Email,20240514
C01103,2025-09-05,Cuyo,Consumo,Marketplace,20250905
C01104,2023-06-10,Patagonia,Consumo,Marketplace,20230610
C01105,2023-11-23,Centro,Premium,Orgánico,20231123
C01106,2023-07-12,AMBA,Premium,Paid Social,20230712
C01107,2023-09-17,Cuyo,Consumo,Marketplace,20230917
C01108,2025-08-24,Patagonia,Consumo,Orgánico,20250824
C01109,2025-09-28,Cuyo,Premium,Paid Social,20250928
C01110,2023-02-17,Centro,Consumo,Email,20230217
C01111,2024-11-04,AMBA,PyME,Paid Social,20241104
C01112,2023-09-05,Patagonia,Consumo,Referidos,20230905
C01113,2023-07-25,NOA,Consumo,Orgánico,20230725
C01114,2023-11-08,Patagonia,Consumo,Referidos,20231108
C01115,2023-07-27,Litoral,Consumo,Orgánico,20230727
C01116,2024-06-06,Patagonia,Premium,Referidos,20240606
C01117,2025-11-26,Cuyo,Consumo,Paid Social,20251126
C01118,2024-09-16,AMBA,Consumo,Orgánico,20240916
C01119,2025-02-09,Cuyo,Consumo,Marketplace,20250209
C01120,2024-06-09,Patagonia,Premium,Referidos,20240609
C01121,2023-01-15,Litoral,Consumo,Paid Social,20230115
C01122,2023-03-31,NOA,PyME,Orgánico,20230331
C01123,2023-10-14,NOA,Premium,Email,20231014
C01124,2023-09-17,Centro,Consumo,Marketplace,20230917
C01125,2025-06-14,AMBA,Premium,Orgánico,20250614
C01126,2025-06-17,Centro,PyME,Marketplace,20250617
C01127,2025-06-28,NOA,Consumo,Paid Social,20250628
C01128,2024-11-10,Patagonia,Consumo,Referidos,20241110
C01129,2024-08-15,AMBA,Consumo,Paid Social,20240815
C01130,2024-11-22,AMBA,Consumo,Orgánico,20241122
C01131,2024-03-09,Litoral,Consumo,Marketplace,20240309
C01132,2024-12-14,Litoral,Premium,Orgánico,20241214
C01133,2025-04-26,NOA,Consumo,Marketplace,20250426
C01134,2025-03-23,Patagonia,Consumo,Orgánico,20250323
C01135,2024-10-15,Centro,Consumo,Orgánico,20241015
C01136,2023-03-03,AMBA,Consumo,Marketplace,20230303
C01137,2025-02-11,Litoral,Consumo,Email,20250211
C01138,2024-01-26,Litoral,Consumo,Orgánico,20240126
C01139,2025-03-03,NOA,Consumo,Email,20250303
C01140,2024-07-28,Litoral,Consumo,Orgánico,20240728
C01141,2025-07-27,Litoral,Consumo,Marketplace,20250727
C01142,2023-12-27,Centro,PyME,Orgánico,20231227
C01143,2025-09-18,AMBA,Consumo,Paid Social,20250918
C01144,2025-06-18,NOA,Consumo,Orgánico,20250618
C01145,2023-12-19,Patagonia,Consumo,Referidos,20231219
C01146,2024-05-28,AMBA,Consumo,Marketplace,20240528
C01147,2024-07-19,Patagonia,Consumo,Referidos,20240719
C01148,2025-03-29,Cuyo,Consumo,Paid Social,20250329
C01149,2025-01-03,Cuyo,Consumo,Orgánico,20250103
C01150,2025-06-26,NOA,Consumo,Orgánico,20250626
C01151,2024-01-29,NOA,Consumo,Marketplace,20240129
C01152,2024-06-21,Centro,Consumo,Orgánico,20240621
C01153,2024-04-03,Centro,Consumo,Email,20240403
C01154,2025-08-26,Patagonia,PyME,Paid Social,20250826
C01155,2023-11-21,NOA,Consumo,Marketplace,20231121
C01156,2024-09-17,AMBA,PyME,Paid Social,20240917
C01157,2023-05-08,NOA,Consumo,Paid Social,20230508
C01158,2025-06-24,Cuyo,Consumo,Marketplace,20250624
C01159,2024-02-14,Litoral,Consumo,Marketplace,20240214
C01160,2023-12-29,AMBA,Consumo,Email,20231229
C01161,2024-09-12,Patagonia,Consumo,Referidos,20240912
C01162,2024-06-15,Patagonia,Premium,Email,20240615
C01163,2025-06-22,Litoral,Consumo,Paid Social,20250622
C01164,2024-07-19,Patagonia,Consumo,Orgánico,20240719
C01165,2024-07-04,NOA,Consumo,Referidos,20240704
C01166,2023-04-22,NOA,Consumo,Referidos,20230422
C01167,2023-01-24,Patagonia,Consumo,Orgánico,20230124
C01168,2024-02-29,NOA,Consumo,Orgánico,20240229
C01169,2025-11-29,Patagonia,Consumo,Referidos,20251129
C01170,2025-09-03,Patagonia,Consumo,Orgánico,20250903
C01171,2024-10-31,Litoral,Consumo,Referidos,20241031
C01172,2024-11-02,Patagonia,Consumo,Referidos,20241102
C01173,2024-02-21,AMBA,Consumo,Paid Social,20240221
C01174,2023-07-09,Litoral,Consumo,Orgánico,20230709
C01175,2023-01-10,Cuyo,PyME,Paid Social,20230110
C01176,2023-12-27,NOA,PyME,Paid Social,20231227
C01177,2023-12-04,AMBA,Consumo,Email,20231204
C01178,2023-07-24,Litoral,Consumo,Referidos,20230724
C01179,2023-10-04,Centro,Premium,Marketplace,20231004
C01180,2023-01-27,NOA,Consumo,Orgánico,20230127
C01181,2024-10-09,NOA,Consumo,Referidos,20241009
C01182,2025-09-14,Centro,Consumo,Paid Social,20250914
C01183,2025-01-05,NOA,Consumo,Referidos,20250105
C01184,2024-04-22,Cuyo,PyME,Orgánico,20240422
C01185,2024-03-23,NOA,Premium,Email,20240323
C01186,2023-11-24,Patagonia,PyME,Paid Social,20231124
C01187,2023-06-01,AMBA,Premium,Paid Social,20230601
C01188,2024-09-29,Centro,Consumo,Marketplace,20240929
C01189,2024-08-26,Cuyo,Premium,Orgánico,20240826
C01190,2023-01-08,Centro,Consumo,Orgánico,20230108
C01191,2024-03-18,AMBA,Consumo,Email,20240318
C01192,2023-10-24,NOA,Consumo,Paid Social,20231024
C01193,2023-07-01,NOA,Consumo,Orgánico,20230701
C01194,2025-01-18,Cuyo,Consumo,Paid Social,20250118
C01195,2024-07-14,Centro,Consumo,Orgánico,20240714
C01196,2024-11-05,Centro,Consumo,Marketplace,20241105
C01197,2025-01-29,NOA,Consumo,Email,20250129
C01198,2025-11-11,Centro,Consumo,Orgánico,20251111
C01199,2025-05-04,AMBA,Consumo,Paid Social,20250504
C01200,2024-10-22,Cuyo,Consumo,Marketplace,20241022
C01201,2025-07-25,Cuyo,Consumo,Marketplace,20250725
C01202,2024-05-23,Litoral,PyME,Orgánico,20240523
C01203,2025-11-14,Cuyo,Consumo,Email,20251114
C01204,2025-03-21,NOA,Consumo,Orgánico,20250321
C01205,2024-11-24,Litoral,Consumo,Orgánico,20241124
C01206,2025-08-20,NOA,Premium,Marketplace,20250820
C01207,2024-07-02,Cuyo,Consumo,Marketplace,20240702
C01208,2025-02-06,Litoral,Consumo,Orgánico,20250206
C01209,2023-10-31,Cuyo,Consumo,Marketplace,20231031
C01210,2025-10-22,Patagonia,Premium,Referidos,20251022
C01211,2024-10-25,Patagonia,PyME,Referidos,20241025
C01212,2025-04-12,Centro,Consumo,Referidos,20250412
C01213,2024-05-05,NOA,Consumo,Paid Social,20240505
C01214,2025-07-12,NOA,Consumo,Marketplace,20250712
C01215,2023-03-20,NOA,Consumo,Orgánico,20230320
C01216,2023-05-02,Centro,Premium,Paid Social,20230502
C01217,2024-06-24,Patagonia,PyME,Paid Social,20240624
C01218,2025-02-19,AMBA,PyME,Referidos,20250219
C01219,2025-05-11,AMBA,Premium,Orgánico,20250511
C01220,2024-04-13,NOA,Consumo,Paid Social,20240413
C01221,2024-11-22,AMBA,PyME,Referidos,20241122
C01222,2024-08-12,NOA,Consumo,Paid Social,20240812
C01223,2025-10-21,Cuyo,Consumo,Orgánico,20251021
C01224,2024-11-27,Centro,Consumo,Orgánico,20241127
C01225,2024-03-19,AMBA,Consumo,Referidos,20240319
C01226,2025-10-29,Patagonia,Premium,Orgánico,20251029
C01227,2023-04-25,Patagonia,PyME,Paid Social,20230425
C01228,2025-11-14,Cuyo,Premium,Paid Social,20251114
C01229,2023-06-14,Patagonia,Premium,Marketplace,20230614
C01230,2023-11-03,Centro,Consumo,Referidos,20231103
C01231,2025-05-24,Litoral,Consumo,Orgánico,20250524
C01232,2025-02-20,Centro,Premium,Marketplace,20250220
C01233,2025-10-30,Litoral,Consumo,Referidos,20251030
C01234,2025-03-09,AMBA,PyME,Referidos,20250309
C01235,2024-11-09,Cuyo,Consumo,Paid Social,20241109
C01236,2024-01-05,Litoral,Consumo,Orgánico,20240105
C01237,2023-01-06,Litoral,Consumo,Referidos,20230106
C01238,2023-05-12,Cuyo,Consumo,Paid Social,20230512
C01239,2023-11-14,Litoral,Premium,Paid Social,20231114
C01240,2023-02-13,Litoral,PyME,Orgánico,20230213
C01241,2024-06-25,Centro,Consumo,Orgánico,20240625
C01242,2025-04-07,Centro,Consumo,Email,20250407
C01243,2025-10-22,Litoral,Consumo,Orgánico,20251022
C01244,2024-06-05,NOA,Consumo,Email,20240605
C01245,2025-07-20,Patagonia,Consumo,Referidos,20250720
C01246,2025-11-15,Litoral,Consumo,Paid Social,20251115
C01247,2025-07-04,NOA,Consumo,Orgánico,20250704
C01248,2024-05-10,NOA,Consumo,Orgánico,20240510
C01249,2023-12-13,Litoral,Consumo,Paid Social,20231213
C01250,2025-11-07,AMBA,Premium,Referidos,20251107
C01251,2023-09-15,Litoral,Consumo,Email,20230915
C01252,2024-03-14,Litoral,Consumo,Marketplace,20240314
C01253,2023-03-20,Centro,Consumo,Marketplace,20230320
C01254,2025-04-25,NOA,Premium,Orgánico,20250425
C01255,2024-11-23,NOA,Premium,Referidos,20241123
C01256,2023-04-01,Centro,Consumo,Paid Social,20230401
C01257,2023-08-25,Cuyo,Consumo,Paid Social,20230825
C01258,2024-08-14,Centro,PyME,Paid Social,20240814
C01259,2024-07-29,Centro,Consumo,Paid Social,20240729
C01260,2025-05-04,Centro,Consumo,Email,20250504
C01261,2023-10-11,Cuyo,PyME,Email,20231011
C01262,2025-09-11,Centro,Consumo,Paid Social,20250911
C01263,2024-04-18,AMBA,Consumo,Orgánico,20240418
C01264,2025-05-26,Cuyo,Premium,Email,20250526
C01265,2023-09-11,Litoral,Consumo,Referidos,20230911
C01266,2023-02-09,Centro,Consumo,Email,20230209
C01267,2023-02-28,Litoral,Consumo,Orgánico,20230228
C01268,2024-02-01,Centro,Premium,Orgánico,20240201
C01269,2025-10-12,Patagonia,PyME,Referidos,20251012
C01270,2023-02-21,Litoral,Premium,Referidos,20230221
C01271,2024-01-28,NOA,Consumo,Orgánico,20240128
C01272,2023-04-27,AMBA,Premium,Paid Social,20230427
C01273,2025-09-19,NOA,PyME,Paid Social,20250919
C01274,2024-12-20,Cuyo,Consumo,Email,20241220
C01275,2025-03-23,AMBA,Consumo,Orgánico,20250323
C01276,2025-01-29,Patagonia,Consumo,Email,20250129
C01277,2024-11-30,Centro,Premium,Marketplace,20241130
C01278,2025-04-04,Centro,Consumo,Paid Social,20250404
C01279,2023-01-09,NOA,Consumo,Paid Social,20230109
C01280,2025-07-10,Centro,PyME,Orgánico,20250710
C01281,2025-02-26,Litoral,PyME,Orgánico,20250226
C01282,2025-02-26,Centro,PyME,Marketplace,20250226
C01283,2024-02-24,AMBA,Consumo,Marketplace,20240224
C01284,2025-05-02,AMBA,Consumo,Orgánico,20250502
C01285,2024-02-11,AMBA,Consumo,Marketplace,20240211
C01286,2023-02-22,Cuyo,Consumo,Orgánico,20230222
C01287,2025-08-24,Cuyo,Premium,Email,20250824
C01288,2023-09-07,AMBA,Consumo,Email,20230907
C01289,2023-04-19,Cuyo,Consumo,Paid Social,20230419
C01290,2024-10-24,Centro,Consumo,Paid Social,20241024
C01291,2023-09-06,Litoral,Consumo,Email,20230906
C01292,2025-07-02,NOA,Premium,Orgánico,20250702
C01293,2024-04-17,Patagonia,Consumo,Marketplace,20240417
C01294,2023-01-05,NOA,Consumo,Orgánico,20230105
C01295,2025-10-10,Centro,Consumo,Orgánico,20251010
C01296,2024-07-02,Centro,Consumo,Marketplace,20240702
C01297,2023-10-08,Patagonia,Consumo,Paid Social,20231008
C01298,2024-12-22,Centro,PyME,Paid Social,20241222
C01299,2024-07-19,NOA,Consumo,Orgánico,20240719
C01300,2023-02-01,Cuyo,Consumo,Orgánico,20230201
C01301,2025-03-20,Centro,Premium,Orgánico,20250320
C01302,2024-03-03,NOA,Consumo,Paid Social,20240303
C01303,2025-01-15,Litoral,Consumo,Paid Social,20250115
C01304,2025-08-11,Patagonia,Consumo,Paid Social,20250811
C01305,2024-10-12,Cuyo,Consumo,Marketplace,20241012
C01306,2024-12-16,AMBA,Consumo,Marketplace,20241216
C01307,2023-09-29,Patagonia,Premium,Paid Social,20230929
C01308,2023-09-11,AMBA,PyME,Marketplace,20230911
C01309,2024-03-17,Litoral,Consumo,Marketplace,20240317
C01310,2025-06-27,Cuyo,Consumo,Marketplace,20250627
C01311,2024-07-12,Patagonia,Consumo,Referidos,20240712
C01312,2024-01-06,NOA,Consumo,Orgánico,20240106
C01313,2025-04-10,Cuyo,Consumo,Orgánico,20250410
C01314,2025-06-27,NOA,Consumo,Marketplace,20250627
C01315,2025-08-19,AMBA,Consumo,Paid Social,20250819
C01316,2023-11-15,AMBA,PyME,Marketplace,20231115
C01317,2025-01-25,NOA,Premium,Referidos,20250125
C01318,2024-09-20,Litoral,Consumo,Orgánico,20240920
C01319,2024-04-23,Cuyo,Premium,Paid Social,20240423
C01320,2024-02-27,AMBA,Consumo,Marketplace,20240227
C01321,2023-05-02,Centro,Premium,Orgánico,20230502
C01322,2023-10-20,Patagonia,Consumo,Referidos,20231020
C01323,2024-08-08,Patagonia,Consumo,Marketplace,20240808
C01324,2025-08-02,NOA,Consumo,Orgánico,20250802
C01325,2025-07-11,Cuyo,Consumo,Orgánico,20250711
C01326,2023-07-19,Cuyo,Consumo,Paid Social,20230719
C01327,2024-12-24,AMBA,Consumo,Referidos,20241224
C01328,2023-04-01,AMBA,Consumo,Paid Social,20230401
C01329,2024-12-19,Cuyo,Consumo,Orgánico,20241219
C01330,2023-12-31,Litoral,Consumo,Orgánico,20231231
C01331,2024-04-24,AMBA,Consumo,Paid Social,20240424
C01332,2025-02-03,Cuyo,Consumo,Paid Social,20250203
C01333,2024-03-28,Litoral,Consumo,Orgánico,20240328
C01334,2025-05-09,Patagonia,Consumo,Referidos,20250509
C01335,2024-07-22,NOA,Consumo,Orgánico,20240722
C01336,2025-11-29,Cuyo,Premium,Referidos,20251129
C01337,2024-11-10,Cuyo,Consumo,Marketplace,20241110
C01338,2023-11-12,NOA,Consumo,Email,20231112
C01339,2025-04-05,Patagonia,Consumo,Email,20250405
C01340,2024-03-10,Centro,Consumo,Orgánico,20240310
C01341,2024-07-22,Patagonia,Consumo,Email,20240722
C01342,2023-05-26,AMBA,Consumo,Paid Social,20230526
C01343,2023-05-08,Cuyo,Premium,Orgánico,20230508
C01344,2024-09-04,Centro,Consumo,Email,20240904
C01345,2023-07-18,NOA,Consumo,Orgánico,20230718
C01346,2025-11-28,AMBA,Consumo,Orgánico,20251128
C01347,2025-06-30,NOA,Consumo,Email,20250630
C01348,2025-01-16,Centro,Premium,Paid Social,20250116
C01349,2025-02-21,AMBA,Consumo,Orgánico,20250221
C01350,2024-09-25,Litoral,Consumo,Orgánico,20240925
C01351,2023-03-06,Patagonia,Premium,Orgánico,20230306
C01352,2024-02-22,AMBA,Consumo,Paid Social,20240222
C01353,2024-06-12,AMBA,Consumo,Paid Social,20240612
C01354,2025-09-01,AMBA,Premium,Orgánico,20250901
C01355,2023-08-22,Cuyo,Consumo,Email,20230822
C01356,2024-06-13,AMBA,Consumo,Marketplace,20240613
C01357,2024-01-02,Patagonia,PyME,Email,20240102
C01358,2023-05-24,AMBA,Consumo,Paid Social,20230524
C01359,2023-04-20,Patagonia,Consumo,Email,20230420
C01360,2024-01-25,NOA,Consumo,Marketplace,20240125
C01361,2023-03-29,Patagonia,Consumo,Marketplace,20230329
C01362,2023-03-13,NOA,Consumo,Orgánico,20230313
C01363,2024-01-09,NOA,Consumo,Orgánico,20240109
C01364,2023-08-04,AMBA,Consumo,Orgánico,20230804
C01365,2024-08-13,Cuyo,Premium,Referidos,20240813
C01366,2023-01-19,Patagonia,Consumo,Orgánico,20230119
C01367,2023-11-18,Cuyo,Consumo,Marketplace,20231118
C01368,2024-04-27,Patagonia,Premium,Orgánico,20240427
C01369,2025-10-22,Patagonia,Premium,Email,20251022
C01370,2024-11-06,NOA,Premium,Orgánico,20241106
C01371,2025-07-26,Centro,Premium,Paid Social,20250726
C01372,2024-01-01,Cuyo,Consumo,Paid Social,20240101
C01373,2024-04-23,AMBA,Consumo,Referidos,20240423
C01374,2024-03-23,Centro,PyME,Paid Social,20240323
C01375,2025-08-03,Centro,Consumo,Paid Social,20250803
C01376,2025-10-18,Cuyo,Consumo,Referidos,20251018
C01377,2025-10-21,Cuyo,PyME,Marketplace,20251021
C01378,2025-03-11,NOA,Consumo,Referidos,20250311
C01379,2024-06-19,Patagonia,Consumo,Referidos,20240619
C01380,2024-07-30,Patagonia,Consumo,Paid Social,20240730
C01381,2025-11-10,AMBA,Consumo,Marketplace,20251110
C01382,2023-10-31,Cuyo,Consumo,Paid Social,20231031
C01383,2024-01-05,Patagonia,Consumo,Marketplace,20240105
C01384,2025-08-13,Centro,PyME,Referidos,20250813
C01385,2024-02-16,Cuyo,Consumo,Orgánico,20240216
C01386,2023-09-08,Patagonia,Consumo,Orgánico,20230908
C01387,2024-08-19,Patagonia,Premium,Referidos,20240819
C01388,2023-12-13,NOA,Premium,Email,20231213
C01389,2025-08-06,Cuyo,Consumo,Email,20250806
C01390,2025-08-26,Cuyo,Consumo,Marketplace,20250826
C01391,2023-11-22,Cuyo,Consumo,Paid Social,20231122
C01392,2024-07-17,Patagonia,Premium,Paid Social,20240717
C01393,2025-11-13,Cuyo,Consumo,Email,20251113
C01394,2025-03-01,Cuyo,Consumo,Orgánico,20250301
C01395,2023-08-18,Centro,Premium,Email,20230818
C01396,2024-09-21,Cuyo,Consumo,Marketplace,20240921
C01397,2024-10-22,Centro,Consumo,Orgánico,20241022
C01398,2024-11-26,Litoral,Premium,Referidos,20241126
C01399,2023-01-27,NOA,Premium,Referidos,20230127
C01400,2023-11-15,Patagonia,Consumo,Orgánico,20231115
C01401,2025-06-29,Cuyo,Consumo,Referidos,20250629
C01402,2023-09-15,NOA,Consumo,Referidos,20230915
C01403,2023-11-16,NOA,Consumo,Paid Social,20231116
C01404,2023-12-10,Cuyo,Consumo,Orgánico,20231210
C01405,2023-07-08,Patagonia,Consumo,Orgánico,20230708
C01406,2023-06-15,Cuyo,Consumo,Email,20230615
C01407,2024-01-05,NOA,Consumo,Orgánico,20240105
C01408,2025-07-20,Cuyo,Consumo,Paid Social,20250720
C01409,2023-01-02,Centro,Consumo,Marketplace,20230102
C01410,2023-10-29,AMBA,Consumo,Referidos,20231029
C01411,2023-03-06,NOA,Consumo,Referidos,20230306
C01412,2024-08-20,Centro,Consumo,Marketplace,20240820
C01413,2023-09-24,Patagonia,Consumo,Orgánico,20230924
C01414,2025-04-23,AMBA,PyME,Orgánico,20250423
C01415,2024-09-15,Litoral,Premium,Email,20240915
C01416,2025-04-14,Cuyo,Consumo,Paid Social,20250414
C01417,2024-11-07,Cuyo,Consumo,Orgánico,20241107
C01418,2024-04-11,Centro,Premium,Referidos,20240411
C01419,2025-07-05,AMBA,Consumo,Orgánico,20250705
C01420,2024-05-22,Cuyo,PyME,Paid Social,20240522
C01421,2025-10-08,Cuyo,Consumo,Email,20251008
C01422,2025-11-25,Patagonia,Consumo,Email,20251125
C01423,2024-09-19,Cuyo,Consumo,Paid Social,20240919
C01424,2024-12-19,Centro,Consumo,Orgánico,20241219
C01425,2023-09-30,Centro,Consumo,Marketplace,20230930
C01426,2025-05-17,Litoral,Premium,Marketplace,20250517
C01427,2024-12-16,Cuyo,Consumo,Paid Social,20241216
C01428,2025-08-19,NOA,Consumo,Orgánico,20250819
C01429,2023-10-12,Cuyo,Consumo,Email,20231012
C01430,2025-04-18,Litoral,Premium,Paid Social,20250418
C01431,2024-05-15,AMBA,Consumo,Orgánico,20240515
C01432,2023-07-17,Centro,Consumo,Orgánico,20230717
C01433,2023-07-02,NOA,Consumo,Orgánico,20230702
C01434,2024-08-21,Cuyo,Consumo,Paid Social,20240821
C01435,2023-12-07,Cuyo,Premium,Orgánico,20231207
C01436,2023-04-19,Litoral,Consumo,Referidos,20230419
C01437,2024-03-30,AMBA,Consumo,Paid Social,20240330
C01438,2024-11-26,Litoral,Premium,Paid Social,20241126
C01439,2023-12-06,Cuyo,Consumo,Orgánico,20231206
C01440,2025-10-14,AMBA,Consumo,Marketplace,20251014
C01441,2025-04-10,Cuyo,Consumo,Orgánico,20250410
C01442,2024-06-30,Cuyo,PyME,Orgánico,20240630
C01443,2025-09-22,Centro,Consumo,Email,20250922
C01444,2024-04-06,Litoral,Consumo,Referidos,20240406
C01445,2023-05-29,Patagonia,Consumo,Referidos,20230529
C01446,2023-02-08,Centro,Consumo,Paid Social,20230208
C01447,2025-09-25,NOA,Consumo,Paid Social,20250925
C01448,2025-10-19,Litoral,Consumo,Orgánico,20251019
C01449,2025-02-26,Patagonia,Consumo,Email,20250226
C01450,2023-04-20,AMBA,Consumo,Paid Social,20230420
C01451,2023-11-09,Patagonia,PyME,Paid Social,20231109
C01452,2023-02-13,Cuyo,Consumo,Orgánico,20230213
C01453,2023-02-24,Patagonia,Premium,Marketplace,20230224
C01454,2023-09-20,Patagonia,Consumo,Orgánico,20230920
C01455,2024-09-01,Centro,Consumo,Orgánico,20240901
C01456,2023-03-11,Centro,Consumo,Marketplace,20230311
C01457,2025-11-14,AMBA,Consumo,Referidos,20251114
C01458,2024-04-29,Litoral,Consumo,Email,20240429
C01459,2023-10-08,Patagonia,Consumo,Email,20231008
C01460,2024-07-03,Cuyo,PyME,Orgánico,20240703
C01461,2025-04-21,AMBA,Premium,Referidos,20250421
C01462,2023-11-29,Centro,Consumo,Orgánico,20231129
C01463,2023-02-20,Cuyo,Consumo,Marketplace,20230220
C01464,2023-02-24,NOA,Consumo,Orgánico,20230224
C01465,2025-06-26,AMBA,PyME,Email,20250626
C01466,2023-04-29,Cuyo,Consumo,Paid Social,20230429
C01467,2024-11-07,Litoral,Consumo,Orgánico,20241107
C01468,2024-02-14,Centro,Consumo,Paid Social,20240214
C01469,2025-04-08,NOA,Consumo,Referidos,20250408
C01470,2023-03-06,NOA,Consumo,Orgánico,20230306
C01471,2025-08-14,Cuyo,Consumo,Marketplace,20250814
C01472,2025-01-13,Patagonia,Consumo,Orgánico,20250113
C01473,2024-04-23,Patagonia,Consumo,Email,20240423
C01474,2023-08-09,Patagonia,Consumo,Email,20230809
C01475,2025-11-06,Centro,Consumo,Paid Social,20251106
C01476,2023-11-18,AMBA,PyME,Email,20231118
C01477,2024-06-06,Cuyo,Consumo,Referidos,20240606
C01478,2024-02-24,AMBA,Premium,Email,20240224
C01479,2023-09-03,Centro,Consumo,Email,20230903
C01480,2024-03-19,Litoral,Consumo,Email,20240319
C01481,2023-06-11,Litoral,PyME,Paid Social,20230611
C01482,2023-01-02,Centro,Consumo,Orgánico,20230102
C01483,2023-11-05,AMBA,PyME,Orgánico,20231105
C01484,2023-04-30,Centro,Consumo,Email,20230430
C01485,2024-03-17,Cuyo,Premium,Marketplace,20240317
C01486,2025-07-07,Patagonia,Consumo,Orgánico,20250707
C01487,2023-06-23,Cuyo,Consumo,Paid Social,20230623
C01488,2023-01-02,Centro,Consumo,Orgánico,20230102
C01489,2023-04-29,Litoral,PyME,Email,20230429
C01490,2024-06-25,AMBA,PyME,Referidos,20240625
C01491,2023-10-20,Centro,Consumo,Referidos,20231020
C01492,2024-06-05,AMBA,PyME,Referidos,20240605
C01493,2023-02-01,Litoral,Premium,Referidos,20230201
C01494,2023-12-21,Cuyo,Consumo,Orgánico,20231221
C01495,2024-03-12,Litoral,Consumo,Paid Social,20240312
C01496,2024-04-04,Litoral,Consumo,Orgánico,20240404
C01497,2024-08-09,Cuyo,Consumo,Marketplace,20240809
C01498,2025-04-11,NOA,Consumo,Referidos,20250411
C01499,2024-05-12,NOA,PyME,Orgánico,20240512
C01500,2025-06-14,AMBA,Consumo,Orgánico,20250614
C01501,2024-07-18,NOA,Consumo,Paid Social,20240718
C01502,2023-10-05,Centro,Consumo,Marketplace,20231005
C01503,2023-09-01,Centro,Consumo,Orgánico,20230901
C01504,2023-12-10,Litoral,Consumo,Email,20231210
C01505,2024-09-28,AMBA,Consumo,Paid Social,20240928
C01506,2023-09-16,Cuyo,Consumo,Email,20230916
C01507,2025-08-31,Centro,Consumo,Email,20250831
C01508,2024-05-26,Cuyo,Consumo,Orgánico,20240526
C01509,2025-07-08,Patagonia,Premium,Referidos,20250708
C01510,2024-12-28,NOA,Consumo,Orgánico,20241228
C01511,2023-12-22,Centro,Consumo,Referidos,20231222
C01512,2023-09-01,Litoral,Consumo,Orgánico,20230901
C01513,2025-03-03,Cuyo,Consumo,Email,20250303
C01514,2023-12-19,Cuyo,Premium,Paid Social,20231219
C01515,2023-09-20,Litoral,Consumo,Email,20230920
C01516,2025-09-17,NOA,PyME,Orgánico,20250917
C01517,2024-05-29,Cuyo,Premium,Email,20240529
C01518,2023-02-21,AMBA,Consumo,Orgánico,20230221
C01519,2024-06-10,NOA,Consumo,Paid Social,20240610
C01520,2024-05-05,NOA,Consumo,Referidos,20240505
C01521,2025-07-09,Centro,PyME,Paid Social,20250709
C01522,2025-01-27,Litoral,Consumo,Paid Social,20250127
C01523,2023-07-23,NOA,Consumo,Email,20230723
C01524,2023-06-10,Litoral,Consumo,Paid Social,20230610
C01525,2024-10-04,Cuyo,Consumo,Marketplace,20241004
C01526,2023-02-20,NOA,Consumo,Paid Social,20230220
C01527,2023-12-06,Patagonia,Consumo,Marketplace,20231206
C01528,2023-05-28,Litoral,Consumo,Marketplace,20230528
C01529,2023-01-22,AMBA,Premium,Paid Social,20230122
C01530,2025-09-05,Cuyo,Consumo,Paid Social,20250905
C01531,2023-04-06,Patagonia,Consumo,Email,20230406
C01532,2023-01-10,Centro,Consumo,Referidos,20230110
C01533,2025-09-20,Litoral,PyME,Orgánico,20250920
C01534,2023-07-20,Litoral,Consumo,Orgánico,20230720
C01535,2025-05-19,AMBA,PyME,Orgánico,20250519
C01536,2023-02-03,Litoral,Consumo,Referidos,20230203
C01537,2023-06-13,Patagonia,Premium,Referidos,20230613
C01538,2023-04-28,Centro,Consumo,Orgánico,20230428
C01539,2025-01-22,Litoral,Consumo,Paid Social,20250122
C01540,2024-10-22,Patagonia,Consumo,Referidos,20241022
C01541,2024-05-21,AMBA,PyME,Marketplace,20240521
C01542,2023-09-15,Litoral,PyME,Orgánico,20230915
C01543,2023-04-05,Centro,Consumo,Paid Social,20230405
C01544,2024-08-29,Cuyo,Consumo,Paid Social,20240829
C01545,2023-09-03,Litoral,Consumo,Email,20230903
C01546,2024-09-20,AMBA,Consumo,Orgánico,20240920
C01547,2025-01-02,AMBA,Consumo,Orgánico,20250102
C01548,2025-06-23,Cuyo,Consumo,Referidos,20250623
C01549,2024-06-10,NOA,Consumo,Paid Social,20240610
C01550,2023-01-06,AMBA,Consumo,Orgánico,20230106
C01551,2023-10-26,Patagonia,PyME,Paid Social,20231026
C01552,2025-06-27,AMBA,Consumo,Orgánico,20250627
C01553,2024-07-21,Cuyo,Consumo,Paid Social,20240721
C01554,2024-10-21,Cuyo,Consumo,Paid Social,20241021
C01555,2024-05-02,Cuyo,Consumo,Orgánico,20240502
C01556,2023-06-23,AMBA,Consumo,Orgánico,20230623
C01557,2025-08-12,Patagonia,Consumo,Marketplace,20250812
C01558,2025-04-03,Centro,Consumo,Marketplace,20250403
C01559,2025-11-25,Patagonia,Consumo,Orgánico,20251125
C01560,2025-06-30,Litoral,Consumo,Email,20250630
C01561,2023-11-07,Litoral,Consumo,Orgánico,20231107
C01562,2023-09-28,Centro,Consumo,Referidos,20230928
C01563,2023-09-22,Litoral,Consumo,Marketplace,20230922
C01564,2025-09-05,NOA,Consumo,Email,20250905
C01565,2024-08-16,NOA,Consumo,Email,20240816
C01566,2024-04-28,NOA,Consumo,Paid Social,20240428
C01567,2025-10-28,Centro,Consumo,Orgánico,20251028
C01568,2024-10-04,Litoral,Premium,Paid Social,20241004
C01569,2025-08-26,Cuyo,Consumo,Orgánico,20250826
C01570,2025-11-14,NOA,Consumo,Email,20251114
C01571,2023-03-26,NOA,Consumo,Paid Social,20230326
C01572,2024-01-21,NOA,Consumo,Orgánico,20240121
C01573,2025-02-20,AMBA,Consumo,Email,20250220
C01574,2025-05-16,Centro,Consumo,Referidos,20250516
C01575,2023-06-08,Patagonia,Consumo,Email,20230608
C01576,2023-12-06,Patagonia,Consumo,Paid Social,20231206
C01577,2024-08-06,Cuyo,Consumo,Referidos,20240806
C01578,2025-05-01,AMBA,Consumo,Orgánico,20250501
C01579,2023-05-01,AMBA,Consumo,Email,20230501
C01580,2024-10-01,Patagonia,Consumo,Paid Social,20241001
C01581,2023-11-12,Cuyo,Consumo,Orgánico,20231112
C01582,2023-08-19,Cuyo,Consumo,Marketplace,20230819
C01583,2024-07-02,Patagonia,Consumo,Paid Social,20240702
C01584,2024-03-16,AMBA,Premium,Paid Social,20240316
C01585,2024-11-08,Patagonia,Premium,Orgánico,20241108
C01586,2023-12-05,Centro,Premium,Marketplace,20231205
C01587,2025-05-26,NOA,Consumo,Marketplace,20250526
C01588,2023-03-25,NOA,Consumo,Orgánico,20230325
C01589,2025-07-06,Litoral,Premium,Email,20250706
C01590,2023-02-01,Centro,Consumo,Orgánico,20230201
C01591,2025-02-22,Centro,Premium,Referidos,20250222
C01592,2024-01-04,Centro,Consumo,Paid Social,20240104
C01593,2024-02-13,NOA,PyME,Orgánico,20240213
C01594,2023-01-21,Centro,Consumo,Email,20230121
C01595,2025-01-17,Cuyo,Consumo,Marketplace,20250117
C01596,2023-06-26,Cuyo,Consumo,Paid Social,20230626
C01597,2024-12-03,Patagonia,Consumo,Orgánico,20241203
C01598,2025-02-11,NOA,Consumo,Marketplace,20250211
C01599,2025-06-19,Litoral,Premium,Orgánico,20250619
C01600,2025-01-24,Patagonia,Consumo,Paid Social,20250124
C01601,2023-11-18,Litoral,Consumo,Paid Social,20231118
C01602,2025-02-25,Cuyo,Consumo,Orgánico,20250225
C01603,2025-05-29,AMBA,Consumo,Orgánico,20250529
C01604,2023-12-04,Centro,Consumo,Orgánico,20231204
C01605,2023-05-13,Cuyo,Consumo,Orgánico,20230513
C01606,2025-08-05,AMBA,PyME,Paid Social,20250805
C01607,2023-06-07,Centro,Consumo,Referidos,20230607
C01608,2024-09-24,Cuyo,Consumo,Orgánico,20240924
C01609,2023-09-09,Cuyo,PyME,Referidos,20230909
C01610,2023-05-15,Patagonia,Consumo,Paid Social,20230515
C01611,2025-04-06,NOA,PyME,Orgánico,20250406
C01612,2023-06-03,Patagonia,Consumo,Paid Social,20230603
C01613,2024-12-14,AMBA,Consumo,Orgánico,20241214
C01614,2025-01-08,Cuyo,Consumo,Email,20250108
C01615,2023-03-06,Patagonia,Consumo,Paid Social,20230306
C01616,2023-07-04,Litoral,Consumo,Email,20230704
C01617,2025-04-25,Cuyo,Consumo,Marketplace,20250425
C01618,2024-06-24,Cuyo,Consumo,Orgánico,20240624
C01619,2023-05-10,Cuyo,Consumo,Marketplace,20230510
C01620,2025-11-22,Litoral,Premium,Orgánico,20251122
C01621,2023-10-10,Centro,Consumo,Orgánico,20231010
C01622,2023-01-05,Litoral,Premium,Orgánico,20230105
C01623,2025-09-11,Centro,PyME,Referidos,20250911
C01624,2023-01-18,Patagonia,Premium,Email,20230118
C01625,2024-08-12,NOA,Premium,Marketplace,20240812
C01626,2025-11-23,Litoral,Consumo,Referidos,20251123
C01627,2024-09-07,Cuyo,Consumo,Paid Social,20240907
C01628,2024-09-14,NOA,Consumo,Marketplace,20240914
C01629,2024-02-18,Litoral,PyME,Marketplace,20240218
C01630,2023-05-16,Cuyo,Consumo,Referidos,20230516
C01631,2024-09-01,AMBA,Premium,Email,20240901
C01632,2025-08-13,AMBA,PyME,Referidos,20250813
C01633,2023-04-08,Centro,Consumo,Orgánico,20230408
C01634,2025-07-26,Centro,Consumo,Marketplace,20250726
C01635,2024-03-18,Patagonia,Consumo,Marketplace,20240318
C01636,2024-07-25,Litoral,Consumo,Email,20240725
C01637,2023-06-26,NOA,Consumo,Orgánico,20230626
C01638,2024-10-24,Litoral,Premium,Orgánico,20241024
C01639,2023-07-14,NOA,Consumo,Marketplace,20230714
C01640,2023-10-18,Litoral,Consumo,Marketplace,20231018
C01641,2025-02-07,Cuyo,Premium,Referidos,20250207
C01642,2023-02-23,Patagonia,Consumo,Marketplace,20230223
C01643,2024-04-21,Cuyo,Premium,Paid Social,20240421
C01644,2024-09-25,Centro,Consumo,Marketplace,20240925
C01645,2023-05-21,Cuyo,Premium,Orgánico,20230521
C01646,2023-11-10,Litoral,Consumo,Orgánico,20231110
C01647,2024-01-01,Cuyo,Consumo,Paid Social,20240101
C01648,2024-12-07,Patagonia,Consumo,Paid Social,20241207
C01649,2025-11-06,NOA,Consumo,Paid Social,20251106
C01650,2025-06-09,Cuyo,Consumo,Referidos,20250609
C01651,2023-07-22,Centro,Premium,Orgánico,20230722
C01652,2023-01-20,Cuyo,Premium,Referidos,20230120
C01653,2023-02-25,NOA,Consumo,Orgánico,20230225
C01654,2024-09-26,Centro,Consumo,Referidos,20240926
C01655,2023-06-16,NOA,Premium,Orgánico,20230616
C01656,2023-09-04,Cuyo,Premium,Referidos,20230904
C01657,2025-06-21,NOA,Consumo,Email,20250621
C01658,2025-07-19,Patagonia,Consumo,Paid Social,20250719
C01659,2025-06-12,Patagonia,PyME,Orgánico,20250612
C01660,2023-09-28,NOA,Consumo,Orgánico,20230928
C01661,2024-10-21,Centro,Consumo,Paid Social,20241021
C01662,2024-10-12,Litoral,Premium,Orgánico,20241012
C01663,2023-07-17,AMBA,Consumo,Orgánico,20230717
C01664,2024-08-12,Centro,Premium,Referidos,20240812
C01665,2024-07-13,AMBA,Consumo,Orgánico,20240713
C01666,2024-02-26,Patagonia,Premium,Orgánico,20240226
C01667,2025-03-11,Litoral,PyME,Paid Social,20250311
C01668,2024-12-22,Patagonia,PyME,Paid Social,20241222
C01669,2024-07-21,Centro,PyME,Paid Social,20240721
C01670,2025-02-11,Centro,Premium,Email,20250211
C01671,2025-03-23,Patagonia,Consumo,Email,20250323
C01672,2024-08-26,Patagonia,PyME,Paid Social,20240826
C01673,2023-10-13,NOA,PyME,Paid Social,20231013
C01674,2025-03-18,AMBA,Consumo,Orgánico,20250318
C01675,2025-02-03,Cuyo,Consumo,Referidos,20250203
C01676,2025-11-13,AMBA,Consumo,Paid Social,20251113
C01677,2023-06-09,Patagonia,Consumo,Referidos,20230609
C01678,2024-03-22,AMBA,Consumo,Email,20240322
C01679,2025-09-11,Patagonia,Consumo,Email,20250911
C01680,2024-07-02,AMBA,Consumo,Paid Social,20240702
C01681,2025-09-30,AMBA,Consumo,Marketplace,20250930
C01682,2023-01-14,NOA,Consumo,Paid Social,20230114
C01683,2023-02-07,Cuyo,PyME,Paid Social,20230207
C01684,2025-04-27,Cuyo,Consumo,Marketplace,20250427
C01685,2024-01-17,Litoral,Consumo,Email,20240117
C01686,2024-07-08,Centro,Consumo,Paid Social,20240708
C01687,2024-03-31,Patagonia,Premium,Orgánico,20240331
C01688,2024-03-10,Cuyo,Premium,Orgánico,20240310
C01689,2025-09-27,Centro,Consumo,Referidos,20250927
C01690,2023-04-11,Cuyo,Consumo,Orgánico,20230411
C01691,2025-04-02,AMBA,Consumo,Orgánico,20250402
C01692,2025-08-05,Centro,Consumo,Orgánico,20250805
C01693,2024-12-01,Litoral,Premium,Marketplace,20241201
C01694,2024-02-25,AMBA,Consumo,Email,20240225
C01695,2023-06-20,AMBA,Consumo,Paid Social,20230620
C01696,2024-12-27,Litoral,Consumo,Marketplace,20241227
C01697,2024-05-14,Cuyo,Consumo,Paid Social,20240514
C01698,2023-06-09,AMBA,Consumo,Referidos,20230609
C01699,2024-01-19,Patagonia,Consumo,Referidos,20240119
C01700,2025-10-21,Patagonia,Consumo,Paid Social,20251021
C01701,2023-10-10,AMBA,Consumo,Referidos,20231010
C01702,2023-07-10,Centro,Consumo,Marketplace,20230710
C01703,2024-12-27,Cuyo,PyME,Orgánico,20241227
C01704,2023-08-01,Patagonia,Consumo,Orgánico,20230801
C01705,2025-09-06,AMBA,Consumo,Referidos,20250906
C01706,2025-07-03,Patagonia,Consumo,Paid Social,20250703
C01707,2025-11-13,Centro,Premium,Paid Social,20251113
C01708,2025-08-29,AMBA,PyME,Orgánico,20250829
C01709,2023-09-17,NOA,Premium,Referidos,20230917
C01710,2023-08-14,AMBA,Consumo,Referidos,20230814
C01711,2023-12-31,AMBA,Premium,Marketplace,20231231
C01712,2024-05-15,NOA,Consumo,Paid Social,20240515
C01713,2025-07-26,Litoral,Premium,Marketplace,20250726
C01714,2025-02-20,Cuyo,Premium,Paid Social,20250220
C01715,2024-11-17,Patagonia,Consumo,Email,20241117
C01716,2025-07-24,Litoral,Consumo,Email,20250724
C01717,2024-11-18,Litoral,Consumo,Paid Social,20241118
C01718,2024-02-08,AMBA,Consumo,Email,20240208
C01719,2024-03-15,Litoral,Premium,Orgánico,20240315
C01720,2024-07-04,Centro,Consumo,Paid Social,20240704
C01721,2023-04-05,Patagonia,Premium,Referidos,20230405
C01722,2025-02-28,Litoral,PyME,Orgánico,20250228
C01723,2024-11-26,AMBA,Consumo,Referidos,20241126
C01724,2025-02-17,NOA,Consumo,Paid Social,20250217
C01725,2024-07-22,Centro,Consumo,Orgánico,20240722
C01726,2025-04-13,Centro,Premium,Referidos,20250413
C01727,2025-10-08,NOA,Consumo,Orgánico,20251008
C01728,2024-08-29,Patagonia,Consumo,Marketplace,20240829
C01729,2024-04-18,NOA,Consumo,Marketplace,20240418
C01730,2023-04-22,Litoral,PyME,Paid Social,20230422
C01731,2025-04-09,NOA,Consumo,Paid Social,20250409
C01732,2025-08-20,AMBA,Consumo,Orgánico,20250820
C01733,2025-01-14,Litoral,PyME,Referidos,20250114
C01734,2025-07-10,Centro,Consumo,Orgánico,20250710
C01735,2025-07-06,Cuyo,Consumo,Marketplace,20250706
C01736,2025-04-29,Centro,Consumo,Marketplace,20250429
C01737,2024-06-19,Centro,Consumo,Orgánico,20240619
C01738,2023-04-17,Cuyo,Consumo,Email,20230417
C01739,2023-01-04,NOA,Consumo,Paid Social,20230104
C01740,2023-08-06,Litoral,Consumo,Paid Social,20230806
C01741,2024-04-04,Cuyo,Consumo,Orgánico,20240404
C01742,2025-03-02,Cuyo,Consumo,Referidos,20250302
C01743,2024-04-30,Litoral,Consumo,Orgánico,20240430
C01744,2023-01-25,Centro,Consumo,Marketplace,20230125
C01745,2023-08-13,Litoral,Premium,Paid Social,20230813
C01746,2025-11-08,Patagonia,Premium,Email,20251108
C01747,2025-11-18,Centro,Consumo,Marketplace,20251118
C01748,2024-02-06,Litoral,Premium,Referidos,20240206
C01749,2025-05-07,Patagonia,Premium,Paid Social,20250507
C01750,2025-02-05,Litoral,Consumo,Paid Social,20250205
C01751,2025-09-18,Centro,PyME,Paid Social,20250918
C01752,2025-08-03,Litoral,Premium,Paid Social,20250803
C01753,2024-10-31,Patagonia,Consumo,Marketplace,20241031
C01754,2024-02-25,Centro,Consumo,Orgánico,20240225
C01755,2024-10-29,Litoral,Consumo,Paid Social,20241029
C01756,2023-12-06,Patagonia,Consumo,Referidos,20231206
C01757,2024-01-06,Centro,Premium,Paid Social,20240106
C01758,2024-10-10,Cuyo,Consumo,Marketplace,20241010
C01759,2024-08-31,NOA,Consumo,Orgánico,20240831
C01760,2024-09-10,Cuyo,Consumo,Orgánico,20240910
C01761,2024-02-14,Litoral,Premium,Email,20240214
C01762,2024-03-11,AMBA,Consumo,Paid Social,20240311
C01763,2023-01-11,NOA,Premium,Marketplace,20230111
C01764,2024-10-02,Litoral,Consumo,Paid Social,20241002
C01765,2024-09-05,Patagonia,Consumo,Orgánico,20240905
C01766,2025-09-23,Litoral,Consumo,Paid Social,20250923
C01767,2024-06-21,Cuyo,Consumo,Paid Social,20240621
C01768,2024-05-13,Cuyo,Consumo,Email,20240513
C01769,2023-03-14,Patagonia,Consumo,Orgánico,20230314
C01770,2023-07-29,NOA,Consumo,Email,20230729
C01771,2023-12-27,AMBA,Consumo,Marketplace,20231227
C01772,2024-02-06,NOA,Premium,Paid Social,20240206
C01773,2024-01-22,Patagonia,Premium,Email,20240122
C01774,2024-02-24,AMBA,Consumo,Orgánico,20240224
C01775,2025-03-29,AMBA,Premium,Referidos,20250329
C01776,2023-05-20,Patagonia,Consumo,Orgánico,20230520
C01777,2023-12-20,NOA,Consumo,Email,20231220
C01778,2023-06-23,Cuyo,Consumo,Paid Social,20230623
C01779,2023-11-24,Litoral,Consumo,Orgánico,20231124
C01780,2024-12-30,NOA,Premium,Paid Social,20241230
C01781,2023-02-19,Centro,Consumo,Orgánico,20230219
C01782,2023-12-28,Centro,Consumo,Marketplace,20231228
C01783,2023-01-26,NOA,Consumo,Orgánico,20230126
C01784,2025-10-13,Centro,Consumo,Marketplace,20251013
C01785,2025-02-13,Cuyo,Consumo,Paid Social,20250213
C01786,2023-09-17,Cuyo,Consumo,Orgánico,20230917
C01787,2023-07-31,Litoral,Consumo,Paid Social,20230731
C01788,2023-04-16,Centro,Consumo,Orgánico,20230416
C01789,2024-05-18,Patagonia,Consumo,Referidos,20240518
C01790,2025-03-13,Patagonia,PyME,Orgánico,20250313
C01791,2024-09-14,Centro,Consumo,Marketplace,20240914
C01792,2025-07-27,Cuyo,Consumo,Orgánico,20250727
C01793,2024-01-02,AMBA,Consumo,Orgánico,20240102
C01794,2023-10-24,Centro,Consumo,Orgánico,20231024
C01795,2024-05-24,NOA,Consumo,Email,20240524
C01796,2023-08-04,Litoral,Consumo,Paid Social,20230804
C01797,2025-11-05,Litoral,Consumo,Marketplace,20251105
C01798,2023-07-17,NOA,Consumo,Paid Social,20230717
C01799,2024-05-24,Patagonia,Consumo,Orgánico,20240524
C01800,2024-07-09,Patagonia,Consumo,Referidos,20240709
C01801,2023-03-02,Patagonia,Consumo,Email,20230302
C01802,2024-05-13,Cuyo,Consumo,Referidos,20240513
C01803,2024-04-29,Litoral,Consumo,Paid Social,20240429
C01804,2023-10-04,Centro,Premium,Referidos,20231004
C01805,2023-05-17,NOA,Consumo,Orgánico,20230517
C01806,2023-02-18,Centro,Premium,Marketplace,20230218
C01807,2023-01-10,NOA,Consumo,Orgánico,20230110
C01808,2024-05-27,NOA,Consumo,Referidos,20240527
C01809,2023-04-06,AMBA,Consumo,Orgánico,20230406
C01810,2025-10-18,Patagonia,Premium,Referidos,20251018
C01811,2023-09-18,NOA,Consumo,Marketplace,20230918
C01812,2024-11-25,Litoral,Consumo,Marketplace,20241125
C01813,2024-12-18,Cuyo,Consumo,Paid Social,20241218
C01814,2024-06-11,NOA,Consumo,Paid Social,20240611
C01815,2025-07-30,Litoral,PyME,Referidos,20250730
C01816,2023-04-28,AMBA,Consumo,Email,20230428
C01817,2023-09-07,Centro,Consumo,Email,20230907
C01818,2023-09-26,Patagonia,Consumo,Orgánico,20230926
C01819,2023-05-25,Cuyo,Consumo,Paid Social,20230525
C01820,2023-11-10,Centro,Premium,Paid Social,20231110
C01821,2023-11-30,Patagonia,Premium,Email,20231130
C01822,2025-03-25,AMBA,PyME,Orgánico,20250325
C01823,2023-11-18,Centro,Consumo,Paid Social,20231118
C01824,2025-07-22,Cuyo,Consumo,Referidos,20250722
C01825,2025-04-02,AMBA,Consumo,Paid Social,20250402
C01826,2025-08-18,Cuyo,Consumo,Marketplace,20250818
C01827,2023-04-23,NOA,PyME,Orgánico,20230423
C01828,2025-11-14,NOA,Consumo,Paid Social,20251114
C01829,2024-10-15,NOA,Consumo,Paid Social,20241015
C01830,2025-11-12,Centro,Consumo,Paid Social,20251112
C01831,2024-01-13,AMBA,Premium,Email,20240113
C01832,2025-10-11,Patagonia,Consumo,Orgánico,20251011
C01833,2024-09-18,Cuyo,Consumo,Paid Social,20240918
C01834,2023-03-18,Patagonia,Consumo,Orgánico,20230318
C01835,2024-03-12,AMBA,Premium,Email,20240312
C01836,2023-05-27,Patagonia,Consumo,Referidos,20230527
C01837,2025-09-29,Litoral,Consumo,Orgánico,20250929
C01838,2023-11-21,NOA,Consumo,Paid Social,20231121
C01839,2023-08-25,AMBA,Premium,Paid Social,20230825
C01840,2024-08-11,Cuyo,PyME,Referidos,20240811
C01841,2024-03-28,NOA,Consumo,Orgánico,20240328
C01842,2023-04-14,Cuyo,Consumo,Paid Social,20230414
C01843,2025-05-19,Litoral,Consumo,Referidos,20250519
C01844,2025-06-19,AMBA,Consumo,Paid Social,20250619
C01845,2025-03-02,Patagonia,Consumo,Referidos,20250302
C01846,2024-10-18,Centro,Consumo,Paid Social,20241018
C01847,2024-03-04,Litoral,Premium,Marketplace,20240304
C01848,2024-07-31,NOA,Consumo,Orgánico,20240731
C01849,2024-07-08,Litoral,Consumo,Orgánico,20240708
C01850,2023-06-26,Cuyo,Consumo,Paid Social,20230626
C01851,2023-03-29,Centro,Consumo,Paid Social,20230329
C01852,2023-09-27,Cuyo,Consumo,Email,20230927
C01853,2024-04-28,NOA,Consumo,Orgánico,20240428
C01854,2023-06-20,Centro,Consumo,Orgánico,20230620
C01855,2023-04-24,Litoral,Consumo,Referidos,20230424
C01856,2025-06-26,Cuyo,Consumo,Orgánico,20250626
C01857,2024-02-04,Centro,Consumo,Referidos,20240204
C01858,2024-09-14,Patagonia,Consumo,Email,20240914
C01859,2024-07-12,Cuyo,Consumo,Orgánico,20240712
C01860,2025-02-21,Centro,Consumo,Referidos,20250221
C01861,2025-02-26,Litoral,Consumo,Marketplace,20250226
C01862,2023-11-12,Patagonia,Consumo,Referidos,20231112
C01863,2025-06-22,NOA,Consumo,Orgánico,20250622
C01864,2024-01-31,Litoral,PyME,Paid Social,20240131
C01865,2025-06-08,Litoral,Consumo,Marketplace,20250608
C01866,2024-03-07,Patagonia,Consumo,Email,20240307
C01867,2023-04-29,Centro,Consumo,Orgánico,20230429
C01868,2025-03-20,Centro,Premium,Orgánico,20250320
C01869,2023-02-02,Cuyo,Consumo,Email,20230202
C01870,2025-04-02,Litoral,PyME,Referidos,20250402
C01871,2023-02-15,Litoral,Consumo,Marketplace,20230215
C01872,2023-08-09,AMBA,Premium,Marketplace,20230809
C01873,2024-10-04,Patagonia,Consumo,Paid Social,20241004
C01874,2025-09-29,Cuyo,Consumo,Email,20250929
C01875,2024-03-11,NOA,Consumo,Orgánico,20240311
C01876,2023-05-09,Patagonia,Consumo,Orgánico,20230509
C01877,2023-09-06,NOA,Premium,Orgánico,20230906
C01878,2025-08-12,Litoral,Premium,Marketplace,20250812
C01879,2025-02-12,Litoral,Consumo,Orgánico,20250212
C01880,2023-04-17,Centro,Consumo,Paid Social,20230417
C01881,2024-02-14,Cuyo,Consumo,Paid Social,20240214
C01882,2023-10-09,NOA,Consumo,Paid Social,20231009
C01883,2023-07-09,Cuyo,Consumo,Paid Social,20230709
C01884,2025-06-20,AMBA,Consumo,Orgánico,20250620
C01885,2024-10-19,Centro,Consumo,Paid Social,20241019
C01886,2023-07-11,Litoral,Premium,Paid Social,20230711
C01887,2024-11-23,Litoral,Premium,Referidos,20241123
C01888,2024-03-16,NOA,Premium,Referidos,20240316
C01889,2023-03-07,NOA,Consumo,Referidos,20230307
C01890,2024-04-24,Litoral,PyME,Paid Social,20240424
C01891,2023-07-17,Litoral,Consumo,Orgánico,20230717
C01892,2023-09-19,Patagonia,Consumo,Paid Social,20230919
C01893,2025-07-25,AMBA,Consumo,Marketplace,20250725
C01894,2025-01-26,Litoral,Premium,Orgánico,20250126
C01895,2023-05-23,Cuyo,Consumo,Orgánico,20230523
C01896,2025-06-25,Patagonia,Premium,Marketplace,20250625
C01897,2024-09-03,Patagonia,Consumo,Marketplace,20240903
C01898,2025-07-20,Litoral,Premium,Orgánico,20250720
C01899,2025-03-06,Litoral,Consumo,Referidos,20250306
C01900,2023-12-28,Patagonia,PyME,Paid Social,20231228
C01901,2024-07-23,Litoral,Consumo,Paid Social,20240723
C01902,2024-07-19,Centro,Consumo,Paid Social,20240719
C01903,2025-02-05,Centro,Consumo,Marketplace,20250205
C01904,2023-09-22,Patagonia,Consumo,Orgánico,20230922
C01905,2023-12-21,Litoral,Consumo,Referidos,20231221
C01906,2023-09-18,Centro,Consumo,Orgánico,20230918
C01907,2023-11-12,NOA,Consumo,Email,20231112
C01908,2023-06-21,NOA,Premium,Email,20230621
C01909,2023-02-08,Litoral,Consumo,Referidos,20230208
C01910,2025-09-28,Centro,Premium,Marketplace,20250928
C01911,2023-03-21,NOA,Consumo,Referidos,20230321
C01912,2025-08-03,Centro,Consumo,Referidos,20250803
C01913,2023-01-04,Cuyo,Premium,Orgánico,20230104
C01914,2025-04-07,NOA,Consumo,Marketplace,20250407
C01915,2023-12-16,Litoral,Consumo,Paid Social,20231216
C01916,2024-07-05,Centro,Consumo,Paid Social,20240705
C01917,2023-10-28,AMBA,Consumo,Paid Social,20231028
C01918,2024-06-06,Cuyo,Consumo,Paid Social,20240606
C01919,2024-04-25,Patagonia,Consumo,Email,20240425
C01920,2024-07-18,Patagonia,Premium,Paid Social,20240718
C01921,2024-02-23,Centro,Consumo,Orgánico,20240223
C01922,2024-07-25,AMBA,Consumo,Marketplace,20240725
C01923,2025-05-29,Patagonia,Consumo,Marketplace,20250529
C01924,2024-04-07,AMBA,Consumo,Paid Social,20240407
C01925,2024-01-20,AMBA,Consumo,Marketplace,20240120
C01926,2023-05-21,Cuyo,PyME,Paid Social,20230521
C01927,2024-01-19,Litoral,Consumo,Paid Social,20240119
C01928,2023-05-14,Centro,Consumo,Marketplace,20230514
C01929,2023-07-14,Centro,Premium,Email,20230714
C01930,2025-10-11,Centro,Consumo,Referidos,20251011
C01931,2023-04-06,Cuyo,Consumo,Paid Social,20230406
C01932,2024-05-28,AMBA,Consumo,Paid Social,20240528
C01933,2025-06-07,AMBA,Consumo,Orgánico,20250607
C01934,2025-10-12,Cuyo,Consumo,Marketplace,20251012
C01935,2023-06-06,AMBA,Premium,Orgánico,20230606
C01936,2023-06-24,Centro,Consumo,Paid Social,20230624
C01937,2024-02-01,Litoral,Consumo,Orgánico,20240201
C01938,2024-08-13,AMBA,Consumo,Email,20240813
C01939,2025-10-19,Litoral,Premium,Paid Social,20251019
C01940,2023-08-10,Litoral,Consumo,Referidos,20230810
C01941,2023-06-25,Litoral,PyME,Paid Social,20230625
C01942,2023-09-27,Litoral,Consumo,Orgánico,20230927
C01943,2025-07-20,Patagonia,Premium,Orgánico,20250720
C01944,2023-02-02,AMBA,Consumo,Orgánico,20230202
C01945,2024-02-09,Centro,Consumo,Referidos,20240209
C01946,2023-05-07,Centro,Consumo,Referidos,20230507
C01947,2023-06-17,Patagonia,Premium,Paid Social,20230617
C01948,2025-09-03,NOA,Consumo,Paid Social,20250903
C01949,2023-01-02,NOA,Consumo,Orgánico,20230102
C01950,2023-12-09,Litoral,Consumo,Marketplace,20231209
C01951,2025-09-01,Cuyo,Consumo,Marketplace,20250901
C01952,2024-10-09,Cuyo,PyME,Referidos,20241009
C01953,2023-03-18,AMBA,Premium,Orgánico,20230318
C01954,2024-05-10,Cuyo,Consumo,Paid Social,20240510
C01955,2025-10-31,Litoral,Consumo,Marketplace,20251031
C01956,2024-03-02,Centro,Consumo,Orgánico,20240302
C01957,2024-07-16,Patagonia,Premium,Email,20240716
C01958,2024-07-20,Patagonia,Consumo,Marketplace,20240720
C01959,2024-12-04,Centro,Consumo,Referidos,20241204
C01960,2023-07-19,NOA,Consumo,Email,20230719
C01961,2025-06-13,AMBA,Consumo,Paid Social,20250613
C01962,2025-11-18,NOA,Consumo,Marketplace,20251118
C01963,2023-06-01,Patagonia,Consumo,Paid Social,20230601
C01964,2025-05-21,Centro,PyME,Marketplace,20250521
C01965,2025-05-20,Litoral,Consumo,Paid Social,20250520
C01966,2025-02-28,Centro,Consumo,Referidos,20250228
C01967,2024-01-30,Patagonia,Consumo,Marketplace,20240130
C01968,2024-05-14,AMBA,Consumo,Email,20240514
C01969,2025-06-12,Centro,Consumo,Paid Social,20250612
C01970,2023-06-12,Centro,Consumo,Orgánico,20230612
C01971,2025-06-01,Centro,Premium,Referidos,20250601
C01972,2025-09-07,Centro,Consumo,Email,20250907
C01973,2024-12-27,Litoral,PyME,Orgánico,20241227
C01974,2023-12-30,Litoral,Consumo,Marketplace,20231230
C01975,2024-08-18,Litoral,Consumo,Marketplace,20240818
C01976,2023-02-23,Centro,Consumo,Marketplace,20230223
C01977,2025-09-19,Centro,Consumo,Email,20250919
C01978,2023-12-31,NOA,Premium,Marketplace,20231231
C01979,2023-03-02,Centro,Consumo,Marketplace,20230302
C01980,2025-04-26,AMBA,Consumo,Orgánico,20250426
C01981,2024-12-01,Cuyo,Consumo,Marketplace,20241201
C01982,2024-10-25,AMBA,Consumo,Paid Social,20241025
C01983,2023-02-27,Cuyo,PyME,Marketplace,20230227
C01984,2025-03-10,NOA,Consumo,Referidos,20250310
C01985,2024-11-09,Centro,Consumo,Email,20241109
C01986,2025-04-25,Patagonia,PyME,Paid Social,20250425
C01987,2025-05-31,Cuyo,Premium,Orgánico,20250531
C01988,2023-08-14,Cuyo,Premium,Orgánico,20230814
C01989,2023-08-13,Litoral,Consumo,Email,20230813
C01990,2025-09-10,Litoral,Consumo,Marketplace,20250910
C01991,2024-07-19,Centro,Consumo,Orgánico,20240719
C01992,2024-04-11,Centro,Consumo,Orgánico,20240411
C01993,2023-11-02,NOA,Consumo,Email,20231102
C01994,2024-11-11,Centro,Consumo,Orgánico,20241111
C01995,2025-03-13,NOA,Consumo,Orgánico,20250313
C01996,2023-01-03,Cuyo,Consumo,Orgánico,20230103
C01997,2024-08-11,NOA,Consumo,Email,20240811
C01998,2025-11-23,Cuyo,Consumo,Email,20251123
C01999,2023-10-26,Litoral,Consumo,Marketplace,20231026
C02000,2023-10-27,Litoral,Consumo,Paid Social,20231027
C02001,2025-07-24,Cuyo,Premium,Orgánico,20250724
C02002,2023-03-08,Centro,Consumo,Referidos,20230308
C02003,2024-02-28,Litoral,Consumo,Marketplace,20240228
C02004,2024-05-03,Litoral,Consumo,Paid Social,20240503
C02005,2025-04-29,Centro,Consumo,Marketplace,20250429
C02006,2023-05-18,Patagonia,Consumo,Referidos,20230518
C02007,2024-04-07,Litoral,Consumo,Marketplace,20240407
C02008,2023-06-12,AMBA,PyME,Paid Social,20230612
C02009,2025-04-18,NOA,Consumo,Orgánico,20250418
C02010,2024-11-04,AMBA,Consumo,Orgánico,20241104
C02011,2024-06-13,Litoral,Premium,Referidos,20240613
C02012,2024-02-23,Cuyo,Consumo,Marketplace,20240223
C02013,2023-06-13,Litoral,Consumo,Paid Social,20230613
C02014,2025-09-08,Patagonia,Consumo,Orgánico,20250908
C02015,2024-11-20,Patagonia,PyME,Orgánico,20241120
C02016,2023-12-06,Litoral,Consumo,Email,20231206
C02017,2024-03-16,NOA,Consumo,Marketplace,20240316
C02018,2025-02-12,Patagonia,Premium,Paid Social,20250212
C02019,2025-02-05,Patagonia,Consumo,Email,20250205
C02020,2024-05-06,Cuyo,Premium,Paid Social,20240506
C02021,2023-11-19,Centro,Consumo,Marketplace,20231119
C02022,2024-12-03,Centro,Consumo,Referidos,20241203
C02023,2024-12-02,Litoral,Consumo,Orgánico,20241202
C02024,2024-09-30,Litoral,PyME,Email,20240930
C02025,2023-03-19,AMBA,Consumo,Referidos,20230319
C02026,2024-05-18,Centro,Consumo,Marketplace,20240518
C02027,2024-10-15,NOA,PyME,Email,20241015
C02028,2025-10-08,Patagonia,Consumo,Orgánico,20251008
C02029,2024-07-13,Patagonia,Premium,Email,20240713
C02030,2023-12-31,Centro,Consumo,Email,20231231
C02031,2024-08-14,AMBA,Consumo,Orgánico,20240814
C02032,2023-07-08,Centro,Premium,Marketplace,20230708
C02033,2023-04-07,NOA,Premium,Orgánico,20230407
C02034,2024-12-23,Litoral,Consumo,Marketplace,20241223
C02035,2025-11-16,Patagonia,PyME,Paid Social,20251116
C02036,2025-06-19,Cuyo,PyME,Orgánico,20250619
C02037,2024-09-13,Cuyo,Premium,Paid Social,20240913
C02038,2023-02-12,Litoral,Consumo,Email,20230212
C02039,2025-11-18,NOA,Consumo,Marketplace,20251118
C02040,2024-04-23,Cuyo,Consumo,Paid Social,20240423
C02041,2023-11-05,Litoral,Consumo,Orgánico,20231105
C02042,2025-08-08,NOA,Consumo,Marketplace,20250808
C02043,2025-03-05,Cuyo,Consumo,Email,20250305
C02044,2025-03-09,NOA,Consumo,Orgánico,20250309
C02045,2023-10-23,Litoral,Consumo,Marketplace,20231023
C02046,2025-11-22,NOA,Consumo,Orgánico,20251122
C02047,2024-04-27,Cuyo,Consumo,Orgánico,20240427
C02048,2024-07-19,Litoral,Consumo,Paid Social,20240719
C02049,2025-03-10,Centro,PyME,Email,20250310
C02050,2024-12-03,Litoral,Consumo,Paid Social,20241203
C02051,2023-07-03,Centro,Consumo,Marketplace,20230703
C02052,2023-11-19,Litoral,Consumo,Orgánico,20231119
C02053,2024-01-20,Patagonia,Consumo,Marketplace,20240120
C02054,2025-10-06,Cuyo,Consumo,Orgánico,20251006
C02055,2025-01-30,Cuyo,Premium,Orgánico,20250130
C02056,2024-01-26,Centro,Consumo,Orgánico,20240126
C02057,2025-02-21,Patagonia,Consumo,Orgánico,20250221
C02058,2025-02-25,Litoral,Consumo,Paid Social,20250225
C02059,2024-02-24,Litoral,Premium,Marketplace,20240224
C02060,2024-03-05,AMBA,PyME,Referidos,20240305
C02061,2025-08-10,AMBA,Premium,Referidos,20250810
C02062,2024-08-21,AMBA,Consumo,Orgánico,20240821
C02063,2023-06-09,NOA,Premium,Marketplace,20230609
C02064,2025-02-05,NOA,Consumo,Paid Social,20250205
C02065,2024-09-19,AMBA,Consumo,Referidos,20240919
C02066,2024-06-26,AMBA,PyME,Referidos,20240626
C02067,2025-02-11,Patagonia,Consumo,Orgánico,20250211
C02068,2025-08-24,Litoral,PyME,Paid Social,20250824
C02069,2023-12-18,Centro,Consumo,Marketplace,20231218
C02070,2024-03-22,Litoral,Consumo,Orgánico,20240322
C02071,2023-07-21,Centro,Consumo,Referidos,20230721
C02072,2024-11-20,Centro,PyME,Marketplace,20241120
C02073,2024-03-04,Cuyo,Consumo,Paid Social,20240304
C02074,2023-12-31,NOA,Premium,Paid Social,20231231
C02075,2025-01-11,Patagonia,Consumo,Paid Social,20250111
C02076,2024-03-10,Centro,Premium,Referidos,20240310
C02077,2024-05-09,Litoral,Consumo,Paid Social,20240509
C02078,2024-04-13,NOA,Consumo,Paid Social,20240413
C02079,2023-10-03,NOA,Consumo,Orgánico,20231003
C02080,2023-05-14,Patagonia,Consumo,Marketplace,20230514
C02081,2025-05-31,AMBA,Consumo,Marketplace,20250531
C02082,2023-04-08,Centro,Consumo,Email,20230408
C02083,2023-12-12,Centro,Consumo,Marketplace,20231212
C02084,2024-12-11,AMBA,PyME,Email,20241211
C02085,2023-05-20,Centro,Consumo,Marketplace,20230520
C02086,2024-11-29,Centro,Premium,Orgánico,20241129
C02087,2025-02-19,Litoral,Consumo,Orgánico,20250219
C02088,2024-12-06,Cuyo,Premium,Marketplace,20241206
C02089,2023-11-21,Cuyo,Consumo,Paid Social,20231121
C02090,2023-01-22,Centro,Consumo,Paid Social,20230122
C02091,2025-08-03,AMBA,Consumo,Referidos,20250803
C02092,2023-12-14,NOA,Consumo,Email,20231214
C02093,2025-05-07,Litoral,Consumo,Paid Social,20250507
C02094,2023-07-30,Centro,Consumo,Paid Social,20230730
C02095,2023-06-22,Patagonia,Premium,Paid Social,20230622
C02096,2025-04-08,Patagonia,Consumo,Orgánico,20250408
C02097,2025-09-27,NOA,Consumo,Orgánico,20250927
C02098,2025-07-05,AMBA,PyME,Paid Social,20250705
C02099,2025-03-11,Litoral,Consumo,Referidos,20250311
C02100,2023-09-20,NOA,Consumo,Paid Social,20230920
C02101,2025-08-30,Patagonia,PyME,Paid Social,20250830
C02102,2024-12-12,Centro,Premium,Email,20241212
C02103,2023-07-03,NOA,PyME,Orgánico,20230703
C02104,2023-05-18,Cuyo,Premium,Paid Social,20230518
C02105,2025-07-16,Cuyo,Consumo,Orgánico,20250716
C02106,2023-10-21,Litoral,Consumo,Email,20231021
C02107,2025-03-26,Patagonia,Consumo,Orgánico,20250326
C02108,2023-05-28,AMBA,PyME,Paid Social,20230528
C02109,2023-10-26,Litoral,Premium,Email,20231026
C02110,2023-10-29,Patagonia,Consumo,Referidos,20231029
C02111,2023-10-27,Litoral,Consumo,Referidos,20231027
C02112,2024-12-19,Centro,Consumo,Marketplace,20241219
C02113,2025-08-31,AMBA,Consumo,Email,20250831
C02114,2025-08-27,Litoral,Premium,Paid Social,20250827
C02115,2025-02-28,Patagonia,Consumo,Orgánico,20250228
C02116,2023-08-04,Litoral,Consumo,Orgánico,20230804
C02117,2025-10-20,NOA,PyME,Orgánico,20251020
C02118,2024-07-31,Litoral,Consumo,Orgánico,20240731
C02119,2024-08-04,Litoral,Consumo,Paid Social,20240804
C02120,2025-01-16,AMBA,Consumo,Referidos,20250116
C02121,2025-03-30,Litoral,Consumo,Referidos,20250330
C02122,2025-10-11,Centro,Consumo,Paid Social,20251011
C02123,2024-09-12,Patagonia,Consumo,Paid Social,20240912
C02124,2024-10-11,AMBA,Consumo,Orgánico,20241011
C02125,2025-03-04,NOA,Consumo,Paid Social,20250304
C02126,2023-09-29,Centro,Consumo,Paid Social,20230929
C02127,2023-11-24,Cuyo,Consumo,Paid Social,20231124
C02128,2024-10-28,AMBA,PyME,Orgánico,20241028
C02129,2023-03-10,Centro,Consumo,Marketplace,20230310
C02130,2023-12-08,NOA,Consumo,Paid Social,20231208
C02131,2025-02-03,Centro,Premium,Email,20250203
C02132,2025-11-05,Litoral,Consumo,Orgánico,20251105
C02133,2024-07-07,NOA,Consumo,Orgánico,20240707
C02134,2024-03-01,Litoral,Premium,Paid Social,20240301
C02135,2024-04-14,AMBA,Consumo,Marketplace,20240414
C02136,2024-12-30,Cuyo,Consumo,Orgánico,20241230
C02137,2024-08-02,Cuyo,Premium,Paid Social,20240802
C02138,2023-01-25,Centro,Consumo,Marketplace,20230125
C02139,2024-07-28,Centro,Consumo,Paid Social,20240728
C02140,2024-03-02,Litoral,Consumo,Paid Social,20240302
C02141,2025-01-16,Cuyo,Consumo,Email,20250116
C02142,2025-07-20,Centro,Premium,Paid Social,20250720
C02143,2025-10-22,Cuyo,Consumo,Marketplace,20251022
C02144,2024-10-11,Cuyo,Consumo,Orgánico,20241011
C02145,2024-01-22,Centro,Consumo,Referidos,20240122
C02146,2024-04-17,Cuyo,PyME,Orgánico,20240417
C02147,2023-07-07,NOA,Consumo,Referidos,20230707
C02148,2025-09-23,Litoral,Consumo,Referidos,20250923
C02149,2025-06-21,Litoral,Consumo,Referidos,20250621
C02150,2025-06-28,NOA,Consumo,Marketplace,20250628
C02151,2023-12-16,Litoral,Consumo,Referidos,20231216
C02152,2023-12-10,Centro,Premium,Orgánico,20231210
C02153,2025-07-01,Cuyo,Consumo,Orgánico,20250701
C02154,2024-08-02,Cuyo,Consumo,Paid Social,20240802
C02155,2025-01-20,Cuyo,Consumo,Paid Social,20250120
C02156,2024-06-05,AMBA,Consumo,Paid Social,20240605
C02157,2024-04-16,AMBA,Consumo,Referidos,20240416
C02158,2024-11-04,Cuyo,Premium,Referidos,20241104
C02159,2025-05-15,NOA,Consumo,Marketplace,20250515
C02160,2023-12-22,Patagonia,Premium,Paid Social,20231222
C02161,2025-05-11,NOA,Consumo,Referidos,20250511
C02162,2023-09-18,Centro,Consumo,Referidos,20230918
C02163,2024-03-05,Cuyo,Consumo,Marketplace,20240305
C02164,2025-08-29,Litoral,Consumo,Referidos,20250829
C02165,2025-10-13,Cuyo,Consumo,Orgánico,20251013
C02166,2025-09-10,Cuyo,PyME,Orgánico,20250910
C02167,2023-12-03,Cuyo,PyME,Marketplace,20231203
C02168,2025-06-17,AMBA,Premium,Referidos,20250617
C02169,2025-09-23,NOA,Premium,Referidos,20250923
C02170,2025-11-07,NOA,Consumo,Referidos,20251107
C02171,2023-01-23,AMBA,Consumo,Referidos,20230123
C02172,2025-03-04,Cuyo,Consumo,Referidos,20250304
C02173,2025-11-27,Litoral,Premium,Marketplace,20251127
C02174,2025-03-25,Patagonia,Consumo,Marketplace,20250325
C02175,2023-09-06,NOA,Consumo,Paid Social,20230906
C02176,2025-03-23,Cuyo,Consumo,Orgánico,20250323
C02177,2023-04-23,Patagonia,Consumo,Orgánico,20230423
C02178,2024-05-26,NOA,Premium,Paid Social,20240526
C02179,2024-10-28,Patagonia,Consumo,Referidos,20241028
C02180,2024-05-01,Centro,Consumo,Referidos,20240501
C02181,2025-01-15,Patagonia,Premium,Paid Social,20250115
C02182,2023-09-13,Cuyo,Consumo,Paid Social,20230913
C02183,2024-10-07,AMBA,Consumo,Paid Social,20241007
C02184,2024-11-17,Patagonia,Consumo,Referidos,20241117
C02185,2024-11-05,NOA,Consumo,Email,20241105
C02186,2023-11-05,Cuyo,Consumo,Orgánico,20231105
C02187,2023-11-22,Cuyo,Consumo,Paid Social,20231122
C02188,2023-10-02,Cuyo,Consumo,Email,20231002
C02189,2024-05-06,AMBA,Consumo,Paid Social,20240506
C02190,2024-09-16,NOA,Consumo,Referidos,20240916
C02191,2024-01-22,AMBA,PyME,Marketplace,20240122
C02192,2024-03-12,Litoral,Consumo,Orgánico,20240312
C02193,2023-11-02,AMBA,Consumo,Orgánico,20231102
C02194,2023-08-22,Patagonia,Consumo,Paid Social,20230822
C02195,2024-12-01,NOA,Consumo,Orgánico,20241201
C02196,2025-05-19,Litoral,PyME,Paid Social,20250519
C02197,2023-11-06,Litoral,Consumo,Orgánico,20231106
C02198,2025-07-05,Patagonia,Consumo,Orgánico,20250705
C02199,2024-08-31,NOA,Consumo,Referidos,20240831
C02200,2023-06-28,NOA,Premium,Orgánico,20230628
C02201,2024-01-25,Centro,Consumo,Referidos,20240125
C02202,2023-01-08,Litoral,Premium,Paid Social,20230108
C02203,2023-02-11,Patagonia,Consumo,Paid Social,20230211
C02204,2023-12-24,Centro,Consumo,Orgánico,20231224
C02205,2024-04-29,Patagonia,Consumo,Orgánico,20240429
C02206,2025-04-29,AMBA,Consumo,Paid Social,20250429
C02207,2023-05-24,NOA,Consumo,Referidos,20230524
C02208,2025-06-12,Litoral,Consumo,Marketplace,20250612
C02209,2023-09-07,Patagonia,Consumo,Orgánico,20230907
C02210,2023-05-28,Patagonia,Consumo,Orgánico,20230528
C02211,2025-01-15,Centro,Consumo,Orgánico,20250115
C02212,2025-04-04,Cuyo,Consumo,Referidos,20250404
C02213,2024-10-06,NOA,Consumo,Orgánico,20241006
C02214,2023-05-04,AMBA,Consumo,Orgánico,20230504
C02215,2023-05-03,Patagonia,Consumo,Marketplace,20230503
C02216,2024-02-20,Centro,Consumo,Marketplace,20240220
C02217,2024-04-24,Litoral,Consumo,Email,20240424
C02218,2025-11-29,Litoral,Consumo,Orgánico,20251129
C02219,2023-11-02,Patagonia,Consumo,Paid Social,20231102
C02220,2023-07-25,NOA,Consumo,Orgánico,20230725
C02221,2025-10-04,Cuyo,Premium,Email,20251004
C02222,2023-06-13,Centro,Consumo,Referidos,20230613
C02223,2023-01-29,Cuyo,Consumo,Orgánico,20230129
C02224,2024-03-26,Litoral,Consumo,Marketplace,20240326
C02225,2024-03-03,Patagonia,Premium,Paid Social,20240303
C02226,2024-10-21,Patagonia,Premium,Referidos,20241021
C02227,2025-07-23,Cuyo,Premium,Orgánico,20250723
C02228,2025-09-20,NOA,Consumo,Paid Social,20250920
C02229,2023-11-05,AMBA,Consumo,Orgánico,20231105
C02230,2025-11-10,AMBA,Consumo,Referidos,20251110
C02231,2024-11-04,AMBA,Consumo,Orgánico,20241104
C02232,2023-03-16,NOA,Premium,Paid Social,20230316
C02233,2025-09-26,Centro,Consumo,Referidos,20250926
C02234,2023-05-27,Litoral,Consumo,Referidos,20230527
C02235,2024-09-18,Patagonia,Premium,Email,20240918
C02236,2025-04-22,Patagonia,Consumo,Referidos,20250422
C02237,2023-09-23,NOA,Premium,Email,20230923
C02238,2023-10-16,AMBA,Consumo,Email,20231016
C02239,2024-05-22,Cuyo,Consumo,Paid Social,20240522
C02240,2025-07-31,Litoral,Consumo,Orgánico,20250731
C02241,2023-08-27,Patagonia,Consumo,Paid Social,20230827
C02242,2024-12-07,Litoral,Consumo,Orgánico,20241207
C02243,2024-04-27,Litoral,Consumo,Paid Social,20240427
C02244,2023-04-30,Centro,Consumo,Paid Social,20230430
C02245,2025-01-27,AMBA,Consumo,Orgánico,20250127
C02246,2025-06-05,Cuyo,Premium,Referidos,20250605
C02247,2024-09-05,Centro,Consumo,Referidos,20240905
C02248,2023-07-07,Litoral,Consumo,Email,20230707
C02249,2023-06-15,Patagonia,Consumo,Marketplace,20230615
C02250,2024-03-27,Litoral,PyME,Orgánico,20240327
C02251,2024-06-23,Litoral,Premium,Orgánico,20240623
C02252,2024-08-11,AMBA,PyME,Orgánico,20240811
C02253,2023-09-17,Litoral,PyME,Paid Social,20230917
C02254,2024-06-17,Cuyo,Consumo,Orgánico,20240617
C02255,2023-11-11,AMBA,Consumo,Marketplace,20231111
C02256,2024-12-31,Centro,Consumo,Paid Social,20241231
C02257,2025-04-28,Patagonia,Premium,Paid Social,20250428
C02258,2024-11-26,NOA,Consumo,Paid Social,20241126
C02259,2023-01-02,Litoral,Consumo,Paid Social,20230102
C02260,2025-11-22,NOA,PyME,Referidos,20251122
C02261,2023-01-26,Centro,Premium,Referidos,20230126
C02262,2025-11-30,Centro,PyME,Referidos,20251130
C02263,2023-02-03,NOA,Consumo,Email,20230203
C02264,2024-07-04,Centro,Consumo,Paid Social,20240704
C02265,2023-04-23,Litoral,Consumo,Paid Social,20230423
C02266,2023-04-12,Centro,Consumo,Referidos,20230412
C02267,2024-12-28,Centro,Consumo,Paid Social,20241228
C02268,2025-02-14,Cuyo,Consumo,Paid Social,20250214
C02269,2023-05-06,Cuyo,Premium,Orgánico,20230506
C02270,2025-11-06,NOA,Consumo,Email,20251106
C02271,2023-12-08,NOA,Consumo,Orgánico,20231208
C02272,2023-12-06,Litoral,Premium,Marketplace,20231206
C02273,2023-11-13,Litoral,Consumo,Orgánico,20231113
C02274,2024-05-06,AMBA,Consumo,Paid Social,20240506
C02275,2023-07-09,Centro,Consumo,Orgánico,20230709
C02276,2024-03-28,AMBA,Consumo,Orgánico,20240328
C02277,2023-08-12,NOA,Premium,Paid Social,20230812
C02278,2023-02-24,Centro,Consumo,Referidos,20230224
C02279,2024-01-28,Cuyo,Consumo,Orgánico,20240128
C02280,2024-12-16,NOA,PyME,Orgánico,20241216
C02281,2025-03-23,Patagonia,Consumo,Orgánico,20250323
C02282,2024-01-12,Litoral,Premium,Paid Social,20240112
C02283,2023-12-11,AMBA,Consumo,Marketplace,20231211
C02284,2025-04-18,Litoral,PyME,Paid Social,20250418
C02285,2024-12-26,Litoral,Consumo,Referidos,20241226
C02286,2025-06-05,Centro,Consumo,Paid Social,20250605
C02287,2025-08-22,Patagonia,Premium,Paid Social,20250822
C02288,2025-05-24,NOA,Premium,Referidos,20250524
C02289,2025-09-24,Centro,Consumo,Orgánico,20250924
C02290,2024-03-19,Centro,Consumo,Marketplace,20240319
C02291,2024-02-25,Centro,Consumo,Paid Social,20240225
C02292,2023-12-09,NOA,Premium,Paid Social,20231209
C02293,2023-09-08,AMBA,Premium,Marketplace,20230908
C02294,2025-03-08,NOA,Consumo,Paid Social,20250308
C02295,2025-01-30,Patagonia,Consumo,Marketplace,20250130
C02296,2025-05-03,Cuyo,Consumo,Marketplace,20250503
C02297,2023-06-28,Litoral,Premium,Orgánico,20230628
C02298,2024-06-07,NOA,Consumo,Paid Social,20240607
C02299,2023-08-25,Patagonia,Consumo,Referidos,20230825
C02300,2025-08-09,Centro,PyME,Orgánico,20250809
C02301,2023-10-12,AMBA,Consumo,Referidos,20231012
C02302,2023-06-03,Litoral,Consumo,Orgánico,20230603
C02303,2024-08-29,AMBA,Consumo,Orgánico,20240829
C02304,2025-07-25,AMBA,Consumo,Paid Social,20250725
C02305,2025-09-02,NOA,Premium,Referidos,20250902
C02306,2023-04-13,Cuyo,Consumo,Referidos,20230413
C02307,2023-12-14,Litoral,Consumo,Email,20231214
C02308,2023-06-13,Centro,Consumo,Orgánico,20230613
C02309,2023-11-24,AMBA,Consumo,Paid Social,20231124
C02310,2024-07-22,AMBA,Consumo,Orgánico,20240722
C02311,2023-10-26,Cuyo,Consumo,Orgánico,20231026
C02312,2023-03-13,AMBA,Consumo,Paid Social,20230313
C02313,2024-06-27,Cuyo,Consumo,Email,20240627
C02314,2023-02-26,Centro,PyME,Orgánico,20230226
C02315,2023-08-30,Litoral,Consumo,Orgánico,20230830
C02316,2023-01-01,Litoral,Premium,Referidos,20230101
C02317,2023-04-03,Centro,Consumo,Orgánico,20230403
C02318,2024-04-09,Cuyo,Consumo,Marketplace,20240409
C02319,2025-06-25,AMBA,PyME,Paid Social,20250625
C02320,2025-04-04,Centro,Consumo,Orgánico,20250404
C02321,2023-04-16,NOA,Premium,Marketplace,20230416
C02322,2023-02-07,NOA,Consumo,Email,20230207
C02323,2023-12-27,Cuyo,Consumo,Referidos,20231227
C02324,2024-11-25,NOA,Consumo,Paid Social,20241125
C02325,2025-03-06,Litoral,Consumo,Paid Social,20250306
C02326,2025-05-26,AMBA,Consumo,Email,20250526
C02327,2023-12-31,NOA,Consumo,Paid Social,20231231
C02328,2023-06-28,Cuyo,Consumo,Email,20230628
C02329,2023-01-29,Litoral,Consumo,Orgánico,20230129
C02330,2023-06-06,Litoral,Premium,Paid Social,20230606
C02331,2023-03-11,Centro,Consumo,Orgánico,20230311
C02332,2025-07-05,Patagonia,Premium,Referidos,20250705
C02333,2023-10-13,Litoral,Consumo,Paid Social,20231013
C02334,2025-05-26,Cuyo,Consumo,Marketplace,20250526
C02335,2024-08-12,Centro,Consumo,Orgánico,20240812
C02336,2024-07-27,Patagonia,PyME,Paid Social,20240727
C02337,2024-04-29,Centro,Consumo,Paid Social,20240429
C02338,2025-05-22,AMBA,PyME,Referidos,20250522
C02339,2023-02-16,NOA,Consumo,Referidos,20230216
C02340,2023-04-09,Centro,Consumo,Paid Social,20230409
C02341,2024-03-26,Litoral,Premium,Paid Social,20240326
C02342,2024-02-25,Patagonia,PyME,Referidos,20240225
C02343,2024-08-04,NOA,Consumo,Orgánico,20240804
C02344,2025-02-24,Litoral,PyME,Email,20250224
C02345,2024-09-17,Patagonia,Consumo,Referidos,20240917
C02346,2023-10-02,NOA,Premium,Orgánico,20231002
C02347,2023-12-15,NOA,Consumo,Email,20231215
C02348,2025-03-12,AMBA,Consumo,Referidos,20250312
C02349,2023-08-03,Patagonia,Consumo,Orgánico,20230803
C02350,2024-06-20,Centro,Premium,Paid Social,20240620
C02351,2024-07-27,NOA,Consumo,Paid Social,20240727
C02352,2025-03-10,AMBA,Consumo,Referidos,20250310
C02353,2025-01-30,Centro,Consumo,Email,20250130
C02354,2024-05-09,Centro,Premium,Paid Social,20240509
C02355,2023-11-26,Litoral,Consumo,Paid Social,20231126
C02356,2024-01-27,AMBA,Consumo,Orgánico,20240127
C02357,2024-03-14,AMBA,Consumo,Orgánico,20240314
C02358,2023-08-22,Litoral,Consumo,Orgánico,20230822
C02359,2024-10-28,NOA,Consumo,Orgánico,20241028
C02360,2023-08-10,Litoral,Consumo,Orgánico,20230810
C02361,2024-11-21,Cuyo,Premium,Email,20241121
C02362,2025-03-11,Litoral,Consumo,Email,20250311
C02363,2025-10-21,Litoral,Consumo,Orgánico,20251021
C02364,2023-05-07,Cuyo,Consumo,Email,20230507
C02365,2025-03-20,Litoral,Consumo,Orgánico,20250320
C02366,2023-04-02,AMBA,Consumo,Paid Social,20230402
C02367,2023-12-26,Centro,Premium,Marketplace,20231226
C02368,2023-07-07,Patagonia,Consumo,Paid Social,20230707
C02369,2023-06-22,Cuyo,Consumo,Orgánico,20230622
C02370,2023-07-06,AMBA,PyME,Paid Social,20230706
C02371,2023-02-16,AMBA,Consumo,Email,20230216
C02372,2025-05-26,NOA,Consumo,Orgánico,20250526
C02373,2023-03-07,Centro,Consumo,Marketplace,20230307
C02374,2024-02-29,AMBA,Consumo,Paid Social,20240229
C02375,2025-01-14,Patagonia,Premium,Orgánico,20250114
C02376,2025-11-20,Litoral,Premium,Paid Social,20251120
C02377,2025-06-28,Cuyo,Consumo,Email,20250628
C02378,2023-05-27,NOA,Consumo,Paid Social,20230527
C02379,2025-11-17,Centro,Consumo,Marketplace,20251117
C02380,2024-11-27,Litoral,Consumo,Marketplace,20241127
C02381,2023-07-11,Patagonia,Consumo,Orgánico,20230711
C02382,2024-04-22,Litoral,Consumo,Orgánico,20240422
C02383,2025-09-04,Centro,Consumo,Paid Social,20250904
C02384,2024-02-23,Patagonia,Premium,Email,20240223
C02385,2023-07-15,Patagonia,Premium,Email,20230715
C02386,2025-07-20,AMBA,Consumo,Orgánico,20250720
C02387,2025-10-11,AMBA,Consumo,Marketplace,20251011
C02388,2025-11-05,Patagonia,Consumo,Paid Social,20251105
C02389,2025-10-14,AMBA,Consumo,Referidos,20251014
C02390,2025-07-18,NOA,Consumo,Referidos,20250718
C02391,2024-04-29,AMBA,Consumo,Orgánico,20240429
C02392,2023-07-24,NOA,PyME,Orgánico,20230724
C02393,2024-10-19,Patagonia,Consumo,Orgánico,20241019
C02394,2023-08-24,Cuyo,Consumo,Marketplace,20230824
C02395,2024-05-18,Centro,Consumo,Paid Social,20240518
C02396,2024-11-29,Cuyo,Consumo,Referidos,20241129
C02397,2025-10-05,Patagonia,Consumo,Paid Social,20251005
C02398,2023-11-04,Patagonia,Consumo,Paid Social,20231104
C02399,2023-09-26,Centro,PyME,Marketplace,20230926
C02400,2025-02-21,Litoral,Premium,Paid Social,20250221
C02401,2023-01-07,NOA,PyME,Referidos,20230107
C02402,2024-08-26,Centro,Consumo,Paid Social,20240826
C02403,2025-03-05,Patagonia,Consumo,Orgánico,20250305
C02404,2024-08-09,Centro,Consumo,Orgánico,20240809
C02405,2024-02-13,NOA,Consumo,Orgánico,20240213
C02406,2025-06-01,Centro,Consumo,Referidos,20250601
C02407,2024-01-31,Centro,Premium,Paid Social,20240131
C02408,2025-01-26,Cuyo,Consumo,Paid Social,20250126
C02409,2024-05-09,Cuyo,Consumo,Orgánico,20240509
C02410,2023-01-29,Centro,Consumo,Email,20230129
C02411,2024-07-19,Litoral,Consumo,Referidos,20240719
C02412,2023-02-22,AMBA,Consumo,Email,20230222
C02413,2025-09-18,NOA,Consumo,Marketplace,20250918
C02414,2024-10-02,AMBA,Consumo,Orgánico,20241002
C02415,2024-02-01,Cuyo,Consumo,Orgánico,20240201
C02416,2024-06-01,NOA,PyME,Paid Social,20240601
C02417,2024-10-21,AMBA,Consumo,Orgánico,20241021
C02418,2023-10-05,AMBA,Consumo,Email,20231005
C02419,2023-11-04,Patagonia,Consumo,Referidos,20231104
C02420,2024-03-21,AMBA,Premium,Orgánico,20240321
C02421,2023-10-03,NOA,Consumo,Marketplace,20231003
C02422,2025-03-18,Cuyo,Consumo,Orgánico,20250318
C02423,2023-04-21,NOA,Consumo,Email,20230421
C02424,2025-05-30,Centro,Consumo,Paid Social,20250530
C02425,2024-01-07,AMBA,Consumo,Email,20240107
C02426,2024-08-20,NOA,Consumo,Orgánico,20240820
C02427,2023-06-18,Patagonia,Consumo,Marketplace,20230618
C02428,2024-02-15,NOA,Premium,Marketplace,20240215
C02429,2025-03-14,Centro,Consumo,Paid Social,20250314
C02430,2023-10-16,Cuyo,Consumo,Paid Social,20231016
C02431,2023-05-21,Litoral,Consumo,Email,20230521
C02432,2024-07-09,Cuyo,Consumo,Email,20240709
C02433,2023-06-23,Centro,Consumo,Paid Social,20230623
C02434,2023-12-02,Cuyo,Consumo,Email,20231202
C02435,2024-04-24,Litoral,Consumo,Marketplace,20240424
C02436,2024-08-23,AMBA,PyME,Email,20240823
C02437,2024-11-11,Cuyo,Consumo,Orgánico,20241111
C02438,2024-12-21,Centro,PyME,Marketplace,20241221
C02439,2025-06-18,AMBA,PyME,Orgánico,20250618
C02440,2023-03-12,AMBA,Consumo,Orgánico,20230312
C02441,2024-01-21,Cuyo,Consumo,Marketplace,20240121
C02442,2023-01-02,AMBA,Consumo,Orgánico,20230102
C02443,2023-01-11,Cuyo,PyME,Orgánico,20230111
C02444,2023-08-15,Litoral,Consumo,Email,20230815
C02445,2024-09-29,NOA,Consumo,Referidos,20240929
C02446,2025-08-10,AMBA,Consumo,Orgánico,20250810
C02447,2025-04-03,Cuyo,Premium,Paid Social,20250403
C02448,2024-11-19,AMBA,Consumo,Orgánico,20241119
C02449,2025-04-08,Cuyo,Consumo,Paid Social,20250408
C02450,2023-07-03,Cuyo,Consumo,Paid Social,20230703
C02451,2025-06-13,Patagonia,Consumo,Orgánico,20250613
C02452,2025-08-06,Cuyo,Premium,Marketplace,20250806
C02453,2023-04-12,NOA,Premium,Email,20230412
C02454,2024-05-15,AMBA,Consumo,Referidos,20240515
C02455,2025-06-02,AMBA,Consumo,Marketplace,20250602
C02456,2024-05-22,AMBA,Premium,Marketplace,20240522
C02457,2025-06-14,Cuyo,Consumo,Referidos,20250614
C02458,2025-09-23,Centro,Consumo,Paid Social,20250923
C02459,2024-05-20,AMBA,Consumo,Referidos,20240520
C02460,2023-03-05,Centro,Consumo,Paid Social,20230305
C02461,2023-12-29,NOA,PyME,Orgánico,20231229
C02462,2023-08-18,Patagonia,Consumo,Paid Social,20230818
C02463,2024-05-19,AMBA,Consumo,Paid Social,20240519
C02464,2024-09-15,NOA,Consumo,Paid Social,20240915
C02465,2024-05-09,Centro,Consumo,Referidos,20240509
C02466,2023-07-28,Cuyo,Premium,Paid Social,20230728
C02467,2023-11-17,Centro,Consumo,Orgánico,20231117
C02468,2024-12-24,Cuyo,Consumo,Orgánico,20241224
C02469,2023-01-29,Patagonia,Consumo,Marketplace,20230129
C02470,2023-08-17,Patagonia,Consumo,Paid Social,20230817
C02471,2025-08-08,Litoral,Consumo,Paid Social,20250808
C02472,2023-04-16,Litoral,Consumo,Referidos,20230416
C02473,2024-03-17,Patagonia,Premium,Referidos,20240317
C02474,2023-08-09,Centro,Premium,Paid Social,20230809
C02475,2023-04-22,Cuyo,Consumo,Email,20230422
C02476,2024-03-26,AMBA,Consumo,Orgánico,20240326
C02477,2024-07-09,Patagonia,Consumo,Marketplace,20240709
C02478,2023-07-07,Cuyo,Consumo,Email,20230707
C02479,2023-03-24,Litoral,Consumo,Referidos,20230324
C02480,2023-05-24,Litoral,Premium,Orgánico,20230524
C02481,2024-11-24,Centro,PyME,Email,20241124
C02482,2025-07-05,AMBA,Consumo,Paid Social,20250705
C02483,2023-07-12,NOA,Premium,Paid Social,20230712
C02484,2023-12-08,Centro,Consumo,Email,20231208
C02485,2024-01-02,AMBA,Consumo,Referidos,20240102
C02486,2024-01-20,Centro,Consumo,Paid Social,20240120
C02487,2023-09-18,NOA,Consumo,Marketplace,20230918
C02488,2023-02-28,Centro,Consumo,Orgánico,20230228
C02489,2024-07-13,NOA,PyME,Email,20240713
C02490,2024-01-16,Cuyo,Consumo,Orgánico,20240116
C02491,2023-12-31,NOA,Consumo,Orgánico,20231231
C02492,2023-10-10,Litoral,Consumo,Marketplace,20231010
C02493,2025-09-16,AMBA,PyME,Orgánico,20250916
C02494,2024-10-12,Litoral,Consumo,Marketplace,20241012
C02495,2024-03-21,Cuyo,PyME,Paid Social,20240321
C02496,2023-08-07,Centro,Premium,Referidos,20230807
C02497,2025-05-03,Litoral,Consumo,Orgánico,20250503
C02498,2025-08-04,AMBA,Consumo,Email,20250804
C02499,2023-02-04,Patagonia,Consumo,Marketplace,20230204
C02500,2025-09-17,Patagonia,Premium,Email,20250917
C02501,2025-01-14,AMBA,Consumo,Paid Social,20250114
C02502,2023-04-17,Cuyo,Consumo,Referidos,20230417
C02503,2025-03-13,Litoral,Consumo,Referidos,20250313
C02504,2023-04-25,AMBA,Consumo,Orgánico,20230425
C02505,2023-02-24,Cuyo,Premium,Email,20230224
C02506,2023-05-03,Centro,Premium,Email,20230503
C02507,2024-05-04,AMBA,Consumo,Referidos,20240504
C02508,2024-10-21,Patagonia,Consumo,Paid Social,20241021
C02509,2024-03-09,Cuyo,Consumo,Paid Social,20240309
C02510,2023-05-10,Patagonia,Premium,Marketplace,20230510
C02511,2023-08-01,Litoral,Consumo,Email,20230801
C02512,2025-06-26,NOA,Premium,Paid Social,20250626
C02513,2025-10-22,NOA,Consumo,Marketplace,20251022
C02514,2025-03-14,Litoral,Consumo,Orgánico,20250314
C02515,2023-04-21,Cuyo,PyME,Paid Social,20230421
C02516,2025-05-23,Cuyo,Consumo,Referidos,20250523
C02517,2025-01-06,Patagonia,Consumo,Referidos,20250106
C02518,2024-07-14,Cuyo,Consumo,Marketplace,20240714
C02519,2023-06-02,Litoral,Consumo,Email,20230602
C02520,2025-11-27,Centro,PyME,Paid Social,20251127
C02521,2024-04-16,NOA,PyME,Paid Social,20240416
C02522,2023-02-17,Litoral,Premium,Orgánico,20230217
C02523,2023-08-12,Centro,Consumo,Marketplace,20230812
C02524,2024-03-03,Litoral,Consumo,Orgánico,20240303
C02525,2023-03-08,Cuyo,Premium,Paid Social,20230308
C02526,2023-12-11,AMBA,Consumo,Paid Social,20231211
C02527,2024-05-13,NOA,PyME,Orgánico,20240513
C02528,2025-10-07,NOA,Consumo,Orgánico,20251007
C02529,2023-04-02,NOA,Consumo,Email,20230402
C02530,2024-09-06,Cuyo,Consumo,Orgánico,20240906
C02531,2025-09-02,Centro,Consumo,Marketplace,20250902
C02532,2025-05-08,AMBA,Consumo,Marketplace,20250508
C02533,2025-09-12,Patagonia,Consumo,Orgánico,20250912
C02534,2023-07-01,Centro,Consumo,Marketplace,20230701
C02535,2025-05-03,NOA,Consumo,Paid Social,20250503
C02536,2025-11-08,NOA,Consumo,Orgánico,20251108
C02537,2023-12-14,AMBA,Consumo,Paid Social,20231214
C02538,2024-06-15,NOA,Premium,Referidos,20240615
C02539,2024-07-19,AMBA,Consumo,Email,20240719
C02540,2024-06-09,Cuyo,PyME,Orgánico,20240609
C02541,2023-11-05,Cuyo,PyME,Referidos,20231105
C02542,2025-10-30,NOA,Consumo,Referidos,20251030
C02543,2025-10-15,Litoral,Consumo,Referidos,20251015
C02544,2024-02-10,NOA,Premium,Paid Social,20240210
C02545,2025-05-07,Litoral,Consumo,Referidos,20250507
C02546,2024-02-28,Patagonia,Premium,Email,20240228
C02547,2025-04-26,NOA,Consumo,Orgánico,20250426
C02548,2024-09-14,NOA,Consumo,Referidos,20240914
C02549,2024-05-15,Cuyo,Consumo,Paid Social,20240515
C02550,2023-05-17,Cuyo,Consumo,Referidos,20230517
C02551,2024-11-28,NOA,PyME,Email,20241128
C02552,2023-12-08,Patagonia,Consumo,Paid Social,20231208
C02553,2023-08-19,NOA,PyME,Orgánico,20230819
C02554,2023-07-25,Litoral,Consumo,Referidos,20230725
C02555,2025-11-11,NOA,Premium,Referidos,20251111
C02556,2023-04-20,Patagonia,PyME,Referidos,20230420
C02557,2025-04-30,Patagonia,Consumo,Email,20250430
C02558,2025-07-11,Centro,Consumo,Orgánico,20250711
C02559,2023-02-03,Litoral,Premium,Paid Social,20230203
C02560,2024-09-19,Patagonia,Premium,Referidos,20240919
C02561,2024-09-06,Patagonia,Consumo,Paid Social,20240906
C02562,2024-01-17,NOA,Consumo,Referidos,20240117
C02563,2024-12-11,Centro,Premium,Paid Social,20241211
C02564,2024-03-11,Centro,Consumo,Orgánico,20240311
C02565,2024-04-13,NOA,Consumo,Email,20240413
C02566,2024-04-04,NOA,Consumo,Email,20240404
C02567,2025-05-02,Centro,Consumo,Email,20250502
C02568,2024-11-05,Cuyo,Premium,Orgánico,20241105
C02569,2024-02-08,NOA,Consumo,Referidos,20240208
C02570,2025-09-14,Centro,PyME,Paid Social,20250914
C02571,2025-05-04,Patagonia,Consumo,Referidos,20250504
C02572,2025-09-20,AMBA,Consumo,Email,20250920
C02573,2025-02-16,Centro,Consumo,Paid Social,20250216
C02574,2024-02-21,Patagonia,Consumo,Email,20240221
C02575,2025-04-03,Litoral,Premium,Email,20250403
C02576,2023-12-17,Litoral,Consumo,Paid Social,20231217
C02577,2023-10-16,NOA,Premium,Email,20231016
C02578,2024-04-25,Centro,Consumo,Orgánico,20240425
C02579,2025-10-29,Litoral,Consumo,Marketplace,20251029
C02580,2024-08-27,Litoral,Consumo,Paid Social,20240827
C02581,2024-02-13,Patagonia,Premium,Orgánico,20240213
C02582,2024-05-06,Centro,Consumo,Referidos,20240506
C02583,2023-11-07,Litoral,Consumo,Orgánico,20231107
C02584,2024-12-02,Cuyo,Consumo,Marketplace,20241202
C02585,2024-01-09,Litoral,Consumo,Paid Social,20240109
C02586,2024-08-13,NOA,Consumo,Orgánico,20240813
C02587,2024-01-29,Cuyo,Consumo,Orgánico,20240129
C02588,2023-12-08,Patagonia,PyME,Orgánico,20231208
C02589,2025-10-30,NOA,Consumo,Orgánico,20251030
C02590,2024-01-04,Patagonia,Consumo,Orgánico,20240104
C02591,2023-03-17,NOA,Consumo,Paid Social,20230317
C02592,2024-02-08,Litoral,Premium,Paid Social,20240208
C02593,2024-07-20,Centro,Consumo,Paid Social,20240720
C02594,2023-04-11,NOA,Consumo,Orgánico,20230411
C02595,2023-11-22,Litoral,Premium,Orgánico,20231122
C02596,2023-06-26,Centro,Consumo,Orgánico,20230626
C02597,2024-06-17,Centro,Consumo,Orgánico,20240617
C02598,2025-02-09,Centro,Consumo,Paid Social,20250209
C02599,2025-10-28,NOA,Consumo,Orgánico,20251028
C02600,2024-02-19,AMBA,Premium,Paid Social,20240219
C02601,2025-07-08,Patagonia,Premium,Marketplace,20250708
C02602,2023-08-17,Litoral,Premium,Orgánico,20230817
C02603,2025-04-11,AMBA,Premium,Orgánico,20250411
C02604,2024-08-22,Litoral,Premium,Email,20240822
C02605,2025-03-18,Patagonia,Consumo,Paid Social,20250318
C02606,2025-03-15,Patagonia,Consumo,Orgánico,20250315
C02607,2024-07-21,Litoral,Consumo,Referidos,20240721
C02608,2023-10-02,Cuyo,PyME,Referidos,20231002
C02609,2024-07-14,AMBA,PyME,Marketplace,20240714
C02610,2025-05-30,AMBA,Premium,Marketplace,20250530
C02611,2025-10-30,Cuyo,Consumo,Email,20251030
C02612,2025-09-14,Litoral,Consumo,Email,20250914
C02613,2023-07-13,AMBA,Premium,Paid Social,20230713
C02614,2024-09-28,NOA,Consumo,Marketplace,20240928
C02615,2023-04-22,Litoral,Consumo,Email,20230422
C02616,2024-12-13,Centro,Consumo,Paid Social,20241213
C02617,2025-11-22,NOA,Consumo,Orgánico,20251122
C02618,2023-02-25,Centro,Consumo,Email,20230225
C02619,2024-11-30,NOA,PyME,Paid Social,20241130
C02620,2025-10-03,Centro,Premium,Referidos,20251003
C02621,2025-06-21,Cuyo,Consumo,Orgánico,20250621
C02622,2024-02-22,Cuyo,Consumo,Referidos,20240222
C02623,2023-04-21,NOA,PyME,Orgánico,20230421
C02624,2025-09-10,Centro,Consumo,Email,20250910
C02625,2025-09-08,NOA,Consumo,Paid Social,20250908
C02626,2024-09-08,Cuyo,Consumo,Paid Social,20240908
C02627,2025-11-08,Centro,Consumo,Paid Social,20251108
C02628,2023-01-05,Litoral,Consumo,Orgánico,20230105
C02629,2024-10-18,Patagonia,Premium,Orgánico,20241018
C02630,2023-02-11,Cuyo,Consumo,Referidos,20230211
C02631,2025-09-23,AMBA,Consumo,Orgánico,20250923
C02632,2024-12-25,Cuyo,Consumo,Referidos,20241225
C02633,2025-08-30,Litoral,PyME,Referidos,20250830
C02634,2024-08-22,AMBA,Consumo,Orgánico,20240822
C02635,2023-03-30,AMBA,Consumo,Marketplace,20230330
C02636,2023-01-29,NOA,Consumo,Referidos,20230129
C02637,2023-12-24,AMBA,PyME,Referidos,20231224
C02638,2025-03-02,Cuyo,Premium,Referidos,20250302
C02639,2023-06-10,Patagonia,Consumo,Email,20230610
C02640,2025-06-26,Centro,Consumo,Marketplace,20250626
C02641,2023-09-13,Cuyo,Consumo,Orgánico,20230913
C02642,2024-06-12,AMBA,Premium,Orgánico,20240612
C02643,2023-08-05,Patagonia,Premium,Referidos,20230805
C02644,2024-05-11,Litoral,PyME,Orgánico,20240511
C02645,2024-04-26,NOA,Consumo,Email,20240426
C02646,2023-01-06,NOA,Consumo,Paid Social,20230106
C02647,2024-08-27,Cuyo,Consumo,Paid Social,20240827
C02648,2025-04-17,AMBA,Premium,Marketplace,20250417
C02649,2025-09-24,Cuyo,Consumo,Orgánico,20250924
C02650,2023-12-19,AMBA,Consumo,Orgánico,20231219
C02651,2025-07-26,Litoral,Premium,Email,20250726
C02652,2025-07-24,AMBA,Consumo,Referidos,20250724
C02653,2025-11-18,NOA,Premium,Referidos,20251118
C02654,2024-02-02,Litoral,Consumo,Orgánico,20240202
C02655,2025-06-25,Centro,Consumo,Marketplace,20250625
C02656,2024-08-24,NOA,Consumo,Email,20240824
C02657,2023-03-04,Patagonia,Consumo,Referidos,20230304
C02658,2023-10-15,Cuyo,Premium,Orgánico,20231015
C02659,2024-12-16,AMBA,Consumo,Paid Social,20241216
C02660,2023-06-21,Cuyo,Consumo,Paid Social,20230621
C02661,2024-04-07,Litoral,Consumo,Email,20240407
C02662,2025-04-05,Patagonia,Consumo,Orgánico,20250405
C02663,2023-06-09,Centro,PyME,Paid Social,20230609
C02664,2024-06-12,Patagonia,Premium,Email,20240612
C02665,2023-08-17,Centro,Consumo,Paid Social,20230817
C02666,2024-07-25,Centro,Consumo,Paid Social,20240725
C02667,2023-09-14,Cuyo,Consumo,Orgánico,20230914
C02668,2025-10-25,AMBA,Consumo,Marketplace,20251025
C02669,2023-03-23,Cuyo,Consumo,Email,20230323
C02670,2025-10-23,Cuyo,Consumo,Email,20251023
C02671,2025-04-23,Centro,Consumo,Marketplace,20250423
C02672,2025-06-30,Patagonia,Premium,Email,20250630
C02673,2025-06-25,Centro,Consumo,Orgánico,20250625
C02674,2023-07-19,Patagonia,Premium,Email,20230719
C02675,2025-09-18,Patagonia,PyME,Marketplace,20250918
C02676,2024-09-24,Litoral,Consumo,Orgánico,20240924
C02677,2025-10-21,Centro,Consumo,Email,20251021
C02678,2025-07-24,Patagonia,Premium,Orgánico,20250724
C02679,2024-09-09,Centro,Consumo,Referidos,20240909
C02680,2024-02-03,Centro,Consumo,Email,20240203
C02681,2023-05-05,NOA,Consumo,Marketplace,20230505
C02682,2023-04-18,Cuyo,Premium,Email,20230418
C02683,2024-02-20,Patagonia,Premium,Orgánico,20240220
C02684,2025-05-13,AMBA,Premium,Paid Social,20250513
C02685,2024-06-22,Litoral,Consumo,Marketplace,20240622
C02686,2024-05-28,NOA,Consumo,Orgánico,20240528
C02687,2023-09-18,Patagonia,Premium,Orgánico,20230918
C02688,2024-08-24,Litoral,Premium,Referidos,20240824
C02689,2024-11-10,NOA,Consumo,Paid Social,20241110
C02690,2025-11-11,Centro,PyME,Orgánico,20251111
C02691,2025-02-15,Cuyo,Premium,Orgánico,20250215
C02692,2024-10-08,AMBA,Consumo,Paid Social,20241008
C02693,2025-08-27,Patagonia,Consumo,Email,20250827
C02694,2024-03-28,Patagonia,Consumo,Paid Social,20240328
C02695,2025-09-22,Patagonia,Premium,Paid Social,20250922
C02696,2024-01-30,Patagonia,Consumo,Referidos,20240130
C02697,2023-05-17,AMBA,Consumo,Orgánico,20230517
C02698,2024-03-20,Litoral,Consumo,Email,20240320
C02699,2023-05-18,Patagonia,Premium,Paid Social,20230518
C02700,2023-05-07,Centro,Premium,Paid Social,20230507
C02701,2025-07-27,Cuyo,Premium,Email,20250727
C02702,2025-04-26,NOA,Consumo,Referidos,20250426
C02703,2023-08-24,Cuyo,Consumo,Marketplace,20230824
C02704,2025-06-11,Patagonia,Consumo,Orgánico,20250611
C02705,2023-03-15,Litoral,Consumo,Orgánico,20230315
C02706,2023-10-30,Litoral,Consumo,Paid Social,20231030
C02707,2025-01-21,Litoral,PyME,Paid Social,20250121
C02708,2023-11-20,Litoral,Consumo,Orgánico,20231120
C02709,2025-02-16,Patagonia,Consumo,Marketplace,20250216
C02710,2025-07-20,NOA,Consumo,Referidos,20250720
C02711,2023-03-12,Centro,Premium,Paid Social,20230312
C02712,2023-01-26,NOA,Consumo,Paid Social,20230126
C02713,2025-09-28,Litoral,Consumo,Orgánico,20250928
C02714,2024-07-08,Litoral,Consumo,Paid Social,20240708
C02715,2024-06-23,Centro,Consumo,Email,20240623
C02716,2024-05-08,Cuyo,Consumo,Marketplace,20240508
C02717,2024-04-06,Litoral,Consumo,Paid Social,20240406
C02718,2025-01-04,Cuyo,Premium,Orgánico,20250104
C02719,2024-09-09,Centro,Consumo,Orgánico,20240909
C02720,2023-06-24,Patagonia,Consumo,Orgánico,20230624
C02721,2024-10-29,Cuyo,Consumo,Marketplace,20241029
C02722,2024-12-12,Litoral,Consumo,Referidos,20241212
C02723,2023-05-01,AMBA,Consumo,Referidos,20230501
C02724,2024-02-06,AMBA,Consumo,Referidos,20240206
C02725,2025-04-21,NOA,PyME,Orgánico,20250421
C02726,2024-10-20,AMBA,PyME,Referidos,20241020
C02727,2023-05-26,Patagonia,Consumo,Referidos,20230526
C02728,2023-02-12,NOA,Consumo,Orgánico,20230212
C02729,2024-09-10,Cuyo,Premium,Paid Social,20240910
C02730,2024-05-06,NOA,Premium,Email,20240506
C02731,2025-10-20,Cuyo,Consumo,Marketplace,20251020
C02732,2024-07-10,NOA,Consumo,Orgánico,20240710
C02733,2025-09-19,Centro,Consumo,Marketplace,20250919
C02734,2023-08-17,Cuyo,PyME,Marketplace,20230817
C02735,2024-04-21,Cuyo,Consumo,Marketplace,20240421
C02736,2023-05-29,Patagonia,Consumo,Orgánico,20230529
C02737,2024-09-03,AMBA,Consumo,Orgánico,20240903
C02738,2023-07-20,Patagonia,Consumo,Referidos,20230720
C02739,2024-06-08,AMBA,Premium,Paid Social,20240608
C02740,2024-01-02,Centro,Consumo,Orgánico,20240102
C02741,2023-07-17,Litoral,PyME,Referidos,20230717
C02742,2023-04-14,AMBA,Premium,Orgánico,20230414
C02743,2024-06-29,Cuyo,Consumo,Paid Social,20240629
C02744,2025-10-05,NOA,Premium,Marketplace,20251005
C02745,2023-07-31,Patagonia,Premium,Paid Social,20230731
C02746,2024-03-07,AMBA,Consumo,Marketplace,20240307
C02747,2023-08-28,Litoral,Consumo,Paid Social,20230828
C02748,2025-05-11,Litoral,Premium,Paid Social,20250511
C02749,2024-03-17,AMBA,Consumo,Orgánico,20240317
C02750,2025-11-03,Litoral,Consumo,Paid Social,20251103
C02751,2023-09-19,Litoral,Consumo,Paid Social,20230919
C02752,2023-03-27,Patagonia,Consumo,Referidos,20230327
C02753,2024-09-12,Centro,Consumo,Marketplace,20240912
C02754,2024-11-25,Centro,Consumo,Orgánico,20241125
C02755,2025-11-21,Patagonia,Consumo,Orgánico,20251121
C02756,2025-07-17,Patagonia,Consumo,Email,20250717
C02757,2025-07-30,AMBA,Premium,Paid Social,20250730
C02758,2024-11-06,Centro,Consumo,Orgánico,20241106
C02759,2024-01-19,Litoral,PyME,Orgánico,20240119
C02760,2024-04-01,Patagonia,PyME,Orgánico,20240401
C02761,2023-05-23,Centro,Consumo,Paid Social,20230523
C02762,2024-04-04,Centro,Consumo,Orgánico,20240404
C02763,2024-01-24,Patagonia,Consumo,Referidos,20240124
C02764,2023-02-08,Patagonia,Premium,Paid Social,20230208
C02765,2023-08-06,NOA,Consumo,Paid Social,20230806
C02766,2024-07-23,Patagonia,Consumo,Paid Social,20240723
C02767,2024-01-29,NOA,Consumo,Orgánico,20240129
C02768,2025-11-24,Centro,Consumo,Marketplace,20251124
C02769,2024-05-24,Centro,Premium,Email,20240524
C02770,2025-10-18,Centro,Premium,Marketplace,20251018
C02771,2024-12-04,AMBA,Consumo,Paid Social,20241204
C02772,2023-02-13,Patagonia,Consumo,Paid Social,20230213
C02773,2023-08-05,Litoral,Consumo,Orgánico,20230805
C02774,2025-01-21,AMBA,Consumo,Paid Social,20250121
C02775,2024-08-03,Centro,Consumo,Email,20240803
C02776,2023-11-18,Centro,Consumo,Paid Social,20231118
C02777,2024-07-10,Cuyo,Premium,Orgánico,20240710
C02778,2025-08-19,Cuyo,Consumo,Orgánico,20250819
C02779,2024-02-18,Centro,Premium,Orgánico,20240218
C02780,2023-02-18,NOA,Consumo,Paid Social,20230218
C02781,2023-11-28,Centro,Consumo,Email,20231128
C02782,2025-09-23,Litoral,Consumo,Marketplace,20250923
C02783,2025-03-22,Cuyo,Consumo,Orgánico,20250322
C02784,2025-06-10,Cuyo,Consumo,Orgánico,20250610
C02785,2025-08-28,Patagonia,PyME,Orgánico,20250828
C02786,2023-05-06,NOA,Premium,Orgánico,20230506
C02787,2023-10-29,AMBA,Premium,Referidos,20231029
C02788,2023-03-05,Cuyo,Consumo,Orgánico,20230305
C02789,2023-01-06,AMBA,Consumo,Marketplace,20230106
C02790,2025-06-07,Cuyo,Consumo,Marketplace,20250607
C02791,2025-09-24,Litoral,PyME,Paid Social,20250924
C02792,2023-06-15,Cuyo,Premium,Marketplace,20230615
C02793,2025-02-08,Centro,Consumo,Email,20250208
C02794,2024-07-23,Centro,PyME,Marketplace,20240723
C02795,2023-03-15,Centro,Consumo,Orgánico,20230315
C02796,2025-09-02,Centro,Consumo,Marketplace,20250902
C02797,2025-07-16,Cuyo,Consumo,Orgánico,20250716
C02798,2024-08-27,Patagonia,Consumo,Paid Social,20240827
C02799,2025-01-23,AMBA,PyME,Marketplace,20250123
C02800,2024-02-28,AMBA,Premium,Paid Social,20240228
C02801,2025-04-24,Litoral,Consumo,Orgánico,20250424
C02802,2024-04-18,Patagonia,Consumo,Orgánico,20240418
C02803,2025-11-19,Centro,Consumo,Orgánico,20251119
C02804,2023-03-09,Centro,Consumo,Paid Social,20230309
C02805,2023-07-03,Litoral,Consumo,Paid Social,20230703
C02806,2025-10-28,Cuyo,Consumo,Paid Social,20251028
C02807,2023-11-04,Patagonia,Consumo,Referidos,20231104
C02808,2023-11-27,AMBA,Consumo,Orgánico,20231127
C02809,2025-04-22,AMBA,Consumo,Referidos,20250422
C02810,2023-07-21,Litoral,PyME,Email,20230721
C02811,2024-06-30,Cuyo,Consumo,Referidos,20240630
C02812,2023-11-01,Patagonia,Consumo,Referidos,20231101
C02813,2023-07-30,Litoral,Consumo,Marketplace,20230730
C02814,2025-10-24,Cuyo,Consumo,Orgánico,20251024
C02815,2023-08-01,AMBA,Consumo,Email,20230801
C02816,2023-04-11,AMBA,Consumo,Marketplace,20230411
C02817,2024-12-18,Patagonia,Premium,Referidos,20241218
C02818,2025-07-12,Centro,Premium,Orgánico,20250712
C02819,2023-05-16,Litoral,Consumo,Email,20230516
C02820,2025-01-23,Patagonia,Consumo,Referidos,20250123
C02821,2024-07-29,NOA,PyME,Orgánico,20240729
C02822,2025-06-02,Centro,Consumo,Email,20250602
C02823,2023-05-16,AMBA,Consumo,Referidos,20230516
C02824,2025-11-05,Patagonia,Consumo,Paid Social,20251105
C02825,2024-10-21,Patagonia,Consumo,Orgánico,20241021
C02826,2025-06-15,Centro,Consumo,Paid Social,20250615
C02827,2024-01-21,Litoral,Consumo,Email,20240121
C02828,2025-10-01,Centro,Consumo,Paid Social,20251001
C02829,2024-10-29,Patagonia,Consumo,Email,20241029
C02830,2023-05-16,Patagonia,Consumo,Paid Social,20230516
C02831,2025-09-09,Centro,Premium,Marketplace,20250909
C02832,2025-04-27,Cuyo,Consumo,Referidos,20250427
C02833,2023-11-16,Cuyo,Consumo,Referidos,20231116
C02834,2024-08-04,AMBA,Consumo,Paid Social,20240804
C02835,2024-02-18,AMBA,Consumo,Orgánico,20240218
C02836,2024-08-01,NOA,Consumo,Referidos,20240801
C02837,2025-10-25,Cuyo,Consumo,Orgánico,20251025
C02838,2025-08-15,AMBA,Consumo,Paid Social,20250815
C02839,2023-08-18,AMBA,Consumo,Orgánico,20230818
C02840,2025-10-31,Cuyo,Premium,Paid Social,20251031
C02841,2024-04-11,NOA,Premium,Email,20240411
C02842,2025-01-20,Cuyo,Consumo,Paid Social,20250120
C02843,2025-03-24,NOA,Consumo,Paid Social,20250324
C02844,2024-05-29,Cuyo,Premium,Orgánico,20240529
C02845,2024-05-01,Patagonia,Consumo,Paid Social,20240501
C02846,2024-05-01,Patagonia,PyME,Paid Social,20240501
C02847,2025-07-07,AMBA,Consumo,Marketplace,20250707
C02848,2024-02-16,AMBA,Consumo,Marketplace,20240216
C02849,2023-10-26,NOA,Premium,Marketplace,20231026
C02850,2024-01-21,NOA,Consumo,Orgánico,20240121
C02851,2023-07-27,AMBA,Consumo,Orgánico,20230727
C02852,2024-02-21,Litoral,Consumo,Paid Social,20240221
C02853,2023-05-02,NOA,Consumo,Email,20230502
C02854,2023-04-06,NOA,Premium,Referidos,20230406
C02855,2025-02-09,Centro,Premium,Referidos,20250209
C02856,2023-03-24,Patagonia,Consumo,Paid Social,20230324
C02857,2024-08-28,Litoral,Consumo,Email,20240828
C02858,2025-04-10,NOA,Consumo,Marketplace,20250410
C02859,2025-02-10,AMBA,Consumo,Orgánico,20250210
C02860,2024-04-20,Litoral,Consumo,Referidos,20240420
C02861,2023-07-26,AMBA,Consumo,Referidos,20230726
C02862,2025-09-18,Cuyo,Premium,Orgánico,20250918
C02863,2025-06-08,AMBA,Consumo,Marketplace,20250608
C02864,2024-10-14,Cuyo,Consumo,Marketplace,20241014
C02865,2023-04-03,Patagonia,Consumo,Referidos,20230403
C02866,2023-02-07,Litoral,Consumo,Orgánico,20230207
C02867,2023-12-02,Centro,Consumo,Orgánico,20231202
C02868,2023-06-17,Cuyo,Consumo,Email,20230617
C02869,2025-07-05,Cuyo,Consumo,Orgánico,20250705
C02870,2023-08-08,Patagonia,PyME,Orgánico,20230808
C02871,2023-10-29,Centro,Consumo,Paid Social,20231029
C02872,2025-11-05,AMBA,Consumo,Orgánico,20251105
C02873,2025-05-21,Litoral,Premium,Referidos,20250521
C02874,2023-08-21,Patagonia,Consumo,Paid Social,20230821
C02875,2024-02-13,Cuyo,PyME,Orgánico,20240213
C02876,2024-07-03,Centro,Consumo,Paid Social,20240703
C02877,2024-12-08,AMBA,Consumo,Orgánico,20241208
C02878,2025-09-24,NOA,Consumo,Orgánico,20250924
C02879,2025-07-16,Patagonia,Consumo,Paid Social,20250716
C02880,2025-11-06,AMBA,Premium,Paid Social,20251106
C02881,2023-02-13,AMBA,Consumo,Paid Social,20230213
C02882,2023-09-09,AMBA,Premium,Email,20230909
C02883,2024-08-22,Cuyo,Premium,Paid Social,20240822
C02884,2023-02-22,Patagonia,Premium,Email,20230222
C02885,2024-01-14,AMBA,Premium,Paid Social,20240114
C02886,2023-06-13,Patagonia,Consumo,Referidos,20230613
C02887,2025-09-20,AMBA,Consumo,Email,20250920
C02888,2023-03-09,Patagonia,Premium,Orgánico,20230309
C02889,2023-06-08,Centro,Consumo,Email,20230608
C02890,2023-07-27,NOA,Consumo,Referidos,20230727
C02891,2023-06-08,Cuyo,Consumo,Orgánico,20230608
C02892,2024-08-28,Centro,Consumo,Email,20240828
C02893,2024-01-24,Centro,Premium,Referidos,20240124
C02894,2025-08-29,Patagonia,Consumo,Orgánico,20250829
C02895,2023-10-05,Cuyo,Consumo,Marketplace,20231005
C02896,2024-07-26,Cuyo,PyME,Paid Social,20240726
C02897,2024-12-03,Patagonia,Consumo,Referidos,20241203
C02898,2024-10-28,Litoral,Premium,Marketplace,20241028
C02899,2025-04-28,Litoral,Consumo,Marketplace,20250428
C02900,2023-08-03,Cuyo,Consumo,Email,20230803
C02901,2024-06-24,AMBA,Consumo,Referidos,20240624
C02902,2025-05-02,AMBA,Consumo,Orgánico,20250502
C02903,2025-07-08,AMBA,Consumo,Orgánico,20250708
C02904,2024-10-19,Litoral,Consumo,Marketplace,20241019
C02905,2024-11-25,Litoral,Consumo,Paid Social,20241125
C02906,2025-07-09,Patagonia,Consumo,Referidos,20250709
C02907,2024-10-27,NOA,Consumo,Orgánico,20241027
C02908,2025-10-07,Centro,Consumo,Orgánico,20251007
C02909,2023-05-16,NOA,Premium,Orgánico,20230516
C02910,2024-01-06,NOA,PyME,Paid Social,20240106
C02911,2023-04-30,Litoral,Consumo,Orgánico,20230430
C02912,2023-04-07,Litoral,Consumo,Paid Social,20230407
C02913,2024-05-17,Centro,Consumo,Marketplace,20240517
C02914,2023-08-29,Centro,Consumo,Referidos,20230829
C02915,2024-03-09,AMBA,PyME,Referidos,20240309
C02916,2024-04-11,Litoral,PyME,Orgánico,20240411
C02917,2024-10-23,Cuyo,Consumo,Paid Social,20241023
C02918,2025-10-04,Centro,Consumo,Email,20251004
C02919,2025-06-23,AMBA,Premium,Orgánico,20250623
C02920,2024-02-07,AMBA,Consumo,Paid Social,20240207
C02921,2023-12-13,Litoral,Consumo,Marketplace,20231213
C02922,2025-03-31,Patagonia,Consumo,Orgánico,20250331
C02923,2023-05-12,Litoral,Consumo,Marketplace,20230512
C02924,2024-07-29,AMBA,Consumo,Orgánico,20240729
C02925,2024-03-26,AMBA,Consumo,Orgánico,20240326
C02926,2023-07-14,AMBA,Consumo,Orgánico,20230714
C02927,2024-10-18,Patagonia,Consumo,Marketplace,20241018
C02928,2023-12-08,Patagonia,PyME,Email,20231208
C02929,2023-07-17,Centro,Premium,Referidos,20230717
C02930,2024-11-26,AMBA,Consumo,Paid Social,20241126
C02931,2023-07-05,Centro,Consumo,Marketplace,20230705
C02932,2024-12-17,Patagonia,Premium,Email,20241217
C02933,2023-06-22,AMBA,Premium,Email,20230622
C02934,2024-04-08,Patagonia,Consumo,Referidos,20240408
C02935,2025-05-10,Cuyo,Consumo,Referidos,20250510
C02936,2023-09-01,AMBA,Consumo,Email,20230901
C02937,2025-03-28,NOA,Premium,Orgánico,20250328
C02938,2025-02-07,Litoral,Consumo,Marketplace,20250207
C02939,2025-08-19,Patagonia,Consumo,Orgánico,20250819
C02940,2023-06-29,AMBA,PyME,Marketplace,20230629
C02941,2025-01-31,Cuyo,Consumo,Paid Social,20250131
C02942,2025-09-24,Litoral,PyME,Orgánico,20250924
C02943,2025-03-23,Litoral,Consumo,Paid Social,20250323
C02944,2023-07-20,AMBA,Consumo,Email,20230720
C02945,2025-05-25,Litoral,PyME,Paid Social,20250525
C02946,2023-04-25,NOA,PyME,Referidos,20230425
C02947,2024-09-19,Patagonia,PyME,Email,20240919
C02948,2024-06-13,Centro,Premium,Orgánico,20240613
C02949,2024-07-19,NOA,Consumo,Paid Social,20240719
C02950,2024-07-07,Patagonia,Consumo,Referidos,20240707
C02951,2023-02-03,AMBA,Consumo,Marketplace,20230203
C02952,2024-06-25,AMBA,PyME,Paid Social,20240625
C02953,2025-09-24,NOA,Consumo,Marketplace,20250924
C02954,2024-04-10,Centro,Premium,Orgánico,20240410
C02955,2023-10-22,AMBA,PyME,Email,20231022
C02956,2025-11-25,Cuyo,PyME,Referidos,20251125
C02957,2023-04-16,Litoral,PyME,Paid Social,20230416
C02958,2024-06-01,Litoral,Consumo,Orgánico,20240601
C02959,2024-06-29,Litoral,Consumo,Email,20240629
C02960,2024-05-24,NOA,PyME,Paid Social,20240524
C02961,2025-09-08,Patagonia,Consumo,Orgánico,20250908
C02962,2024-03-25,AMBA,Consumo,Orgánico,20240325
C02963,2025-11-02,AMBA,PyME,Referidos,20251102
C02964,2023-03-13,AMBA,Consumo,Orgánico,20230313
C02965,2025-02-20,Cuyo,Consumo,Paid Social,20250220
C02966,2024-09-23,Cuyo,Consumo,Marketplace,20240923
C02967,2023-09-14,NOA,Consumo,Referidos,20230914
C02968,2023-08-31,Cuyo,PyME,Paid Social,20230831
C02969,2025-02-05,AMBA,Consumo,Paid Social,20250205
C02970,2024-11-10,NOA,Consumo,Orgánico,20241110
C02971,2024-10-12,Centro,Consumo,Paid Social,20241012
C02972,2023-02-24,NOA,Premium,Orgánico,20230224
C02973,2024-09-28,Patagonia,PyME,Orgánico,20240928
C02974,2025-11-11,NOA,Consumo,Orgánico,20251111
C02975,2023-01-19,Patagonia,Consumo,Email,20230119
C02976,2024-05-14,AMBA,Consumo,Orgánico,20240514
C02977,2024-06-10,Litoral,Consumo,Orgánico,20240610
C02978,2025-08-13,Cuyo,Consumo,Marketplace,20250813
C02979,2023-10-29,Litoral,Consumo,Orgánico,20231029
C02980,2024-05-21,Patagonia,Consumo,Referidos,20240521
C02981,2025-02-02,Litoral,Consumo,Paid Social,20250202
C02982,2023-03-06,Centro,Consumo,Email,20230306
C02983,2025-05-03,NOA,Consumo,Orgánico,20250503
C02984,2025-05-25,Litoral,Consumo,Orgánico,20250525
C02985,2025-02-05,NOA,Consumo,Referidos,20250205
C02986,2024-11-21,Centro,Consumo,Paid Social,20241121
C02987,2025-03-07,NOA,Consumo,Orgánico,20250307
C02988,2025-04-12,Centro,PyME,Paid Social,20250412
C02989,2025-08-20,Cuyo,Consumo,Paid Social,20250820
C02990,2024-04-01,NOA,Premium,Orgánico,20240401
C02991,2024-04-30,Cuyo,Consumo,Paid Social,20240430
C02992,2024-11-10,Centro,Consumo,Paid Social,20241110
C02993,2023-07-25,NOA,Consumo,Email,20230725
C02994,2025-06-30,NOA,Consumo,Referidos,20250630
C02995,2025-03-31,Centro,Premium,Paid Social,20250331
C02996,2024-11-03,Centro,Premium,Marketplace,20241103
C02997,2023-11-18,Centro,Consumo,Paid Social,20231118
C02998,2024-01-06,AMBA,Premium,Paid Social,20240106
C02999,2024-04-08,Litoral,Consumo,Email,20240408
C03000,2024-12-06,Centro,PyME,Email,20241206
C03001,2025-04-08,NOA,Premium,Orgánico,20250408
C03002,2024-12-16,Centro,Consumo,Marketplace,20241216
C03003,2025-09-17,Litoral,Premium,Marketplace,20250917
C03004,2025-10-20,Litoral,PyME,Orgánico,20251020
C03005,2025-01-20,Litoral,Premium,Email,20250120
C03006,2024-01-31,AMBA,Consumo,Referidos,20240131
C03007,2024-09-30,Cuyo,Premium,Marketplace,20240930
C03008,2024-03-28,Litoral,Consumo,Email,20240328
C03009,2024-10-31,Cuyo,Consumo,Orgánico,20241031
C03010,2025-05-14,NOA,Premium,Email,20250514
C03011,2024-01-29,Litoral,Consumo,Orgánico,20240129
C03012,2024-06-22,Cuyo,Premium,Email,20240622
C03013,2023-02-18,AMBA,Consumo,Email,20230218
C03014,2025-02-23,Centro,Consumo,Email,20250223
C03015,2024-06-05,Cuyo,PyME,Orgánico,20240605
C03016,2024-05-04,Cuyo,Consumo,Paid Social,20240504
C03017,2024-07-21,NOA,Consumo,Email,20240721
C03018,2023-08-18,Patagonia,Consumo,Paid Social,20230818
C03019,2024-09-28,AMBA,Consumo,Orgánico,20240928
C03020,2025-03-04,Litoral,Consumo,Orgánico,20250304
C03021,2024-01-08,Cuyo,Consumo,Marketplace,20240108
C03022,2023-05-20,AMBA,PyME,Paid Social,20230520
C03023,2024-02-16,Litoral,PyME,Email,20240216
C03024,2023-07-31,Litoral,Premium,Paid Social,20230731
C03025,2024-02-03,AMBA,Consumo,Referidos,20240203
C03026,2024-10-29,Cuyo,Consumo,Paid Social,20241029
C03027,2023-05-01,Patagonia,Consumo,Orgánico,20230501
C03028,2025-03-06,Centro,Premium,Orgánico,20250306
C03029,2023-08-28,Cuyo,Consumo,Orgánico,20230828
C03030,2025-08-10,AMBA,PyME,Referidos,20250810
C03031,2025-02-19,Centro,Consumo,Email,20250219
C03032,2023-10-18,NOA,Consumo,Referidos,20231018
C03033,2024-08-22,Litoral,PyME,Referidos,20240822
C03034,2023-04-28,Centro,Consumo,Referidos,20230428
C03035,2023-04-17,Cuyo,Premium,Marketplace,20230417
C03036,2025-10-15,Centro,PyME,Email,20251015
C03037,2025-05-04,Cuyo,Consumo,Orgánico,20250504
C03038,2023-06-14,AMBA,Consumo,Orgánico,20230614
C03039,2023-10-29,Litoral,Consumo,Email,20231029
C03040,2023-07-30,Litoral,Premium,Referidos,20230730
C03041,2024-02-25,Litoral,PyME,Email,20240225
C03042,2023-11-07,Cuyo,Consumo,Paid Social,20231107
C03043,2023-12-16,Centro,Premium,Referidos,20231216
C03044,2024-07-17,Centro,Consumo,Paid Social,20240717
C03045,2023-07-21,Centro,Consumo,Orgánico,20230721
C03046,2025-07-29,Cuyo,Premium,Referidos,20250729
C03047,2025-02-13,Cuyo,Premium,Email,20250213
C03048,2025-03-20,Patagonia,Consumo,Orgánico,20250320
C03049,2023-06-30,AMBA,Consumo,Paid Social,20230630
C03050,2025-01-24,Centro,Consumo,Email,20250124
C03051,2025-06-09,NOA,Consumo,Paid Social,20250609
C03052,2023-07-06,NOA,Consumo,Orgánico,20230706
C03053,2025-03-11,NOA,Premium,Email,20250311
C03054,2024-01-16,Centro,Consumo,Email,20240116
C03055,2025-04-18,AMBA,Consumo,Orgánico,20250418
C03056,2024-05-24,Centro,Premium,Paid Social,20240524
C03057,2025-05-04,AMBA,Consumo,Email,20250504
C03058,2023-06-07,NOA,Consumo,Paid Social,20230607
C03059,2024-02-19,NOA,PyME,Paid Social,20240219
C03060,2023-10-19,Patagonia,Consumo,Paid Social,20231019
C03061,2023-09-22,Patagonia,Consumo,Paid Social,20230922
C03062,2023-11-25,Cuyo,Consumo,Referidos,20231125
C03063,2024-02-12,Cuyo,Consumo,Paid Social,20240212
C03064,2023-05-16,NOA,Consumo,Marketplace,20230516
C03065,2025-01-23,Patagonia,Consumo,Paid Social,20250123
C03066,2024-08-09,Litoral,Consumo,Referidos,20240809
C03067,2025-06-02,NOA,Premium,Paid Social,20250602
C03068,2025-01-20,Cuyo,Consumo,Referidos,20250120
C03069,2023-06-08,Cuyo,Consumo,Marketplace,20230608
C03070,2023-03-16,NOA,Consumo,Paid Social,20230316
C03071,2024-03-26,Cuyo,PyME,Paid Social,20240326
C03072,2024-05-27,Patagonia,Consumo,Marketplace,20240527
C03073,2023-09-13,Cuyo,Premium,Marketplace,20230913
C03074,2025-04-13,Centro,Consumo,Marketplace,20250413
C03075,2024-09-11,Centro,PyME,Orgánico,20240911
C03076,2025-03-07,Litoral,Consumo,Orgánico,20250307
C03077,2023-04-27,Cuyo,Consumo,Paid Social,20230427
C03078,2025-05-18,Cuyo,Consumo,Referidos,20250518
C03079,2023-08-08,Patagonia,Consumo,Orgánico,20230808
C03080,2024-04-22,AMBA,Premium,Paid Social,20240422
C03081,2024-04-12,AMBA,Consumo,Email,20240412
C03082,2025-05-23,NOA,Consumo,Orgánico,20250523
C03083,2023-10-22,Litoral,Consumo,Referidos,20231022
C03084,2023-09-14,Litoral,Consumo,Orgánico,20230914
C03085,2023-12-28,AMBA,Consumo,Referidos,20231228
C03086,2024-01-20,Litoral,PyME,Paid Social,20240120
C03087,2023-07-13,Cuyo,Premium,Email,20230713
C03088,2023-07-07,Litoral,Consumo,Paid Social,20230707
C03089,2023-09-04,AMBA,Premium,Orgánico,20230904
C03090,2024-05-12,Litoral,Consumo,Paid Social,20240512
C03091,2024-01-01,Litoral,Consumo,Referidos,20240101
C03092,2024-02-22,Centro,Consumo,Paid Social,20240222
C03093,2025-02-04,AMBA,Consumo,Orgánico,20250204
C03094,2023-09-14,NOA,Consumo,Referidos,20230914
C03095,2025-08-27,Patagonia,Consumo,Orgánico,20250827
C03096,2025-03-11,Litoral,Premium,Paid Social,20250311
C03097,2023-07-06,Patagonia,Consumo,Paid Social,20230706
C03098,2023-12-01,Patagonia,Consumo,Paid Social,20231201
C03099,2023-07-15,AMBA,Consumo,Orgánico,20230715
C03100,2023-10-18,Cuyo,Consumo,Orgánico,20231018
C03101,2024-01-25,NOA,Premium,Orgánico,20240125
C03102,2023-05-20,Centro,Consumo,Paid Social,20230520
C03103,2023-01-16,NOA,Consumo,Email,20230116
C03104,2024-04-12,AMBA,Consumo,Email,20240412
C03105,2025-01-16,Centro,Premium,Orgánico,20250116
C03106,2023-11-19,Cuyo,Consumo,Orgánico,20231119
C03107,2025-07-05,Litoral,Premium,Email,20250705
C03108,2024-01-29,Centro,Consumo,Paid Social,20240129
C03109,2025-08-17,Centro,Consumo,Referidos,20250817
C03110,2023-09-09,Litoral,Consumo,Orgánico,20230909
C03111,2024-07-28,Centro,Consumo,Orgánico,20240728
C03112,2025-03-23,NOA,Consumo,Paid Social,20250323
C03113,2023-03-04,NOA,Consumo,Email,20230304
C03114,2025-09-17,Centro,Consumo,Paid Social,20250917
C03115,2024-01-24,Litoral,Consumo,Orgánico,20240124
C03116,2024-06-14,Centro,Consumo,Orgánico,20240614
C03117,2024-10-31,Cuyo,Consumo,Email,20241031
C03118,2024-11-15,Patagonia,Consumo,Orgánico,20241115
C03119,2023-01-26,Centro,Consumo,Email,20230126
C03120,2025-07-12,AMBA,Consumo,Orgánico,20250712
C03121,2024-10-26,Centro,PyME,Paid Social,20241026
C03122,2025-11-29,NOA,Consumo,Orgánico,20251129
C03123,2024-05-17,Centro,Consumo,Marketplace,20240517
C03124,2024-10-15,Cuyo,Consumo,Orgánico,20241015
C03125,2024-04-14,Litoral,PyME,Orgánico,20240414
C03126,2025-08-05,AMBA,Consumo,Referidos,20250805
C03127,2025-06-05,Centro,Consumo,Orgánico,20250605
C03128,2025-08-25,Centro,Consumo,Orgánico,20250825
C03129,2024-06-21,NOA,Consumo,Orgánico,20240621
C03130,2025-04-22,NOA,Premium,Referidos,20250422
C03131,2024-01-18,Patagonia,Consumo,Paid Social,20240118
C03132,2024-05-05,Centro,Consumo,Referidos,20240505
C03133,2025-03-20,Litoral,Consumo,Referidos,20250320
C03134,2023-03-28,Litoral,PyME,Paid Social,20230328
C03135,2025-01-26,NOA,Premium,Orgánico,20250126
C03136,2023-01-17,AMBA,PyME,Referidos,20230117
C03137,2024-09-10,Patagonia,Premium,Marketplace,20240910
C03138,2024-05-23,Centro,PyME,Referidos,20240523
C03139,2024-05-14,Litoral,Consumo,Orgánico,20240514
C03140,2024-06-10,NOA,Consumo,Referidos,20240610
C03141,2024-06-07,AMBA,Consumo,Referidos,20240607
C03142,2024-03-09,AMBA,Consumo,Marketplace,20240309
C03143,2024-04-25,Patagonia,Consumo,Orgánico,20240425
C03144,2024-08-28,AMBA,Consumo,Referidos,20240828
C03145,2025-03-24,Patagonia,Consumo,Email,20250324
C03146,2024-08-11,Litoral,Consumo,Marketplace,20240811
C03147,2024-11-15,Cuyo,Consumo,Referidos,20241115
C03148,2025-06-09,NOA,Consumo,Marketplace,20250609
C03149,2025-11-19,NOA,Consumo,Paid Social,20251119
C03150,2023-04-26,Centro,Consumo,Orgánico,20230426
C03151,2025-01-29,AMBA,Consumo,Paid Social,20250129
C03152,2023-08-28,AMBA,Consumo,Referidos,20230828
C03153,2023-07-29,AMBA,Consumo,Orgánico,20230729
C03154,2025-04-24,NOA,Premium,Email,20250424
C03155,2023-03-15,Litoral,Consumo,Marketplace,20230315
C03156,2025-06-21,Patagonia,Consumo,Marketplace,20250621
C03157,2025-03-31,Centro,PyME,Email,20250331
C03158,2025-11-25,NOA,Premium,Referidos,20251125
C03159,2024-12-12,Patagonia,Consumo,Orgánico,20241212
C03160,2025-07-18,Patagonia,Consumo,Paid Social,20250718
C03161,2023-05-07,Cuyo,Consumo,Paid Social,20230507
C03162,2025-08-05,Patagonia,Consumo,Referidos,20250805
C03163,2023-06-20,Litoral,Consumo,Orgánico,20230620
C03164,2023-12-01,Cuyo,PyME,Orgánico,20231201
C03165,2023-05-17,Litoral,Premium,Referidos,20230517
C03166,2024-03-03,Centro,Consumo,Paid Social,20240303
C03167,2025-03-08,NOA,Consumo,Referidos,20250308
C03168,2023-10-13,Patagonia,Premium,Paid Social,20231013
C03169,2025-05-25,Patagonia,Premium,Referidos,20250525
C03170,2024-10-07,Patagonia,Premium,Paid Social,20241007
C03171,2024-10-31,Cuyo,Consumo,Referidos,20241031
C03172,2025-09-26,NOA,Consumo,Referidos,20250926
C03173,2024-04-04,Centro,Premium,Orgánico,20240404
C03174,2024-01-03,Litoral,PyME,Paid Social,20240103
C03175,2025-11-25,AMBA,Consumo,Marketplace,20251125
C03176,2024-08-16,Centro,Consumo,Orgánico,20240816
C03177,2024-10-16,Litoral,Consumo,Referidos,20241016
C03178,2023-11-12,Cuyo,Consumo,Orgánico,20231112
C03179,2023-08-18,NOA,PyME,Referidos,20230818
C03180,2023-06-30,Litoral,Consumo,Orgánico,20230630
C03181,2023-08-27,Cuyo,Consumo,Email,20230827
C03182,2023-07-27,Cuyo,Consumo,Email,20230727
C03183,2025-03-06,Litoral,Consumo,Orgánico,20250306
C03184,2023-03-03,Patagonia,Premium,Paid Social,20230303
C03185,2024-11-01,Centro,Consumo,Marketplace,20241101
C03186,2025-10-07,Litoral,Consumo,Email,20251007
C03187,2025-03-26,Litoral,PyME,Marketplace,20250326
C03188,2024-03-05,AMBA,Consumo,Referidos,20240305
C03189,2023-03-05,NOA,Consumo,Email,20230305
C03190,2025-06-07,Litoral,Consumo,Email,20250607
C03191,2023-01-04,Centro,Consumo,Marketplace,20230104
C03192,2024-12-26,Litoral,Consumo,Paid Social,20241226
C03193,2024-12-15,Patagonia,Consumo,Paid Social,20241215
C03194,2023-07-24,NOA,Consumo,Referidos,20230724
C03195,2025-02-26,AMBA,Consumo,Marketplace,20250226
C03196,2023-07-06,Cuyo,Consumo,Paid Social,20230706
C03197,2023-08-29,Centro,Consumo,Orgánico,20230829
C03198,2025-05-14,Litoral,Consumo,Email,20250514
C03199,2025-11-08,Litoral,Consumo,Referidos,20251108
C03200,2023-10-09,Cuyo,Consumo,Paid Social,20231009
C03201,2025-09-08,NOA,Premium,Referidos,20250908
C03202,2025-08-30,Litoral,Consumo,Paid Social,20250830
C03203,2025-03-30,Cuyo,Consumo,Paid Social,20250330
C03204,2023-05-30,AMBA,Consumo,Email,20230530
C03205,2023-11-15,Centro,Consumo,Paid Social,20231115
C03206,2024-12-22,NOA,Consumo,Referidos,20241222
C03207,2025-11-30,Cuyo,Consumo,Orgánico,20251130
C03208,2025-05-17,NOA,Consumo,Referidos,20250517
C03209,2024-03-23,Litoral,Premium,Paid Social,20240323
C03210,2023-09-08,Litoral,Consumo,Marketplace,20230908
C03211,2025-10-19,Cuyo,Consumo,Referidos,20251019
C03212,2023-10-22,Litoral,Premium,Orgánico,20231022
C03213,2023-12-31,AMBA,Consumo,Marketplace,20231231
C03214,2025-10-24,AMBA,Consumo,Paid Social,20251024
C03215,2024-08-21,Cuyo,Consumo,Paid Social,20240821
C03216,2023-10-09,Litoral,Consumo,Marketplace,20231009
C03217,2023-01-06,Litoral,Premium,Marketplace,20230106
C03218,2024-04-02,Cuyo,Consumo,Referidos,20240402
C03219,2025-11-16,Centro,Consumo,Marketplace,20251116
C03220,2024-04-05,Patagonia,Premium,Paid Social,20240405
C03221,2025-01-14,Litoral,Consumo,Orgánico,20250114
C03222,2023-09-27,AMBA,Consumo,Orgánico,20230927
C03223,2025-04-06,Cuyo,Consumo,Paid Social,20250406
C03224,2025-04-06,Patagonia,Consumo,Email,20250406
C03225,2024-10-09,Patagonia,Consumo,Paid Social,20241009
C03226,2025-04-02,Centro,Consumo,Email,20250402
C03227,2024-09-08,NOA,Consumo,Orgánico,20240908
C03228,2024-02-07,Litoral,Consumo,Paid Social,20240207
C03229,2025-02-24,Cuyo,Consumo,Referidos,20250224
C03230,2025-06-08,Litoral,Premium,Orgánico,20250608
C03231,2025-06-14,NOA,Consumo,Referidos,20250614
C03232,2023-08-15,Centro,PyME,Referidos,20230815
C03233,2024-12-21,AMBA,Consumo,Email,20241221
C03234,2023-01-05,Cuyo,Premium,Marketplace,20230105
C03235,2024-09-01,AMBA,Premium,Marketplace,20240901
C03236,2024-08-31,NOA,Consumo,Orgánico,20240831
C03237,2024-01-23,NOA,Consumo,Email,20240123
C03238,2025-11-24,Litoral,Premium,Orgánico,20251124
C03239,2025-07-29,NOA,Premium,Paid Social,20250729
C03240,2023-02-11,AMBA,Consumo,Email,20230211
C03241,2023-08-11,Litoral,Premium,Referidos,20230811
C03242,2023-08-10,Cuyo,Consumo,Referidos,20230810
C03243,2025-08-13,Centro,Consumo,Referidos,20250813
C03244,2024-07-06,Centro,Consumo,Referidos,20240706
C03245,2025-02-15,Litoral,Premium,Email,20250215
C03246,2025-05-12,Litoral,Consumo,Orgánico,20250512
C03247,2025-03-28,AMBA,Consumo,Orgánico,20250328
C03248,2023-04-05,Litoral,Consumo,Paid Social,20230405
C03249,2023-05-30,NOA,Consumo,Referidos,20230530
C03250,2024-02-25,AMBA,Consumo,Orgánico,20240225
C03251,2023-12-27,NOA,Consumo,Paid Social,20231227
C03252,2025-03-06,Litoral,Premium,Orgánico,20250306
C03253,2023-06-16,Cuyo,Consumo,Email,20230616
C03254,2024-01-31,Patagonia,Consumo,Paid Social,20240131
C03255,2023-09-09,Litoral,Consumo,Orgánico,20230909
C03256,2023-07-21,Patagonia,Consumo,Orgánico,20230721
C03257,2023-07-04,AMBA,Consumo,Paid Social,20230704
C03258,2023-07-28,AMBA,Consumo,Paid Social,20230728
C03259,2024-08-24,Litoral,Consumo,Marketplace,20240824
C03260,2024-03-12,Centro,Consumo,Orgánico,20240312
C03261,2024-04-08,Centro,Consumo,Paid Social,20240408
C03262,2024-05-25,Cuyo,Premium,Email,20240525
C03263,2025-02-28,Patagonia,Consumo,Email,20250228
C03264,2025-07-06,Centro,Consumo,Paid Social,20250706
C03265,2024-07-14,NOA,Consumo,Orgánico,20240714
C03266,2024-11-14,Cuyo,Consumo,Marketplace,20241114
C03267,2025-02-25,AMBA,Consumo,Marketplace,20250225
C03268,2025-01-05,AMBA,Consumo,Paid Social,20250105
C03269,2023-05-23,NOA,Consumo,Email,20230523
C03270,2025-11-12,AMBA,Consumo,Orgánico,20251112
C03271,2023-06-25,Cuyo,Consumo,Orgánico,20230625
C03272,2024-03-14,Patagonia,Consumo,Orgánico,20240314
C03273,2024-11-26,Litoral,PyME,Referidos,20241126
C03274,2024-03-05,Centro,Consumo,Orgánico,20240305
C03275,2023-09-16,AMBA,Consumo,Orgánico,20230916
C03276,2025-09-10,Patagonia,Consumo,Orgánico,20250910
C03277,2023-03-18,Cuyo,Consumo,Orgánico,20230318
C03278,2023-09-19,AMBA,Consumo,Paid Social,20230919
C03279,2025-11-23,Centro,Consumo,Paid Social,20251123
C03280,2025-02-16,Litoral,Consumo,Email,20250216
C03281,2023-04-03,Centro,Consumo,Paid Social,20230403
C03282,2025-03-14,Cuyo,Consumo,Paid Social,20250314
C03283,2025-10-29,AMBA,Consumo,Referidos,20251029
C03284,2023-04-15,Patagonia,Consumo,Orgánico,20230415
C03285,2024-03-16,Litoral,Premium,Orgánico,20240316
C03286,2024-05-13,Patagonia,Consumo,Marketplace,20240513
C03287,2023-05-20,AMBA,PyME,Email,20230520
C03288,2023-08-02,Cuyo,PyME,Paid Social,20230802
C03289,2023-07-05,Centro,Consumo,Orgánico,20230705
C03290,2023-07-17,Litoral,Consumo,Orgánico,20230717
C03291,2024-03-05,Patagonia,Premium,Orgánico,20240305
C03292,2024-05-08,Centro,Consumo,Marketplace,20240508
C03293,2023-09-11,Patagonia,Consumo,Email,20230911
C03294,2023-11-05,Litoral,Consumo,Orgánico,20231105
C03295,2023-07-24,Patagonia,Consumo,Orgánico,20230724
C03296,2025-04-27,AMBA,Premium,Orgánico,20250427
C03297,2023-08-14,NOA,Premium,Orgánico,20230814
C03298,2025-08-24,Cuyo,Premium,Paid Social,20250824
C03299,2024-07-27,Centro,Premium,Paid Social,20240727
C03300,2025-05-04,Centro,Consumo,Marketplace,20250504
C03301,2024-11-08,NOA,Consumo,Referidos,20241108
C03302,2023-10-11,NOA,PyME,Marketplace,20231011
C03303,2024-10-02,AMBA,PyME,Marketplace,20241002
C03304,2023-10-19,Cuyo,Premium,Marketplace,20231019
C03305,2023-05-07,Patagonia,Premium,Marketplace,20230507
C03306,2023-09-29,Litoral,Consumo,Paid Social,20230929
C03307,2023-10-21,Centro,Consumo,Orgánico,20231021
C03308,2023-05-24,Cuyo,Premium,Orgánico,20230524
C03309,2023-01-26,Cuyo,Consumo,Email,20230126
C03310,2025-10-02,Centro,Consumo,Email,20251002
C03311,2024-06-30,NOA,Consumo,Orgánico,20240630
C03312,2024-03-04,Centro,Consumo,Referidos,20240304
C03313,2025-09-17,Patagonia,Consumo,Referidos,20250917
C03314,2023-08-28,NOA,Consumo,Email,20230828
C03315,2024-03-05,Patagonia,Consumo,Paid Social,20240305
C03316,2025-06-20,Patagonia,Consumo,Orgánico,20250620
C03317,2024-11-04,AMBA,Consumo,Paid Social,20241104
C03318,2024-03-01,AMBA,Consumo,Orgánico,20240301
C03319,2023-09-30,Patagonia,Consumo,Email,20230930
C03320,2023-02-07,Patagonia,Consumo,Paid Social,20230207
C03321,2023-04-01,Patagonia,Consumo,Orgánico,20230401
C03322,2023-06-22,Cuyo,Consumo,Paid Social,20230622
C03323,2025-04-17,Litoral,Consumo,Email,20250417
C03324,2024-11-11,AMBA,Premium,Paid Social,20241111
C03325,2024-04-06,Centro,Consumo,Marketplace,20240406
C03326,2025-04-13,Litoral,Consumo,Orgánico,20250413
C03327,2023-06-21,AMBA,Consumo,Marketplace,20230621
C03328,2023-08-13,AMBA,Consumo,Orgánico,20230813
C03329,2024-02-23,AMBA,Premium,Orgánico,20240223
C03330,2025-09-04,Centro,PyME,Marketplace,20250904
C03331,2024-10-16,NOA,Consumo,Referidos,20241016
C03332,2025-06-25,Patagonia,PyME,Email,20250625
C03333,2023-09-22,NOA,Consumo,Referidos,20230922
C03334,2025-06-22,Centro,Consumo,Paid Social,20250622
C03335,2023-03-19,Litoral,Consumo,Referidos,20230319
C03336,2023-08-31,NOA,Consumo,Orgánico,20230831
C03337,2024-07-11,Cuyo,Consumo,Referidos,20240711
C03338,2023-02-23,Litoral,Consumo,Marketplace,20230223
C03339,2025-07-03,Patagonia,Consumo,Marketplace,20250703
C03340,2025-07-12,Patagonia,Consumo,Referidos,20250712
C03341,2024-07-30,NOA,Consumo,Email,20240730
C03342,2023-11-22,Litoral,Consumo,Paid Social,20231122
C03343,2023-04-16,Litoral,Consumo,Paid Social,20230416
C03344,2024-10-21,NOA,Consumo,Marketplace,20241021
C03345,2024-07-26,Patagonia,Consumo,Email,20240726
C03346,2025-03-20,Cuyo,Consumo,Paid Social,20250320
C03347,2024-10-03,Litoral,Premium,Referidos,20241003
C03348,2023-05-17,Litoral,Consumo,Orgánico,20230517
C03349,2023-05-10,Centro,Consumo,Referidos,20230510
C03350,2025-04-11,Litoral,PyME,Referidos,20250411
C03351,2023-06-19,Litoral,Consumo,Orgánico,20230619
C03352,2025-09-26,NOA,Consumo,Orgánico,20250926
C03353,2023-04-23,Litoral,Consumo,Referidos,20230423
C03354,2025-02-14,AMBA,Consumo,Orgánico,20250214
C03355,2025-11-04,NOA,Consumo,Marketplace,20251104
C03356,2024-04-14,Litoral,Consumo,Orgánico,20240414
C03357,2023-03-02,Centro,Consumo,Orgánico,20230302
C03358,2025-07-22,Patagonia,PyME,Orgánico,20250722
C03359,2023-07-19,Cuyo,Consumo,Referidos,20230719
C03360,2024-07-15,Cuyo,Consumo,Email,20240715
C03361,2025-11-14,NOA,Premium,Referidos,20251114
C03362,2025-03-04,NOA,Consumo,Marketplace,20250304
C03363,2023-02-19,Litoral,Premium,Email,20230219
C03364,2025-05-23,Cuyo,Consumo,Orgánico,20250523
C03365,2023-06-21,NOA,Consumo,Orgánico,20230621
C03366,2025-03-09,Centro,PyME,Marketplace,20250309
C03367,2024-10-23,Patagonia,Consumo,Orgánico,20241023
C03368,2023-11-03,Litoral,Premium,Marketplace,20231103
C03369,2024-03-27,NOA,Consumo,Marketplace,20240327
C03370,2023-05-06,Cuyo,Premium,Email,20230506
C03371,2025-11-16,Patagonia,Consumo,Email,20251116
C03372,2023-09-11,AMBA,Consumo,Marketplace,20230911
C03373,2023-11-25,Patagonia,Consumo,Referidos,20231125
C03374,2024-06-19,AMBA,PyME,Email,20240619
C03375,2024-12-17,Litoral,Consumo,Paid Social,20241217
C03376,2024-06-22,Centro,Consumo,Paid Social,20240622
C03377,2024-06-21,NOA,Premium,Paid Social,20240621
C03378,2024-09-12,Patagonia,Consumo,Marketplace,20240912
C03379,2025-07-02,AMBA,Consumo,Email,20250702
C03380,2024-02-25,NOA,Consumo,Referidos,20240225
C03381,2025-06-05,Centro,Consumo,Orgánico,20250605
C03382,2025-04-18,Litoral,Consumo,Marketplace,20250418
C03383,2025-10-20,AMBA,Consumo,Paid Social,20251020
C03384,2025-08-30,AMBA,Consumo,Referidos,20250830
C03385,2025-04-30,Centro,Consumo,Orgánico,20250430
C03386,2023-09-20,Litoral,Consumo,Marketplace,20230920
C03387,2025-04-04,Litoral,Consumo,Email,20250404
C03388,2025-02-23,NOA,Consumo,Paid Social,20250223
C03389,2023-11-05,AMBA,Consumo,Paid Social,20231105
C03390,2024-12-23,Patagonia,Consumo,Paid Social,20241223
C03391,2023-09-27,AMBA,Consumo,Paid Social,20230927
C03392,2024-07-11,Centro,Consumo,Orgánico,20240711
C03393,2025-04-28,Centro,Consumo,Paid Social,20250428
C03394,2023-07-20,AMBA,Consumo,Paid Social,20230720
C03395,2023-12-25,Litoral,Premium,Paid Social,20231225
C03396,2025-04-26,NOA,Consumo,Referidos,20250426
C03397,2024-04-28,Patagonia,Premium,Paid Social,20240428
C03398,2025-10-20,NOA,Consumo,Orgánico,20251020
C03399,2023-01-09,Litoral,Consumo,Marketplace,20230109
C03400,2025-02-07,AMBA,PyME,Paid Social,20250207
C03401,2025-05-17,Cuyo,Premium,Email,20250517
C03402,2025-09-04,Patagonia,Consumo,Marketplace,20250904
C03403,2023-06-16,AMBA,Consumo,Referidos,20230616
C03404,2025-11-14,AMBA,Consumo,Paid Social,20251114
C03405,2024-02-22,NOA,Consumo,Paid Social,20240222
C03406,2024-01-10,AMBA,Consumo,Referidos,20240110
C03407,2024-01-14,NOA,Consumo,Referidos,20240114
C03408,2024-11-10,Patagonia,Consumo,Orgánico,20241110
C03409,2024-12-03,Litoral,Consumo,Email,20241203
C03410,2024-05-19,Litoral,Consumo,Marketplace,20240519
C03411,2023-03-17,AMBA,Consumo,Referidos,20230317
C03412,2025-11-16,Cuyo,Consumo,Orgánico,20251116
C03413,2023-08-25,Patagonia,Premium,Paid Social,20230825
C03414,2023-04-10,NOA,Consumo,Paid Social,20230410
C03415,2024-09-28,Cuyo,PyME,Orgánico,20240928
C03416,2024-03-15,NOA,Premium,Email,20240315
C03417,2024-10-17,Patagonia,Premium,Paid Social,20241017
C03418,2025-07-21,AMBA,Consumo,Orgánico,20250721
C03419,2023-04-14,Litoral,Premium,Paid Social,20230414
C03420,2023-10-30,Litoral,PyME,Marketplace,20231030
C03421,2024-07-04,Litoral,Premium,Marketplace,20240704
C03422,2025-04-18,Patagonia,Consumo,Referidos,20250418
C03423,2024-10-01,NOA,Consumo,Marketplace,20241001
C03424,2024-02-12,Litoral,Consumo,Marketplace,20240212
C03425,2024-10-11,Centro,Consumo,Paid Social,20241011
C03426,2025-11-09,NOA,Consumo,Orgánico,20251109
C03427,2024-05-26,NOA,Premium,Referidos,20240526
C03428,2025-07-29,Patagonia,Consumo,Email,20250729
C03429,2025-04-10,Litoral,Consumo,Paid Social,20250410
C03430,2023-11-17,AMBA,Premium,Marketplace,20231117
C03431,2023-09-23,Cuyo,Consumo,Paid Social,20230923
C03432,2025-03-31,Centro,Consumo,Marketplace,20250331
C03433,2023-08-09,Litoral,Premium,Email,20230809
C03434,2023-12-25,Patagonia,Premium,Orgánico,20231225
C03435,2023-09-08,Centro,Consumo,Marketplace,20230908
C03436,2024-10-07,NOA,Consumo,Referidos,20241007
C03437,2023-11-10,AMBA,Consumo,Email,20231110
C03438,2024-12-02,AMBA,Consumo,Email,20241202
C03439,2025-09-22,NOA,Premium,Orgánico,20250922
C03440,2025-06-02,AMBA,Premium,Orgánico,20250602
C03441,2025-10-06,Patagonia,Consumo,Orgánico,20251006
C03442,2023-01-27,Patagonia,Consumo,Orgánico,20230127
C03443,2024-04-30,Centro,Consumo,Paid Social,20240430
C03444,2023-08-23,AMBA,Consumo,Paid Social,20230823
C03445,2025-09-04,Centro,Consumo,Orgánico,20250904
C03446,2025-01-28,AMBA,Consumo,Email,20250128
C03447,2023-12-08,Patagonia,Premium,Orgánico,20231208
C03448,2024-08-23,NOA,Consumo,Orgánico,20240823
C03449,2024-10-06,NOA,Consumo,Marketplace,20241006
C03450,2024-06-11,Patagonia,Consumo,Marketplace,20240611
C03451,2024-05-20,Patagonia,Premium,Referidos,20240520
C03452,2023-02-28,NOA,PyME,Orgánico,20230228
C03453,2024-04-26,Patagonia,Consumo,Referidos,20240426
C03454,2024-01-06,Litoral,Consumo,Orgánico,20240106
C03455,2025-05-21,NOA,Premium,Email,20250521
C03456,2025-07-10,Centro,Consumo,Marketplace,20250710
C03457,2025-03-10,Cuyo,Consumo,Paid Social,20250310
C03458,2023-02-02,NOA,Consumo,Marketplace,20230202
C03459,2025-06-14,Centro,Premium,Referidos,20250614
C03460,2024-02-27,Centro,Consumo,Paid Social,20240227
C03461,2024-03-19,AMBA,Consumo,Orgánico,20240319
C03462,2025-10-03,Centro,Consumo,Referidos,20251003
C03463,2025-07-12,Litoral,Consumo,Paid Social,20250712
C03464,2023-02-24,NOA,Consumo,Orgánico,20230224
C03465,2024-01-19,AMBA,Premium,Orgánico,20240119
C03466,2025-03-09,Patagonia,Premium,Marketplace,20250309
C03467,2024-07-27,Patagonia,Consumo,Orgánico,20240727
C03468,2023-10-02,NOA,Consumo,Marketplace,20231002
C03469,2024-07-12,Patagonia,Premium,Email,20240712
C03470,2025-07-11,AMBA,Premium,Paid Social,20250711
C03471,2023-08-26,Cuyo,Consumo,Paid Social,20230826
C03472,2025-03-05,NOA,Consumo,Referidos,20250305
C03473,2025-02-21,NOA,Consumo,Paid Social,20250221
C03474,2025-08-01,Litoral,Consumo,Orgánico,20250801
C03475,2023-11-14,NOA,Consumo,Orgánico,20231114
C03476,2023-08-18,Patagonia,Consumo,Marketplace,20230818
C03477,2024-08-06,AMBA,Consumo,Referidos,20240806
C03478,2024-07-19,NOA,Premium,Paid Social,20240719
C03479,2024-03-12,Centro,Premium,Orgánico,20240312
C03480,2025-04-09,Cuyo,Premium,Paid Social,20250409
C03481,2025-04-30,Centro,Consumo,Referidos,20250430
C03482,2023-09-19,Patagonia,Consumo,Orgánico,20230919
C03483,2025-04-27,AMBA,Consumo,Marketplace,20250427
C03484,2023-09-03,Litoral,Consumo,Marketplace,20230903
C03485,2024-03-10,NOA,Consumo,Paid Social,20240310
C03486,2023-01-29,Patagonia,Consumo,Marketplace,20230129
C03487,2023-12-29,Centro,PyME,Email,20231229
C03488,2025-10-17,NOA,Premium,Email,20251017
C03489,2024-04-16,Cuyo,Consumo,Orgánico,20240416
C03490,2025-01-26,Patagonia,Premium,Marketplace,20250126
C03491,2023-04-25,Litoral,Consumo,Paid Social,20230425
C03492,2024-11-07,AMBA,Consumo,Referidos,20241107
C03493,2024-01-31,AMBA,Consumo,Orgánico,20240131
C03494,2025-03-03,Centro,Consumo,Paid Social,20250303
C03495,2025-09-15,NOA,Consumo,Marketplace,20250915
C03496,2024-07-20,NOA,Consumo,Paid Social,20240720
C03497,2023-04-20,Cuyo,Consumo,Orgánico,20230420
C03498,2024-05-22,NOA,PyME,Referidos,20240522
C03499,2023-05-12,AMBA,Consumo,Orgánico,20230512
C03500,2024-04-23,NOA,Consumo,Marketplace,20240423
C03501,2023-03-07,Centro,Consumo,Marketplace,20230307
C03502,2024-11-13,AMBA,Consumo,Orgánico,20241113
C03503,2023-11-27,Patagonia,Consumo,Email,20231127
C03504,2023-08-03,Cuyo,Consumo,Marketplace,20230803
C03505,2023-01-19,Centro,Premium,Marketplace,20230119
C03506,2025-08-03,Patagonia,Consumo,Paid Social,20250803
C03507,2025-06-10,Centro,Consumo,Email,20250610
C03508,2025-05-14,Patagonia,Consumo,Email,20250514
C03509,2023-03-03,Centro,Premium,Orgánico,20230303
C03510,2024-01-08,AMBA,Consumo,Email,20240108
C03511,2025-10-31,Centro,Consumo,Paid Social,20251031
C03512,2024-09-08,Litoral,PyME,Paid Social,20240908
C03513,2023-05-17,Centro,Consumo,Paid Social,20230517
C03514,2023-05-31,AMBA,Consumo,Marketplace,20230531
C03515,2023-10-08,Patagonia,Consumo,Orgánico,20231008
C03516,2025-11-01,Cuyo,Consumo,Orgánico,20251101
C03517,2023-06-30,Cuyo,PyME,Orgánico,20230630
C03518,2025-08-19,Centro,Consumo,Orgánico,20250819
C03519,2024-12-23,AMBA,Consumo,Marketplace,20241223
C03520,2025-09-08,AMBA,Consumo,Paid Social,20250908
C03521,2025-05-29,Patagonia,Consumo,Orgánico,20250529
C03522,2023-12-20,AMBA,Consumo,Marketplace,20231220
C03523,2025-05-31,Centro,Premium,Orgánico,20250531
C03524,2023-06-30,NOA,Consumo,Paid Social,20230630
C03525,2023-11-06,Cuyo,Premium,Referidos,20231106
C03526,2023-08-14,Patagonia,Premium,Referidos,20230814
C03527,2023-05-22,Cuyo,Consumo,Orgánico,20230522
C03528,2023-04-06,NOA,Premium,Referidos,20230406
C03529,2023-07-19,Patagonia,Premium,Email,20230719
C03530,2023-05-08,Cuyo,Consumo,Email,20230508
C03531,2024-02-10,Patagonia,Consumo,Orgánico,20240210
C03532,2023-03-17,Cuyo,Consumo,Referidos,20230317
C03533,2023-03-07,NOA,Consumo,Email,20230307
C03534,2025-11-20,Cuyo,Premium,Referidos,20251120
C03535,2023-04-04,NOA,Consumo,Marketplace,20230404
C03536,2023-03-20,Litoral,Consumo,Marketplace,20230320
C03537,2023-02-02,Litoral,Consumo,Referidos,20230202
C03538,2023-05-22,Cuyo,Consumo,Orgánico,20230522
C03539,2024-07-16,Patagonia,Premium,Orgánico,20240716
C03540,2025-05-31,Patagonia,Premium,Email,20250531
C03541,2025-02-21,Patagonia,Premium,Orgánico,20250221
C03542,2024-09-09,Patagonia,Consumo,Referidos,20240909
C03543,2023-04-01,AMBA,Consumo,Referidos,20230401
C03544,2025-04-04,NOA,Premium,Email,20250404
C03545,2023-02-09,NOA,Consumo,Orgánico,20230209
C03546,2024-11-02,Centro,Consumo,Marketplace,20241102
C03547,2024-03-11,NOA,Consumo,Email,20240311
C03548,2025-07-28,Litoral,Consumo,Paid Social,20250728
C03549,2023-11-24,Centro,Consumo,Email,20231124
C03550,2024-11-10,Centro,Consumo,Orgánico,20241110
C03551,2024-04-13,Cuyo,Consumo,Referidos,20240413
C03552,2024-07-10,AMBA,Premium,Orgánico,20240710
C03553,2025-09-26,Patagonia,Consumo,Email,20250926
C03554,2025-01-29,Patagonia,Consumo,Orgánico,20250129
C03555,2024-03-17,Patagonia,Consumo,Orgánico,20240317
C03556,2024-04-21,Litoral,Consumo,Orgánico,20240421
C03557,2025-01-20,Cuyo,Consumo,Orgánico,20250120
C03558,2024-01-04,Patagonia,PyME,Marketplace,20240104
C03559,2023-06-28,NOA,Consumo,Referidos,20230628
C03560,2024-05-13,AMBA,Consumo,Orgánico,20240513
C03561,2023-03-14,Cuyo,Premium,Orgánico,20230314
C03562,2023-06-30,NOA,Consumo,Referidos,20230630
C03563,2024-03-24,NOA,Consumo,Orgánico,20240324
C03564,2025-04-28,NOA,Consumo,Paid Social,20250428
C03565,2025-04-12,Centro,Consumo,Orgánico,20250412
C03566,2023-10-05,Cuyo,Consumo,Email,20231005
C03567,2024-03-25,AMBA,Consumo,Marketplace,20240325
C03568,2023-06-13,NOA,Premium,Orgánico,20230613
C03569,2025-03-15,Litoral,Consumo,Marketplace,20250315
C03570,2023-09-20,Centro,Consumo,Marketplace,20230920
C03571,2025-05-01,AMBA,Premium,Marketplace,20250501
C03572,2025-06-15,Patagonia,PyME,Referidos,20250615
C03573,2025-01-03,Patagonia,Consumo,Marketplace,20250103
C03574,2023-12-18,NOA,PyME,Email,20231218
C03575,2025-10-11,NOA,Premium,Marketplace,20251011
C03576,2024-12-31,Patagonia,Consumo,Orgánico,20241231
C03577,2024-11-18,Patagonia,Consumo,Referidos,20241118
C03578,2025-07-01,Patagonia,Consumo,Email,20250701
C03579,2025-07-27,NOA,Consumo,Orgánico,20250727
C03580,2023-03-24,Cuyo,Consumo,Orgánico,20230324
C03581,2025-07-27,Patagonia,Consumo,Orgánico,20250727
C03582,2025-03-25,Patagonia,Premium,Paid Social,20250325
C03583,2023-08-08,AMBA,Consumo,Orgánico,20230808
C03584,2023-11-24,Patagonia,Consumo,Orgánico,20231124
C03585,2025-03-12,Cuyo,Premium,Orgánico,20250312
C03586,2023-08-19,AMBA,PyME,Email,20230819
C03587,2024-04-26,Centro,Premium,Orgánico,20240426
C03588,2025-01-03,AMBA,Consumo,Orgánico,20250103
C03589,2024-11-23,NOA,Consumo,Paid Social,20241123
C03590,2025-08-26,Patagonia,Consumo,Paid Social,20250826
C03591,2023-04-29,AMBA,Consumo,Orgánico,20230429
C03592,2023-11-11,Litoral,Consumo,Marketplace,20231111
C03593,2025-11-14,Litoral,PyME,Paid Social,20251114
C03594,2024-08-28,Litoral,Consumo,Orgánico,20240828
C03595,2023-09-22,Litoral,Consumo,Email,20230922
C03596,2023-11-05,NOA,Consumo,Marketplace,20231105
C03597,2023-12-28,Litoral,Consumo,Paid Social,20231228
C03598,2024-08-13,Litoral,Consumo,Orgánico,20240813
C03599,2023-10-31,Litoral,Consumo,Email,20231031
C03600,2024-10-24,Cuyo,Consumo,Paid Social,20241024
C03601,2024-04-19,NOA,Premium,Paid Social,20240419
C03602,2024-10-12,Cuyo,Consumo,Marketplace,20241012
C03603,2023-06-15,Patagonia,Consumo,Marketplace,20230615
C03604,2024-10-26,Litoral,PyME,Email,20241026
C03605,2025-09-11,Patagonia,Consumo,Orgánico,20250911
C03606,2023-05-24,Patagonia,Consumo,Email,20230524
C03607,2023-12-15,Patagonia,Consumo,Marketplace,20231215
C03608,2025-01-08,Litoral,Consumo,Marketplace,20250108
C03609,2024-10-19,Litoral,Consumo,Orgánico,20241019
C03610,2024-12-19,Litoral,Consumo,Orgánico,20241219
C03611,2024-08-18,Cuyo,Consumo,Orgánico,20240818
C03612,2024-12-27,Patagonia,Consumo,Referidos,20241227
C03613,2024-10-10,NOA,Consumo,Paid Social,20241010
C03614,2023-03-20,Patagonia,Premium,Paid Social,20230320
C03615,2025-03-11,Patagonia,Premium,Paid Social,20250311
C03616,2024-04-20,Patagonia,Consumo,Orgánico,20240420
C03617,2023-02-24,Cuyo,Consumo,Marketplace,20230224
C03618,2024-03-11,AMBA,Consumo,Paid Social,20240311
C03619,2024-04-08,Cuyo,Consumo,Orgánico,20240408
C03620,2023-04-03,Patagonia,Consumo,Referidos,20230403
C03621,2025-11-26,Patagonia,Premium,Email,20251126
C03622,2023-08-25,Litoral,Consumo,Referidos,20230825
C03623,2023-12-19,Patagonia,Consumo,Referidos,20231219
C03624,2024-04-14,AMBA,Consumo,Orgánico,20240414
C03625,2025-06-05,Litoral,Premium,Orgánico,20250605
C03626,2025-03-02,Patagonia,Consumo,Orgánico,20250302
C03627,2025-04-01,Litoral,Consumo,Referidos,20250401
C03628,2023-09-10,Patagonia,PyME,Marketplace,20230910
C03629,2025-06-19,Cuyo,Consumo,Paid Social,20250619
C03630,2025-06-02,Litoral,Consumo,Referidos,20250602
C03631,2024-05-09,Litoral,Consumo,Referidos,20240509
C03632,2024-08-04,Patagonia,Consumo,Marketplace,20240804
C03633,2023-02-09,Centro,Consumo,Paid Social,20230209
C03634,2025-03-20,Centro,Consumo,Orgánico,20250320
C03635,2025-10-20,Cuyo,Consumo,Referidos,20251020
C03636,2024-05-18,Centro,Consumo,Referidos,20240518
C03637,2024-07-29,Cuyo,Premium,Referidos,20240729
C03638,2024-06-15,Cuyo,Consumo,Marketplace,20240615
C03639,2023-03-30,Centro,PyME,Paid Social,20230330
C03640,2024-10-22,Cuyo,PyME,Referidos,20241022
C03641,2025-02-07,Litoral,Premium,Orgánico,20250207
C03642,2025-09-15,Patagonia,Consumo,Paid Social,20250915
C03643,2025-09-17,Centro,Consumo,Orgánico,20250917
C03644,2024-06-07,NOA,Consumo,Orgánico,20240607
C03645,2025-10-18,Cuyo,Consumo,Orgánico,20251018
C03646,2024-07-17,Patagonia,Consumo,Email,20240717
C03647,2024-11-14,AMBA,Consumo,Marketplace,20241114
C03648,2024-10-03,Centro,Consumo,Paid Social,20241003
C03649,2025-11-29,Cuyo,Consumo,Paid Social,20251129
C03650,2025-02-24,Cuyo,Premium,Orgánico,20250224
C03651,2023-05-08,Cuyo,Consumo,Paid Social,20230508
C03652,2023-03-18,AMBA,Consumo,Orgánico,20230318
C03653,2024-03-12,Cuyo,Consumo,Email,20240312
C03654,2024-07-03,Patagonia,Consumo,Marketplace,20240703
C03655,2024-12-13,Patagonia,Consumo,Paid Social,20241213
C03656,2024-05-27,Centro,Consumo,Email,20240527
C03657,2024-07-02,Cuyo,Consumo,Referidos,20240702
C03658,2025-09-08,Litoral,Consumo,Orgánico,20250908
C03659,2023-12-23,Litoral,Consumo,Paid Social,20231223
C03660,2024-06-09,Patagonia,PyME,Orgánico,20240609
C03661,2024-08-16,Cuyo,Premium,Paid Social,20240816
C03662,2024-05-13,Patagonia,Consumo,Marketplace,20240513
C03663,2025-10-28,NOA,Consumo,Paid Social,20251028
C03664,2025-10-21,Centro,Consumo,Paid Social,20251021
C03665,2024-06-30,Patagonia,Premium,Orgánico,20240630
C03666,2024-04-24,Centro,Consumo,Paid Social,20240424
C03667,2024-09-19,Cuyo,Consumo,Marketplace,20240919
C03668,2023-07-12,Litoral,Premium,Paid Social,20230712
C03669,2024-03-29,Litoral,Consumo,Referidos,20240329
C03670,2023-08-20,Litoral,Consumo,Orgánico,20230820
C03671,2023-06-03,Centro,Consumo,Orgánico,20230603
C03672,2023-04-12,AMBA,Consumo,Paid Social,20230412
C03673,2024-09-17,NOA,Consumo,Marketplace,20240917
C03674,2023-01-01,NOA,Premium,Orgánico,20230101
C03675,2024-11-19,NOA,Consumo,Referidos,20241119
C03676,2024-04-05,Litoral,Consumo,Orgánico,20240405
C03677,2024-01-26,NOA,Consumo,Email,20240126
C03678,2025-03-30,Cuyo,PyME,Email,20250330
C03679,2024-07-27,AMBA,Consumo,Email,20240727
C03680,2025-02-20,Centro,Consumo,Orgánico,20250220
C03681,2025-01-25,Centro,Consumo,Orgánico,20250125
C03682,2023-02-04,Cuyo,Consumo,Marketplace,20230204
C03683,2023-08-18,NOA,Premium,Email,20230818
C03684,2024-08-30,Centro,PyME,Orgánico,20240830
C03685,2025-11-04,Litoral,Premium,Paid Social,20251104
C03686,2023-06-14,Centro,Premium,Orgánico,20230614
C03687,2023-04-23,Litoral,Consumo,Paid Social,20230423
C03688,2025-09-29,Litoral,Consumo,Paid Social,20250929
C03689,2025-10-26,AMBA,Consumo,Orgánico,20251026
C03690,2023-06-28,Cuyo,Consumo,Paid Social,20230628
C03691,2024-03-03,AMBA,Consumo,Email,20240303
C03692,2024-10-29,NOA,Premium,Marketplace,20241029
C03693,2023-07-27,Patagonia,Consumo,Referidos,20230727
C03694,2023-12-14,NOA,Consumo,Paid Social,20231214
C03695,2024-02-25,NOA,Consumo,Referidos,20240225
C03696,2024-11-14,Centro,Premium,Orgánico,20241114
C03697,2023-11-25,Patagonia,Premium,Email,20231125
C03698,2024-03-15,AMBA,Consumo,Orgánico,20240315
C03699,2023-11-05,NOA,Premium,Orgánico,20231105
C03700,2025-03-20,Patagonia,Premium,Email,20250320
C03701,2023-06-12,Patagonia,Consumo,Orgánico,20230612
C03702,2023-09-03,NOA,Premium,Email,20230903
C03703,2023-09-24,NOA,Consumo,Email,20230924
C03704,2025-08-22,NOA,Consumo,Orgánico,20250822
C03705,2025-10-02,AMBA,Consumo,Paid Social,20251002
C03706,2024-06-16,AMBA,Consumo,Email,20240616
C03707,2023-06-16,NOA,Consumo,Referidos,20230616
C03708,2025-03-16,Centro,Consumo,Referidos,20250316
C03709,2024-06-08,Cuyo,Consumo,Paid Social,20240608
C03710,2025-06-23,AMBA,Consumo,Referidos,20250623
C03711,2024-01-19,Litoral,Consumo,Paid Social,20240119
C03712,2025-11-29,Patagonia,Consumo,Orgánico,20251129
C03713,2025-05-09,NOA,Consumo,Email,20250509
C03714,2023-08-27,Litoral,Consumo,Orgánico,20230827
C03715,2025-02-11,Litoral,Premium,Orgánico,20250211
C03716,2023-11-02,Litoral,Premium,Orgánico,20231102
C03717,2024-01-08,Cuyo,Consumo,Referidos,20240108
C03718,2023-09-24,Litoral,Consumo,Marketplace,20230924
C03719,2024-12-27,NOA,Consumo,Marketplace,20241227
C03720,2023-10-07,Centro,PyME,Paid Social,20231007
C03721,2024-11-11,Cuyo,Consumo,Paid Social,20241111
C03722,2024-09-12,Litoral,Consumo,Referidos,20240912
C03723,2025-03-10,Litoral,Consumo,Paid Social,20250310
C03724,2025-11-24,AMBA,Consumo,Paid Social,20251124
C03725,2023-01-10,Centro,Consumo,Orgánico,20230110
C03726,2025-11-20,Litoral,Consumo,Email,20251120
C03727,2023-04-27,Patagonia,Consumo,Email,20230427
C03728,2024-07-15,Patagonia,Consumo,Paid Social,20240715
C03729,2023-12-30,NOA,Consumo,Orgánico,20231230
C03730,2024-11-11,Patagonia,Consumo,Referidos,20241111
C03731,2025-02-07,Litoral,Premium,Email,20250207
C03732,2025-07-04,Centro,Consumo,Orgánico,20250704
C03733,2024-03-04,Cuyo,PyME,Paid Social,20240304
C03734,2025-09-20,Patagonia,Consumo,Marketplace,20250920
C03735,2023-12-10,Cuyo,Premium,Email,20231210
C03736,2023-08-06,Patagonia,PyME,Email,20230806
C03737,2024-02-08,AMBA,Premium,Email,20240208
C03738,2024-07-16,AMBA,Premium,Marketplace,20240716
C03739,2024-12-12,Centro,Consumo,Paid Social,20241212
C03740,2025-06-05,Centro,Consumo,Orgánico,20250605
C03741,2023-08-28,Litoral,Consumo,Paid Social,20230828
C03742,2023-11-19,Litoral,Consumo,Referidos,20231119
C03743,2025-09-26,Litoral,PyME,Orgánico,20250926
C03744,2024-04-13,Centro,Consumo,Orgánico,20240413
C03745,2023-09-15,Litoral,Consumo,Orgánico,20230915
C03746,2025-11-15,AMBA,PyME,Email,20251115
C03747,2024-04-23,Cuyo,Consumo,Email,20240423
C03748,2025-11-15,AMBA,Consumo,Paid Social,20251115
C03749,2025-09-06,AMBA,Consumo,Orgánico,20250906
C03750,2025-08-23,AMBA,Premium,Referidos,20250823
C03751,2024-09-11,AMBA,Premium,Orgánico,20240911
C03752,2025-04-30,Cuyo,Consumo,Referidos,20250430
C03753,2025-10-19,Litoral,Consumo,Orgánico,20251019
C03754,2023-10-14,Litoral,Consumo,Marketplace,20231014
C03755,2023-02-10,Cuyo,Consumo,Paid Social,20230210
C03756,2023-12-08,Centro,Consumo,Email,20231208
C03757,2024-11-09,AMBA,PyME,Orgánico,20241109
C03758,2024-08-05,Patagonia,Consumo,Orgánico,20240805
C03759,2023-03-27,NOA,Consumo,Referidos,20230327
C03760,2024-08-20,Centro,Consumo,Email,20240820
C03761,2023-07-05,Centro,Consumo,Referidos,20230705
C03762,2024-06-22,Centro,Consumo,Email,20240622
C03763,2024-09-05,Centro,Consumo,Email,20240905
C03764,2024-11-09,Centro,Consumo,Marketplace,20241109
C03765,2024-03-15,Cuyo,PyME,Paid Social,20240315
C03766,2024-03-10,Patagonia,Consumo,Marketplace,20240310
C03767,2024-12-23,Patagonia,Consumo,Paid Social,20241223
C03768,2025-03-08,NOA,Premium,Paid Social,20250308
C03769,2025-05-10,Cuyo,Consumo,Referidos,20250510
C03770,2023-12-22,Cuyo,Consumo,Orgánico,20231222
C03771,2024-03-27,Cuyo,Consumo,Orgánico,20240327
C03772,2023-12-19,AMBA,Consumo,Orgánico,20231219
C03773,2024-07-15,Cuyo,Consumo,Paid Social,20240715
C03774,2023-05-16,Centro,Consumo,Email,20230516
C03775,2024-04-03,Cuyo,Consumo,Orgánico,20240403
C03776,2023-07-20,AMBA,Consumo,Orgánico,20230720
C03777,2024-07-21,Patagonia,Consumo,Paid Social,20240721
C03778,2025-06-24,NOA,Consumo,Orgánico,20250624
C03779,2025-11-15,NOA,Consumo,Orgánico,20251115
C03780,2024-04-20,AMBA,PyME,Orgánico,20240420
C03781,2023-03-01,AMBA,Consumo,Referidos,20230301
C03782,2023-08-31,NOA,Consumo,Referidos,20230831
C03783,2023-04-22,NOA,Consumo,Orgánico,20230422
C03784,2025-03-19,Litoral,Consumo,Orgánico,20250319
C03785,2025-11-14,Centro,Consumo,Orgánico,20251114
C03786,2024-08-12,Litoral,Consumo,Paid Social,20240812
C03787,2023-07-08,Litoral,Consumo,Paid Social,20230708
C03788,2023-01-23,NOA,Consumo,Marketplace,20230123
C03789,2025-11-05,Litoral,Premium,Referidos,20251105
C03790,2023-12-03,AMBA,Consumo,Paid Social,20231203
C03791,2023-04-30,Patagonia,Consumo,Orgánico,20230430
C03792,2023-07-08,Patagonia,Consumo,Email,20230708
C03793,2023-09-29,Centro,Consumo,Marketplace,20230929
C03794,2024-11-29,AMBA,Consumo,Orgánico,20241129
C03795,2025-08-07,AMBA,Consumo,Referidos,20250807
C03796,2023-10-20,NOA,Premium,Orgánico,20231020
C03797,2025-01-01,Cuyo,Consumo,Referidos,20250101
C03798,2023-03-11,Litoral,Consumo,Orgánico,20230311
C03799,2023-01-11,NOA,Consumo,Email,20230111
C03800,2023-02-28,AMBA,Consumo,Orgánico,20230228
C03801,2025-09-10,Centro,Premium,Paid Social,20250910
C03802,2024-09-11,Patagonia,Consumo,Email,20240911
C03803,2025-05-07,Litoral,Consumo,Email,20250507
C03804,2023-01-24,AMBA,Premium,Email,20230124
C03805,2023-01-24,Patagonia,Consumo,Orgánico,20230124
C03806,2025-06-22,AMBA,Consumo,Referidos,20250622
C03807,2023-04-20,Patagonia,Consumo,Orgánico,20230420
C03808,2023-06-15,Patagonia,Consumo,Email,20230615
C03809,2024-07-06,Patagonia,Consumo,Orgánico,20240706
C03810,2024-10-07,Cuyo,Premium,Paid Social,20241007
C03811,2023-09-01,Centro,PyME,Paid Social,20230901
C03812,2024-04-18,NOA,Consumo,Marketplace,20240418
C03813,2024-12-19,Litoral,PyME,Email,20241219
C03814,2024-04-16,Litoral,PyME,Orgánico,20240416
C03815,2024-02-12,AMBA,Consumo,Referidos,20240212
C03816,2023-03-18,Litoral,Premium,Orgánico,20230318
C03817,2024-04-26,Litoral,Consumo,Orgánico,20240426
C03818,2025-05-04,Centro,Consumo,Paid Social,20250504
C03819,2024-10-29,Patagonia,Consumo,Referidos,20241029
C03820,2025-08-09,AMBA,Consumo,Marketplace,20250809
C03821,2023-05-15,Patagonia,Premium,Marketplace,20230515
C03822,2023-01-12,NOA,Consumo,Orgánico,20230112
C03823,2024-08-06,Litoral,Premium,Orgánico,20240806
C03824,2023-07-10,AMBA,Consumo,Referidos,20230710
C03825,2024-09-24,Litoral,Consumo,Orgánico,20240924
C03826,2025-08-20,Litoral,Consumo,Email,20250820
C03827,2023-12-26,Litoral,Consumo,Marketplace,20231226
C03828,2024-08-08,Centro,Consumo,Orgánico,20240808
C03829,2024-12-27,Litoral,Consumo,Paid Social,20241227
C03830,2023-06-09,Centro,Consumo,Marketplace,20230609
C03831,2025-08-13,Litoral,Consumo,Email,20250813
C03832,2023-08-04,Litoral,Consumo,Marketplace,20230804
C03833,2025-05-10,Litoral,Consumo,Email,20250510
C03834,2024-12-03,Patagonia,Consumo,Paid Social,20241203
C03835,2023-05-31,NOA,Consumo,Referidos,20230531
C03836,2025-02-10,Patagonia,Premium,Referidos,20250210
C03837,2023-07-29,Patagonia,Consumo,Marketplace,20230729
C03838,2024-09-30,NOA,PyME,Paid Social,20240930
C03839,2025-10-19,Centro,Consumo,Paid Social,20251019
C03840,2025-10-12,Centro,Consumo,Paid Social,20251012
C03841,2025-07-16,Litoral,PyME,Orgánico,20250716
C03842,2024-06-10,Cuyo,Premium,Marketplace,20240610
C03843,2024-08-18,Patagonia,Consumo,Marketplace,20240818
C03844,2023-11-16,AMBA,Consumo,Paid Social,20231116
C03845,2025-09-07,AMBA,Consumo,Marketplace,20250907
C03846,2024-05-23,Patagonia,Consumo,Paid Social,20240523
C03847,2025-04-01,Patagonia,Premium,Referidos,20250401
C03848,2024-01-19,Centro,Consumo,Email,20240119
C03849,2025-02-27,Centro,Consumo,Referidos,20250227
C03850,2023-08-28,Litoral,Consumo,Referidos,20230828
C03851,2025-02-20,Cuyo,Consumo,Email,20250220
C03852,2023-02-18,Centro,Consumo,Marketplace,20230218
C03853,2023-04-22,Litoral,Consumo,Paid Social,20230422
C03854,2024-01-11,Patagonia,Premium,Referidos,20240111
C03855,2024-05-28,Patagonia,Consumo,Orgánico,20240528
C03856,2025-01-27,Patagonia,Consumo,Orgánico,20250127
C03857,2024-01-18,Litoral,Consumo,Referidos,20240118
C03858,2023-01-20,NOA,Consumo,Referidos,20230120
C03859,2023-12-13,Centro,Consumo,Marketplace,20231213
C03860,2024-04-12,AMBA,Consumo,Orgánico,20240412
C03861,2024-08-02,AMBA,PyME,Orgánico,20240802
C03862,2024-11-16,NOA,PyME,Paid Social,20241116
C03863,2023-09-21,Litoral,Premium,Marketplace,20230921
C03864,2024-10-12,Centro,Premium,Marketplace,20241012
C03865,2024-11-03,NOA,Consumo,Marketplace,20241103
C03866,2025-04-07,Centro,Consumo,Paid Social,20250407
C03867,2024-07-09,Litoral,Consumo,Marketplace,20240709
C03868,2025-05-13,Centro,Premium,Orgánico,20250513
C03869,2023-08-25,AMBA,Consumo,Marketplace,20230825
C03870,2025-01-27,Centro,Consumo,Email,20250127
C03871,2023-02-18,Centro,Consumo,Paid Social,20230218
C03872,2023-04-20,Litoral,Consumo,Email,20230420
C03873,2025-07-09,AMBA,Consumo,Referidos,20250709
C03874,2024-05-20,Centro,Consumo,Orgánico,20240520
C03875,2024-10-23,Litoral,Consumo,Orgánico,20241023
C03876,2024-10-04,Cuyo,Consumo,Referidos,20241004
C03877,2025-01-10,Litoral,Premium,Marketplace,20250110
C03878,2023-09-19,Litoral,Consumo,Email,20230919
C03879,2023-07-09,NOA,Consumo,Orgánico,20230709
C03880,2023-02-15,NOA,Consumo,Email,20230215
C03881,2025-07-09,Centro,Consumo,Orgánico,20250709
C03882,2023-08-27,Patagonia,Premium,Paid Social,20230827
C03883,2024-09-04,Litoral,Consumo,Orgánico,20240904
C03884,2024-04-29,Litoral,PyME,Paid Social,20240429
C03885,2023-06-22,Patagonia,Consumo,Paid Social,20230622
C03886,2024-03-16,AMBA,Consumo,Orgánico,20240316
C03887,2023-03-30,Cuyo,PyME,Paid Social,20230330
C03888,2023-07-08,Patagonia,Consumo,Email,20230708
C03889,2023-05-29,NOA,Premium,Orgánico,20230529
C03890,2025-05-28,AMBA,Consumo,Orgánico,20250528
C03891,2024-08-27,Cuyo,Consumo,Paid Social,20240827
C03892,2025-09-12,Centro,Consumo,Referidos,20250912
C03893,2024-04-09,Centro,Consumo,Referidos,20240409
C03894,2023-08-03,AMBA,Premium,Paid Social,20230803
C03895,2024-10-10,Litoral,Consumo,Referidos,20241010
C03896,2025-09-16,Patagonia,Consumo,Referidos,20250916
C03897,2024-07-21,Litoral,Consumo,Email,20240721
C03898,2023-01-20,Cuyo,Consumo,Paid Social,20230120
C03899,2023-11-20,Patagonia,Consumo,Orgánico,20231120
C03900,2025-09-12,Litoral,PyME,Orgánico,20250912
C03901,2024-07-06,NOA,Consumo,Paid Social,20240706
C03902,2025-10-10,Cuyo,Consumo,Paid Social,20251010
C03903,2024-06-26,Centro,Consumo,Marketplace,20240626
C03904,2023-01-13,Cuyo,Consumo,Orgánico,20230113
C03905,2025-07-18,Litoral,Consumo,Paid Social,20250718
C03906,2025-03-23,Cuyo,Consumo,Marketplace,20250323
C03907,2025-01-31,Patagonia,Consumo,Email,20250131
C03908,2025-10-30,AMBA,Premium,Orgánico,20251030
C03909,2023-07-28,Litoral,Consumo,Marketplace,20230728
C03910,2025-08-22,Cuyo,Consumo,Paid Social,20250822
C03911,2023-09-05,Centro,Premium,Orgánico,20230905
C03912,2025-10-30,Litoral,Premium,Paid Social,20251030
C03913,2023-07-23,Patagonia,PyME,Orgánico,20230723
C03914,2024-08-09,Litoral,Consumo,Referidos,20240809
C03915,2025-04-20,AMBA,PyME,Orgánico,20250420
C03916,2023-03-25,AMBA,Premium,Referidos,20230325
C03917,2023-03-13,Cuyo,Premium,Orgánico,20230313
C03918,2025-06-24,Patagonia,Consumo,Marketplace,20250624
C03919,2023-03-06,Centro,PyME,Orgánico,20230306
C03920,2024-10-15,Centro,Consumo,Marketplace,20241015
C03921,2025-09-26,NOA,Premium,Orgánico,20250926
C03922,2024-10-16,AMBA,Consumo,Marketplace,20241016
C03923,2024-05-27,AMBA,Premium,Referidos,20240527
C03924,2024-03-20,AMBA,Premium,Email,20240320
C03925,2024-11-10,NOA,Consumo,Orgánico,20241110
C03926,2024-09-01,Cuyo,Consumo,Email,20240901
C03927,2024-06-18,AMBA,Consumo,Email,20240618
C03928,2023-06-13,Centro,Premium,Email,20230613
C03929,2024-12-06,NOA,Consumo,Email,20241206
C03930,2025-02-26,Patagonia,Premium,Marketplace,20250226
C03931,2025-01-24,Centro,Premium,Marketplace,20250124
C03932,2023-03-21,Centro,Consumo,Paid Social,20230321
C03933,2025-01-18,AMBA,Consumo,Orgánico,20250118
C03934,2025-02-16,Patagonia,Consumo,Orgánico,20250216
C03935,2023-07-15,AMBA,Premium,Referidos,20230715
C03936,2025-06-23,Centro,Consumo,Marketplace,20250623
C03937,2024-07-11,Cuyo,Premium,Paid Social,20240711
C03938,2024-05-18,Litoral,PyME,Orgánico,20240518
C03939,2025-02-08,Litoral,Consumo,Paid Social,20250208
C03940,2024-06-26,Patagonia,Premium,Paid Social,20240626
C03941,2024-08-03,Centro,Consumo,Marketplace,20240803
C03942,2023-11-29,Cuyo,Consumo,Email,20231129
C03943,2025-09-15,Cuyo,Consumo,Orgánico,20250915
C03944,2025-10-29,AMBA,Consumo,Paid Social,20251029
C03945,2023-05-19,Patagonia,Consumo,Orgánico,20230519
C03946,2025-02-19,Litoral,Consumo,Email,20250219
C03947,2023-01-25,Cuyo,Consumo,Email,20230125
C03948,2024-01-28,NOA,Consumo,Orgánico,20240128
C03949,2025-10-30,Centro,Consumo,Paid Social,20251030
C03950,2023-07-06,NOA,Consumo,Marketplace,20230706
C03951,2024-02-06,Patagonia,Premium,Referidos,20240206
C03952,2023-08-22,Centro,Consumo,Email,20230822
C03953,2025-02-14,Patagonia,Consumo,Paid Social,20250214
C03954,2024-05-09,Patagonia,PyME,Marketplace,20240509
C03955,2024-09-23,Cuyo,Premium,Referidos,20240923
C03956,2025-09-30,Cuyo,Consumo,Marketplace,20250930
C03957,2024-07-08,NOA,Premium,Orgánico,20240708
C03958,2025-02-20,AMBA,Consumo,Orgánico,20250220
C03959,2023-04-15,AMBA,Premium,Orgánico,20230415
C03960,2023-08-18,Litoral,Consumo,Marketplace,20230818
C03961,2025-10-05,NOA,Consumo,Referidos,20251005
C03962,2025-07-04,Litoral,Consumo,Orgánico,20250704
C03963,2024-11-30,AMBA,Premium,Marketplace,20241130
C03964,2024-02-07,Litoral,Consumo,Marketplace,20240207
C03965,2023-08-01,Centro,Consumo,Orgánico,20230801
C03966,2025-06-26,Patagonia,Consumo,Email,20250626
C03967,2025-04-16,Litoral,Premium,Email,20250416
C03968,2023-09-15,Cuyo,Consumo,Orgánico,20230915
C03969,2024-09-20,Litoral,Consumo,Email,20240920
C03970,2024-10-20,Patagonia,Consumo,Orgánico,20241020
C03971,2024-05-23,Patagonia,Premium,Marketplace,20240523
C03972,2025-09-13,Cuyo,Consumo,Referidos,20250913
C03973,2023-05-13,Litoral,PyME,Marketplace,20230513
C03974,2023-10-02,AMBA,Consumo,Referidos,20231002
C03975,2023-04-12,Cuyo,Consumo,Orgánico,20230412
C03976,2025-01-07,Cuyo,Consumo,Paid Social,20250107
C03977,2024-11-16,Litoral,Consumo,Referidos,20241116
C03978,2025-11-17,NOA,Consumo,Paid Social,20251117
C03979,2024-07-31,NOA,Consumo,Referidos,20240731
C03980,2023-06-10,Cuyo,Premium,Paid Social,20230610
C03981,2024-04-25,Litoral,Consumo,Orgánico,20240425
C03982,2023-04-05,AMBA,Consumo,Paid Social,20230405
C03983,2024-12-15,Cuyo,Consumo,Email,20241215
C03984,2024-12-19,Patagonia,Consumo,Paid Social,20241219
C03985,2025-07-02,Patagonia,Consumo,Email,20250702
C03986,2023-12-28,NOA,Consumo,Paid Social,20231228
C03987,2023-11-27,Cuyo,Consumo,Referidos,20231127
C03988,2023-03-17,NOA,Consumo,Email,20230317
C03989,2024-03-18,NOA,PyME,Email,20240318
C03990,2024-05-21,Litoral,Consumo,Paid Social,20240521
C03991,2025-03-14,AMBA,PyME,Paid Social,20250314
C03992,2025-03-13,Cuyo,Consumo,Orgánico,20250313
C03993,2023-05-30,Patagonia,Premium,Email,20230530
C03994,2023-10-31,Litoral,Consumo,Orgánico,20231031
C03995,2024-06-28,NOA,Consumo,Marketplace,20240628
C03996,2023-12-23,Patagonia,Premium,Referidos,20231223
C03997,2023-01-28,AMBA,Consumo,Paid Social,20230128
C03998,2025-06-19,NOA,Consumo,Referidos,20250619
C03999,2025-02-17,Cuyo,Premium,Email,20250217
C04000,2024-07-07,Patagonia,Consumo,Orgánico,20240707
C04001,2023-12-05,Litoral,Consumo,Referidos,20231205
C04002,2025-06-16,Cuyo,Consumo,Marketplace,20250616
C04003,2023-02-07,AMBA,Consumo,Orgánico,20230207
C04004,2024-04-20,AMBA,PyME,Orgánico,20240420
C04005,2025-05-03,Litoral,Consumo,Email,20250503
C04006,2025-10-11,Litoral,Consumo,Paid Social,20251011
C04007,2023-09-25,Litoral,Consumo,Email,20230925
C04008,2024-11-24,AMBA,PyME,Email,20241124
C04009,2023-07-22,Litoral,Premium,Referidos,20230722
C04010,2023-05-04,AMBA,Consumo,Orgánico,20230504
C04011,2024-01-11,AMBA,PyME,Paid Social,20240111
C04012,2025-07-31,Cuyo,Consumo,Marketplace,20250731
C04013,2025-01-04,Litoral,Premium,Paid Social,20250104
C04014,2024-06-05,Litoral,Consumo,Paid Social,20240605
C04015,2023-10-29,NOA,Consumo,Orgánico,20231029
C04016,2023-05-31,NOA,Consumo,Orgánico,20230531
C04017,2023-10-16,Cuyo,PyME,Paid Social,20231016
C04018,2023-06-12,Patagonia,PyME,Paid Social,20230612
C04019,2023-07-19,AMBA,Consumo,Referidos,20230719
C04020,2025-01-02,NOA,Consumo,Email,20250102
C04021,2023-05-22,Cuyo,Consumo,Marketplace,20230522
C04022,2023-02-20,Patagonia,Consumo,Marketplace,20230220
C04023,2024-07-31,NOA,Consumo,Orgánico,20240731
C04024,2023-11-02,Patagonia,Consumo,Orgánico,20231102
C04025,2024-04-29,NOA,Consumo,Marketplace,20240429
C04026,2023-05-29,AMBA,Consumo,Paid Social,20230529
C04027,2023-08-12,Centro,PyME,Paid Social,20230812
C04028,2024-04-14,Litoral,Consumo,Orgánico,20240414
C04029,2025-01-04,Litoral,Consumo,Referidos,20250104
C04030,2024-03-17,AMBA,Consumo,Orgánico,20240317
C04031,2024-07-30,Patagonia,Consumo,Orgánico,20240730
C04032,2024-07-09,AMBA,Consumo,Paid Social,20240709
C04033,2023-10-14,NOA,Premium,Referidos,20231014
C04034,2023-10-25,AMBA,Consumo,Orgánico,20231025
C04035,2024-03-29,Cuyo,Consumo,Referidos,20240329
C04036,2023-02-04,Patagonia,Premium,Paid Social,20230204
C04037,2024-12-30,Litoral,Consumo,Paid Social,20241230
C04038,2024-10-16,Patagonia,Consumo,Paid Social,20241016
C04039,2023-11-23,Patagonia,Premium,Orgánico,20231123
C04040,2024-02-03,NOA,Consumo,Paid Social,20240203
C04041,2023-12-17,Cuyo,Consumo,Marketplace,20231217
C04042,2024-11-24,NOA,Premium,Orgánico,20241124
C04043,2025-03-20,Litoral,PyME,Marketplace,20250320
C04044,2023-04-26,NOA,Consumo,Orgánico,20230426
C04045,2024-03-16,Patagonia,Consumo,Paid Social,20240316
C04046,2023-01-15,AMBA,Consumo,Email,20230115
C04047,2024-04-26,Litoral,Consumo,Referidos,20240426
C04048,2023-09-22,NOA,Consumo,Orgánico,20230922
C04049,2023-12-24,AMBA,Consumo,Orgánico,20231224
C04050,2024-05-01,NOA,Consumo,Email,20240501
C04051,2023-12-11,AMBA,Consumo,Orgánico,20231211
C04052,2024-02-24,NOA,Consumo,Email,20240224
C04053,2025-03-25,Patagonia,Consumo,Referidos,20250325
C04054,2025-05-12,AMBA,Consumo,Orgánico,20250512
C04055,2023-01-07,Patagonia,PyME,Referidos,20230107
C04056,2024-02-07,AMBA,Consumo,Orgánico,20240207
C04057,2025-06-20,Litoral,Consumo,Marketplace,20250620
C04058,2024-07-18,NOA,PyME,Marketplace,20240718
C04059,2023-08-07,Centro,Consumo,Email,20230807
C04060,2024-09-24,Centro,Consumo,Marketplace,20240924
C04061,2023-06-04,Cuyo,Consumo,Referidos,20230604
C04062,2023-01-24,Cuyo,Premium,Orgánico,20230124
C04063,2024-11-04,AMBA,Consumo,Orgánico,20241104
C04064,2024-07-02,Cuyo,Premium,Orgánico,20240702
C04065,2025-03-16,Centro,Consumo,Paid Social,20250316
C04066,2024-01-03,AMBA,Consumo,Email,20240103
C04067,2025-06-28,Centro,Consumo,Paid Social,20250628
C04068,2024-03-24,AMBA,PyME,Email,20240324
C04069,2025-02-24,NOA,Consumo,Paid Social,20250224
C04070,2023-04-17,NOA,Consumo,Orgánico,20230417
C04071,2023-04-14,Cuyo,Consumo,Orgánico,20230414
C04072,2025-04-13,NOA,Consumo,Marketplace,20250413
C04073,2025-06-07,Cuyo,Consumo,Paid Social,20250607
C04074,2025-09-30,NOA,Consumo,Paid Social,20250930
C04075,2023-12-12,Centro,Consumo,Orgánico,20231212
C04076,2023-01-24,Centro,PyME,Marketplace,20230124
C04077,2025-11-09,Patagonia,Consumo,Orgánico,20251109
C04078,2024-10-02,Centro,PyME,Email,20241002
C04079,2023-09-21,Patagonia,Consumo,Orgánico,20230921
C04080,2025-03-24,Cuyo,Consumo,Orgánico,20250324
C04081,2025-08-20,Cuyo,PyME,Referidos,20250820
C04082,2023-10-31,Cuyo,Premium,Email,20231031
C04083,2025-03-30,Patagonia,Consumo,Email,20250330
C04084,2025-04-18,AMBA,Consumo,Orgánico,20250418
C04085,2024-06-18,Patagonia,Premium,Marketplace,20240618
C04086,2024-11-04,Patagonia,Premium,Email,20241104
C04087,2023-10-15,Patagonia,Consumo,Marketplace,20231015
C04088,2025-09-16,NOA,Consumo,Orgánico,20250916
C04089,2025-11-13,Patagonia,Consumo,Paid Social,20251113
C04090,2025-11-10,Litoral,Consumo,Paid Social,20251110
C04091,2025-02-24,Cuyo,Consumo,Referidos,20250224
C04092,2023-02-15,Cuyo,Consumo,Referidos,20230215
C04093,2024-01-26,Patagonia,Consumo,Paid Social,20240126
C04094,2024-04-18,Cuyo,Consumo,Orgánico,20240418
C04095,2025-10-19,Litoral,Consumo,Orgánico,20251019
C04096,2024-08-05,AMBA,Consumo,Orgánico,20240805
C04097,2024-07-25,Centro,Consumo,Referidos,20240725
C04098,2023-06-06,Centro,Consumo,Orgánico,20230606
C04099,2025-04-25,Cuyo,Premium,Orgánico,20250425
C04100,2023-12-25,Litoral,Consumo,Paid Social,20231225
C04101,2023-04-08,Patagonia,Consumo,Orgánico,20230408
C04102,2025-11-17,Cuyo,Consumo,Marketplace,20251117
C04103,2023-07-22,AMBA,Consumo,Paid Social,20230722
C04104,2023-01-18,Litoral,Consumo,Marketplace,20230118
C04105,2023-03-24,AMBA,Consumo,Email,20230324
C04106,2024-04-26,NOA,Consumo,Email,20240426
C04107,2023-04-20,Patagonia,Consumo,Paid Social,20230420
C04108,2025-06-16,Centro,Consumo,Email,20250616
C04109,2024-06-29,Centro,Consumo,Email,20240629
C04110,2023-12-11,AMBA,Consumo,Orgánico,20231211
C04111,2023-01-04,Cuyo,Consumo,Marketplace,20230104
C04112,2024-05-25,AMBA,Consumo,Paid Social,20240525
C04113,2023-06-11,NOA,Premium,Paid Social,20230611
C04114,2025-11-07,AMBA,Consumo,Paid Social,20251107
C04115,2023-11-07,Litoral,Consumo,Email,20231107
C04116,2024-05-20,Litoral,Consumo,Paid Social,20240520
C04117,2023-01-20,Centro,Consumo,Paid Social,20230120
C04118,2023-05-20,Patagonia,Consumo,Orgánico,20230520
C04119,2023-08-09,AMBA,Consumo,Paid Social,20230809
C04120,2023-02-25,NOA,Consumo,Orgánico,20230225
C04121,2025-02-12,Patagonia,Consumo,Marketplace,20250212
C04122,2025-10-03,Litoral,Consumo,Paid Social,20251003
C04123,2025-11-15,NOA,Consumo,Marketplace,20251115
C04124,2023-10-11,Cuyo,PyME,Email,20231011
C04125,2025-04-20,Centro,PyME,Referidos,20250420
C04126,2024-06-20,AMBA,Premium,Marketplace,20240620
C04127,2023-02-18,NOA,Consumo,Orgánico,20230218
C04128,2023-04-07,Cuyo,Consumo,Email,20230407
C04129,2024-08-06,Patagonia,Consumo,Orgánico,20240806
C04130,2024-03-27,Centro,Premium,Orgánico,20240327
C04131,2023-01-09,NOA,Consumo,Paid Social,20230109
C04132,2025-09-17,NOA,Consumo,Email,20250917
C04133,2025-02-16,Centro,Consumo,Referidos,20250216
C04134,2024-06-19,Cuyo,Premium,Orgánico,20240619
C04135,2025-11-17,Patagonia,Premium,Referidos,20251117
C04136,2025-10-31,Centro,Consumo,Orgánico,20251031
C04137,2025-11-03,AMBA,Consumo,Orgánico,20251103
C04138,2023-10-03,Centro,Premium,Orgánico,20231003
C04139,2025-07-27,Litoral,Premium,Email,20250727
C04140,2024-06-21,AMBA,Premium,Paid Social,20240621
C04141,2025-02-12,Cuyo,Consumo,Orgánico,20250212
C04142,2025-07-04,NOA,Consumo,Orgánico,20250704
C04143,2023-06-23,AMBA,Premium,Email,20230623
C04144,2024-04-22,AMBA,Consumo,Referidos,20240422
C04145,2023-05-18,Cuyo,Consumo,Orgánico,20230518
C04146,2023-10-25,AMBA,Consumo,Referidos,20231025
C04147,2024-03-16,AMBA,Consumo,Email,20240316
C04148,2025-06-30,Centro,Premium,Paid Social,20250630
C04149,2025-07-07,AMBA,Consumo,Orgánico,20250707
C04150,2024-02-20,Patagonia,Consumo,Marketplace,20240220
C04151,2023-12-17,AMBA,Consumo,Paid Social,20231217
C04152,2024-07-19,Litoral,Premium,Paid Social,20240719
C04153,2025-08-29,Patagonia,Premium,Marketplace,20250829
C04154,2025-11-06,Litoral,Consumo,Referidos,20251106
C04155,2023-08-30,Litoral,Consumo,Referidos,20230830
C04156,2023-07-18,Cuyo,Consumo,Referidos,20230718
C04157,2025-01-22,NOA,Premium,Orgánico,20250122
C04158,2023-11-17,AMBA,Consumo,Referidos,20231117
C04159,2023-08-01,AMBA,Consumo,Paid Social,20230801
C04160,2023-02-03,NOA,PyME,Marketplace,20230203
C04161,2024-03-05,AMBA,Consumo,Paid Social,20240305
C04162,2024-02-22,Centro,Consumo,Orgánico,20240222
C04163,2024-08-22,Centro,Consumo,Paid Social,20240822
C04164,2023-08-02,AMBA,Consumo,Referidos,20230802
C04165,2025-01-30,AMBA,Consumo,Paid Social,20250130
C04166,2024-12-25,Litoral,Consumo,Referidos,20241225
C04167,2024-05-07,Litoral,Consumo,Orgánico,20240507
C04168,2023-07-13,AMBA,PyME,Orgánico,20230713
C04169,2024-06-23,NOA,Consumo,Email,20240623
C04170,2024-12-19,AMBA,Consumo,Paid Social,20241219
C04171,2024-02-01,Patagonia,Consumo,Email,20240201
C04172,2023-10-08,Patagonia,Premium,Marketplace,20231008
C04173,2024-06-23,Litoral,Consumo,Email,20240623
C04174,2024-01-14,Cuyo,Consumo,Paid Social,20240114
C04175,2024-03-02,AMBA,PyME,Paid Social,20240302
C04176,2024-01-07,Centro,Consumo,Marketplace,20240107
C04177,2023-11-20,NOA,Consumo,Email,20231120
C04178,2025-02-02,Cuyo,Premium,Referidos,20250202
C04179,2024-05-05,AMBA,Consumo,Paid Social,20240505
C04180,2024-05-11,Patagonia,Consumo,Referidos,20240511
C04181,2024-11-26,Patagonia,Consumo,Orgánico,20241126
C04182,2024-01-20,AMBA,Premium,Referidos,20240120
C04183,2023-04-18,AMBA,PyME,Marketplace,20230418
C04184,2025-06-27,AMBA,Consumo,Marketplace,20250627
C04185,2023-03-01,AMBA,Consumo,Orgánico,20230301
C04186,2024-09-01,Litoral,Consumo,Referidos,20240901
C04187,2023-10-11,AMBA,Consumo,Orgánico,20231011
C04188,2023-08-16,Litoral,Consumo,Paid Social,20230816
C04189,2023-02-14,Centro,Consumo,Email,20230214
C04190,2025-08-16,NOA,Consumo,Paid Social,20250816
C04191,2024-04-02,Patagonia,Consumo,Paid Social,20240402
C04192,2023-12-31,Cuyo,Consumo,Email,20231231
C04193,2025-02-28,Cuyo,Consumo,Email,20250228
C04194,2023-02-11,AMBA,Consumo,Email,20230211
C04195,2024-08-24,AMBA,Consumo,Paid Social,20240824
C04196,2024-06-10,Litoral,Consumo,Referidos,20240610
C04197,2024-08-12,AMBA,Consumo,Paid Social,20240812
C04198,2023-05-12,Litoral,Consumo,Orgánico,20230512
C04199,2025-10-11,Cuyo,Consumo,Paid Social,20251011
C04200,2023-09-11,AMBA,Premium,Referidos,20230911
C04201,2024-12-23,Litoral,Premium,Orgánico,20241223
C04202,2025-03-06,Litoral,Premium,Orgánico,20250306
C04203,2024-01-02,Patagonia,Consumo,Marketplace,20240102
C04204,2023-05-20,Centro,PyME,Marketplace,20230520
C04205,2023-11-12,Litoral,Consumo,Email,20231112
C04206,2025-05-09,NOA,Consumo,Referidos,20250509
C04207,2025-08-23,Centro,Consumo,Marketplace,20250823
C04208,2025-09-24,NOA,Consumo,Email,20250924
C04209,2023-08-30,Patagonia,Consumo,Orgánico,20230830
C04210,2024-10-07,Cuyo,Consumo,Email,20241007
C04211,2023-06-10,NOA,Premium,Marketplace,20230610
C04212,2025-01-26,NOA,Consumo,Referidos,20250126
C04213,2024-03-18,Centro,Consumo,Orgánico,20240318
C04214,2025-01-29,NOA,Premium,Marketplace,20250129
C04215,2024-12-30,AMBA,Consumo,Referidos,20241230
C04216,2025-11-23,AMBA,Consumo,Paid Social,20251123
C04217,2024-06-04,AMBA,Consumo,Marketplace,20240604
C04218,2023-12-30,Cuyo,Consumo,Referidos,20231230
C04219,2024-07-14,NOA,PyME,Referidos,20240714
C04220,2023-06-23,Litoral,Consumo,Marketplace,20230623
C04221,2023-04-30,Litoral,Premium,Orgánico,20230430
C04222,2024-07-06,AMBA,Consumo,Referidos,20240706
C04223,2025-05-29,Litoral,Consumo,Paid Social,20250529
C04224,2024-07-21,Cuyo,Premium,Marketplace,20240721
C04225,2025-04-12,Cuyo,Consumo,Marketplace,20250412
C04226,2023-07-09,Centro,Consumo,Referidos,20230709
C04227,2024-04-23,Centro,Consumo,Referidos,20240423
C04228,2024-10-14,NOA,Consumo,Referidos,20241014
C04229,2024-01-06,Litoral,Premium,Orgánico,20240106
C04230,2023-01-16,Cuyo,Consumo,Paid Social,20230116
C04231,2023-03-20,AMBA,Consumo,Orgánico,20230320
C04232,2025-09-14,Patagonia,PyME,Referidos,20250914
C04233,2024-10-06,Cuyo,Consumo,Email,20241006
C04234,2023-10-09,Cuyo,Consumo,Email,20231009
C04235,2023-10-03,Patagonia,PyME,Orgánico,20231003
C04236,2023-02-12,AMBA,PyME,Email,20230212
C04237,2025-10-03,Litoral,Consumo,Paid Social,20251003
C04238,2023-04-26,NOA,Consumo,Marketplace,20230426
C04239,2025-03-19,Cuyo,PyME,Marketplace,20250319
C04240,2023-09-13,AMBA,Premium,Paid Social,20230913
C04241,2023-12-24,Centro,Consumo,Referidos,20231224
C04242,2023-10-19,AMBA,Consumo,Orgánico,20231019
C04243,2025-05-28,Litoral,Consumo,Orgánico,20250528
C04244,2023-02-04,Cuyo,Premium,Email,20230204
C04245,2024-01-11,AMBA,Premium,Referidos,20240111
C04246,2023-10-25,Patagonia,Consumo,Orgánico,20231025
C04247,2023-10-18,Centro,Consumo,Orgánico,20231018
C04248,2023-07-25,Cuyo,Consumo,Paid Social,20230725
C04249,2025-08-29,NOA,Consumo,Orgánico,20250829
C04250,2024-02-08,AMBA,Consumo,Paid Social,20240208
C04251,2024-03-21,Centro,Consumo,Paid Social,20240321
C04252,2024-02-15,Centro,Consumo,Marketplace,20240215
C04253,2025-11-09,Litoral,Premium,Paid Social,20251109
C04254,2023-12-28,Centro,Consumo,Orgánico,20231228
C04255,2023-12-30,NOA,Consumo,Orgánico,20231230
C04256,2023-12-16,AMBA,PyME,Orgánico,20231216
C04257,2023-12-15,NOA,Consumo,Referidos,20231215
C04258,2023-04-06,Litoral,Consumo,Paid Social,20230406
C04259,2024-10-05,AMBA,Consumo,Orgánico,20241005
C04260,2023-01-27,AMBA,Premium,Marketplace,20230127
C04261,2023-08-29,AMBA,Consumo,Referidos,20230829
C04262,2023-08-04,Centro,Consumo,Orgánico,20230804
C04263,2023-11-07,Centro,Consumo,Orgánico,20231107
C04264,2025-03-16,Litoral,Consumo,Referidos,20250316
C04265,2024-09-30,Centro,Premium,Referidos,20240930
C04266,2025-11-21,Patagonia,Consumo,Marketplace,20251121
C04267,2024-01-10,Centro,Consumo,Orgánico,20240110
C04268,2025-09-15,Centro,Consumo,Referidos,20250915
C04269,2023-02-17,Centro,Consumo,Orgánico,20230217
C04270,2024-06-20,Centro,Consumo,Paid Social,20240620
C04271,2025-04-30,NOA,Premium,Referidos,20250430
C04272,2024-07-20,Centro,Consumo,Referidos,20240720
C04273,2025-09-20,Centro,Consumo,Orgánico,20250920
C04274,2023-12-02,NOA,Consumo,Orgánico,20231202
C04275,2023-02-05,Litoral,Premium,Referidos,20230205
C04276,2025-04-04,Centro,Consumo,Orgánico,20250404
C04277,2023-03-14,NOA,PyME,Paid Social,20230314
C04278,2025-03-25,Centro,Consumo,Orgánico,20250325
C04279,2025-02-20,AMBA,Consumo,Orgánico,20250220
C04280,2025-06-18,Cuyo,Consumo,Referidos,20250618
C04281,2024-05-25,Patagonia,Consumo,Orgánico,20240525
C04282,2025-08-11,Centro,PyME,Paid Social,20250811
C04283,2023-06-30,Patagonia,PyME,Referidos,20230630
C04284,2024-04-07,AMBA,Consumo,Orgánico,20240407
C04285,2023-05-10,Patagonia,Consumo,Email,20230510
C04286,2025-03-27,AMBA,Consumo,Paid Social,20250327
C04287,2025-01-30,Cuyo,Consumo,Referidos,20250130
C04288,2025-05-08,Litoral,Premium,Referidos,20250508
C04289,2025-03-25,Centro,PyME,Referidos,20250325
C04290,2023-11-25,Litoral,Consumo,Paid Social,20231125
C04291,2023-03-14,Patagonia,Consumo,Referidos,20230314
C04292,2025-09-16,Litoral,Consumo,Email,20250916
C04293,2024-06-08,Cuyo,Consumo,Paid Social,20240608
C04294,2023-04-11,Patagonia,Consumo,Orgánico,20230411
C04295,2025-09-14,Patagonia,Consumo,Orgánico,20250914
C04296,2025-11-24,Centro,Premium,Orgánico,20251124
C04297,2024-04-19,Patagonia,PyME,Orgánico,20240419
C04298,2025-03-31,NOA,Consumo,Marketplace,20250331
C04299,2023-02-08,Patagonia,Consumo,Marketplace,20230208
C04300,2023-04-10,Patagonia,Consumo,Orgánico,20230410
C04301,2023-10-22,Patagonia,Consumo,Marketplace,20231022
C04302,2024-11-29,Patagonia,Consumo,Referidos,20241129
C04303,2023-05-23,Centro,Premium,Paid Social,20230523
C04304,2023-02-06,Patagonia,Consumo,Marketplace,20230206
C04305,2024-12-13,Centro,Consumo,Referidos,20241213
C04306,2025-03-31,Cuyo,Consumo,Email,20250331
C04307,2025-02-26,NOA,Consumo,Orgánico,20250226
C04308,2025-05-01,Centro,Premium,Orgánico,20250501
C04309,2025-05-05,NOA,Consumo,Marketplace,20250505
C04310,2024-10-03,Cuyo,Consumo,Orgánico,20241003
C04311,2024-07-07,Centro,PyME,Orgánico,20240707
C04312,2025-07-01,AMBA,Consumo,Orgánico,20250701
C04313,2024-01-06,Litoral,Consumo,Paid Social,20240106
C04314,2023-04-15,Cuyo,Consumo,Paid Social,20230415
C04315,2025-03-11,Litoral,Consumo,Marketplace,20250311
C04316,2023-10-21,AMBA,Consumo,Paid Social,20231021
C04317,2025-11-08,Centro,Premium,Marketplace,20251108
C04318,2024-03-17,AMBA,Consumo,Email,20240317
C04319,2025-06-26,Centro,Consumo,Paid Social,20250626
C04320,2023-02-15,NOA,Premium,Orgánico,20230215
C04321,2024-12-03,AMBA,Consumo,Orgánico,20241203
C04322,2024-04-22,Patagonia,Consumo,Marketplace,20240422
C04323,2024-05-07,AMBA,Consumo,Referidos,20240507
C04324,2023-10-10,Litoral,Consumo,Paid Social,20231010
C04325,2025-10-31,NOA,Consumo,Marketplace,20251031
C04326,2024-02-23,Cuyo,Consumo,Referidos,20240223
C04327,2025-06-24,Centro,Consumo,Orgánico,20250624
C04328,2024-03-28,Litoral,Consumo,Email,20240328
C04329,2023-02-21,Centro,Consumo,Referidos,20230221
C04330,2025-07-25,NOA,Consumo,Referidos,20250725
C04331,2023-07-17,NOA,Consumo,Orgánico,20230717
C04332,2023-10-15,Litoral,Consumo,Orgánico,20231015
C04333,2025-07-06,Litoral,Consumo,Paid Social,20250706
C04334,2025-08-09,Litoral,Consumo,Orgánico,20250809
C04335,2025-09-03,Patagonia,Consumo,Orgánico,20250903
C04336,2024-03-29,Cuyo,Consumo,Email,20240329
C04337,2025-03-17,NOA,Consumo,Paid Social,20250317
C04338,2023-12-16,Cuyo,Consumo,Orgánico,20231216
C04339,2025-02-27,AMBA,Premium,Email,20250227
C04340,2024-06-19,Patagonia,Consumo,Orgánico,20240619
C04341,2023-02-25,Litoral,Consumo,Paid Social,20230225
C04342,2024-03-20,NOA,PyME,Referidos,20240320
C04343,2024-05-13,Cuyo,Consumo,Marketplace,20240513
C04344,2023-10-02,Cuyo,Premium,Orgánico,20231002
C04345,2024-02-03,Litoral,Premium,Marketplace,20240203
C04346,2024-06-19,Cuyo,Consumo,Marketplace,20240619
C04347,2023-02-22,Patagonia,Consumo,Email,20230222
C04348,2023-06-11,Cuyo,Consumo,Marketplace,20230611
C04349,2025-03-27,Patagonia,PyME,Orgánico,20250327
C04350,2024-01-10,Cuyo,Consumo,Orgánico,20240110
C04351,2024-10-09,Centro,Premium,Referidos,20241009
C04352,2024-08-25,NOA,Consumo,Paid Social,20240825
C04353,2024-08-10,Litoral,Consumo,Paid Social,20240810
C04354,2024-03-16,Patagonia,Consumo,Orgánico,20240316
C04355,2024-05-29,Litoral,Consumo,Orgánico,20240529
C04356,2025-05-27,Cuyo,Consumo,Orgánico,20250527
C04357,2025-10-24,NOA,PyME,Orgánico,20251024
C04358,2023-10-01,Cuyo,Consumo,Marketplace,20231001
C04359,2024-12-13,NOA,PyME,Orgánico,20241213
C04360,2025-10-29,Cuyo,PyME,Referidos,20251029
C04361,2023-01-09,AMBA,Consumo,Orgánico,20230109
C04362,2025-04-15,AMBA,Consumo,Paid Social,20250415
C04363,2024-06-13,NOA,Consumo,Marketplace,20240613
C04364,2025-10-27,Litoral,Consumo,Orgánico,20251027
C04365,2024-09-07,Cuyo,PyME,Orgánico,20240907
C04366,2025-06-11,Patagonia,Premium,Referidos,20250611
C04367,2023-06-26,Litoral,PyME,Orgánico,20230626
C04368,2023-06-01,Litoral,Consumo,Orgánico,20230601
C04369,2025-09-13,Patagonia,Consumo,Marketplace,20250913
C04370,2024-07-14,Centro,Consumo,Paid Social,20240714
C04371,2024-08-17,AMBA,Premium,Email,20240817
C04372,2023-07-01,Patagonia,Consumo,Orgánico,20230701
C04373,2023-08-30,AMBA,Consumo,Orgánico,20230830
C04374,2025-05-21,Patagonia,Consumo,Paid Social,20250521
C04375,2023-11-20,AMBA,Consumo,Email,20231120
C04376,2024-09-14,Centro,Consumo,Orgánico,20240914
C04377,2023-12-04,Patagonia,Consumo,Marketplace,20231204
C04378,2023-10-08,Litoral,Premium,Referidos,20231008
C04379,2023-06-26,Patagonia,Premium,Email,20230626
C04380,2025-09-17,Litoral,Consumo,Paid Social,20250917
C04381,2025-09-28,AMBA,Premium,Email,20250928
C04382,2023-05-03,NOA,Consumo,Referidos,20230503
C04383,2024-01-12,Centro,Premium,Orgánico,20240112
C04384,2024-08-23,AMBA,Consumo,Marketplace,20240823
C04385,2024-02-13,NOA,Consumo,Paid Social,20240213
C04386,2025-02-06,Centro,Consumo,Marketplace,20250206
C04387,2023-10-05,Litoral,Consumo,Marketplace,20231005
C04388,2023-03-04,Cuyo,Consumo,Orgánico,20230304
C04389,2023-12-25,Patagonia,Premium,Paid Social,20231225
C04390,2024-09-28,AMBA,Premium,Paid Social,20240928
C04391,2023-07-12,AMBA,Consumo,Paid Social,20230712
C04392,2025-05-18,Cuyo,Consumo,Referidos,20250518
C04393,2023-01-14,Cuyo,Premium,Orgánico,20230114
C04394,2023-03-13,Patagonia,Consumo,Email,20230313
C04395,2024-06-25,Litoral,Consumo,Marketplace,20240625
C04396,2024-06-29,AMBA,Consumo,Marketplace,20240629
C04397,2023-11-11,NOA,Consumo,Orgánico,20231111
C04398,2023-10-03,Cuyo,Consumo,Marketplace,20231003
C04399,2023-03-16,NOA,Consumo,Orgánico,20230316
C04400,2024-12-07,NOA,Consumo,Paid Social,20241207
C04401,2024-02-08,AMBA,Consumo,Orgánico,20240208
C04402,2023-05-07,Litoral,Premium,Email,20230507
C04403,2024-03-01,Cuyo,Consumo,Orgánico,20240301
C04404,2025-09-24,Cuyo,Consumo,Orgánico,20250924
C04405,2023-10-06,Centro,PyME,Paid Social,20231006
C04406,2025-08-10,Litoral,Premium,Marketplace,20250810
C04407,2023-10-03,Cuyo,Consumo,Email,20231003
C04408,2023-07-18,Centro,Consumo,Referidos,20230718
C04409,2023-10-05,Centro,Consumo,Email,20231005
C04410,2023-12-11,AMBA,Consumo,Paid Social,20231211
C04411,2023-05-09,NOA,Consumo,Orgánico,20230509
C04412,2024-09-17,Patagonia,Premium,Orgánico,20240917
C04413,2023-12-22,Cuyo,PyME,Paid Social,20231222
C04414,2025-02-03,Cuyo,PyME,Marketplace,20250203
C04415,2024-06-06,AMBA,Consumo,Orgánico,20240606
C04416,2024-04-16,Centro,PyME,Referidos,20240416
C04417,2024-05-16,NOA,PyME,Referidos,20240516
C04418,2023-06-16,AMBA,Consumo,Marketplace,20230616
C04419,2025-01-29,AMBA,Consumo,Orgánico,20250129
C04420,2023-04-21,NOA,Consumo,Marketplace,20230421
C04421,2025-02-07,Litoral,Consumo,Email,20250207
C04422,2025-11-30,AMBA,Consumo,Paid Social,20251130
C04423,2025-03-24,Cuyo,Consumo,Referidos,20250324
C04424,2024-04-29,Patagonia,Consumo,Orgánico,20240429
C04425,2023-12-01,Cuyo,Consumo,Referidos,20231201
C04426,2025-07-18,Cuyo,Consumo,Email,20250718
C04427,2023-10-01,Litoral,Consumo,Referidos,20231001
C04428,2024-05-28,Litoral,Premium,Marketplace,20240528
C04429,2025-03-31,NOA,PyME,Email,20250331
C04430,2025-09-09,Centro,Consumo,Orgánico,20250909
C04431,2025-09-07,Centro,Consumo,Orgánico,20250907
C04432,2023-04-04,AMBA,Premium,Marketplace,20230404
C04433,2025-08-14,Litoral,Consumo,Email,20250814
C04434,2023-05-02,Litoral,PyME,Marketplace,20230502
C04435,2024-09-14,Cuyo,Consumo,Paid Social,20240914
C04436,2025-09-17,Patagonia,Consumo,Paid Social,20250917
C04437,2024-11-28,Cuyo,Consumo,Marketplace,20241128
C04438,2025-10-06,Centro,Consumo,Referidos,20251006
C04439,2024-01-02,Litoral,Consumo,Paid Social,20240102
C04440,2023-12-02,Cuyo,Consumo,Orgánico,20231202
C04441,2023-12-14,Cuyo,Premium,Marketplace,20231214
C04442,2024-01-14,Cuyo,Consumo,Referidos,20240114
C04443,2024-12-28,NOA,Consumo,Paid Social,20241228
C04444,2024-04-26,Centro,Consumo,Paid Social,20240426
C04445,2025-02-24,Centro,Consumo,Orgánico,20250224
C04446,2024-03-19,Litoral,Consumo,Paid Social,20240319
C04447,2023-11-24,AMBA,Consumo,Orgánico,20231124
C04448,2023-07-22,AMBA,Consumo,Orgánico,20230722
C04449,2024-08-09,Litoral,Premium,Referidos,20240809
C04450,2025-08-14,Litoral,Consumo,Paid Social,20250814
C04451,2025-07-03,Litoral,Consumo,Referidos,20250703
C04452,2023-09-27,AMBA,Premium,Paid Social,20230927
C04453,2024-05-23,NOA,Consumo,Orgánico,20240523
C04454,2025-01-21,Cuyo,Consumo,Paid Social,20250121
C04455,2024-10-14,AMBA,Consumo,Orgánico,20241014
C04456,2023-03-13,Centro,Premium,Referidos,20230313
C04457,2024-09-21,Centro,Consumo,Marketplace,20240921
C04458,2023-02-11,Cuyo,Consumo,Referidos,20230211
C04459,2023-05-05,Cuyo,Premium,Referidos,20230505
C04460,2024-11-27,Cuyo,Consumo,Marketplace,20241127
C04461,2023-04-20,Cuyo,Premium,Referidos,20230420
C04462,2023-12-28,NOA,Consumo,Email,20231228
C04463,2024-09-18,NOA,Consumo,Referidos,20240918
C04464,2024-11-29,Cuyo,Consumo,Paid Social,20241129
C04465,2024-04-19,NOA,Premium,Orgánico,20240419
C04466,2023-04-11,Patagonia,Premium,Referidos,20230411
C04467,2025-05-01,Patagonia,Consumo,Referidos,20250501
C04468,2025-10-08,Centro,Consumo,Orgánico,20251008
C04469,2025-08-04,Cuyo,Consumo,Marketplace,20250804
C04470,2025-03-08,Cuyo,Consumo,Orgánico,20250308
C04471,2024-03-04,AMBA,Premium,Referidos,20240304
C04472,2025-07-22,AMBA,Consumo,Marketplace,20250722
C04473,2024-06-03,Litoral,Consumo,Paid Social,20240603
C04474,2023-05-26,Cuyo,Consumo,Marketplace,20230526
C04475,2025-06-24,Patagonia,Consumo,Referidos,20250624
C04476,2023-12-07,Patagonia,Consumo,Referidos,20231207
C04477,2025-09-26,AMBA,Consumo,Marketplace,20250926
C04478,2024-01-28,NOA,Consumo,Email,20240128
C04479,2025-07-14,Cuyo,PyME,Paid Social,20250714
C04480,2024-07-26,Litoral,Consumo,Email,20240726
C04481,2024-05-12,NOA,Premium,Paid Social,20240512
C04482,2023-11-13,Litoral,Consumo,Paid Social,20231113
C04483,2025-06-09,AMBA,Consumo,Orgánico,20250609
C04484,2023-03-06,Centro,Premium,Paid Social,20230306
C04485,2024-05-14,Cuyo,Consumo,Referidos,20240514
C04486,2024-01-28,AMBA,Consumo,Marketplace,20240128
C04487,2024-08-01,Centro,Consumo,Marketplace,20240801
C04488,2023-09-29,Patagonia,Consumo,Orgánico,20230929
C04489,2024-12-08,AMBA,Premium,Email,20241208
C04490,2024-02-16,Centro,Consumo,Email,20240216
C04491,2023-07-20,Litoral,Consumo,Orgánico,20230720
C04492,2023-07-29,AMBA,Consumo,Email,20230729
C04493,2025-01-11,Centro,Consumo,Paid Social,20250111
C04494,2023-10-06,NOA,Premium,Marketplace,20231006
C04495,2023-11-24,Litoral,Consumo,Orgánico,20231124
C04496,2024-10-29,NOA,PyME,Referidos,20241029
C04497,2023-12-18,Cuyo,Consumo,Marketplace,20231218
C04498,2024-02-18,Litoral,Consumo,Referidos,20240218
C04499,2023-09-18,Centro,Consumo,Orgánico,20230918
C04500,2024-01-03,Cuyo,Consumo,Orgánico,20240103
C04501,2025-01-07,Centro,Premium,Marketplace,20250107
C04502,2024-07-22,Patagonia,Consumo,Orgánico,20240722
C04503,2025-11-28,Centro,Consumo,Orgánico,20251128
C04504,2025-04-02,Centro,Premium,Marketplace,20250402
C04505,2023-01-18,Cuyo,Consumo,Referidos,20230118
C04506,2024-02-08,Cuyo,Consumo,Referidos,20240208
C04507,2023-11-05,Centro,Consumo,Orgánico,20231105
C04508,2024-09-17,Cuyo,Consumo,Paid Social,20240917
C04509,2023-10-10,Centro,Premium,Referidos,20231010
C04510,2025-10-26,NOA,Consumo,Paid Social,20251026
C04511,2023-11-15,Litoral,Consumo,Orgánico,20231115
C04512,2024-07-09,NOA,Consumo,Orgánico,20240709
C04513,2023-05-11,NOA,Consumo,Email,20230511
C04514,2025-08-26,Litoral,Consumo,Orgánico,20250826
C04515,2025-08-29,Patagonia,Consumo,Marketplace,20250829
C04516,2025-04-25,AMBA,Premium,Orgánico,20250425
C04517,2024-01-10,NOA,Consumo,Orgánico,20240110
C04518,2023-03-04,Cuyo,Consumo,Marketplace,20230304
C04519,2025-01-27,Patagonia,Consumo,Marketplace,20250127
C04520,2024-04-01,Centro,Consumo,Email,20240401
C04521,2025-11-20,AMBA,Consumo,Marketplace,20251120
C04522,2025-01-13,NOA,Consumo,Orgánico,20250113
C04523,2024-07-27,Cuyo,PyME,Paid Social,20240727
C04524,2025-11-16,AMBA,Consumo,Orgánico,20251116
C04525,2025-05-02,Litoral,Consumo,Paid Social,20250502
C04526,2024-05-03,AMBA,Consumo,Referidos,20240503
C04527,2023-01-21,Cuyo,Consumo,Referidos,20230121
C04528,2023-04-09,Patagonia,Consumo,Orgánico,20230409
C04529,2024-04-17,Patagonia,Consumo,Paid Social,20240417
C04530,2024-08-21,Cuyo,Consumo,Marketplace,20240821
C04531,2023-02-02,Cuyo,Consumo,Email,20230202
C04532,2023-05-15,NOA,Consumo,Orgánico,20230515
C04533,2025-01-20,Centro,Consumo,Paid Social,20250120
C04534,2025-03-11,AMBA,Consumo,Paid Social,20250311
C04535,2023-02-01,AMBA,Consumo,Paid Social,20230201
C04536,2024-06-24,Patagonia,PyME,Paid Social,20240624
C04537,2023-03-28,Cuyo,Consumo,Paid Social,20230328
C04538,2025-02-09,AMBA,Consumo,Paid Social,20250209
C04539,2025-06-07,Centro,Premium,Paid Social,20250607
C04540,2025-07-14,AMBA,Consumo,Orgánico,20250714
C04541,2024-09-29,Patagonia,Consumo,Orgánico,20240929
C04542,2024-10-31,Cuyo,Consumo,Paid Social,20241031
C04543,2025-09-13,AMBA,Consumo,Marketplace,20250913
C04544,2024-10-14,Centro,Consumo,Referidos,20241014
C04545,2024-04-20,Litoral,Consumo,Orgánico,20240420
C04546,2025-03-14,Litoral,Premium,Paid Social,20250314
C04547,2024-09-21,Patagonia,Premium,Email,20240921
C04548,2025-06-16,AMBA,Consumo,Paid Social,20250616
C04549,2024-07-12,AMBA,Consumo,Referidos,20240712
C04550,2025-07-14,AMBA,Consumo,Marketplace,20250714
C04551,2023-02-17,Cuyo,Consumo,Orgánico,20230217
C04552,2023-02-08,Patagonia,Consumo,Paid Social,20230208
C04553,2023-04-16,Litoral,Consumo,Paid Social,20230416
C04554,2024-08-15,Centro,Consumo,Email,20240815
C04555,2025-01-25,Litoral,PyME,Orgánico,20250125
C04556,2023-08-19,Litoral,Consumo,Email,20230819
C04557,2023-06-15,Centro,Consumo,Orgánico,20230615
C04558,2025-07-05,Patagonia,Consumo,Referidos,20250705
C04559,2025-03-10,Cuyo,Consumo,Email,20250310
C04560,2024-11-21,AMBA,Consumo,Paid Social,20241121
C04561,2024-06-04,Cuyo,Consumo,Marketplace,20240604
C04562,2024-03-23,Patagonia,Consumo,Referidos,20240323
C04563,2023-01-22,Patagonia,Premium,Paid Social,20230122
C04564,2023-07-20,Centro,PyME,Marketplace,20230720
C04565,2025-08-13,Patagonia,Consumo,Referidos,20250813
C04566,2023-12-28,Cuyo,Consumo,Orgánico,20231228
C04567,2025-01-20,Cuyo,Consumo,Email,20250120
C04568,2025-01-19,AMBA,Consumo,Email,20250119
C04569,2023-11-26,NOA,PyME,Email,20231126
C04570,2023-08-06,NOA,Consumo,Marketplace,20230806
C04571,2025-01-06,Centro,Consumo,Paid Social,20250106
C04572,2023-04-10,Litoral,PyME,Orgánico,20230410
C04573,2024-06-10,Patagonia,Consumo,Paid Social,20240610
C04574,2025-08-03,Litoral,Consumo,Referidos,20250803
C04575,2025-01-27,Centro,Consumo,Paid Social,20250127
C04576,2025-03-24,NOA,Consumo,Orgánico,20250324
C04577,2023-03-30,Centro,Consumo,Paid Social,20230330
C04578,2023-08-01,Cuyo,PyME,Email,20230801
C04579,2023-10-20,Cuyo,Consumo,Orgánico,20231020
C04580,2023-11-08,NOA,Consumo,Paid Social,20231108
C04581,2023-07-26,Litoral,Consumo,Orgánico,20230726
C04582,2025-11-01,Patagonia,Consumo,Paid Social,20251101
C04583,2023-06-25,NOA,Consumo,Orgánico,20230625
C04584,2025-01-24,NOA,Premium,Orgánico,20250124
C04585,2024-09-16,NOA,Consumo,Referidos,20240916
C04586,2024-10-12,NOA,Consumo,Orgánico,20241012
C04587,2023-08-17,NOA,Consumo,Orgánico,20230817
C04588,2023-11-24,NOA,Consumo,Email,20231124
C04589,2024-10-07,Litoral,Consumo,Orgánico,20241007
C04590,2023-11-15,AMBA,Premium,Orgánico,20231115
C04591,2025-01-09,AMBA,Consumo,Paid Social,20250109
C04592,2023-02-12,Patagonia,Premium,Paid Social,20230212
C04593,2023-03-19,Centro,Premium,Paid Social,20230319
C04594,2025-02-14,Patagonia,Consumo,Marketplace,20250214
C04595,2024-10-18,NOA,Consumo,Paid Social,20241018
C04596,2023-02-15,Litoral,Premium,Email,20230215
C04597,2025-08-15,Patagonia,PyME,Marketplace,20250815
C04598,2023-01-06,Centro,Consumo,Paid Social,20230106
C04599,2025-10-14,Cuyo,Consumo,Referidos,20251014
C04600,2025-02-15,NOA,Consumo,Paid Social,20250215
C04601,2025-11-18,Patagonia,Premium,Email,20251118
C04602,2025-10-07,Centro,PyME,Marketplace,20251007
C04603,2023-11-30,NOA,PyME,Orgánico,20231130
C04604,2025-03-16,Cuyo,Consumo,Marketplace,20250316
C04605,2023-08-13,NOA,Consumo,Paid Social,20230813
C04606,2024-05-17,Litoral,Premium,Email,20240517
C04607,2023-09-13,Litoral,Consumo,Paid Social,20230913
C04608,2024-06-01,AMBA,PyME,Orgánico,20240601
C04609,2025-07-18,Cuyo,Consumo,Orgánico,20250718
C04610,2024-04-09,Patagonia,Premium,Marketplace,20240409
C04611,2023-04-09,NOA,Consumo,Email,20230409
C04612,2023-12-12,AMBA,Consumo,Marketplace,20231212
C04613,2025-04-17,AMBA,Consumo,Orgánico,20250417
C04614,2024-07-09,Patagonia,Consumo,Orgánico,20240709
C04615,2024-08-19,Cuyo,Consumo,Paid Social,20240819
C04616,2024-04-04,NOA,Premium,Orgánico,20240404
C04617,2023-11-08,AMBA,Consumo,Paid Social,20231108
C04618,2024-09-29,Cuyo,Consumo,Marketplace,20240929
C04619,2024-11-05,AMBA,Consumo,Marketplace,20241105
C04620,2025-08-14,Patagonia,PyME,Paid Social,20250814
C04621,2024-10-19,NOA,Premium,Paid Social,20241019
C04622,2025-11-25,AMBA,Premium,Email,20251125
C04623,2025-05-30,Centro,Premium,Email,20250530
C04624,2023-03-25,NOA,Consumo,Email,20230325
C04625,2024-02-22,AMBA,PyME,Paid Social,20240222
C04626,2024-02-14,NOA,Consumo,Orgánico,20240214
C04627,2023-01-04,NOA,Consumo,Orgánico,20230104
C04628,2023-07-12,AMBA,Consumo,Marketplace,20230712
C04629,2025-03-22,AMBA,Consumo,Referidos,20250322
C04630,2024-01-11,Patagonia,Premium,Marketplace,20240111
C04631,2023-06-07,AMBA,Consumo,Paid Social,20230607
C04632,2023-11-03,Litoral,Premium,Paid Social,20231103
C04633,2023-10-20,AMBA,PyME,Paid Social,20231020
C04634,2023-07-05,Litoral,Consumo,Marketplace,20230705
C04635,2023-04-18,Cuyo,Consumo,Orgánico,20230418
C04636,2025-03-24,Patagonia,Consumo,Referidos,20250324
C04637,2025-05-28,NOA,Consumo,Orgánico,20250528
C04638,2024-06-12,Cuyo,Premium,Orgánico,20240612
C04639,2024-10-17,Litoral,Consumo,Orgánico,20241017
C04640,2025-09-05,Litoral,Consumo,Paid Social,20250905
C04641,2025-06-16,NOA,Consumo,Referidos,20250616
C04642,2023-02-04,Centro,Consumo,Marketplace,20230204
C04643,2025-10-11,Centro,Consumo,Email,20251011
C04644,2023-03-13,Cuyo,Consumo,Paid Social,20230313
C04645,2023-01-29,Patagonia,Consumo,Referidos,20230129
C04646,2024-03-05,NOA,Premium,Orgánico,20240305
C04647,2025-03-05,Centro,Consumo,Referidos,20250305
C04648,2023-03-27,AMBA,Consumo,Referidos,20230327
C04649,2023-11-09,Litoral,Consumo,Paid Social,20231109
C04650,2023-10-07,Litoral,Consumo,Orgánico,20231007
C04651,2024-02-28,Cuyo,Consumo,Orgánico,20240228
C04652,2025-11-16,Centro,Premium,Paid Social,20251116
C04653,2023-12-19,NOA,Consumo,Marketplace,20231219
C04654,2023-08-11,NOA,Consumo,Email,20230811
C04655,2023-05-11,Patagonia,Consumo,Paid Social,20230511
C04656,2023-07-30,Litoral,Consumo,Paid Social,20230730
C04657,2023-05-22,Centro,Consumo,Referidos,20230522
C04658,2024-09-02,Cuyo,Premium,Paid Social,20240902
C04659,2024-03-23,AMBA,PyME,Orgánico,20240323
C04660,2024-06-14,Centro,Consumo,Email,20240614
C04661,2025-06-05,Cuyo,PyME,Paid Social,20250605
C04662,2024-09-10,Cuyo,Consumo,Paid Social,20240910
C04663,2023-06-15,AMBA,Consumo,Paid Social,20230615
C04664,2024-02-06,NOA,Consumo,Orgánico,20240206
C04665,2023-11-29,Centro,Consumo,Marketplace,20231129
C04666,2025-05-30,Litoral,Consumo,Referidos,20250530
C04667,2023-11-23,Cuyo,Consumo,Marketplace,20231123
C04668,2023-05-28,Cuyo,Consumo,Marketplace,20230528
C04669,2025-02-22,NOA,Consumo,Paid Social,20250222
C04670,2024-04-01,Patagonia,Premium,Paid Social,20240401
C04671,2023-04-13,NOA,Consumo,Referidos,20230413
C04672,2025-01-04,Cuyo,PyME,Orgánico,20250104
C04673,2023-08-13,Centro,Consumo,Marketplace,20230813
C04674,2025-07-13,Cuyo,Consumo,Orgánico,20250713
C04675,2025-06-05,Litoral,Consumo,Paid Social,20250605
C04676,2024-01-29,Cuyo,Consumo,Email,20240129
C04677,2024-08-14,Cuyo,Consumo,Marketplace,20240814
C04678,2024-08-27,AMBA,Consumo,Email,20240827
C04679,2024-11-26,Litoral,Consumo,Email,20241126
C04680,2023-03-15,Patagonia,Consumo,Paid Social,20230315
C04681,2023-12-12,Litoral,PyME,Email,20231212
C04682,2023-07-01,NOA,Consumo,Referidos,20230701
C04683,2025-01-12,NOA,Consumo,Paid Social,20250112
C04684,2023-03-15,NOA,Consumo,Referidos,20230315
C04685,2024-07-04,AMBA,Consumo,Orgánico,20240704
C04686,2025-02-14,NOA,Consumo,Paid Social,20250214
C04687,2025-10-07,Cuyo,Premium,Marketplace,20251007
C04688,2023-11-03,Cuyo,Consumo,Paid Social,20231103
C04689,2023-01-09,Cuyo,Consumo,Email,20230109
C04690,2025-02-09,Centro,Consumo,Paid Social,20250209
C04691,2023-01-02,NOA,Consumo,Marketplace,20230102
C04692,2023-03-12,Litoral,Consumo,Orgánico,20230312
C04693,2025-11-20,NOA,PyME,Orgánico,20251120
C04694,2025-07-07,NOA,Consumo,Marketplace,20250707
C04695,2025-01-23,Cuyo,Consumo,Email,20250123
C04696,2025-06-08,Patagonia,Premium,Paid Social,20250608
C04697,2023-03-22,Litoral,Consumo,Paid Social,20230322
C04698,2023-04-05,Cuyo,Premium,Paid Social,20230405
C04699,2023-11-17,Patagonia,Premium,Marketplace,20231117
C04700,2023-01-26,Patagonia,Consumo,Email,20230126
C04701,2025-08-04,NOA,Consumo,Marketplace,20250804
C04702,2023-03-01,Patagonia,Consumo,Marketplace,20230301
C04703,2024-08-02,Litoral,Consumo,Paid Social,20240802
C04704,2025-06-28,NOA,Consumo,Email,20250628
C04705,2025-02-21,AMBA,Consumo,Email,20250221
C04706,2023-09-07,Patagonia,Premium,Referidos,20230907
C04707,2024-05-15,Cuyo,Consumo,Email,20240515
C04708,2024-08-06,Cuyo,Consumo,Orgánico,20240806
C04709,2025-03-28,Patagonia,Consumo,Marketplace,20250328
C04710,2024-03-29,Centro,Consumo,Email,20240329
C04711,2023-10-31,NOA,Consumo,Marketplace,20231031
C04712,2025-04-27,Cuyo,Consumo,Paid Social,20250427
C04713,2025-08-02,Cuyo,Consumo,Paid Social,20250802
C04714,2024-06-04,Centro,Consumo,Email,20240604
C04715,2023-01-30,Cuyo,Consumo,Referidos,20230130
C04716,2024-06-17,NOA,Consumo,Orgánico,20240617
C04717,2025-08-05,AMBA,Consumo,Paid Social,20250805
C04718,2025-11-19,Litoral,Premium,Referidos,20251119
C04719,2024-03-03,NOA,Consumo,Marketplace,20240303
C04720,2023-06-09,Cuyo,Consumo,Orgánico,20230609
C04721,2024-09-01,Litoral,Consumo,Orgánico,20240901
C04722,2025-06-03,Cuyo,Consumo,Paid Social,20250603
C04723,2025-10-03,AMBA,Consumo,Orgánico,20251003
C04724,2023-02-25,Litoral,PyME,Orgánico,20230225
C04725,2023-11-06,NOA,Consumo,Paid Social,20231106
C04726,2024-05-23,Litoral,Consumo,Email,20240523
C04727,2023-04-15,Cuyo,Premium,Paid Social,20230415
C04728,2025-08-01,AMBA,Consumo,Paid Social,20250801
C04729,2023-04-30,NOA,Consumo,Marketplace,20230430
C04730,2024-12-09,NOA,Consumo,Paid Social,20241209
C04731,2025-09-05,NOA,PyME,Referidos,20250905
C04732,2024-12-30,Cuyo,Consumo,Orgánico,20241230
C04733,2025-03-23,Litoral,Consumo,Referidos,20250323
C04734,2023-10-08,Cuyo,Premium,Referidos,20231008
C04735,2025-05-31,Centro,Premium,Orgánico,20250531
C04736,2024-03-21,Centro,PyME,Email,20240321
C04737,2023-03-07,Cuyo,Consumo,Email,20230307
C04738,2024-01-26,Litoral,PyME,Paid Social,20240126
C04739,2024-01-08,AMBA,Consumo,Referidos,20240108
C04740,2024-07-09,Patagonia,Consumo,Paid Social,20240709
C04741,2023-10-10,Cuyo,Premium,Paid Social,20231010
C04742,2024-05-07,NOA,Consumo,Marketplace,20240507
C04743,2024-03-31,Centro,Consumo,Orgánico,20240331
C04744,2023-12-15,AMBA,Consumo,Orgánico,20231215
C04745,2025-01-11,Centro,Premium,Orgánico,20250111
C04746,2023-11-22,NOA,Consumo,Marketplace,20231122
C04747,2025-03-26,Centro,Premium,Orgánico,20250326
C04748,2023-09-25,Patagonia,Consumo,Orgánico,20230925
C04749,2025-07-10,NOA,Consumo,Referidos,20250710
C04750,2024-01-24,Centro,Consumo,Referidos,20240124
C04751,2023-02-13,Litoral,PyME,Paid Social,20230213
C04752,2023-06-09,Centro,Consumo,Marketplace,20230609
C04753,2025-05-08,Cuyo,Consumo,Orgánico,20250508
C04754,2025-07-17,Centro,Consumo,Email,20250717
C04755,2023-08-14,Patagonia,PyME,Email,20230814
C04756,2024-10-03,NOA,Premium,Paid Social,20241003
C04757,2024-09-03,Centro,Consumo,Marketplace,20240903
C04758,2023-05-23,Centro,Consumo,Email,20230523
C04759,2024-04-26,Patagonia,Consumo,Orgánico,20240426
C04760,2025-01-08,Cuyo,Consumo,Orgánico,20250108
C04761,2025-10-26,Litoral,Premium,Orgánico,20251026
C04762,2025-06-21,Patagonia,Consumo,Marketplace,20250621
C04763,2023-04-15,AMBA,Consumo,Orgánico,20230415
C04764,2023-09-10,NOA,Consumo,Marketplace,20230910
C04765,2024-04-10,Cuyo,Consumo,Orgánico,20240410
C04766,2023-06-10,Litoral,Consumo,Marketplace,20230610
C04767,2024-08-30,Cuyo,Consumo,Referidos,20240830
C04768,2023-01-10,Patagonia,Consumo,Orgánico,20230110
C04769,2023-05-01,Litoral,Consumo,Orgánico,20230501
C04770,2023-02-20,Centro,Consumo,Referidos,20230220
C04771,2023-11-11,Centro,Consumo,Orgánico,20231111
C04772,2025-03-22,NOA,Consumo,Orgánico,20250322
C04773,2023-07-08,Litoral,Consumo,Referidos,20230708
C04774,2025-11-17,Centro,Consumo,Marketplace,20251117
C04775,2023-10-15,AMBA,Consumo,Referidos,20231015
C04776,2023-02-17,AMBA,Consumo,Marketplace,20230217
C04777,2023-12-24,NOA,Consumo,Email,20231224
C04778,2025-03-07,NOA,Consumo,Referidos,20250307
C04779,2023-04-24,Cuyo,Consumo,Paid Social,20230424
C04780,2023-03-18,Centro,Premium,Referidos,20230318
C04781,2025-06-23,Cuyo,Consumo,Email,20250623
C04782,2024-09-22,AMBA,Premium,Email,20240922
C04783,2024-01-01,Litoral,Consumo,Marketplace,20240101
C04784,2025-03-16,Litoral,Consumo,Paid Social,20250316
C04785,2025-06-18,NOA,Consumo,Email,20250618
C04786,2024-01-18,Centro,Consumo,Paid Social,20240118
C04787,2024-08-20,Centro,Consumo,Orgánico,20240820
C04788,2023-01-12,AMBA,Premium,Paid Social,20230112
C04789,2023-11-23,Cuyo,Premium,Marketplace,20231123
C04790,2024-09-25,Litoral,Consumo,Paid Social,20240925
C04791,2023-07-29,AMBA,Consumo,Email,20230729
C04792,2025-11-21,Patagonia,Consumo,Email,20251121
C04793,2025-10-31,Cuyo,Consumo,Marketplace,20251031
C04794,2023-10-02,Patagonia,Consumo,Referidos,20231002
C04795,2024-02-27,Cuyo,Consumo,Orgánico,20240227
C04796,2023-07-21,AMBA,Consumo,Paid Social,20230721
C04797,2024-06-20,AMBA,Premium,Referidos,20240620
C04798,2023-05-12,Litoral,Consumo,Orgánico,20230512
C04799,2024-02-21,Litoral,Consumo,Paid Social,20240221
C04800,2024-08-14,Patagonia,Consumo,Paid Social,20240814
C04801,2024-10-13,NOA,PyME,Orgánico,20241013
C04802,2024-09-27,AMBA,Consumo,Marketplace,20240927
C04803,2023-08-24,Centro,Consumo,Marketplace,20230824
C04804,2025-04-23,Centro,Consumo,Referidos,20250423
C04805,2025-01-06,AMBA,Consumo,Orgánico,20250106
C04806,2025-03-13,AMBA,Consumo,Marketplace,20250313
C04807,2024-05-13,AMBA,PyME,Email,20240513
C04808,2025-08-08,Litoral,PyME,Marketplace,20250808
C04809,2024-02-20,AMBA,PyME,Orgánico,20240220
C04810,2025-05-08,Centro,Consumo,Orgánico,20250508
C04811,2023-08-05,AMBA,Consumo,Email,20230805
C04812,2023-09-21,Patagonia,Consumo,Marketplace,20230921
C04813,2024-07-14,Litoral,Consumo,Orgánico,20240714
C04814,2024-08-15,NOA,Consumo,Paid Social,20240815
C04815,2025-03-05,AMBA,Consumo,Email,20250305
C04816,2023-11-13,Centro,Consumo,Marketplace,20231113
C04817,2025-07-18,Cuyo,PyME,Referidos,20250718
C04818,2023-12-18,Litoral,Premium,Marketplace,20231218
C04819,2024-07-22,AMBA,Consumo,Email,20240722
C04820,2025-09-19,Centro,Consumo,Marketplace,20250919
C04821,2024-07-28,Cuyo,Consumo,Paid Social,20240728
C04822,2024-12-27,AMBA,Consumo,Orgánico,20241227
C04823,2025-08-25,Cuyo,Consumo,Referidos,20250825
C04824,2025-11-03,Patagonia,Consumo,Email,20251103
C04825,2024-06-15,Litoral,Consumo,Paid Social,20240615
C04826,2024-03-20,Cuyo,Premium,Orgánico,20240320
C04827,2023-07-29,Cuyo,Premium,Referidos,20230729
C04828,2024-07-26,NOA,Consumo,Referidos,20240726
C04829,2025-09-05,Litoral,Premium,Paid Social,20250905
C04830,2024-06-02,Litoral,Consumo,Marketplace,20240602
C04831,2024-01-07,NOA,Consumo,Paid Social,20240107
C04832,2023-04-25,AMBA,Consumo,Orgánico,20230425
C04833,2024-02-20,AMBA,Consumo,Orgánico,20240220
C04834,2023-09-10,Cuyo,Consumo,Paid Social,20230910
C04835,2025-11-06,Centro,Consumo,Orgánico,20251106
C04836,2024-07-15,Centro,Consumo,Referidos,20240715
C04837,2023-05-26,AMBA,PyME,Referidos,20230526
C04838,2023-03-13,NOA,Consumo,Paid Social,20230313
C04839,2025-06-25,Litoral,Consumo,Marketplace,20250625
C04840,2025-09-19,Patagonia,PyME,Marketplace,20250919
C04841,2025-03-23,AMBA,Consumo,Paid Social,20250323
C04842,2023-05-12,Cuyo,Consumo,Orgánico,20230512
C04843,2023-04-15,Litoral,PyME,Orgánico,20230415
C04844,2023-07-30,Litoral,Consumo,Email,20230730
C04845,2025-03-10,Patagonia,Consumo,Paid Social,20250310
C04846,2025-03-26,Patagonia,Consumo,Email,20250326
C04847,2025-06-11,Cuyo,Consumo,Email,20250611
C04848,2023-04-14,Patagonia,Premium,Email,20230414
C04849,2023-06-13,Centro,Consumo,Orgánico,20230613
C04850,2025-08-16,AMBA,Consumo,Orgánico,20250816
C04851,2025-09-16,NOA,Consumo,Paid Social,20250916
C04852,2025-02-11,AMBA,PyME,Referidos,20250211
C04853,2023-04-23,Centro,Consumo,Email,20230423
C04854,2023-03-15,AMBA,Consumo,Email,20230315
C04855,2023-03-01,Centro,PyME,Email,20230301
C04856,2025-01-06,Cuyo,Consumo,Paid Social,20250106
C04857,2025-06-19,AMBA,Consumo,Orgánico,20250619
C04858,2024-11-03,Cuyo,Consumo,Orgánico,20241103
C04859,2023-10-07,NOA,Premium,Orgánico,20231007
C04860,2025-03-17,AMBA,Consumo,Orgánico,20250317
C04861,2023-03-04,NOA,Consumo,Paid Social,20230304
C04862,2025-06-01,Cuyo,Premium,Referidos,20250601
C04863,2025-08-07,Litoral,Consumo,Orgánico,20250807
C04864,2025-02-04,Cuyo,Consumo,Orgánico,20250204
C04865,2025-07-25,Centro,Consumo,Orgánico,20250725
C04866,2024-09-16,AMBA,Premium,Orgánico,20240916
C04867,2024-05-13,Litoral,Consumo,Orgánico,20240513
C04868,2023-12-10,NOA,Consumo,Orgánico,20231210
C04869,2025-09-08,Litoral,Consumo,Orgánico,20250908
C04870,2025-01-12,Litoral,Consumo,Marketplace,20250112
C04871,2023-07-22,Litoral,PyME,Paid Social,20230722
C04872,2025-10-16,Cuyo,Consumo,Orgánico,20251016
C04873,2023-03-05,AMBA,Consumo,Paid Social,20230305
C04874,2024-09-17,Litoral,Premium,Orgánico,20240917
C04875,2023-07-22,NOA,Consumo,Email,20230722
C04876,2024-12-08,Centro,Consumo,Paid Social,20241208
C04877,2024-03-15,NOA,Premium,Marketplace,20240315
C04878,2024-04-10,NOA,Consumo,Marketplace,20240410
C04879,2024-12-16,Centro,Consumo,Referidos,20241216
C04880,2025-03-16,Litoral,Consumo,Orgánico,20250316
C04881,2024-02-09,Patagonia,Consumo,Paid Social,20240209
C04882,2025-11-28,Cuyo,Consumo,Paid Social,20251128
C04883,2024-06-14,Patagonia,Consumo,Referidos,20240614
C04884,2023-06-20,NOA,Premium,Orgánico,20230620
C04885,2023-01-07,Litoral,PyME,Email,20230107
C04886,2023-08-04,NOA,Premium,Paid Social,20230804
C04887,2025-01-06,Patagonia,Consumo,Paid Social,20250106
C04888,2024-07-28,Patagonia,Consumo,Paid Social,20240728
C04889,2023-12-26,NOA,Premium,Paid Social,20231226
C04890,2024-05-27,Centro,Consumo,Email,20240527
C04891,2025-06-11,AMBA,Consumo,Email,20250611
C04892,2024-08-31,AMBA,Premium,Orgánico,20240831
C04893,2023-03-03,Centro,Consumo,Orgánico,20230303
C04894,2023-02-22,Patagonia,Consumo,Marketplace,20230222
C04895,2024-05-28,Litoral,Consumo,Paid Social,20240528
C04896,2024-03-06,Cuyo,Consumo,Email,20240306
C04897,2025-06-24,AMBA,Consumo,Paid Social,20250624
C04898,2024-09-12,Patagonia,Consumo,Email,20240912
C04899,2025-03-17,Cuyo,Premium,Email,20250317
C04900,2024-09-15,Patagonia,Consumo,Orgánico,20240915
C04901,2024-01-03,AMBA,Consumo,Paid Social,20240103
C04902,2024-12-01,Centro,Premium,Paid Social,20241201
C04903,2024-10-23,AMBA,Premium,Orgánico,20241023
C04904,2025-02-06,Centro,PyME,Referidos,20250206
C04905,2023-07-21,NOA,Consumo,Orgánico,20230721
C04906,2024-11-14,Cuyo,Premium,Orgánico,20241114
C04907,2023-11-01,Cuyo,Premium,Referidos,20231101
C04908,2025-04-21,Centro,Consumo,Marketplace,20250421
C04909,2025-04-30,Centro,Consumo,Orgánico,20250430
C04910,2024-10-27,Patagonia,Consumo,Email,20241027
C04911,2025-10-05,NOA,Consumo,Orgánico,20251005
C04912,2024-07-26,Patagonia,Consumo,Referidos,20240726
C04913,2023-01-27,Patagonia,Consumo,Paid Social,20230127
C04914,2024-10-07,Cuyo,PyME,Referidos,20241007
C04915,2025-04-08,AMBA,Consumo,Paid Social,20250408
C04916,2023-04-18,Patagonia,PyME,Paid Social,20230418
C04917,2023-04-22,Patagonia,Consumo,Referidos,20230422
C04918,2023-10-18,Litoral,Premium,Orgánico,20231018
C04919,2025-06-18,AMBA,Consumo,Orgánico,20250618
C04920,2024-07-15,Patagonia,Consumo,Paid Social,20240715
C04921,2025-11-05,NOA,Consumo,Email,20251105
C04922,2025-07-18,Centro,PyME,Orgánico,20250718
C04923,2024-08-13,AMBA,Consumo,Email,20240813
C04924,2024-12-24,Patagonia,Consumo,Paid Social,20241224
C04925,2023-12-19,Centro,PyME,Email,20231219
C04926,2023-04-07,Patagonia,Consumo,Marketplace,20230407
C04927,2024-02-29,Patagonia,Consumo,Paid Social,20240229
C04928,2024-09-22,Centro,Consumo,Email,20240922
C04929,2023-07-14,AMBA,Consumo,Paid Social,20230714
C04930,2023-08-25,Litoral,Consumo,Orgánico,20230825
C04931,2023-01-16,Cuyo,Consumo,Referidos,20230116
C04932,2025-02-20,NOA,Consumo,Marketplace,20250220
C04933,2025-08-15,Cuyo,Consumo,Referidos,20250815
C04934,2025-05-31,Centro,Premium,Marketplace,20250531
C04935,2024-02-09,NOA,PyME,Paid Social,20240209
C04936,2024-09-24,Patagonia,Consumo,Email,20240924
C04937,2025-10-20,Litoral,Consumo,Orgánico,20251020
C04938,2024-09-21,NOA,Consumo,Marketplace,20240921
C04939,2023-11-12,Patagonia,Premium,Email,20231112
C04940,2023-12-27,NOA,Consumo,Orgánico,20231227
C04941,2025-02-13,Patagonia,Consumo,Referidos,20250213
C04942,2024-04-20,Cuyo,Consumo,Email,20240420
C04943,2025-06-10,AMBA,Consumo,Marketplace,20250610
C04944,2025-07-09,Litoral,Premium,Referidos,20250709
C04945,2023-02-08,Patagonia,Consumo,Marketplace,20230208
C04946,2025-02-09,NOA,Consumo,Paid Social,20250209
C04947,2024-01-30,Patagonia,Consumo,Paid Social,20240130
C04948,2024-07-07,Litoral,Consumo,Referidos,20240707
C04949,2023-10-10,Litoral,Consumo,Orgánico,20231010
C04950,2024-01-28,AMBA,Premium,Orgánico,20240128
C04951,2023-12-18,AMBA,Consumo,Marketplace,20231218
C04952,2023-02-23,AMBA,Consumo,Marketplace,20230223
C04953,2025-04-13,NOA,Consumo,Marketplace,20250413
C04954,2023-06-02,Patagonia,Consumo,Orgánico,20230602
C04955,2024-02-05,Centro,PyME,Orgánico,20240205
C04956,2023-07-25,Cuyo,Consumo,Marketplace,20230725
C04957,2023-06-21,Cuyo,Consumo,Orgánico,20230621
C04958,2024-02-02,Centro,Consumo,Paid Social,20240202
C04959,2025-09-05,Cuyo,PyME,Paid Social,20250905
C04960,2025-10-02,Cuyo,Premium,Marketplace,20251002
C04961,2024-02-11,Patagonia,Consumo,Paid Social,20240211
C04962,2024-06-21,Patagonia,Consumo,Orgánico,20240621
C04963,2025-11-15,AMBA,Premium,Paid Social,20251115
C04964,2023-09-08,Cuyo,Premium,Orgánico,20230908
C04965,2025-10-03,NOA,Consumo,Referidos,20251003
C04966,2023-04-23,NOA,Premium,Email,20230423
C04967,2023-08-29,Patagonia,Consumo,Email,20230829
C04968,2023-12-27,Patagonia,Consumo,Paid Social,20231227
C04969,2023-02-09,AMBA,Consumo,Orgánico,20230209
C04970,2025-05-18,NOA,Consumo,Orgánico,20250518
C04971,2025-06-30,Patagonia,Consumo,Marketplace,20250630
C04972,2024-02-13,NOA,Consumo,Paid Social,20240213
C04973,2025-06-09,NOA,Premium,Paid Social,20250609
C04974,2025-04-02,Centro,Premium,Paid Social,20250402
C04975,2025-05-03,AMBA,Consumo,Marketplace,20250503
C04976,2025-05-04,Litoral,Consumo,Referidos,20250504
C04977,2024-09-02,Cuyo,Consumo,Orgánico,20240902
C04978,2023-04-29,AMBA,Consumo,Email,20230429
C04979,2025-09-10,Centro,Consumo,Paid Social,20250910
C04980,2024-10-10,NOA,Premium,Referidos,20241010
C04981,2025-08-17,Cuyo,Consumo,Marketplace,20250817
C04982,2025-10-18,Centro,Consumo,Referidos,20251018
C04983,2023-07-19,Litoral,Premium,Marketplace,20230719
C04984,2024-03-04,Litoral,Consumo,Paid Social,20240304
C04985,2023-07-25,Centro,Consumo,Paid Social,20230725
C04986,2023-02-24,NOA,Consumo,Email,20230224
C04987,2025-10-26,Litoral,PyME,Referidos,20251026
C04988,2025-09-10,AMBA,Consumo,Orgánico,20250910
C04989,2025-09-19,Centro,Consumo,Paid Social,20250919
C04990,2025-07-30,NOA,Consumo,Orgánico,20250730
C04991,2024-11-21,AMBA,Consumo,Orgánico,20241121
C04992,2024-07-10,AMBA,Consumo,Marketplace,20240710
C04993,2025-11-21,Litoral,Consumo,Orgánico,20251121
C04994,2024-08-11,Cuyo,Consumo,Referidos,20240811
C04995,2024-11-15,Centro,Premium,Paid Social,20241115
C04996,2023-08-14,Cuyo,Consumo,Email,20230814
C04997,2025-03-06,Centro,Premium,Marketplace,20250306
C04998,2025-05-22,Cuyo,Consumo,Referidos,20250522
C04999,2024-12-23,Centro,Premium,Referidos,20241223
C05000,2024-06-15,Litoral,Consumo,Orgánico,20240615
C05001,2023-07-30,Patagonia,Consumo,Paid Social,20230730
C05002,2023-02-06,NOA,Consumo,Referidos,20230206
C05003,2024-10-30,AMBA,Premium,Referidos,20241030
C05004,2024-12-28,Centro,Consumo,Referidos,20241228
C05005,2025-04-02,Centro,Consumo,Referidos,20250402
C05006,2025-10-09,Litoral,Consumo,Orgánico,20251009
C05007,2024-06-13,Litoral,Consumo,Orgánico,20240613
C05008,2025-06-02,NOA,Consumo,Marketplace,20250602
C05009,2025-02-01,NOA,Premium,Email,20250201
C05010,2023-10-23,Patagonia,Consumo,Referidos,20231023
C05011,2025-06-19,Centro,Consumo,Email,20250619
C05012,2023-02-26,AMBA,Consumo,Marketplace,20230226
C05013,2024-09-29,NOA,PyME,Marketplace,20240929
C05014,2025-09-28,NOA,Consumo,Orgánico,20250928
C05015,2024-12-02,Centro,Consumo,Marketplace,20241202
C05016,2025-09-24,AMBA,Consumo,Paid Social,20250924
C05017,2023-03-01,Patagonia,Consumo,Paid Social,20230301
C05018,2024-07-21,Litoral,Consumo,Marketplace,20240721
C05019,2025-04-11,NOA,Consumo,Paid Social,20250411
C05020,2024-11-15,Litoral,Consumo,Orgánico,20241115
C05021,2025-07-26,Patagonia,Premium,Email,20250726
C05022,2024-05-07,Patagonia,Consumo,Marketplace,20240507
C05023,2024-12-27,AMBA,Consumo,Orgánico,20241227
C05024,2024-03-23,AMBA,Consumo,Referidos,20240323
C05025,2025-07-17,Patagonia,Consumo,Paid Social,20250717
C05026,2023-05-08,Centro,Consumo,Paid Social,20230508
C05027,2023-09-28,Centro,Consumo,Referidos,20230928
C05028,2023-04-14,Patagonia,Consumo,Email,20230414
C05029,2025-01-17,Centro,Consumo,Referidos,20250117
C05030,2023-09-05,AMBA,Consumo,Referidos,20230905
C05031,2023-12-04,AMBA,Consumo,Marketplace,20231204
C05032,2025-06-10,Cuyo,Consumo,Referidos,20250610
C05033,2024-01-19,Litoral,Consumo,Orgánico,20240119
C05034,2023-06-05,Patagonia,Consumo,Referidos,20230605
C05035,2023-01-23,NOA,Consumo,Email,20230123
C05036,2023-08-30,Litoral,Consumo,Orgánico,20230830
C05037,2025-09-01,Patagonia,PyME,Email,20250901
C05038,2024-08-07,Centro,Consumo,Referidos,20240807
C05039,2025-11-25,Cuyo,Consumo,Orgánico,20251125
C05040,2023-08-18,Centro,PyME,Paid Social,20230818
C05041,2024-01-10,AMBA,PyME,Paid Social,20240110
C05042,2023-06-23,NOA,Consumo,Paid Social,20230623
C05043,2024-02-29,Centro,Consumo,Marketplace,20240229
C05044,2024-08-22,Cuyo,Premium,Orgánico,20240822
C05045,2025-05-10,Cuyo,PyME,Referidos,20250510
C05046,2024-01-28,AMBA,Premium,Referidos,20240128
C05047,2025-04-01,NOA,Consumo,Paid Social,20250401
C05048,2024-10-28,Centro,Consumo,Paid Social,20241028
C05049,2023-11-07,AMBA,PyME,Orgánico,20231107
C05050,2025-08-29,Cuyo,Consumo,Orgánico,20250829
C05051,2024-04-07,AMBA,Consumo,Paid Social,20240407
C05052,2023-06-10,NOA,Premium,Orgánico,20230610
C05053,2025-10-22,Centro,Consumo,Referidos,20251022
C05054,2025-08-30,Centro,Consumo,Email,20250830
C05055,2023-02-22,Centro,Consumo,Orgánico,20230222
C05056,2025-08-19,AMBA,Consumo,Paid Social,20250819
C05057,2025-10-05,AMBA,Consumo,Marketplace,20251005
C05058,2025-06-01,Litoral,Consumo,Orgánico,20250601
C05059,2023-09-29,Centro,Consumo,Referidos,20230929
C05060,2024-11-03,AMBA,Consumo,Orgánico,20241103
C05061,2024-07-27,Centro,Consumo,Marketplace,20240727
C05062,2024-10-22,Centro,PyME,Paid Social,20241022
C05063,2024-10-18,Cuyo,Consumo,Paid Social,20241018
C05064,2024-11-11,NOA,PyME,Email,20241111
C05065,2024-07-01,Centro,Consumo,Paid Social,20240701
C05066,2025-01-05,Patagonia,Consumo,Referidos,20250105
C05067,2024-07-14,Patagonia,Premium,Orgánico,20240714
C05068,2023-01-18,AMBA,Premium,Orgánico,20230118
C05069,2023-02-07,Litoral,Consumo,Orgánico,20230207
C05070,2025-10-17,Cuyo,Consumo,Email,20251017
C05071,2025-08-26,Litoral,Consumo,Marketplace,20250826
C05072,2024-09-15,Centro,Consumo,Orgánico,20240915
C05073,2023-07-05,Cuyo,Consumo,Marketplace,20230705
C05074,2025-04-12,AMBA,Consumo,Referidos,20250412
C05075,2023-06-02,NOA,Consumo,Orgánico,20230602
C05076,2024-02-06,Litoral,Premium,Orgánico,20240206
C05077,2023-12-18,AMBA,Consumo,Paid Social,20231218
C05078,2023-01-14,Litoral,Premium,Orgánico,20230114
C05079,2025-05-09,NOA,Premium,Referidos,20250509
C05080,2024-06-26,Patagonia,PyME,Paid Social,20240626
C05081,2023-12-03,Centro,Consumo,Paid Social,20231203
C05082,2024-06-24,NOA,Consumo,Referidos,20240624
C05083,2023-01-01,Centro,Consumo,Orgánico,20230101
C05084,2024-04-10,Centro,Consumo,Marketplace,20240410
C05085,2024-07-07,AMBA,Consumo,Email,20240707
C05086,2023-12-28,NOA,Premium,Paid Social,20231228
C05087,2025-06-03,Patagonia,Consumo,Paid Social,20250603
C05088,2023-09-24,Litoral,Consumo,Orgánico,20230924
C05089,2023-05-27,Patagonia,Premium,Marketplace,20230527
C05090,2024-07-15,Centro,Premium,Paid Social,20240715
C05091,2025-08-02,AMBA,Consumo,Marketplace,20250802
C05092,2024-02-04,NOA,Consumo,Marketplace,20240204
C05093,2023-02-19,NOA,Consumo,Paid Social,20230219
C05094,2025-10-29,AMBA,Premium,Referidos,20251029
C05095,2024-04-18,AMBA,Consumo,Email,20240418
C05096,2023-07-04,Litoral,Consumo,Orgánico,20230704
C05097,2024-10-17,AMBA,Consumo,Marketplace,20241017
C05098,2023-12-07,Patagonia,Consumo,Paid Social,20231207
C05099,2025-09-25,NOA,Premium,Marketplace,20250925
C05100,2023-11-10,Centro,Consumo,Email,20231110
C05101,2024-08-08,Centro,Consumo,Orgánico,20240808
C05102,2024-08-01,NOA,Consumo,Paid Social,20240801
C05103,2023-09-16,Cuyo,Consumo,Orgánico,20230916
C05104,2024-06-15,Centro,Consumo,Orgánico,20240615
C05105,2023-04-27,AMBA,Consumo,Referidos,20230427
C05106,2024-11-16,NOA,Premium,Orgánico,20241116
C05107,2025-03-18,NOA,Premium,Marketplace,20250318
C05108,2025-10-08,AMBA,Consumo,Paid Social,20251008
C05109,2023-12-13,Patagonia,Premium,Paid Social,20231213
C05110,2023-10-31,AMBA,Consumo,Orgánico,20231031
C05111,2024-08-07,AMBA,Consumo,Orgánico,20240807
C05112,2025-01-07,Cuyo,Consumo,Email,20250107
C05113,2025-11-22,Cuyo,Consumo,Paid Social,20251122
C05114,2023-01-27,NOA,Consumo,Email,20230127
C05115,2023-09-11,Patagonia,Consumo,Email,20230911
C05116,2023-10-07,AMBA,Premium,Orgánico,20231007
C05117,2023-09-29,Litoral,Consumo,Paid Social,20230929
C05118,2024-05-08,NOA,PyME,Paid Social,20240508
C05119,2025-07-18,Litoral,Consumo,Orgánico,20250718
C05120,2023-02-03,Centro,Consumo,Referidos,20230203
C05121,2025-05-18,AMBA,Consumo,Orgánico,20250518
C05122,2024-10-19,Cuyo,Consumo,Orgánico,20241019
C05123,2024-10-17,Cuyo,Consumo,Paid Social,20241017
C05124,2024-12-23,Cuyo,PyME,Paid Social,20241223
C05125,2023-05-03,AMBA,PyME,Marketplace,20230503
C05126,2025-03-06,AMBA,Consumo,Referidos,20250306
C05127,2023-09-22,Litoral,Consumo,Referidos,20230922
C05128,2024-07-04,NOA,Consumo,Paid Social,20240704
C05129,2024-12-21,Litoral,Consumo,Paid Social,20241221
C05130,2024-10-05,Cuyo,Consumo,Orgánico,20241005
C05131,2023-12-11,NOA,Consumo,Referidos,20231211
C05132,2024-02-26,Patagonia,Premium,Paid Social,20240226
C05133,2024-05-22,Patagonia,Consumo,Paid Social,20240522
C05134,2023-02-13,Litoral,Consumo,Email,20230213
C05135,2025-02-12,Patagonia,Consumo,Referidos,20250212
C05136,2023-04-17,Litoral,PyME,Paid Social,20230417
C05137,2024-05-03,Litoral,Consumo,Orgánico,20240503
C05138,2024-11-28,Litoral,Consumo,Marketplace,20241128
C05139,2023-03-27,Patagonia,Consumo,Orgánico,20230327
C05140,2025-11-26,NOA,Premium,Marketplace,20251126
C05141,2024-02-06,Centro,Consumo,Paid Social,20240206
C05142,2023-01-17,Patagonia,Consumo,Marketplace,20230117
C05143,2024-12-02,AMBA,Consumo,Marketplace,20241202
C05144,2024-08-16,Litoral,Premium,Paid Social,20240816
C05145,2024-11-12,NOA,Consumo,Referidos,20241112
C05146,2025-03-10,Litoral,Consumo,Orgánico,20250310
C05147,2024-05-21,Centro,PyME,Orgánico,20240521
C05148,2025-05-30,Litoral,Consumo,Paid Social,20250530
C05149,2024-01-30,Cuyo,Consumo,Email,20240130
C05150,2024-08-03,Cuyo,Consumo,Orgánico,20240803
C05151,2023-06-18,Centro,Premium,Paid Social,20230618
C05152,2024-10-22,Litoral,Premium,Marketplace,20241022
C05153,2023-10-06,Centro,Consumo,Marketplace,20231006
C05154,2025-01-12,Cuyo,Consumo,Orgánico,20250112
C05155,2025-05-03,NOA,PyME,Paid Social,20250503
C05156,2025-07-03,Patagonia,Premium,Orgánico,20250703
C05157,2025-09-16,Cuyo,Consumo,Orgánico,20250916
C05158,2023-05-11,NOA,Consumo,Marketplace,20230511
C05159,2023-05-27,AMBA,Premium,Marketplace,20230527
C05160,2025-09-13,NOA,Consumo,Orgánico,20250913
C05161,2024-02-10,Cuyo,Consumo,Orgánico,20240210
C05162,2023-01-28,Patagonia,Consumo,Paid Social,20230128
C05163,2023-11-02,NOA,Premium,Paid Social,20231102
C05164,2025-06-09,Litoral,Consumo,Orgánico,20250609
C05165,2024-01-14,Litoral,Consumo,Orgánico,20240114
C05166,2023-03-23,Patagonia,Consumo,Paid Social,20230323
C05167,2025-02-08,Centro,Consumo,Orgánico,20250208
C05168,2023-07-27,Centro,Consumo,Referidos,20230727
C05169,2024-01-11,Cuyo,Consumo,Referidos,20240111
C05170,2023-01-05,Cuyo,Consumo,Paid Social,20230105
C05171,2024-10-03,Patagonia,PyME,Paid Social,20241003
C05172,2024-04-19,Centro,Consumo,Referidos,20240419
C05173,2025-07-12,Litoral,Premium,Orgánico,20250712
C05174,2023-12-23,AMBA,Consumo,Marketplace,20231223
C05175,2023-08-06,AMBA,Consumo,Orgánico,20230806
C05176,2023-06-26,NOA,Consumo,Marketplace,20230626
C05177,2023-08-02,NOA,Consumo,Orgánico,20230802
C05178,2024-04-25,NOA,Consumo,Referidos,20240425
C05179,2023-04-03,Centro,Consumo,Orgánico,20230403
C05180,2024-03-04,Litoral,PyME,Referidos,20240304
C05181,2025-06-29,Patagonia,Consumo,Email,20250629
C05182,2025-03-28,Centro,PyME,Orgánico,20250328
C05183,2024-11-09,Patagonia,Consumo,Referidos,20241109
C05184,2025-08-09,Patagonia,Consumo,Orgánico,20250809
C05185,2025-04-10,Cuyo,Consumo,Paid Social,20250410
C05186,2024-11-25,Cuyo,Consumo,Paid Social,20241125
C05187,2025-07-08,Centro,Consumo,Referidos,20250708
C05188,2023-05-13,Patagonia,Consumo,Marketplace,20230513
C05189,2025-05-21,NOA,Consumo,Paid Social,20250521
C05190,2023-11-11,NOA,Premium,Referidos,20231111
C05191,2025-02-19,Patagonia,Consumo,Marketplace,20250219
C05192,2025-08-30,Cuyo,PyME,Email,20250830
C05193,2024-06-12,Patagonia,Consumo,Paid Social,20240612
C05194,2023-04-05,Centro,Consumo,Paid Social,20230405
C05195,2024-01-30,NOA,Consumo,Orgánico,20240130
C05196,2024-03-09,Centro,Consumo,Paid Social,20240309
C05197,2025-09-24,Cuyo,Premium,Orgánico,20250924
C05198,2025-09-30,AMBA,Premium,Referidos,20250930
C05199,2024-08-28,AMBA,Consumo,Email,20240828
C05200,2025-10-09,Cuyo,Consumo,Email,20251009
C05201,2024-04-09,Litoral,Premium,Orgánico,20240409
C05202,2024-03-13,AMBA,Consumo,Orgánico,20240313
C05203,2025-06-09,NOA,Consumo,Referidos,20250609
C05204,2024-12-11,AMBA,Consumo,Paid Social,20241211
C05205,2024-07-10,NOA,Consumo,Marketplace,20240710
C05206,2024-05-01,Centro,Consumo,Paid Social,20240501
C05207,2025-01-21,Cuyo,Consumo,Orgánico,20250121
C05208,2025-03-13,AMBA,Premium,Referidos,20250313
C05209,2024-06-06,Patagonia,Consumo,Referidos,20240606
C05210,2023-02-03,Patagonia,PyME,Orgánico,20230203
C05211,2023-04-19,AMBA,Premium,Referidos,20230419
C05212,2023-06-03,AMBA,Consumo,Orgánico,20230603
C05213,2024-05-07,Litoral,Consumo,Orgánico,20240507
C05214,2024-10-16,NOA,Consumo,Orgánico,20241016
C05215,2025-05-06,AMBA,Premium,Email,20250506
C05216,2023-09-05,Centro,Consumo,Referidos,20230905
C05217,2025-04-17,Litoral,PyME,Orgánico,20250417
C05218,2024-12-10,AMBA,Consumo,Referidos,20241210
C05219,2023-02-25,Centro,Consumo,Referidos,20230225
C05220,2024-01-10,AMBA,Consumo,Paid Social,20240110
C05221,2023-11-19,Cuyo,Consumo,Orgánico,20231119
C05222,2025-08-02,Patagonia,Consumo,Orgánico,20250802
C05223,2025-09-08,Cuyo,Consumo,Orgánico,20250908
C05224,2025-05-22,Centro,Consumo,Marketplace,20250522
C05225,2024-07-16,Cuyo,Consumo,Referidos,20240716
C05226,2024-06-08,Litoral,Consumo,Orgánico,20240608
C05227,2023-11-28,AMBA,Consumo,Paid Social,20231128
C05228,2025-04-03,AMBA,Consumo,Orgánico,20250403
C05229,2023-04-02,Centro,Consumo,Orgánico,20230402
C05230,2023-10-16,NOA,Premium,Paid Social,20231016
C05231,2023-05-24,Patagonia,Consumo,Orgánico,20230524
C05232,2024-06-10,AMBA,Consumo,Orgánico,20240610
C05233,2023-11-16,Centro,Consumo,Paid Social,20231116
C05234,2023-07-30,Cuyo,Consumo,Paid Social,20230730
C05235,2024-02-05,Centro,Premium,Paid Social,20240205
C05236,2025-07-05,NOA,Consumo,Paid Social,20250705
C05237,2024-08-17,NOA,Consumo,Paid Social,20240817
C05238,2025-05-26,Centro,Consumo,Paid Social,20250526
C05239,2025-08-31,AMBA,Consumo,Paid Social,20250831
C05240,2025-08-18,Centro,Consumo,Marketplace,20250818
C05241,2024-01-09,Litoral,Consumo,Orgánico,20240109
C05242,2025-07-23,Patagonia,Consumo,Email,20250723
C05243,2025-08-26,Cuyo,PyME,Orgánico,20250826
C05244,2025-10-18,Centro,Consumo,Paid Social,20251018
C05245,2024-01-09,Centro,Consumo,Paid Social,20240109
C05246,2023-09-01,AMBA,PyME,Referidos,20230901
C05247,2024-09-14,AMBA,PyME,Marketplace,20240914
C05248,2025-09-19,Cuyo,Consumo,Paid Social,20250919
C05249,2025-08-17,Litoral,Premium,Orgánico,20250817
C05250,2024-08-31,AMBA,Consumo,Referidos,20240831
C05251,2023-06-08,Centro,Premium,Orgánico,20230608
C05252,2024-03-25,NOA,Consumo,Paid Social,20240325
C05253,2025-01-30,NOA,Consumo,Referidos,20250130
C05254,2024-08-19,Litoral,Consumo,Paid Social,20240819
C05255,2024-01-03,Litoral,Consumo,Email,20240103
C05256,2023-12-31,Litoral,Consumo,Orgánico,20231231
C05257,2023-03-05,Cuyo,Consumo,Orgánico,20230305
C05258,2023-11-04,Centro,Consumo,Marketplace,20231104
C05259,2024-12-13,Cuyo,Consumo,Orgánico,20241213
C05260,2023-09-14,Patagonia,Premium,Paid Social,20230914
C05261,2025-11-23,Litoral,Consumo,Paid Social,20251123
C05262,2023-03-29,Patagonia,Consumo,Paid Social,20230329
C05263,2024-09-19,Litoral,Consumo,Orgánico,20240919
C05264,2024-06-12,AMBA,Consumo,Orgánico,20240612
C05265,2025-06-06,Litoral,Consumo,Paid Social,20250606
C05266,2025-08-03,NOA,Consumo,Paid Social,20250803
C05267,2024-08-01,Litoral,Consumo,Referidos,20240801
C05268,2024-11-02,Litoral,Consumo,Paid Social,20241102
C05269,2025-01-14,Centro,Consumo,Marketplace,20250114
C05270,2024-07-08,Patagonia,Premium,Orgánico,20240708
C05271,2023-07-16,Cuyo,Consumo,Paid Social,20230716
C05272,2024-04-01,Centro,Consumo,Marketplace,20240401
C05273,2023-09-15,Cuyo,Premium,Referidos,20230915
C05274,2024-05-09,AMBA,Consumo,Paid Social,20240509
C05275,2024-10-17,NOA,Consumo,Paid Social,20241017
C05276,2023-08-11,Patagonia,PyME,Referidos,20230811
C05277,2023-09-23,Centro,Consumo,Orgánico,20230923
C05278,2025-05-26,Patagonia,PyME,Orgánico,20250526
C05279,2024-02-07,AMBA,Consumo,Paid Social,20240207
C05280,2023-07-31,Cuyo,Consumo,Referidos,20230731
C05281,2025-01-29,Litoral,Consumo,Email,20250129
C05282,2025-02-02,AMBA,Consumo,Paid Social,20250202
C05283,2025-05-29,Patagonia,PyME,Marketplace,20250529
C05284,2025-03-20,Patagonia,Consumo,Orgánico,20250320
C05285,2025-11-22,Litoral,PyME,Referidos,20251122
C05286,2024-09-04,Centro,Consumo,Orgánico,20240904
C05287,2023-11-02,Patagonia,PyME,Referidos,20231102
C05288,2025-07-08,Cuyo,PyME,Paid Social,20250708
C05289,2023-10-10,Patagonia,Consumo,Orgánico,20231010
C05290,2023-11-06,Litoral,PyME,Paid Social,20231106
C05291,2025-06-01,AMBA,Premium,Marketplace,20250601
C05292,2025-07-27,AMBA,Consumo,Paid Social,20250727
C05293,2023-12-28,AMBA,Consumo,Orgánico,20231228
C05294,2025-02-15,AMBA,Consumo,Orgánico,20250215
C05295,2025-09-09,Centro,Consumo,Email,20250909
C05296,2025-04-30,AMBA,Consumo,Email,20250430
C05297,2023-01-06,NOA,Consumo,Paid Social,20230106
C05298,2024-12-08,NOA,Consumo,Orgánico,20241208
C05299,2023-06-30,Centro,Consumo,Referidos,20230630
C05300,2025-06-20,Centro,Consumo,Paid Social,20250620
C05301,2023-03-13,Patagonia,Consumo,Orgánico,20230313
C05302,2025-11-23,Litoral,Premium,Paid Social,20251123
C05303,2023-07-08,Litoral,PyME,Paid Social,20230708
C05304,2024-03-23,NOA,Premium,Marketplace,20240323
C05305,2023-09-07,Litoral,Consumo,Email,20230907
C05306,2025-05-16,Patagonia,Consumo,Orgánico,20250516
C05307,2024-02-24,Litoral,PyME,Referidos,20240224
C05308,2025-03-03,Litoral,Consumo,Orgánico,20250303
C05309,2023-03-13,Centro,Consumo,Marketplace,20230313
C05310,2024-04-27,Litoral,Consumo,Paid Social,20240427
C05311,2025-08-28,NOA,Consumo,Marketplace,20250828
C05312,2025-09-14,Cuyo,Consumo,Marketplace,20250914
C05313,2023-08-11,AMBA,Consumo,Marketplace,20230811
C05314,2024-02-25,Litoral,Premium,Orgánico,20240225
C05315,2024-03-11,Patagonia,Consumo,Referidos,20240311
C05316,2024-08-25,NOA,Consumo,Referidos,20240825
C05317,2024-07-26,Litoral,Consumo,Paid Social,20240726
C05318,2023-04-23,Patagonia,Consumo,Paid Social,20230423
C05319,2025-03-23,Centro,Premium,Email,20250323
C05320,2023-08-29,Cuyo,Consumo,Marketplace,20230829
C05321,2023-12-02,Cuyo,Consumo,Referidos,20231202
C05322,2025-06-14,Centro,Consumo,Paid Social,20250614
C05323,2025-01-04,Patagonia,Premium,Email,20250104
C05324,2024-02-27,NOA,PyME,Orgánico,20240227
C05325,2025-08-29,Centro,Consumo,Paid Social,20250829
C05326,2024-02-24,AMBA,Consumo,Referidos,20240224
C05327,2024-08-25,Patagonia,PyME,Email,20240825
C05328,2023-09-19,NOA,Consumo,Referidos,20230919
C05329,2023-07-15,NOA,Consumo,Paid Social,20230715
C05330,2024-06-07,Centro,Consumo,Paid Social,20240607
C05331,2024-08-22,Patagonia,Consumo,Referidos,20240822
C05332,2025-05-08,Patagonia,Consumo,Orgánico,20250508
C05333,2024-02-21,Patagonia,Consumo,Marketplace,20240221
C05334,2025-08-11,Patagonia,Consumo,Marketplace,20250811
C05335,2024-10-08,NOA,Consumo,Marketplace,20241008
C05336,2023-03-16,Cuyo,Consumo,Marketplace,20230316
C05337,2025-02-26,AMBA,Consumo,Paid Social,20250226
C05338,2024-09-04,Centro,Premium,Paid Social,20240904
C05339,2024-02-19,NOA,Consumo,Referidos,20240219
C05340,2024-05-12,NOA,Consumo,Orgánico,20240512
C05341,2023-11-18,AMBA,Consumo,Referidos,20231118
C05342,2024-10-16,Cuyo,Consumo,Orgánico,20241016
C05343,2024-08-26,Centro,Consumo,Marketplace,20240826
C05344,2024-04-21,Centro,Consumo,Paid Social,20240421
C05345,2023-10-31,Litoral,Consumo,Referidos,20231031
C05346,2024-02-29,Litoral,Premium,Paid Social,20240229
C05347,2024-06-14,Cuyo,Premium,Email,20240614
C05348,2024-05-17,Cuyo,Premium,Marketplace,20240517
C05349,2023-11-26,Litoral,Consumo,Paid Social,20231126
C05350,2024-09-11,Patagonia,Premium,Orgánico,20240911
C05351,2023-08-30,AMBA,Premium,Orgánico,20230830
C05352,2024-06-17,AMBA,Premium,Email,20240617
C05353,2023-05-10,Cuyo,Premium,Email,20230510
C05354,2024-05-17,Cuyo,Premium,Email,20240517
C05355,2025-04-14,NOA,Premium,Orgánico,20250414
C05356,2025-05-20,NOA,Consumo,Orgánico,20250520
C05357,2025-01-09,Litoral,Consumo,Marketplace,20250109
C05358,2025-03-05,AMBA,Consumo,Referidos,20250305
C05359,2023-03-12,AMBA,Consumo,Orgánico,20230312
C05360,2023-12-30,Cuyo,Consumo,Orgánico,20231230
C05361,2024-11-27,Litoral,Consumo,Orgánico,20241127
C05362,2025-05-02,Litoral,Consumo,Referidos,20250502
C05363,2024-09-12,AMBA,Consumo,Referidos,20240912
C05364,2025-06-28,NOA,PyME,Email,20250628
C05365,2023-10-18,Cuyo,Consumo,Email,20231018
C05366,2023-06-13,Litoral,Consumo,Marketplace,20230613
C05367,2023-04-02,AMBA,Consumo,Paid Social,20230402
C05368,2024-09-12,Patagonia,Consumo,Paid Social,20240912
C05369,2024-12-09,Litoral,Consumo,Paid Social,20241209
C05370,2023-10-31,Centro,Consumo,Marketplace,20231031
C05371,2025-04-14,Centro,Consumo,Email,20250414
C05372,2025-02-26,Cuyo,Consumo,Paid Social,20250226
C05373,2024-01-19,AMBA,Consumo,Referidos,20240119
C05374,2023-09-12,NOA,Consumo,Orgánico,20230912
C05375,2025-03-01,Patagonia,PyME,Paid Social,20250301
C05376,2024-12-16,NOA,PyME,Email,20241216
C05377,2023-07-01,Cuyo,Consumo,Marketplace,20230701
C05378,2023-09-29,Litoral,Premium,Orgánico,20230929
C05379,2024-06-01,Cuyo,Premium,Paid Social,20240601
C05380,2024-06-28,Cuyo,Premium,Marketplace,20240628
C05381,2023-06-26,Litoral,Consumo,Referidos,20230626
C05382,2025-10-07,Cuyo,Consumo,Email,20251007
C05383,2024-02-18,Patagonia,Consumo,Orgánico,20240218
C05384,2024-02-11,AMBA,Consumo,Orgánico,20240211
C05385,2023-03-06,Centro,Consumo,Paid Social,20230306
C05386,2025-07-21,NOA,Consumo,Orgánico,20250721
C05387,2023-09-08,NOA,Consumo,Referidos,20230908
C05388,2025-11-17,Patagonia,Premium,Referidos,20251117
C05389,2024-06-12,Cuyo,Consumo,Referidos,20240612
C05390,2025-07-20,Cuyo,PyME,Orgánico,20250720
C05391,2023-07-10,AMBA,Premium,Paid Social,20230710
C05392,2023-06-26,Centro,Premium,Referidos,20230626
C05393,2025-05-03,Patagonia,Premium,Orgánico,20250503
C05394,2025-05-22,Cuyo,Consumo,Orgánico,20250522
C05395,2024-08-01,Cuyo,Consumo,Paid Social,20240801
C05396,2023-02-04,AMBA,PyME,Orgánico,20230204
C05397,2025-10-02,Cuyo,Consumo,Orgánico,20251002
C05398,2024-02-23,Patagonia,Consumo,Paid Social,20240223
C05399,2025-09-23,Litoral,Consumo,Marketplace,20250923
C05400,2025-07-16,Litoral,Consumo,Orgánico,20250716
C05401,2025-06-25,NOA,Consumo,Email,20250625
C05402,2025-01-03,Centro,Consumo,Email,20250103
C05403,2024-12-18,Centro,Consumo,Paid Social,20241218
C05404,2024-07-21,Litoral,Consumo,Paid Social,20240721
C05405,2023-01-27,Cuyo,Consumo,Orgánico,20230127
C05406,2024-02-18,NOA,Consumo,Orgánico,20240218
C05407,2025-02-17,AMBA,Consumo,Paid Social,20250217
C05408,2025-05-15,AMBA,Consumo,Marketplace,20250515
C05409,2024-08-18,Cuyo,Consumo,Paid Social,20240818
C05410,2025-01-25,Cuyo,Consumo,Paid Social,20250125
C05411,2023-01-24,NOA,Premium,Marketplace,20230124
C05412,2024-05-13,Cuyo,Consumo,Referidos,20240513
C05413,2024-06-24,Cuyo,Premium,Referidos,20240624
C05414,2025-08-08,Centro,Consumo,Paid Social,20250808
C05415,2023-11-28,Cuyo,Consumo,Marketplace,20231128
C05416,2023-09-02,Litoral,Consumo,Email,20230902
C05417,2024-01-11,Litoral,Premium,Email,20240111
C05418,2023-07-01,Litoral,Consumo,Referidos,20230701
C05419,2024-08-17,Cuyo,Consumo,Paid Social,20240817
C05420,2024-11-15,AMBA,Consumo,Marketplace,20241115
C05421,2025-05-03,AMBA,Consumo,Marketplace,20250503
C05422,2025-11-01,AMBA,Premium,Email,20251101
C05423,2023-03-20,Litoral,PyME,Orgánico,20230320
C05424,2023-09-21,NOA,Consumo,Referidos,20230921
C05425,2023-11-17,NOA,Consumo,Paid Social,20231117
C05426,2023-09-23,Centro,Consumo,Email,20230923
C05427,2025-05-31,AMBA,PyME,Orgánico,20250531
C05428,2023-05-29,Litoral,Consumo,Referidos,20230529
C05429,2023-02-01,AMBA,Consumo,Marketplace,20230201
C05430,2025-07-05,Litoral,PyME,Orgánico,20250705
C05431,2025-10-21,Cuyo,PyME,Referidos,20251021
C05432,2023-08-30,NOA,Consumo,Marketplace,20230830
C05433,2023-12-21,Litoral,Consumo,Orgánico,20231221
C05434,2024-06-19,Patagonia,Consumo,Orgánico,20240619
C05435,2024-07-14,Cuyo,Premium,Paid Social,20240714
C05436,2025-11-21,NOA,Consumo,Referidos,20251121
C05437,2024-03-06,Litoral,Consumo,Paid Social,20240306
C05438,2023-01-13,Litoral,Consumo,Orgánico,20230113
C05439,2024-03-26,Cuyo,Consumo,Orgánico,20240326
C05440,2024-08-15,Cuyo,Consumo,Paid Social,20240815
C05441,2024-07-04,NOA,Premium,Orgánico,20240704
C05442,2024-06-29,Cuyo,Consumo,Email,20240629
C05443,2025-09-09,AMBA,Consumo,Orgánico,20250909
C05444,2025-05-09,Cuyo,Premium,Referidos,20250509
C05445,2023-09-26,Cuyo,Consumo,Referidos,20230926
C05446,2024-01-14,Cuyo,Consumo,Marketplace,20240114
C05447,2024-12-11,AMBA,PyME,Orgánico,20241211
C05448,2024-03-13,AMBA,Consumo,Email,20240313
C05449,2024-04-01,Centro,Premium,Referidos,20240401
C05450,2023-06-28,Cuyo,Consumo,Paid Social,20230628
C05451,2023-09-28,AMBA,Consumo,Orgánico,20230928
C05452,2025-02-27,Cuyo,Consumo,Orgánico,20250227
C05453,2025-06-16,Centro,Consumo,Email,20250616
C05454,2025-04-15,AMBA,Consumo,Paid Social,20250415
C05455,2023-11-24,Centro,Consumo,Marketplace,20231124
C05456,2023-05-26,Centro,Consumo,Referidos,20230526
C05457,2023-06-20,AMBA,Consumo,Referidos,20230620
C05458,2024-02-24,Patagonia,Premium,Marketplace,20240224
C05459,2024-07-05,AMBA,Consumo,Referidos,20240705
C05460,2025-08-08,Litoral,Consumo,Orgánico,20250808
C05461,2025-08-15,Litoral,Consumo,Orgánico,20250815
C05462,2023-01-03,Patagonia,Consumo,Referidos,20230103
C05463,2025-01-23,Litoral,Consumo,Paid Social,20250123
C05464,2023-11-15,Litoral,Consumo,Marketplace,20231115
C05465,2023-07-30,Patagonia,Consumo,Orgánico,20230730
C05466,2024-08-14,NOA,Consumo,Orgánico,20240814
C05467,2023-02-06,Centro,Consumo,Referidos,20230206
C05468,2023-12-22,Patagonia,Premium,Referidos,20231222
C05469,2024-08-11,Cuyo,Consumo,Marketplace,20240811
C05470,2023-10-17,AMBA,Consumo,Orgánico,20231017
C05471,2024-09-23,Litoral,Consumo,Paid Social,20240923
C05472,2024-05-04,NOA,Premium,Email,20240504
C05473,2025-05-01,AMBA,Consumo,Marketplace,20250501
C05474,2023-07-13,AMBA,Consumo,Orgánico,20230713
C05475,2023-03-02,NOA,Consumo,Email,20230302
C05476,2024-07-18,Litoral,Consumo,Orgánico,20240718
C05477,2023-10-01,Centro,Consumo,Referidos,20231001
C05478,2025-01-22,Patagonia,Consumo,Orgánico,20250122
C05479,2023-04-10,Cuyo,Premium,Marketplace,20230410
C05480,2024-09-04,Centro,PyME,Orgánico,20240904
C05481,2025-11-20,Centro,Consumo,Email,20251120
C05482,2023-04-10,Litoral,Consumo,Referidos,20230410
C05483,2023-11-18,AMBA,Consumo,Orgánico,20231118
C05484,2025-06-18,Cuyo,Consumo,Orgánico,20250618
C05485,2024-07-22,Centro,Consumo,Email,20240722
C05486,2023-07-06,AMBA,Premium,Email,20230706
C05487,2023-08-15,Patagonia,Consumo,Referidos,20230815
C05488,2025-03-25,AMBA,Consumo,Email,20250325
C05489,2025-07-05,NOA,Consumo,Orgánico,20250705
C05490,2024-01-20,AMBA,PyME,Marketplace,20240120
C05491,2024-05-19,Cuyo,Consumo,Orgánico,20240519
C05492,2025-04-13,AMBA,Premium,Email,20250413
C05493,2023-07-08,Cuyo,Premium,Marketplace,20230708
C05494,2023-08-08,Litoral,Consumo,Marketplace,20230808
C05495,2025-04-04,AMBA,Consumo,Orgánico,20250404
C05496,2023-07-18,Litoral,Consumo,Orgánico,20230718
C05497,2025-03-31,Patagonia,Consumo,Email,20250331
C05498,2024-06-13,Cuyo,Consumo,Paid Social,20240613
C05499,2025-11-20,AMBA,Consumo,Referidos,20251120
C05500,2023-02-05,Patagonia,Consumo,Paid Social,20230205
C05501,2025-10-04,Centro,Premium,Orgánico,20251004
C05502,2023-08-28,AMBA,Consumo,Paid Social,20230828
C05503,2023-02-07,Cuyo,Consumo,Referidos,20230207
C05504,2025-02-10,Centro,Consumo,Referidos,20250210
C05505,2024-07-21,AMBA,Consumo,Paid Social,20240721
C05506,2025-06-10,Patagonia,Consumo,Orgánico,20250610
C05507,2023-04-26,Litoral,Consumo,Paid Social,20230426
C05508,2023-03-28,NOA,Premium,Email,20230328
C05509,2024-08-27,Cuyo,Consumo,Referidos,20240827
C05510,2025-07-28,Cuyo,Premium,Marketplace,20250728
C05511,2024-03-08,NOA,Consumo,Marketplace,20240308
C05512,2025-04-29,AMBA,Consumo,Paid Social,20250429
C05513,2025-08-23,Cuyo,Premium,Marketplace,20250823
C05514,2025-07-15,Patagonia,Consumo,Orgánico,20250715
C05515,2024-06-25,Centro,Consumo,Email,20240625
C05516,2025-01-13,NOA,Premium,Paid Social,20250113
C05517,2024-07-13,Centro,Consumo,Referidos,20240713
C05518,2024-12-18,Cuyo,Consumo,Referidos,20241218
C05519,2024-08-26,NOA,Consumo,Orgánico,20240826
C05520,2024-07-13,Centro,Consumo,Marketplace,20240713
C05521,2024-04-10,NOA,Consumo,Marketplace,20240410
C05522,2024-11-26,AMBA,Premium,Marketplace,20241126
C05523,2025-03-10,Centro,Consumo,Paid Social,20250310
C05524,2025-09-05,Litoral,Consumo,Marketplace,20250905
C05525,2024-10-15,Litoral,Consumo,Referidos,20241015
C05526,2023-04-18,NOA,Consumo,Email,20230418
C05527,2024-09-17,NOA,Premium,Paid Social,20240917
C05528,2023-12-03,Patagonia,Consumo,Referidos,20231203
C05529,2023-01-29,Litoral,Consumo,Referidos,20230129
C05530,2023-03-19,Centro,Consumo,Email,20230319
C05531,2024-09-21,Patagonia,Premium,Marketplace,20240921
C05532,2025-10-03,Litoral,Consumo,Orgánico,20251003
C05533,2024-06-22,AMBA,Consumo,Email,20240622
C05534,2024-04-19,Patagonia,PyME,Paid Social,20240419
C05535,2023-04-05,Cuyo,Consumo,Paid Social,20230405
C05536,2024-12-20,Cuyo,Consumo,Paid Social,20241220
C05537,2023-03-01,Cuyo,Premium,Paid Social,20230301
C05538,2025-06-14,Patagonia,PyME,Paid Social,20250614
C05539,2025-05-19,Centro,Consumo,Orgánico,20250519
C05540,2025-11-21,Cuyo,PyME,Orgánico,20251121
C05541,2023-10-30,AMBA,Consumo,Referidos,20231030
C05542,2023-06-22,Cuyo,PyME,Paid Social,20230622
C05543,2023-11-16,AMBA,Consumo,Orgánico,20231116
C05544,2025-05-01,Litoral,Consumo,Orgánico,20250501
C05545,2023-08-22,NOA,Consumo,Orgánico,20230822
C05546,2025-08-03,Cuyo,Premium,Orgánico,20250803
C05547,2023-06-14,NOA,PyME,Marketplace,20230614
C05548,2023-02-22,NOA,Consumo,Email,20230222
C05549,2023-08-22,AMBA,Consumo,Paid Social,20230822
C05550,2025-03-14,Litoral,Consumo,Paid Social,20250314
C05551,2024-10-03,Litoral,Consumo,Orgánico,20241003
C05552,2024-01-13,Cuyo,Premium,Referidos,20240113
C05553,2024-11-29,Patagonia,Consumo,Marketplace,20241129
C05554,2024-11-21,Cuyo,PyME,Orgánico,20241121
C05555,2024-08-13,AMBA,PyME,Orgánico,20240813
C05556,2024-07-01,Litoral,Consumo,Email,20240701
C05557,2023-04-19,Centro,Consumo,Orgánico,20230419
C05558,2023-10-04,Cuyo,PyME,Orgánico,20231004
C05559,2024-07-15,Litoral,Premium,Email,20240715
C05560,2023-05-25,Patagonia,Consumo,Email,20230525
C05561,2024-05-21,Centro,Consumo,Orgánico,20240521
C05562,2023-05-05,Cuyo,Consumo,Referidos,20230505
C05563,2025-04-18,AMBA,Premium,Orgánico,20250418
C05564,2023-04-21,Cuyo,Consumo,Paid Social,20230421
C05565,2023-04-09,Litoral,Consumo,Referidos,20230409
C05566,2024-11-10,Litoral,Premium,Email,20241110
C05567,2023-08-23,Centro,Consumo,Email,20230823
C05568,2024-01-10,AMBA,Consumo,Email,20240110
C05569,2023-12-01,Litoral,Consumo,Email,20231201
C05570,2023-08-19,Litoral,Premium,Marketplace,20230819
C05571,2025-03-22,AMBA,Consumo,Email,20250322
C05572,2025-01-06,Litoral,Consumo,Paid Social,20250106
C05573,2023-09-12,AMBA,PyME,Referidos,20230912
C05574,2025-01-01,Cuyo,Consumo,Orgánico,20250101
C05575,2025-01-29,Litoral,Consumo,Referidos,20250129
C05576,2024-07-28,Patagonia,Premium,Orgánico,20240728
C05577,2024-09-07,Patagonia,Consumo,Paid Social,20240907
C05578,2025-09-22,Patagonia,PyME,Referidos,20250922
C05579,2024-04-28,Centro,Premium,Email,20240428
C05580,2024-02-15,NOA,Consumo,Orgánico,20240215
C05581,2024-07-28,Cuyo,Consumo,Paid Social,20240728
C05582,2025-06-09,Cuyo,Consumo,Referidos,20250609
C05583,2025-01-25,Patagonia,Consumo,Marketplace,20250125
C05584,2023-03-22,Centro,Consumo,Paid Social,20230322
C05585,2024-05-04,AMBA,Consumo,Orgánico,20240504
C05586,2025-02-26,Patagonia,PyME,Paid Social,20250226
C05587,2023-08-27,Litoral,Consumo,Paid Social,20230827
C05588,2025-11-18,Litoral,Premium,Orgánico,20251118
C05589,2025-05-10,AMBA,Consumo,Marketplace,20250510
C05590,2025-06-20,Litoral,Consumo,Paid Social,20250620
C05591,2023-03-29,Centro,Consumo,Paid Social,20230329
C05592,2024-09-09,Litoral,Consumo,Paid Social,20240909
C05593,2024-07-16,Litoral,Consumo,Orgánico,20240716
C05594,2024-10-29,Patagonia,Consumo,Paid Social,20241029
C05595,2025-06-24,NOA,Premium,Paid Social,20250624
C05596,2024-01-12,Centro,Consumo,Paid Social,20240112
C05597,2024-07-22,AMBA,Consumo,Email,20240722
C05598,2024-12-24,Litoral,Premium,Paid Social,20241224
C05599,2025-03-13,NOA,Consumo,Email,20250313
C05600,2025-03-31,AMBA,Consumo,Marketplace,20250331
C05601,2023-12-25,Cuyo,Consumo,Paid Social,20231225
C05602,2025-11-29,Cuyo,Consumo,Paid Social,20251129
C05603,2023-01-11,Centro,Consumo,Marketplace,20230111
C05604,2024-06-08,Litoral,Consumo,Paid Social,20240608
C05605,2024-10-10,Centro,Consumo,Paid Social,20241010
C05606,2023-03-07,Cuyo,Consumo,Referidos,20230307
C05607,2024-04-25,NOA,Consumo,Email,20240425
C05608,2024-09-26,Cuyo,PyME,Marketplace,20240926
C05609,2024-10-09,AMBA,Consumo,Paid Social,20241009
C05610,2023-05-07,NOA,Consumo,Paid Social,20230507
C05611,2023-10-23,Centro,PyME,Orgánico,20231023
C05612,2023-09-18,Patagonia,Consumo,Orgánico,20230918
C05613,2024-11-12,Patagonia,Consumo,Paid Social,20241112
C05614,2023-12-17,Litoral,Consumo,Orgánico,20231217
C05615,2024-08-31,AMBA,Premium,Paid Social,20240831
C05616,2025-02-17,NOA,Consumo,Orgánico,20250217
C05617,2025-04-29,Patagonia,Consumo,Orgánico,20250429
C05618,2023-07-15,Cuyo,PyME,Paid Social,20230715
C05619,2025-08-20,NOA,Consumo,Email,20250820
C05620,2023-06-26,Patagonia,Consumo,Paid Social,20230626
C05621,2023-01-24,Patagonia,Consumo,Referidos,20230124
C05622,2023-02-17,Centro,Consumo,Orgánico,20230217
C05623,2023-08-03,Litoral,Premium,Orgánico,20230803
C05624,2025-07-19,Centro,PyME,Marketplace,20250719
C05625,2023-08-10,AMBA,Consumo,Marketplace,20230810
C05626,2025-01-08,Cuyo,Consumo,Paid Social,20250108
C05627,2024-03-21,AMBA,Consumo,Paid Social,20240321
C05628,2023-02-12,AMBA,Consumo,Marketplace,20230212
C05629,2024-04-18,Patagonia,Premium,Paid Social,20240418
C05630,2023-01-31,Litoral,Consumo,Orgánico,20230131
C05631,2024-05-22,Cuyo,Consumo,Orgánico,20240522
C05632,2024-08-17,Centro,Premium,Orgánico,20240817
C05633,2024-07-09,Patagonia,PyME,Referidos,20240709
C05634,2023-10-28,Litoral,Consumo,Email,20231028
C05635,2025-03-27,Litoral,Premium,Orgánico,20250327
C05636,2024-09-27,Centro,Consumo,Orgánico,20240927
C05637,2023-09-29,AMBA,Consumo,Orgánico,20230929
C05638,2024-04-07,AMBA,Consumo,Referidos,20240407
C05639,2023-04-26,AMBA,Premium,Marketplace,20230426
C05640,2025-09-10,NOA,Consumo,Paid Social,20250910
C05641,2025-03-12,Cuyo,Consumo,Referidos,20250312
C05642,2023-11-03,Litoral,Premium,Orgánico,20231103
C05643,2024-12-19,NOA,Consumo,Email,20241219
C05644,2024-12-24,NOA,Consumo,Paid Social,20241224
C05645,2024-10-11,Centro,Consumo,Orgánico,20241011
C05646,2023-02-27,Cuyo,Premium,Paid Social,20230227
C05647,2025-07-24,Cuyo,Consumo,Referidos,20250724
C05648,2025-10-14,AMBA,Premium,Orgánico,20251014
C05649,2025-11-03,Patagonia,Consumo,Paid Social,20251103
C05650,2025-11-10,Litoral,Consumo,Marketplace,20251110
C05651,2025-09-16,Cuyo,Premium,Referidos,20250916
C05652,2025-02-26,Litoral,Consumo,Paid Social,20250226
C05653,2023-03-02,Patagonia,Consumo,Orgánico,20230302
C05654,2024-05-10,AMBA,Consumo,Referidos,20240510
C05655,2023-09-19,Litoral,Consumo,Orgánico,20230919
C05656,2023-08-23,NOA,Consumo,Orgánico,20230823
C05657,2025-06-03,Patagonia,PyME,Orgánico,20250603
C05658,2025-05-15,Litoral,Consumo,Paid Social,20250515
C05659,2024-07-10,AMBA,Consumo,Email,20240710
C05660,2025-02-23,Patagonia,Consumo,Referidos,20250223
C05661,2023-05-18,Patagonia,Consumo,Paid Social,20230518
C05662,2023-08-25,Cuyo,Consumo,Marketplace,20230825
C05663,2025-07-05,Litoral,PyME,Email,20250705
C05664,2024-04-25,Litoral,Consumo,Email,20240425
C05665,2024-08-05,AMBA,Premium,Orgánico,20240805
C05666,2024-05-07,Centro,Consumo,Orgánico,20240507
C05667,2023-08-04,Patagonia,Consumo,Email,20230804
C05668,2025-05-30,NOA,PyME,Referidos,20250530
C05669,2025-03-18,Centro,Consumo,Orgánico,20250318
C05670,2024-12-29,Cuyo,Consumo,Paid Social,20241229
C05671,2024-01-12,NOA,Premium,Paid Social,20240112
C05672,2024-11-15,AMBA,PyME,Paid Social,20241115
C05673,2025-10-12,Centro,Consumo,Orgánico,20251012
C05674,2024-11-23,AMBA,Consumo,Orgánico,20241123
C05675,2024-06-10,Centro,Consumo,Paid Social,20240610
C05676,2023-10-16,Litoral,PyME,Marketplace,20231016
C05677,2024-07-10,Cuyo,Consumo,Referidos,20240710
C05678,2024-01-31,NOA,Consumo,Orgánico,20240131
C05679,2024-10-13,NOA,Consumo,Orgánico,20241013
C05680,2023-02-18,NOA,Consumo,Paid Social,20230218
C05681,2023-07-22,Patagonia,Consumo,Orgánico,20230722
C05682,2025-04-18,Patagonia,Consumo,Referidos,20250418
C05683,2024-02-10,Litoral,Consumo,Paid Social,20240210
C05684,2024-04-06,NOA,Premium,Marketplace,20240406
C05685,2024-08-02,AMBA,Consumo,Orgánico,20240802
C05686,2024-04-11,Patagonia,Consumo,Marketplace,20240411
C05687,2025-03-18,AMBA,Consumo,Referidos,20250318
C05688,2023-09-19,Cuyo,Consumo,Referidos,20230919
C05689,2025-03-18,Centro,Consumo,Marketplace,20250318
C05690,2023-08-12,Litoral,Consumo,Paid Social,20230812
C05691,2024-01-30,Patagonia,Consumo,Orgánico,20240130
C05692,2024-09-18,AMBA,Consumo,Paid Social,20240918
C05693,2025-08-01,Litoral,Consumo,Referidos,20250801
C05694,2023-09-05,Centro,Consumo,Marketplace,20230905
C05695,2024-09-17,AMBA,Consumo,Paid Social,20240917
C05696,2023-03-10,Cuyo,Consumo,Referidos,20230310
C05697,2023-03-22,Litoral,Consumo,Orgánico,20230322
C05698,2025-03-28,Centro,Consumo,Orgánico,20250328
C05699,2025-02-04,Cuyo,Consumo,Email,20250204
C05700,2024-02-05,NOA,Consumo,Paid Social,20240205
C05701,2024-10-25,Cuyo,Premium,Orgánico,20241025
C05702,2024-02-09,NOA,Consumo,Referidos,20240209
C05703,2023-10-23,NOA,Consumo,Paid Social,20231023
C05704,2024-04-04,Cuyo,Consumo,Paid Social,20240404
C05705,2023-11-29,Litoral,Consumo,Orgánico,20231129
C05706,2025-05-18,Patagonia,Premium,Orgánico,20250518
C05707,2024-03-14,Cuyo,Consumo,Referidos,20240314
C05708,2023-12-08,Cuyo,Consumo,Marketplace,20231208
C05709,2024-07-25,Centro,PyME,Orgánico,20240725
C05710,2025-03-18,AMBA,Consumo,Referidos,20250318
C05711,2023-10-19,AMBA,Consumo,Referidos,20231019
C05712,2025-09-27,Cuyo,Consumo,Referidos,20250927
C05713,2024-05-08,Patagonia,PyME,Email,20240508
C05714,2024-12-04,Centro,Consumo,Paid Social,20241204
C05715,2025-10-16,Centro,Consumo,Referidos,20251016
C05716,2024-04-04,Centro,Consumo,Paid Social,20240404
C05717,2023-08-01,Litoral,Consumo,Orgánico,20230801
C05718,2025-03-07,Centro,Consumo,Paid Social,20250307
C05719,2023-01-08,Centro,Consumo,Paid Social,20230108
C05720,2024-05-02,AMBA,Consumo,Paid Social,20240502
C05721,2025-11-09,Centro,Consumo,Marketplace,20251109
C05722,2024-03-17,Centro,Consumo,Paid Social,20240317
C05723,2024-12-29,Patagonia,Consumo,Orgánico,20241229
C05724,2024-07-13,NOA,Premium,Marketplace,20240713
C05725,2023-08-17,Cuyo,Premium,Orgánico,20230817
C05726,2023-12-05,AMBA,PyME,Orgánico,20231205
C05727,2024-07-11,AMBA,Consumo,Referidos,20240711
C05728,2023-04-22,Centro,Consumo,Marketplace,20230422
C05729,2024-03-17,Cuyo,Consumo,Email,20240317
C05730,2024-03-17,Litoral,PyME,Paid Social,20240317
C05731,2025-06-08,Centro,Consumo,Paid Social,20250608
C05732,2023-05-12,Cuyo,Consumo,Referidos,20230512
C05733,2025-06-16,Centro,Consumo,Marketplace,20250616
C05734,2024-03-13,Litoral,Premium,Orgánico,20240313
C05735,2024-11-24,Patagonia,Premium,Marketplace,20241124
C05736,2024-08-16,AMBA,Premium,Email,20240816
C05737,2023-11-16,Cuyo,Consumo,Orgánico,20231116
C05738,2025-09-18,Litoral,Consumo,Orgánico,20250918
C05739,2023-08-28,Patagonia,PyME,Orgánico,20230828
C05740,2023-02-08,Litoral,Consumo,Marketplace,20230208
C05741,2025-03-09,Litoral,Consumo,Paid Social,20250309
C05742,2024-10-23,Patagonia,Consumo,Referidos,20241023
C05743,2025-08-06,Cuyo,Consumo,Orgánico,20250806
C05744,2024-05-02,Litoral,Consumo,Referidos,20240502
C05745,2023-01-18,Centro,Consumo,Paid Social,20230118
C05746,2023-01-22,Cuyo,Premium,Marketplace,20230122
C05747,2024-04-06,AMBA,Premium,Paid Social,20240406
C05748,2023-09-23,Cuyo,Consumo,Referidos,20230923
C05749,2025-09-09,AMBA,Consumo,Email,20250909
C05750,2023-05-07,Centro,Consumo,Paid Social,20230507
C05751,2025-07-27,Cuyo,Consumo,Marketplace,20250727
C05752,2023-08-19,Litoral,Consumo,Paid Social,20230819
C05753,2023-05-08,NOA,Premium,Marketplace,20230508
C05754,2023-10-20,AMBA,Consumo,Orgánico,20231020
C05755,2023-06-03,NOA,Consumo,Email,20230603
C05756,2024-03-03,Centro,Premium,Marketplace,20240303
C05757,2023-12-18,Patagonia,PyME,Marketplace,20231218
C05758,2024-07-17,Patagonia,Consumo,Paid Social,20240717
C05759,2024-07-25,NOA,Consumo,Paid Social,20240725
C05760,2023-01-02,AMBA,Consumo,Referidos,20230102
C05761,2023-05-13,NOA,Consumo,Paid Social,20230513
C05762,2023-06-22,AMBA,Consumo,Marketplace,20230622
C05763,2023-07-27,NOA,Consumo,Orgánico,20230727
C05764,2023-04-10,Litoral,Consumo,Orgánico,20230410
C05765,2023-12-02,Cuyo,Consumo,Referidos,20231202
C05766,2024-08-08,Cuyo,Consumo,Paid Social,20240808
C05767,2023-11-25,AMBA,Consumo,Paid Social,20231125
C05768,2023-12-17,Patagonia,Consumo,Paid Social,20231217
C05769,2024-05-15,Patagonia,Consumo,Marketplace,20240515
C05770,2024-08-07,NOA,Consumo,Email,20240807
C05771,2023-12-19,Patagonia,PyME,Marketplace,20231219
C05772,2023-08-25,NOA,Consumo,Paid Social,20230825
C05773,2024-03-11,NOA,Consumo,Paid Social,20240311
C05774,2023-01-26,Cuyo,Consumo,Orgánico,20230126
C05775,2024-06-08,Patagonia,Premium,Paid Social,20240608
C05776,2025-09-29,Centro,Consumo,Orgánico,20250929
C05777,2024-02-28,Patagonia,Consumo,Orgánico,20240228
C05778,2023-04-26,Litoral,Premium,Paid Social,20230426
C05779,2025-01-23,Cuyo,Consumo,Referidos,20250123
C05780,2023-05-16,Litoral,Consumo,Paid Social,20230516
C05781,2023-07-26,Centro,Consumo,Paid Social,20230726
C05782,2023-06-06,Litoral,PyME,Paid Social,20230606
C05783,2025-07-30,Cuyo,Premium,Paid Social,20250730
C05784,2025-11-11,Centro,Consumo,Referidos,20251111
C05785,2024-08-29,NOA,Premium,Referidos,20240829
C05786,2024-10-19,AMBA,Consumo,Referidos,20241019
C05787,2024-11-18,Patagonia,Consumo,Orgánico,20241118
C05788,2024-10-11,Centro,Consumo,Paid Social,20241011
C05789,2024-08-02,Centro,Consumo,Referidos,20240802
C05790,2025-11-16,AMBA,Consumo,Marketplace,20251116
C05791,2025-02-19,AMBA,Consumo,Paid Social,20250219
C05792,2023-04-05,AMBA,Premium,Paid Social,20230405
C05793,2024-02-22,Patagonia,Consumo,Referidos,20240222
C05794,2025-11-03,NOA,Consumo,Marketplace,20251103
C05795,2024-03-05,Litoral,Consumo,Paid Social,20240305
C05796,2023-08-06,AMBA,Consumo,Orgánico,20230806
C05797,2025-07-13,NOA,Consumo,Referidos,20250713
C05798,2024-10-25,Litoral,Consumo,Referidos,20241025
C05799,2024-08-22,Litoral,Consumo,Orgánico,20240822
C05800,2024-03-23,NOA,Consumo,Paid Social,20240323
C05801,2023-05-13,Cuyo,Consumo,Email,20230513
C05802,2024-02-13,Cuyo,Premium,Referidos,20240213
C05803,2024-04-10,Patagonia,Consumo,Referidos,20240410
C05804,2025-09-18,Litoral,Consumo,Orgánico,20250918
C05805,2023-11-24,Patagonia,Consumo,Orgánico,20231124
C05806,2023-06-08,Patagonia,Consumo,Referidos,20230608
C05807,2024-03-31,NOA,Consumo,Orgánico,20240331
C05808,2025-11-27,Centro,Consumo,Paid Social,20251127
C05809,2024-05-28,AMBA,Consumo,Paid Social,20240528
C05810,2024-02-08,Cuyo,PyME,Paid Social,20240208
C05811,2024-12-11,Litoral,Consumo,Referidos,20241211
C05812,2024-11-21,Patagonia,Consumo,Orgánico,20241121
C05813,2023-11-15,Centro,Consumo,Referidos,20231115
C05814,2025-10-27,Patagonia,Consumo,Email,20251027
C05815,2024-09-23,Patagonia,Consumo,Paid Social,20240923
C05816,2023-03-03,Patagonia,PyME,Marketplace,20230303
C05817,2024-03-10,Patagonia,Consumo,Orgánico,20240310
C05818,2025-09-09,NOA,Premium,Referidos,20250909
C05819,2024-02-23,Litoral,Consumo,Orgánico,20240223
C05820,2024-08-27,Cuyo,Premium,Marketplace,20240827
C05821,2024-10-14,Cuyo,PyME,Orgánico,20241014
C05822,2025-01-20,Patagonia,PyME,Email,20250120
C05823,2025-07-18,Centro,Consumo,Orgánico,20250718
C05824,2023-06-08,Litoral,Premium,Paid Social,20230608
C05825,2024-07-04,Litoral,Consumo,Orgánico,20240704
C05826,2024-07-22,Litoral,Consumo,Orgánico,20240722
C05827,2023-06-12,Cuyo,Consumo,Orgánico,20230612
C05828,2024-12-18,Patagonia,Consumo,Orgánico,20241218
C05829,2023-05-06,AMBA,Consumo,Referidos,20230506
C05830,2024-04-30,Patagonia,Consumo,Paid Social,20240430
C05831,2023-12-18,Patagonia,Consumo,Orgánico,20231218
C05832,2023-06-15,NOA,Consumo,Marketplace,20230615
C05833,2025-05-25,NOA,Consumo,Email,20250525
C05834,2023-09-17,Cuyo,Premium,Orgánico,20230917
C05835,2023-09-29,AMBA,Premium,Paid Social,20230929
C05836,2025-06-28,Litoral,Premium,Paid Social,20250628
C05837,2025-07-23,AMBA,Premium,Email,20250723
C05838,2023-02-06,Centro,Consumo,Marketplace,20230206
C05839,2023-10-23,Patagonia,Consumo,Email,20231023
C05840,2025-01-24,Litoral,Consumo,Marketplace,20250124
C05841,2025-04-08,Litoral,Consumo,Referidos,20250408
C05842,2025-11-30,Patagonia,Consumo,Marketplace,20251130
C05843,2024-08-13,AMBA,Premium,Email,20240813
C05844,2023-01-08,Patagonia,Consumo,Email,20230108
C05845,2025-07-19,Litoral,Premium,Referidos,20250719
C05846,2023-06-21,Cuyo,Consumo,Referidos,20230621
C05847,2023-05-09,Cuyo,Premium,Orgánico,20230509
C05848,2024-12-18,Litoral,Consumo,Orgánico,20241218
C05849,2024-10-05,Litoral,Premium,Orgánico,20241005
C05850,2023-03-05,Cuyo,Consumo,Orgánico,20230305
C05851,2023-06-30,Centro,Consumo,Marketplace,20230630
C05852,2024-09-20,Centro,Consumo,Referidos,20240920
C05853,2023-09-29,Cuyo,Consumo,Orgánico,20230929
C05854,2024-12-29,Centro,Consumo,Paid Social,20241229
C05855,2024-03-14,Litoral,Consumo,Orgánico,20240314
C05856,2024-09-18,NOA,Consumo,Referidos,20240918
C05857,2024-05-20,AMBA,PyME,Marketplace,20240520
C05858,2024-01-24,Centro,Consumo,Orgánico,20240124
C05859,2023-12-31,AMBA,Consumo,Paid Social,20231231
C05860,2025-01-12,NOA,Premium,Marketplace,20250112
C05861,2024-07-01,Patagonia,Consumo,Email,20240701
C05862,2024-09-24,Centro,Premium,Marketplace,20240924
C05863,2024-09-06,Cuyo,Consumo,Paid Social,20240906
C05864,2023-08-10,Patagonia,Consumo,Orgánico,20230810
C05865,2025-08-30,NOA,Consumo,Referidos,20250830
C05866,2024-08-22,Litoral,Consumo,Orgánico,20240822
C05867,2025-02-03,Centro,Consumo,Referidos,20250203
C05868,2025-07-28,Patagonia,Premium,Referidos,20250728
C05869,2025-09-11,Patagonia,Consumo,Paid Social,20250911
C05870,2024-12-11,Litoral,PyME,Paid Social,20241211
C05871,2025-04-18,AMBA,Consumo,Referidos,20250418
C05872,2024-05-17,Patagonia,Consumo,Marketplace,20240517
C05873,2025-02-24,AMBA,Premium,Paid Social,20250224
C05874,2023-12-09,NOA,Premium,Referidos,20231209
C05875,2025-01-28,NOA,Consumo,Orgánico,20250128
C05876,2023-04-02,Litoral,Consumo,Marketplace,20230402
C05877,2025-08-31,Litoral,Consumo,Email,20250831
C05878,2023-09-18,AMBA,Consumo,Orgánico,20230918
C05879,2024-11-30,NOA,Premium,Referidos,20241130
C05880,2023-01-12,Centro,Consumo,Referidos,20230112
C05881,2023-06-15,Centro,Consumo,Referidos,20230615
C05882,2025-11-16,Patagonia,Consumo,Paid Social,20251116
C05883,2025-06-06,NOA,Consumo,Referidos,20250606
C05884,2023-08-25,Cuyo,Consumo,Referidos,20230825
C05885,2023-05-20,Litoral,Consumo,Paid Social,20230520
C05886,2025-05-17,Litoral,Consumo,Orgánico,20250517
C05887,2025-11-20,Centro,PyME,Marketplace,20251120
C05888,2023-06-29,Litoral,Premium,Email,20230629
C05889,2024-12-08,NOA,Consumo,Paid Social,20241208
C05890,2023-10-30,Cuyo,Consumo,Marketplace,20231030
C05891,2025-03-03,Patagonia,PyME,Orgánico,20250303
C05892,2024-03-21,Patagonia,Premium,Referidos,20240321
C05893,2023-05-14,NOA,Premium,Paid Social,20230514
C05894,2023-12-12,Patagonia,Consumo,Orgánico,20231212
C05895,2024-07-27,NOA,Consumo,Marketplace,20240727
C05896,2025-04-30,Patagonia,Premium,Referidos,20250430
C05897,2023-01-23,NOA,Consumo,Orgánico,20230123
C05898,2025-10-16,Patagonia,Consumo,Marketplace,20251016
C05899,2024-11-22,NOA,Consumo,Marketplace,20241122
C05900,2025-07-21,NOA,Consumo,Referidos,20250721
C05901,2025-09-17,NOA,Consumo,Orgánico,20250917
C05902,2023-06-13,Litoral,Consumo,Orgánico,20230613
C05903,2023-04-10,Patagonia,Consumo,Referidos,20230410
C05904,2025-04-07,NOA,Consumo,Marketplace,20250407
C05905,2023-07-20,Cuyo,Consumo,Orgánico,20230720
C05906,2023-06-07,AMBA,PyME,Paid Social,20230607
C05907,2024-05-13,NOA,Consumo,Orgánico,20240513
C05908,2025-08-30,Litoral,Consumo,Paid Social,20250830
C05909,2025-04-27,Cuyo,Consumo,Email,20250427
C05910,2024-07-05,Patagonia,Consumo,Orgánico,20240705
C05911,2023-07-29,AMBA,Consumo,Email,20230729
C05912,2023-12-25,Cuyo,Consumo,Email,20231225
C05913,2025-01-03,Centro,Premium,Paid Social,20250103
C05914,2023-06-17,Centro,Consumo,Marketplace,20230617
C05915,2024-07-12,NOA,PyME,Orgánico,20240712
C05916,2023-01-13,Litoral,Consumo,Orgánico,20230113
C05917,2023-12-13,AMBA,Consumo,Paid Social,20231213
C05918,2023-09-22,Cuyo,Consumo,Paid Social,20230922
C05919,2024-12-26,Centro,Consumo,Orgánico,20241226
C05920,2025-08-31,NOA,PyME,Marketplace,20250831
C05921,2023-06-06,Centro,Premium,Orgánico,20230606
C05922,2025-04-29,Cuyo,Consumo,Orgánico,20250429
C05923,2024-11-29,Cuyo,Consumo,Referidos,20241129
C05924,2025-10-29,Centro,PyME,Marketplace,20251029
C05925,2025-08-28,Patagonia,Consumo,Paid Social,20250828
C05926,2023-04-18,Litoral,Consumo,Orgánico,20230418
C05927,2025-03-02,Cuyo,Consumo,Paid Social,20250302
C05928,2024-09-22,Cuyo,Consumo,Orgánico,20240922
C05929,2023-05-01,Patagonia,Consumo,Paid Social,20230501
C05930,2023-10-01,AMBA,Consumo,Email,20231001
C05931,2025-09-14,NOA,Premium,Paid Social,20250914
C05932,2024-08-01,Litoral,Consumo,Paid Social,20240801
C05933,2023-12-27,Centro,Consumo,Referidos,20231227
C05934,2023-12-08,Litoral,Consumo,Orgánico,20231208
C05935,2025-06-11,NOA,Premium,Orgánico,20250611
C05936,2023-10-29,Centro,Consumo,Referidos,20231029
C05937,2023-06-19,Litoral,Premium,Orgánico,20230619
C05938,2024-09-03,Litoral,Consumo,Orgánico,20240903
C05939,2025-11-23,Patagonia,Consumo,Orgánico,20251123
C05940,2023-07-15,Litoral,Premium,Email,20230715
C05941,2023-09-29,Patagonia,Premium,Email,20230929
C05942,2024-05-14,Patagonia,Consumo,Paid Social,20240514
C05943,2023-08-01,NOA,Consumo,Paid Social,20230801
C05944,2024-11-24,Cuyo,Consumo,Paid Social,20241124
C05945,2023-09-28,Patagonia,Consumo,Orgánico,20230928
C05946,2023-05-17,Centro,Premium,Referidos,20230517
C05947,2023-10-06,NOA,Premium,Marketplace,20231006
C05948,2025-09-18,NOA,Consumo,Paid Social,20250918
C05949,2025-09-22,Centro,PyME,Paid Social,20250922
C05950,2024-06-22,Litoral,Consumo,Referidos,20240622
C05951,2024-03-02,Patagonia,PyME,Orgánico,20240302
C05952,2025-05-22,AMBA,Premium,Paid Social,20250522
C05953,2023-07-26,Patagonia,PyME,Marketplace,20230726
C05954,2024-11-27,Patagonia,Premium,Orgánico,20241127
C05955,2024-12-25,NOA,PyME,Orgánico,20241225
C05956,2025-01-26,Centro,Consumo,Paid Social,20250126
C05957,2023-08-21,Patagonia,Consumo,Email,20230821
C05958,2025-02-01,Patagonia,Consumo,Email,20250201
C05959,2024-10-13,AMBA,Premium,Orgánico,20241013
C05960,2025-07-20,Patagonia,Consumo,Referidos,20250720
C05961,2023-07-05,Litoral,PyME,Orgánico,20230705
C05962,2024-10-15,NOA,Consumo,Marketplace,20241015
C05963,2025-06-02,AMBA,Premium,Orgánico,20250602
C05964,2023-10-24,NOA,Consumo,Orgánico,20231024
C05965,2025-03-03,Litoral,Premium,Email,20250303
C05966,2023-04-16,Centro,PyME,Orgánico,20230416
C05967,2025-02-03,Cuyo,Consumo,Email,20250203
C05968,2024-10-07,Patagonia,Consumo,Orgánico,20241007
C05969,2023-07-25,NOA,Consumo,Paid Social,20230725
C05970,2023-03-12,Centro,Premium,Orgánico,20230312
C05971,2025-03-04,NOA,Premium,Paid Social,20250304
C05972,2023-09-14,Litoral,Consumo,Orgánico,20230914
C05973,2024-06-13,Centro,Consumo,Paid Social,20240613
C05974,2023-03-06,Litoral,Consumo,Orgánico,20230306
C05975,2025-10-23,Patagonia,Consumo,Referidos,20251023
C05976,2024-08-07,AMBA,Premium,Referidos,20240807
C05977,2025-09-19,AMBA,Consumo,Orgánico,20250919
C05978,2023-06-20,AMBA,PyME,Orgánico,20230620
C05979,2023-08-08,Litoral,PyME,Orgánico,20230808
C05980,2024-10-12,AMBA,PyME,Orgánico,20241012
C05981,2024-10-05,NOA,Consumo,Paid Social,20241005
C05982,2025-04-22,AMBA,Consumo,Paid Social,20250422
C05983,2025-09-15,AMBA,Premium,Marketplace,20250915
C05984,2025-05-25,Centro,Consumo,Referidos,20250525
C05985,2023-05-30,Patagonia,PyME,Orgánico,20230530
C05986,2023-11-26,NOA,Consumo,Orgánico,20231126
C05987,2025-08-31,Centro,Consumo,Orgánico,20250831
C05988,2024-08-07,Litoral,PyME,Orgánico,20240807
C05989,2025-07-12,Patagonia,Premium,Paid Social,20250712
C05990,2024-08-22,Patagonia,Consumo,Orgánico,20240822
C05991,2023-02-22,AMBA,Premium,Orgánico,20230222
C05992,2024-05-18,NOA,Consumo,Orgánico,20240518
C05993,2025-05-28,NOA,Consumo,Email,20250528
C05994,2024-11-28,Patagonia,Consumo,Orgánico,20241128
C05995,2023-05-22,Litoral,Consumo,Marketplace,20230522
C05996,2023-08-12,Cuyo,Consumo,Paid Social,20230812
C05997,2025-06-28,NOA,Consumo,Paid Social,20250628
C05998,2025-11-08,NOA,Consumo,Paid Social,20251108
C05999,2025-03-12,Litoral,Consumo,Paid Social,20250312
C06000,2023-04-15,Patagonia,Consumo,Paid Social,20230415
C06001,2024-10-21,Cuyo,Consumo,Paid Social,20241021
C06002,2025-06-02,Patagonia,Consumo,Paid Social,20250602
C06003,2024-11-12,AMBA,Consumo,Paid Social,20241112
C06004,2024-09-24,NOA,Consumo,Orgánico,20240924
C06005,2024-05-12,Litoral,Consumo,Email,20240512
C06006,2023-09-18,Litoral,Premium,Email,20230918
C06007,2023-10-27,Centro,Premium,Email,20231027
C06008,2025-03-05,Litoral,PyME,Marketplace,20250305
C06009,2023-03-16,AMBA,PyME,Paid Social,20230316
C06010,2023-03-31,NOA,Consumo,Marketplace,20230331
C06011,2024-02-27,Patagonia,Premium,Paid Social,20240227
C06012,2025-04-04,Cuyo,Consumo,Paid Social,20250404
C06013,2024-11-30,NOA,Premium,Email,20241130
C06014,2024-09-20,Patagonia,PyME,Orgánico,20240920
C06015,2024-07-22,AMBA,Premium,Orgánico,20240722
C06016,2023-04-28,AMBA,Consumo,Paid Social,20230428
C06017,2023-12-20,Centro,Consumo,Orgánico,20231220
C06018,2023-03-26,AMBA,Consumo,Orgánico,20230326
C06019,2025-03-18,Litoral,Consumo,Referidos,20250318
C06020,2025-03-10,Litoral,Premium,Paid Social,20250310
C06021,2023-10-02,Litoral,Consumo,Orgánico,20231002
C06022,2023-11-08,AMBA,Consumo,Orgánico,20231108
C06023,2023-12-05,NOA,Consumo,Marketplace,20231205
C06024,2025-08-05,NOA,Consumo,Marketplace,20250805
C06025,2024-06-04,Litoral,Consumo,Email,20240604
C06026,2025-03-22,AMBA,Consumo,Orgánico,20250322
C06027,2024-04-23,Cuyo,Consumo,Paid Social,20240423
C06028,2025-01-13,Patagonia,Premium,Paid Social,20250113
C06029,2024-07-16,Patagonia,Premium,Referidos,20240716
C06030,2023-10-24,Centro,Premium,Paid Social,20231024
C06031,2025-07-22,Patagonia,Consumo,Referidos,20250722
C06032,2025-01-25,NOA,Consumo,Paid Social,20250125
C06033,2025-03-30,Litoral,Consumo,Marketplace,20250330
C06034,2025-10-06,Cuyo,Consumo,Paid Social,20251006
C06035,2023-09-22,Litoral,Consumo,Paid Social,20230922
C06036,2023-04-08,AMBA,Consumo,Paid Social,20230408
C06037,2024-09-12,Litoral,PyME,Email,20240912
C06038,2023-12-14,AMBA,Consumo,Marketplace,20231214
C06039,2024-04-09,AMBA,Premium,Paid Social,20240409
C06040,2023-09-07,Litoral,Consumo,Marketplace,20230907
C06041,2024-02-29,Litoral,Consumo,Paid Social,20240229
C06042,2024-02-23,NOA,Premium,Paid Social,20240223
C06043,2024-01-09,Litoral,Premium,Orgánico,20240109
C06044,2025-03-01,NOA,Premium,Orgánico,20250301
C06045,2024-09-23,Patagonia,Premium,Referidos,20240923
C06046,2024-05-20,Cuyo,Consumo,Orgánico,20240520
C06047,2023-05-01,NOA,PyME,Paid Social,20230501
C06048,2024-08-30,Cuyo,PyME,Orgánico,20240830
C06049,2023-07-06,Litoral,Consumo,Referidos,20230706
C06050,2023-12-01,AMBA,Consumo,Marketplace,20231201
C06051,2024-03-17,Centro,Consumo,Referidos,20240317
C06052,2023-05-31,Litoral,Premium,Paid Social,20230531
C06053,2024-02-19,Centro,PyME,Paid Social,20240219
C06054,2023-10-12,Litoral,Premium,Orgánico,20231012
C06055,2025-06-23,AMBA,Consumo,Marketplace,20250623
C06056,2025-07-04,Centro,Consumo,Orgánico,20250704
C06057,2023-01-05,Litoral,Consumo,Marketplace,20230105
C06058,2024-10-03,Litoral,Consumo,Referidos,20241003
C06059,2024-11-13,NOA,Consumo,Referidos,20241113
C06060,2024-02-07,NOA,Consumo,Referidos,20240207
C06061,2024-05-14,Patagonia,Consumo,Paid Social,20240514
C06062,2025-04-21,AMBA,Consumo,Orgánico,20250421
C06063,2024-02-07,Litoral,Premium,Paid Social,20240207
C06064,2023-03-10,Centro,Consumo,Orgánico,20230310
C06065,2024-02-01,Centro,Consumo,Referidos,20240201
C06066,2023-09-28,Centro,Consumo,Paid Social,20230928
C06067,2024-02-12,Cuyo,PyME,Marketplace,20240212
C06068,2023-09-03,AMBA,Premium,Marketplace,20230903
C06069,2023-06-09,Litoral,Consumo,Orgánico,20230609
C06070,2025-11-15,AMBA,Premium,Orgánico,20251115
C06071,2023-05-18,Litoral,Consumo,Paid Social,20230518
C06072,2025-01-21,Litoral,Consumo,Orgánico,20250121
C06073,2025-02-03,Centro,Consumo,Email,20250203
C06074,2024-10-19,AMBA,Consumo,Referidos,20241019
C06075,2025-08-28,Patagonia,Consumo,Referidos,20250828
C06076,2023-01-06,Patagonia,Consumo,Paid Social,20230106
C06077,2023-11-18,Centro,Consumo,Referidos,20231118
C06078,2023-07-16,NOA,Consumo,Email,20230716
C06079,2024-09-06,Centro,Consumo,Marketplace,20240906
C06080,2024-11-07,NOA,Consumo,Referidos,20241107
C06081,2025-08-14,AMBA,Consumo,Referidos,20250814
C06082,2024-02-09,Litoral,Consumo,Orgánico,20240209
C06083,2023-09-09,AMBA,Consumo,Referidos,20230909
C06084,2025-09-11,Centro,Consumo,Paid Social,20250911
C06085,2024-12-17,Cuyo,Consumo,Paid Social,20241217
C06086,2025-03-25,AMBA,Consumo,Paid Social,20250325
C06087,2024-04-18,Cuyo,Consumo,Paid Social,20240418
C06088,2024-04-21,Centro,Consumo,Orgánico,20240421
C06089,2024-02-19,AMBA,Consumo,Orgánico,20240219
C06090,2025-03-09,NOA,Consumo,Referidos,20250309
C06091,2023-08-13,NOA,Consumo,Email,20230813
C06092,2025-11-04,NOA,Consumo,Marketplace,20251104
C06093,2023-07-07,AMBA,PyME,Referidos,20230707
C06094,2024-05-05,Cuyo,Consumo,Paid Social,20240505
C06095,2023-12-02,Centro,Consumo,Referidos,20231202
C06096,2024-11-15,Centro,Consumo,Email,20241115
C06097,2024-12-25,Cuyo,Premium,Orgánico,20241225
C06098,2025-09-05,Litoral,Consumo,Marketplace,20250905
C06099,2025-04-20,Cuyo,PyME,Marketplace,20250420
C06100,2023-09-22,Centro,Consumo,Orgánico,20230922
C06101,2023-08-09,NOA,Consumo,Referidos,20230809
C06102,2025-08-02,NOA,Consumo,Orgánico,20250802
C06103,2024-06-03,Centro,PyME,Marketplace,20240603
C06104,2023-04-14,Centro,PyME,Email,20230414
C06105,2025-05-28,Litoral,Premium,Orgánico,20250528
C06106,2024-11-21,Cuyo,Consumo,Referidos,20241121
C06107,2023-01-28,NOA,Premium,Paid Social,20230128
C06108,2025-04-13,Cuyo,Consumo,Orgánico,20250413
C06109,2024-10-08,AMBA,Consumo,Referidos,20241008
C06110,2024-10-16,AMBA,Consumo,Referidos,20241016
C06111,2025-07-10,AMBA,PyME,Paid Social,20250710
C06112,2024-06-11,Cuyo,Consumo,Referidos,20240611
C06113,2024-05-06,Centro,Consumo,Orgánico,20240506
C06114,2024-10-19,NOA,Consumo,Paid Social,20241019
C06115,2023-07-30,NOA,Consumo,Email,20230730
C06116,2023-06-11,AMBA,Consumo,Orgánico,20230611
C06117,2025-06-17,NOA,Premium,Paid Social,20250617
C06118,2023-08-18,Litoral,Consumo,Marketplace,20230818
C06119,2024-06-21,Centro,Consumo,Referidos,20240621
C06120,2023-10-15,Cuyo,Consumo,Email,20231015
C06121,2023-09-03,Cuyo,Consumo,Email,20230903
C06122,2024-09-28,Centro,Consumo,Marketplace,20240928
C06123,2025-05-04,NOA,Consumo,Marketplace,20250504
C06124,2024-04-15,AMBA,Consumo,Orgánico,20240415
C06125,2023-05-28,AMBA,Consumo,Paid Social,20230528
C06126,2023-09-18,Centro,PyME,Orgánico,20230918
C06127,2023-06-25,AMBA,Consumo,Orgánico,20230625
C06128,2025-07-29,AMBA,Consumo,Orgánico,20250729
C06129,2023-12-07,Cuyo,PyME,Email,20231207
C06130,2024-02-03,Cuyo,Consumo,Referidos,20240203
C06131,2023-03-17,AMBA,Premium,Marketplace,20230317
C06132,2024-04-20,Patagonia,PyME,Paid Social,20240420
C06133,2025-08-31,NOA,Premium,Paid Social,20250831
C06134,2024-03-12,Patagonia,Consumo,Orgánico,20240312
C06135,2024-11-24,Litoral,Premium,Orgánico,20241124
C06136,2023-07-13,NOA,Consumo,Orgánico,20230713
C06137,2023-06-02,Cuyo,Consumo,Marketplace,20230602
C06138,2025-02-18,Cuyo,PyME,Orgánico,20250218
C06139,2023-03-12,AMBA,Consumo,Referidos,20230312
C06140,2024-04-22,Patagonia,Premium,Paid Social,20240422
C06141,2023-12-04,AMBA,Consumo,Paid Social,20231204
C06142,2023-01-18,Litoral,Consumo,Marketplace,20230118
C06143,2024-07-19,Patagonia,Consumo,Marketplace,20240719
C06144,2025-10-23,Centro,Premium,Orgánico,20251023
C06145,2023-03-15,Litoral,Consumo,Marketplace,20230315
C06146,2025-05-18,Centro,Premium,Orgánico,20250518
C06147,2024-07-28,Cuyo,Consumo,Referidos,20240728
C06148,2025-02-09,Litoral,PyME,Orgánico,20250209
C06149,2023-04-13,Centro,Consumo,Paid Social,20230413
C06150,2025-07-14,Patagonia,Premium,Referidos,20250714
C06151,2023-01-13,Cuyo,Consumo,Referidos,20230113
C06152,2025-08-23,Cuyo,Consumo,Referidos,20250823
C06153,2024-12-01,Patagonia,PyME,Orgánico,20241201
C06154,2023-12-26,Centro,Consumo,Marketplace,20231226
C06155,2023-01-08,Cuyo,Consumo,Paid Social,20230108
C06156,2024-10-12,NOA,Premium,Orgánico,20241012
C06157,2023-04-04,Cuyo,Premium,Orgánico,20230404
C06158,2024-10-10,AMBA,Premium,Orgánico,20241010
C06159,2025-04-03,Centro,Premium,Orgánico,20250403
C06160,2023-10-12,NOA,PyME,Email,20231012
C06161,2023-09-12,Patagonia,Consumo,Orgánico,20230912
C06162,2023-08-25,Patagonia,Consumo,Email,20230825
C06163,2023-08-28,Centro,Premium,Orgánico,20230828
C06164,2023-05-02,NOA,Consumo,Referidos,20230502
C06165,2023-09-23,Cuyo,Consumo,Orgánico,20230923
C06166,2024-12-03,Patagonia,Consumo,Paid Social,20241203
C06167,2023-11-19,NOA,Consumo,Email,20231119
C06168,2025-04-11,Centro,Premium,Marketplace,20250411
C06169,2025-05-22,NOA,Consumo,Marketplace,20250522
C06170,2025-03-21,Litoral,Premium,Paid Social,20250321
C06171,2024-07-28,Patagonia,Premium,Marketplace,20240728
C06172,2023-12-03,Patagonia,Consumo,Email,20231203
C06173,2025-09-17,Centro,Consumo,Marketplace,20250917
C06174,2023-08-07,Patagonia,Consumo,Orgánico,20230807
C06175,2024-05-09,Centro,Consumo,Orgánico,20240509
C06176,2024-04-28,Centro,Consumo,Orgánico,20240428
C06177,2025-03-05,AMBA,Consumo,Referidos,20250305
C06178,2024-08-05,Centro,Premium,Orgánico,20240805
C06179,2025-05-01,NOA,Consumo,Orgánico,20250501
C06180,2025-09-05,Centro,Consumo,Email,20250905
C06181,2024-02-21,Cuyo,Consumo,Marketplace,20240221
C06182,2025-07-20,Cuyo,Premium,Email,20250720
C06183,2023-06-30,Patagonia,Consumo,Referidos,20230630
C06184,2025-09-02,Litoral,Consumo,Orgánico,20250902
C06185,2023-07-09,Litoral,PyME,Marketplace,20230709
C06186,2025-06-24,NOA,Consumo,Orgánico,20250624
C06187,2024-02-20,Cuyo,Consumo,Orgánico,20240220
C06188,2025-10-24,Patagonia,Consumo,Paid Social,20251024
C06189,2023-05-18,NOA,Premium,Orgánico,20230518
C06190,2024-05-10,Patagonia,Premium,Email,20240510
C06191,2025-08-18,AMBA,Consumo,Email,20250818
C06192,2023-02-20,Centro,Premium,Orgánico,20230220
C06193,2023-10-10,Litoral,Premium,Orgánico,20231010
C06194,2023-03-30,Cuyo,Premium,Orgánico,20230330
C06195,2023-12-09,Centro,PyME,Orgánico,20231209
C06196,2024-02-20,Cuyo,Premium,Marketplace,20240220
C06197,2024-10-21,AMBA,Consumo,Email,20241021
C06198,2023-10-02,Centro,Consumo,Orgánico,20231002
C06199,2023-06-18,Patagonia,PyME,Orgánico,20230618
C06200,2023-06-30,AMBA,Consumo,Referidos,20230630
C06201,2025-09-26,NOA,Consumo,Referidos,20250926
C06202,2025-10-12,Cuyo,PyME,Marketplace,20251012
C06203,2023-08-24,Patagonia,Premium,Orgánico,20230824
C06204,2023-07-28,Centro,Premium,Paid Social,20230728
C06205,2023-02-27,Patagonia,Premium,Orgánico,20230227
C06206,2025-10-18,Litoral,Consumo,Referidos,20251018
C06207,2025-01-22,NOA,Premium,Paid Social,20250122
C06208,2025-03-21,AMBA,PyME,Referidos,20250321
C06209,2023-11-06,Patagonia,Consumo,Orgánico,20231106
C06210,2024-11-13,Centro,Consumo,Referidos,20241113
C06211,2023-03-05,Cuyo,Premium,Orgánico,20230305
C06212,2024-12-20,AMBA,Consumo,Referidos,20241220
C06213,2024-09-09,NOA,Consumo,Orgánico,20240909
C06214,2023-12-20,Litoral,Consumo,Referidos,20231220
C06215,2025-01-26,NOA,Consumo,Orgánico,20250126
C06216,2024-11-19,Litoral,Consumo,Email,20241119
C06217,2024-04-12,AMBA,Premium,Referidos,20240412
C06218,2023-07-18,Cuyo,Consumo,Paid Social,20230718
C06219,2023-01-26,Cuyo,Premium,Orgánico,20230126
C06220,2025-09-25,AMBA,Consumo,Paid Social,20250925
C06221,2023-10-27,NOA,Consumo,Orgánico,20231027
C06222,2023-11-18,NOA,Consumo,Email,20231118
C06223,2024-12-26,Litoral,Premium,Orgánico,20241226
C06224,2023-09-29,Litoral,PyME,Orgánico,20230929
C06225,2024-02-05,Patagonia,Consumo,Orgánico,20240205
C06226,2025-01-27,Patagonia,PyME,Orgánico,20250127
C06227,2024-09-26,AMBA,Consumo,Orgánico,20240926
C06228,2024-11-30,Litoral,Consumo,Referidos,20241130
C06229,2023-01-05,Patagonia,Premium,Orgánico,20230105
C06230,2024-04-25,Patagonia,Consumo,Marketplace,20240425
C06231,2024-05-21,Litoral,PyME,Referidos,20240521
C06232,2024-11-04,NOA,Consumo,Paid Social,20241104
C06233,2023-06-11,Litoral,Premium,Marketplace,20230611
C06234,2023-06-19,Cuyo,Consumo,Email,20230619
C06235,2025-03-22,Cuyo,Consumo,Email,20250322
C06236,2024-12-18,Patagonia,Consumo,Paid Social,20241218
C06237,2025-05-13,NOA,PyME,Email,20250513
C06238,2023-10-16,Centro,Consumo,Orgánico,20231016
C06239,2025-11-28,Centro,Consumo,Paid Social,20251128
C06240,2023-10-18,Litoral,Consumo,Orgánico,20231018
C06241,2024-11-24,Patagonia,Consumo,Paid Social,20241124
C06242,2023-06-22,Cuyo,Consumo,Email,20230622
C06243,2025-09-05,Litoral,Premium,Orgánico,20250905
C06244,2023-12-20,AMBA,Consumo,Orgánico,20231220
C06245,2025-05-04,Centro,Consumo,Referidos,20250504
C06246,2023-12-19,NOA,Consumo,Orgánico,20231219
C06247,2025-04-22,Litoral,Consumo,Orgánico,20250422
C06248,2024-04-28,NOA,Consumo,Paid Social,20240428
C06249,2023-03-08,Centro,Consumo,Marketplace,20230308
C06250,2023-07-22,Centro,Consumo,Referidos,20230722
C06251,2024-12-28,NOA,Premium,Email,20241228
C06252,2023-07-25,NOA,Consumo,Referidos,20230725
C06253,2023-10-21,NOA,Consumo,Email,20231021
C06254,2024-07-30,Centro,Consumo,Referidos,20240730
C06255,2023-09-27,Patagonia,PyME,Email,20230927
C06256,2023-05-18,Cuyo,PyME,Marketplace,20230518
C06257,2024-10-26,NOA,Consumo,Email,20241026
C06258,2025-01-03,NOA,Consumo,Orgánico,20250103
C06259,2025-02-19,Cuyo,Consumo,Orgánico,20250219
C06260,2025-10-02,Centro,Premium,Orgánico,20251002
C06261,2023-05-13,NOA,Consumo,Paid Social,20230513
C06262,2024-03-30,Cuyo,Consumo,Marketplace,20240330
C06263,2023-09-07,Cuyo,Consumo,Referidos,20230907
C06264,2025-08-17,Litoral,Consumo,Referidos,20250817
C06265,2024-07-28,NOA,Consumo,Email,20240728
C06266,2023-04-15,AMBA,Consumo,Marketplace,20230415
C06267,2025-01-07,NOA,Premium,Referidos,20250107
C06268,2023-02-15,Cuyo,Premium,Orgánico,20230215
C06269,2023-10-19,AMBA,Consumo,Paid Social,20231019
C06270,2025-02-07,Centro,Consumo,Paid Social,20250207
C06271,2024-06-22,Cuyo,PyME,Orgánico,20240622
C06272,2025-03-21,Patagonia,Premium,Orgánico,20250321
C06273,2024-08-31,Litoral,Premium,Orgánico,20240831
C06274,2025-06-16,AMBA,PyME,Orgánico,20250616
C06275,2024-08-22,Cuyo,Consumo,Orgánico,20240822
C06276,2023-03-02,Centro,Consumo,Marketplace,20230302
C06277,2023-03-17,Centro,Consumo,Paid Social,20230317
C06278,2025-04-07,Patagonia,Consumo,Referidos,20250407
C06279,2023-02-11,Patagonia,Consumo,Orgánico,20230211
C06280,2024-02-06,AMBA,Consumo,Marketplace,20240206
C06281,2023-01-18,Litoral,Consumo,Referidos,20230118
C06282,2023-11-20,Cuyo,Consumo,Marketplace,20231120
C06283,2024-09-25,Cuyo,Premium,Paid Social,20240925
C06284,2023-07-04,Patagonia,Consumo,Email,20230704
C06285,2024-05-11,Centro,Consumo,Paid Social,20240511
C06286,2025-11-26,Patagonia,Consumo,Paid Social,20251126
C06287,2023-03-17,Cuyo,Consumo,Referidos,20230317
C06288,2023-03-09,AMBA,Consumo,Orgánico,20230309
C06289,2023-10-16,Patagonia,Consumo,Orgánico,20231016
C06290,2025-05-30,NOA,Consumo,Marketplace,20250530
C06291,2024-03-08,Litoral,Premium,Orgánico,20240308
C06292,2024-11-12,Patagonia,Consumo,Referidos,20241112
C06293,2023-02-06,AMBA,Consumo,Orgánico,20230206
C06294,2025-02-21,Cuyo,Premium,Paid Social,20250221
C06295,2023-03-13,Cuyo,Consumo,Orgánico,20230313
C06296,2025-01-27,Patagonia,Premium,Paid Social,20250127
C06297,2023-06-07,Cuyo,Consumo,Referidos,20230607
C06298,2025-07-03,Patagonia,Consumo,Marketplace,20250703
C06299,2023-11-12,Centro,Consumo,Orgánico,20231112
C06300,2023-07-15,Litoral,Consumo,Paid Social,20230715
C06301,2023-12-25,Centro,PyME,Referidos,20231225
C06302,2023-01-01,Litoral,Consumo,Orgánico,20230101
C06303,2023-06-25,AMBA,Consumo,Orgánico,20230625
C06304,2024-09-29,Patagonia,Consumo,Paid Social,20240929
C06305,2023-11-17,AMBA,PyME,Referidos,20231117
C06306,2024-01-12,NOA,Consumo,Paid Social,20240112
C06307,2025-05-09,NOA,Consumo,Orgánico,20250509
C06308,2023-05-12,Litoral,PyME,Marketplace,20230512
C06309,2024-02-26,NOA,Consumo,Marketplace,20240226
C06310,2023-07-18,Patagonia,Consumo,Email,20230718
C06311,2024-05-29,AMBA,Consumo,Email,20240529
C06312,2023-12-20,Patagonia,Consumo,Marketplace,20231220
C06313,2023-02-19,Cuyo,Premium,Email,20230219
C06314,2023-03-16,NOA,Consumo,Referidos,20230316
C06315,2025-06-26,NOA,PyME,Paid Social,20250626
C06316,2023-03-02,NOA,Consumo,Orgánico,20230302
C06317,2025-04-13,Cuyo,Consumo,Referidos,20250413
C06318,2025-09-02,Centro,Consumo,Email,20250902
C06319,2024-05-11,AMBA,Consumo,Orgánico,20240511
C06320,2023-11-29,AMBA,Consumo,Email,20231129
C06321,2025-04-06,NOA,Consumo,Referidos,20250406
C06322,2025-11-12,Litoral,Consumo,Orgánico,20251112
C06323,2023-05-09,Cuyo,Premium,Referidos,20230509
C06324,2025-10-24,Cuyo,Consumo,Orgánico,20251024
C06325,2025-10-02,Centro,Consumo,Email,20251002
C06326,2023-06-01,Litoral,Consumo,Marketplace,20230601
C06327,2023-02-28,Cuyo,Consumo,Marketplace,20230228
C06328,2025-01-31,Patagonia,Consumo,Marketplace,20250131
C06329,2023-03-24,AMBA,PyME,Email,20230324
C06330,2024-10-01,NOA,Consumo,Paid Social,20241001
C06331,2023-03-10,AMBA,Consumo,Email,20230310
C06332,2025-01-05,Cuyo,Consumo,Paid Social,20250105
C06333,2023-09-04,Cuyo,Consumo,Email,20230904
C06334,2023-04-13,Patagonia,Consumo,Paid Social,20230413
C06335,2023-03-12,Litoral,Consumo,Paid Social,20230312
C06336,2023-07-20,Centro,Consumo,Paid Social,20230720
C06337,2024-07-29,Cuyo,Consumo,Paid Social,20240729
C06338,2023-03-23,Litoral,Premium,Paid Social,20230323
C06339,2025-05-04,Cuyo,Consumo,Orgánico,20250504
C06340,2024-10-05,AMBA,Consumo,Paid Social,20241005
C06341,2023-11-13,Centro,Consumo,Orgánico,20231113
C06342,2025-11-16,Litoral,Consumo,Marketplace,20251116
C06343,2024-12-02,Centro,Consumo,Orgánico,20241202
C06344,2024-12-16,Litoral,Consumo,Referidos,20241216
C06345,2023-07-05,AMBA,Consumo,Orgánico,20230705
C06346,2025-01-26,Patagonia,Consumo,Marketplace,20250126
C06347,2024-08-18,Centro,Consumo,Referidos,20240818
C06348,2025-11-14,Litoral,Premium,Marketplace,20251114
C06349,2024-05-24,NOA,PyME,Marketplace,20240524
C06350,2024-12-23,Cuyo,Premium,Referidos,20241223
C06351,2023-12-30,AMBA,Consumo,Orgánico,20231230
C06352,2023-02-12,AMBA,Premium,Paid Social,20230212
C06353,2023-05-17,Cuyo,Consumo,Paid Social,20230517
C06354,2025-07-12,AMBA,Consumo,Marketplace,20250712
C06355,2025-02-25,NOA,PyME,Marketplace,20250225
C06356,2024-01-24,NOA,Premium,Paid Social,20240124
C06357,2025-01-13,NOA,Consumo,Email,20250113
C06358,2023-01-05,NOA,PyME,Paid Social,20230105
C06359,2023-02-09,Litoral,Consumo,Email,20230209
C06360,2024-06-24,Centro,Consumo,Email,20240624
C06361,2024-10-27,Cuyo,Consumo,Paid Social,20241027
C06362,2025-09-24,Centro,Consumo,Marketplace,20250924
C06363,2025-03-20,NOA,PyME,Orgánico,20250320
C06364,2023-10-02,Cuyo,Consumo,Referidos,20231002
C06365,2025-05-18,Cuyo,Consumo,Email,20250518
C06366,2024-06-07,Patagonia,Premium,Orgánico,20240607
C06367,2025-05-29,Cuyo,Premium,Paid Social,20250529
C06368,2023-07-05,Cuyo,PyME,Orgánico,20230705
C06369,2023-01-28,Centro,PyME,Email,20230128
C06370,2023-03-03,AMBA,PyME,Marketplace,20230303
C06371,2025-11-21,AMBA,Consumo,Orgánico,20251121
C06372,2023-03-27,Cuyo,Consumo,Orgánico,20230327
C06373,2025-09-27,NOA,PyME,Paid Social,20250927
C06374,2025-02-13,Centro,Consumo,Orgánico,20250213
C06375,2023-06-05,Litoral,Consumo,Orgánico,20230605
C06376,2025-07-09,Centro,Consumo,Email,20250709
C06377,2023-06-03,Centro,Consumo,Paid Social,20230603
C06378,2023-06-02,AMBA,Consumo,Referidos,20230602
C06379,2024-09-04,Litoral,PyME,Paid Social,20240904
C06380,2023-11-04,Litoral,Consumo,Email,20231104
C06381,2023-11-06,Cuyo,Consumo,Paid Social,20231106
C06382,2023-07-27,Litoral,Consumo,Orgánico,20230727
C06383,2024-10-09,Cuyo,Consumo,Paid Social,20241009
C06384,2023-01-29,Centro,Consumo,Referidos,20230129
C06385,2023-09-19,Patagonia,Consumo,Marketplace,20230919
C06386,2024-08-12,Litoral,Consumo,Orgánico,20240812
C06387,2024-06-02,AMBA,Consumo,Paid Social,20240602
C06388,2025-01-15,Cuyo,Consumo,Email,20250115
C06389,2023-08-19,Cuyo,Consumo,Orgánico,20230819
C06390,2024-11-20,Patagonia,Consumo,Referidos,20241120
C06391,2025-03-20,Centro,Consumo,Orgánico,20250320
C06392,2024-02-18,NOA,Consumo,Marketplace,20240218
C06393,2023-10-01,Litoral,Consumo,Email,20231001
C06394,2024-08-14,AMBA,Premium,Orgánico,20240814
C06395,2024-09-08,Cuyo,Premium,Referidos,20240908
C06396,2023-04-11,NOA,Consumo,Orgánico,20230411
C06397,2024-08-24,Centro,Consumo,Referidos,20240824
C06398,2023-06-14,Patagonia,Consumo,Referidos,20230614
C06399,2024-08-28,Patagonia,Consumo,Email,20240828
C06400,2025-09-19,Patagonia,Consumo,Orgánico,20250919
C06401,2024-07-25,AMBA,Consumo,Paid Social,20240725
C06402,2025-03-22,Cuyo,Consumo,Paid Social,20250322
C06403,2023-11-26,Cuyo,Premium,Email,20231126
C06404,2025-09-09,Cuyo,Premium,Email,20250909
C06405,2025-05-15,NOA,PyME,Paid Social,20250515
C06406,2025-09-03,AMBA,Premium,Referidos,20250903
C06407,2025-02-28,Litoral,Consumo,Referidos,20250228
C06408,2024-11-22,NOA,Consumo,Referidos,20241122
C06409,2024-07-13,NOA,Consumo,Orgánico,20240713
C06410,2025-09-15,Litoral,Consumo,Paid Social,20250915
C06411,2025-06-22,NOA,Consumo,Paid Social,20250622
C06412,2024-03-19,Cuyo,Consumo,Referidos,20240319
C06413,2023-04-02,Litoral,Consumo,Referidos,20230402
C06414,2023-01-04,Litoral,Premium,Marketplace,20230104
C06415,2023-09-06,AMBA,Consumo,Orgánico,20230906
C06416,2023-03-08,AMBA,Consumo,Referidos,20230308
C06417,2023-08-14,NOA,Premium,Marketplace,20230814
C06418,2023-04-27,Centro,Premium,Orgánico,20230427
C06419,2025-11-10,Cuyo,Consumo,Orgánico,20251110
C06420,2023-04-12,Litoral,Consumo,Orgánico,20230412
C06421,2024-10-29,Litoral,PyME,Email,20241029
C06422,2024-01-10,Litoral,Consumo,Paid Social,20240110
C06423,2023-07-05,NOA,Consumo,Orgánico,20230705
C06424,2025-01-16,Patagonia,PyME,Paid Social,20250116
C06425,2025-10-30,NOA,Consumo,Referidos,20251030
C06426,2025-04-22,Litoral,Consumo,Marketplace,20250422
C06427,2025-11-04,NOA,Consumo,Referidos,20251104
C06428,2024-09-20,Litoral,Consumo,Marketplace,20240920
C06429,2024-12-18,Litoral,Consumo,Email,20241218
C06430,2023-06-05,Patagonia,Consumo,Referidos,20230605
C06431,2025-06-26,NOA,Consumo,Paid Social,20250626
C06432,2025-03-07,AMBA,Consumo,Marketplace,20250307
C06433,2023-09-28,NOA,Premium,Marketplace,20230928
C06434,2024-01-13,Patagonia,Premium,Email,20240113
C06435,2024-10-12,NOA,Consumo,Paid Social,20241012
C06436,2023-01-14,Patagonia,Premium,Orgánico,20230114
C06437,2025-05-21,NOA,Consumo,Paid Social,20250521
C06438,2023-10-26,Centro,Consumo,Orgánico,20231026
C06439,2023-03-21,Centro,Consumo,Orgánico,20230321
C06440,2023-12-19,Centro,Consumo,Paid Social,20231219
C06441,2025-06-09,Centro,Consumo,Orgánico,20250609
C06442,2023-10-20,Centro,Consumo,Marketplace,20231020
C06443,2024-07-28,Cuyo,Consumo,Email,20240728
C06444,2025-05-14,Centro,Consumo,Referidos,20250514
C06445,2023-02-05,AMBA,Consumo,Paid Social,20230205
C06446,2025-03-20,Litoral,Consumo,Orgánico,20250320
C06447,2023-11-04,Patagonia,Consumo,Orgánico,20231104
C06448,2025-01-10,AMBA,Consumo,Marketplace,20250110
C06449,2023-07-20,Litoral,Consumo,Orgánico,20230720
C06450,2023-05-29,Litoral,Premium,Referidos,20230529
C06451,2025-04-19,Patagonia,Premium,Orgánico,20250419
C06452,2025-05-10,AMBA,PyME,Paid Social,20250510
C06453,2025-11-11,Patagonia,Consumo,Orgánico,20251111
C06454,2024-12-22,AMBA,Consumo,Paid Social,20241222
C06455,2024-05-11,Centro,Premium,Orgánico,20240511
C06456,2023-07-27,Centro,Consumo,Marketplace,20230727
C06457,2023-11-11,NOA,Consumo,Orgánico,20231111
C06458,2024-11-21,Centro,Consumo,Orgánico,20241121
C06459,2024-01-04,Patagonia,Consumo,Orgánico,20240104
C06460,2024-05-29,NOA,Consumo,Marketplace,20240529
C06461,2023-06-28,NOA,Consumo,Email,20230628
C06462,2024-04-12,Centro,Consumo,Email,20240412
C06463,2023-09-11,AMBA,Consumo,Paid Social,20230911
C06464,2023-04-30,Centro,Consumo,Marketplace,20230430
C06465,2023-05-21,Patagonia,Premium,Orgánico,20230521
C06466,2024-07-05,Centro,Consumo,Referidos,20240705
C06467,2024-01-26,Litoral,Consumo,Referidos,20240126
C06468,2023-04-17,Cuyo,Consumo,Orgánico,20230417
C06469,2024-07-01,Patagonia,Consumo,Orgánico,20240701
C06470,2023-06-24,Litoral,PyME,Paid Social,20230624
C06471,2023-01-17,Litoral,Consumo,Orgánico,20230117
C06472,2023-05-22,Patagonia,Consumo,Orgánico,20230522
C06473,2024-04-22,NOA,Consumo,Paid Social,20240422
C06474,2025-10-13,Cuyo,Consumo,Orgánico,20251013
C06475,2023-09-15,Litoral,Consumo,Referidos,20230915
C06476,2023-10-31,Litoral,Premium,Paid Social,20231031
C06477,2023-09-16,Patagonia,Consumo,Email,20230916
C06478,2024-01-14,Cuyo,Premium,Paid Social,20240114
C06479,2025-02-02,Cuyo,Consumo,Paid Social,20250202
C06480,2023-12-10,NOA,Consumo,Paid Social,20231210
C06481,2024-12-01,NOA,Premium,Marketplace,20241201
C06482,2025-08-14,Litoral,Consumo,Paid Social,20250814
C06483,2025-10-04,AMBA,Premium,Email,20251004
C06484,2024-08-22,Centro,Consumo,Referidos,20240822
C06485,2025-01-29,Cuyo,Consumo,Email,20250129
C06486,2025-09-05,Patagonia,Consumo,Orgánico,20250905
C06487,2025-04-17,Patagonia,Consumo,Orgánico,20250417
C06488,2023-11-16,Patagonia,Premium,Email,20231116
C06489,2023-05-21,AMBA,Consumo,Referidos,20230521
C06490,2023-05-03,Cuyo,Consumo,Referidos,20230503
C06491,2025-07-28,Patagonia,Premium,Referidos,20250728
C06492,2024-08-15,NOA,Consumo,Orgánico,20240815
C06493,2023-11-12,AMBA,Premium,Referidos,20231112
C06494,2024-01-03,NOA,Premium,Email,20240103
C06495,2023-10-27,AMBA,Consumo,Marketplace,20231027
C06496,2025-05-04,Centro,Consumo,Referidos,20250504
C06497,2024-10-14,NOA,PyME,Paid Social,20241014
C06498,2025-07-25,Patagonia,Consumo,Email,20250725
C06499,2023-11-18,NOA,Consumo,Email,20231118
C06500,2024-05-18,Litoral,PyME,Paid Social,20240518
C06501,2023-05-10,Litoral,Consumo,Paid Social,20230510
C06502,2025-10-31,Litoral,PyME,Orgánico,20251031
C06503,2024-06-29,Litoral,Consumo,Orgánico,20240629
C06504,2024-08-11,Litoral,Premium,Referidos,20240811
C06505,2024-03-16,Centro,Consumo,Paid Social,20240316
C06506,2023-10-16,NOA,Consumo,Referidos,20231016
C06507,2025-10-07,Cuyo,Premium,Paid Social,20251007
C06508,2024-06-04,Litoral,Consumo,Referidos,20240604
C06509,2024-12-19,Patagonia,Consumo,Referidos,20241219
C06510,2023-02-09,Litoral,PyME,Referidos,20230209
C06511,2023-10-21,Litoral,PyME,Paid Social,20231021
C06512,2025-05-06,AMBA,PyME,Marketplace,20250506
C06513,2023-04-04,Centro,Consumo,Paid Social,20230404
C06514,2023-04-19,Cuyo,Consumo,Referidos,20230419
C06515,2025-05-12,Cuyo,Consumo,Paid Social,20250512
C06516,2023-11-25,NOA,Consumo,Orgánico,20231125
C06517,2023-10-19,NOA,Consumo,Email,20231019
C06518,2024-08-25,Patagonia,Consumo,Paid Social,20240825
C06519,2023-07-27,Cuyo,Consumo,Orgánico,20230727
C06520,2023-02-15,AMBA,Consumo,Paid Social,20230215
C06521,2023-01-05,Patagonia,Consumo,Orgánico,20230105
C06522,2023-03-26,NOA,Consumo,Marketplace,20230326
C06523,2023-06-18,Cuyo,Consumo,Email,20230618
C06524,2025-01-11,Patagonia,Premium,Orgánico,20250111
C06525,2023-11-14,NOA,PyME,Referidos,20231114
C06526,2023-03-18,Litoral,Consumo,Email,20230318
C06527,2023-01-16,Centro,PyME,Referidos,20230116
C06528,2024-05-23,AMBA,Premium,Email,20240523
C06529,2025-06-13,Patagonia,Consumo,Orgánico,20250613
C06530,2023-12-27,Litoral,Consumo,Orgánico,20231227
C06531,2023-03-10,AMBA,Consumo,Referidos,20230310
C06532,2023-08-31,AMBA,Consumo,Referidos,20230831
C06533,2024-06-15,NOA,Consumo,Referidos,20240615
C06534,2023-07-21,Centro,Consumo,Orgánico,20230721
C06535,2025-11-08,Centro,PyME,Referidos,20251108
C06536,2025-03-24,Litoral,Consumo,Paid Social,20250324
C06537,2024-01-02,Cuyo,Consumo,Referidos,20240102
C06538,2025-10-10,NOA,PyME,Orgánico,20251010
C06539,2023-12-13,Patagonia,PyME,Referidos,20231213
C06540,2023-05-30,Cuyo,Premium,Marketplace,20230530
C06541,2025-09-26,Centro,Premium,Orgánico,20250926
C06542,2025-10-19,NOA,PyME,Referidos,20251019
C06543,2023-11-29,Litoral,Consumo,Email,20231129
C06544,2024-09-25,NOA,Premium,Orgánico,20240925
C06545,2023-07-04,Cuyo,Consumo,Orgánico,20230704
C06546,2024-11-14,AMBA,Consumo,Referidos,20241114
C06547,2025-01-04,NOA,Consumo,Orgánico,20250104
C06548,2025-01-26,Centro,Consumo,Orgánico,20250126
C06549,2024-08-28,NOA,Consumo,Marketplace,20240828
C06550,2025-01-19,Patagonia,Consumo,Email,20250119
C06551,2024-08-14,Centro,Consumo,Referidos,20240814
C06552,2025-05-23,Patagonia,Consumo,Email,20250523
C06553,2023-07-11,AMBA,Consumo,Paid Social,20230711
C06554,2024-05-29,Cuyo,Premium,Referidos,20240529
C06555,2024-03-19,Cuyo,Consumo,Orgánico,20240319
C06556,2024-07-22,Litoral,Consumo,Paid Social,20240722
C06557,2023-06-01,Litoral,Consumo,Email,20230601
C06558,2023-12-11,Litoral,Premium,Marketplace,20231211
C06559,2025-10-13,Cuyo,Consumo,Paid Social,20251013
C06560,2023-04-23,Patagonia,Consumo,Marketplace,20230423
C06561,2024-11-07,AMBA,Consumo,Referidos,20241107
C06562,2024-12-08,Patagonia,PyME,Paid Social,20241208
C06563,2024-05-20,AMBA,PyME,Paid Social,20240520
C06564,2023-02-05,AMBA,Premium,Orgánico,20230205
C06565,2023-02-06,Patagonia,Premium,Email,20230206
C06566,2023-10-21,AMBA,Consumo,Orgánico,20231021
C06567,2023-04-20,Patagonia,Consumo,Paid Social,20230420
C06568,2023-04-11,AMBA,Consumo,Orgánico,20230411
C06569,2023-06-20,AMBA,Consumo,Marketplace,20230620
C06570,2023-07-23,NOA,PyME,Paid Social,20230723
C06571,2025-06-11,Centro,PyME,Paid Social,20250611
C06572,2024-11-11,NOA,Consumo,Paid Social,20241111
C06573,2023-02-02,Cuyo,Consumo,Orgánico,20230202
C06574,2024-10-31,Patagonia,Consumo,Paid Social,20241031
C06575,2023-05-26,NOA,Consumo,Referidos,20230526
C06576,2024-03-24,AMBA,Consumo,Email,20240324
C06577,2023-02-10,Centro,Consumo,Paid Social,20230210
C06578,2023-04-07,Litoral,Consumo,Referidos,20230407
C06579,2023-05-22,NOA,Consumo,Orgánico,20230522
C06580,2024-04-06,Centro,Consumo,Referidos,20240406
C06581,2024-05-08,Centro,Premium,Orgánico,20240508
C06582,2024-01-11,Cuyo,Consumo,Marketplace,20240111
C06583,2024-10-22,Centro,Consumo,Marketplace,20241022
C06584,2025-02-06,Centro,Consumo,Referidos,20250206
C06585,2025-02-15,AMBA,Premium,Orgánico,20250215
C06586,2024-09-08,Patagonia,Consumo,Paid Social,20240908
C06587,2024-08-04,Patagonia,Premium,Referidos,20240804
C06588,2024-06-07,AMBA,Consumo,Paid Social,20240607
C06589,2023-09-11,Litoral,Consumo,Paid Social,20230911
C06590,2024-06-02,Litoral,Consumo,Paid Social,20240602
C06591,2023-01-11,Litoral,PyME,Orgánico,20230111
C06592,2025-10-26,NOA,PyME,Paid Social,20251026
C06593,2024-01-30,Litoral,Premium,Orgánico,20240130
C06594,2025-03-16,Patagonia,PyME,Email,20250316
C06595,2025-10-15,AMBA,Consumo,Paid Social,20251015
C06596,2024-06-13,AMBA,Consumo,Orgánico,20240613
C06597,2025-07-06,Litoral,Consumo,Orgánico,20250706
C06598,2024-05-25,NOA,Consumo,Marketplace,20240525
C06599,2023-05-21,Cuyo,Consumo,Email,20230521
C06600,2023-01-29,Litoral,Premium,Email,20230129
C06601,2023-05-25,Centro,Premium,Referidos,20230525
C06602,2025-09-30,Cuyo,Premium,Email,20250930
C06603,2024-05-20,Patagonia,Consumo,Paid Social,20240520
C06604,2023-12-06,Litoral,PyME,Email,20231206
C06605,2024-04-20,AMBA,Premium,Orgánico,20240420
C06606,2023-09-30,NOA,Premium,Email,20230930
C06607,2025-07-16,NOA,Consumo,Orgánico,20250716
C06608,2025-11-30,Cuyo,Consumo,Marketplace,20251130
C06609,2023-04-01,Cuyo,Premium,Paid Social,20230401
C06610,2025-02-04,Litoral,PyME,Orgánico,20250204
C06611,2023-12-24,Patagonia,Consumo,Email,20231224
C06612,2023-02-20,Cuyo,Consumo,Orgánico,20230220
C06613,2025-09-09,AMBA,Consumo,Paid Social,20250909
C06614,2023-03-07,AMBA,Consumo,Marketplace,20230307
C06615,2023-08-08,Patagonia,Premium,Referidos,20230808
C06616,2023-01-28,Patagonia,Consumo,Referidos,20230128
C06617,2024-05-16,Patagonia,Consumo,Paid Social,20240516
C06618,2024-09-30,AMBA,Consumo,Paid Social,20240930
C06619,2023-12-08,Centro,Consumo,Orgánico,20231208
C06620,2023-03-18,Cuyo,Consumo,Email,20230318
C06621,2023-05-04,Centro,Consumo,Email,20230504
C06622,2025-09-21,Cuyo,Consumo,Orgánico,20250921
C06623,2025-05-08,Litoral,PyME,Orgánico,20250508
C06624,2025-09-24,Centro,Premium,Orgánico,20250924
C06625,2024-07-19,AMBA,PyME,Orgánico,20240719
C06626,2024-08-04,Cuyo,Consumo,Orgánico,20240804
C06627,2025-04-17,Patagonia,Premium,Paid Social,20250417
C06628,2024-10-18,Litoral,Consumo,Paid Social,20241018
C06629,2024-04-09,Centro,Consumo,Paid Social,20240409
C06630,2023-11-07,Centro,Consumo,Orgánico,20231107
C06631,2024-06-01,Litoral,Consumo,Paid Social,20240601
C06632,2023-03-10,Centro,Consumo,Referidos,20230310
C06633,2023-07-24,NOA,Premium,Orgánico,20230724
C06634,2025-02-24,NOA,Premium,Paid Social,20250224
C06635,2025-07-13,AMBA,Consumo,Paid Social,20250713
C06636,2023-04-19,NOA,Consumo,Orgánico,20230419
C06637,2023-04-14,AMBA,Premium,Paid Social,20230414
C06638,2023-04-02,Cuyo,Consumo,Paid Social,20230402
C06639,2025-04-23,Patagonia,Consumo,Paid Social,20250423
C06640,2023-11-28,Centro,Premium,Referidos,20231128
C06641,2023-12-15,Centro,Consumo,Referidos,20231215
C06642,2023-01-14,AMBA,Premium,Paid Social,20230114
C06643,2025-11-01,Patagonia,Consumo,Paid Social,20251101
C06644,2024-04-07,AMBA,Premium,Marketplace,20240407
C06645,2025-04-29,Cuyo,Consumo,Paid Social,20250429
C06646,2025-01-23,Cuyo,PyME,Marketplace,20250123
C06647,2023-05-31,NOA,Consumo,Referidos,20230531
C06648,2025-05-03,NOA,Premium,Orgánico,20250503
C06649,2024-08-09,Patagonia,Premium,Orgánico,20240809
C06650,2024-10-05,Patagonia,Consumo,Orgánico,20241005
C06651,2023-08-02,Litoral,Consumo,Referidos,20230802
C06652,2025-06-20,Cuyo,Consumo,Paid Social,20250620
C06653,2025-09-19,AMBA,Consumo,Email,20250919
C06654,2024-03-08,NOA,Consumo,Paid Social,20240308
C06655,2023-04-09,Cuyo,Consumo,Referidos,20230409
C06656,2025-06-22,Cuyo,Consumo,Referidos,20250622
C06657,2025-08-03,AMBA,PyME,Orgánico,20250803
C06658,2024-06-23,Centro,Consumo,Paid Social,20240623
C06659,2024-09-08,Litoral,Consumo,Paid Social,20240908
C06660,2023-08-26,Cuyo,Consumo,Referidos,20230826
C06661,2023-03-13,Litoral,Consumo,Referidos,20230313
C06662,2025-10-02,Centro,Consumo,Paid Social,20251002
C06663,2024-05-29,AMBA,Premium,Referidos,20240529
C06664,2023-10-20,NOA,Consumo,Paid Social,20231020
C06665,2025-01-08,Cuyo,Consumo,Orgánico,20250108
C06666,2023-01-28,Cuyo,Consumo,Marketplace,20230128
C06667,2023-03-27,Centro,Consumo,Paid Social,20230327
C06668,2023-09-16,Litoral,Premium,Referidos,20230916
C06669,2024-04-24,Litoral,Consumo,Paid Social,20240424
C06670,2024-01-26,Cuyo,Consumo,Email,20240126
C06671,2023-07-19,NOA,Consumo,Paid Social,20230719
C06672,2024-01-10,NOA,Consumo,Paid Social,20240110
C06673,2023-12-22,Centro,Consumo,Orgánico,20231222
C06674,2024-07-12,Litoral,Consumo,Referidos,20240712
C06675,2024-08-22,NOA,PyME,Orgánico,20240822
C06676,2025-07-29,Cuyo,Consumo,Paid Social,20250729
C06677,2025-05-09,AMBA,Consumo,Paid Social,20250509
C06678,2023-11-08,AMBA,Premium,Paid Social,20231108
C06679,2025-08-19,Patagonia,Consumo,Email,20250819
C06680,2024-07-08,NOA,Consumo,Email,20240708
C06681,2023-07-19,AMBA,Premium,Email,20230719
C06682,2023-12-29,Litoral,Premium,Paid Social,20231229
C06683,2025-02-28,Cuyo,PyME,Paid Social,20250228
C06684,2025-05-25,Centro,Premium,Orgánico,20250525
C06685,2024-02-03,Litoral,Consumo,Paid Social,20240203
C06686,2023-06-17,NOA,PyME,Marketplace,20230617
C06687,2023-07-24,Centro,Consumo,Paid Social,20230724
C06688,2023-04-21,AMBA,Consumo,Marketplace,20230421
C06689,2025-01-14,Cuyo,Premium,Orgánico,20250114
C06690,2024-06-19,Centro,Premium,Referidos,20240619
C06691,2024-04-25,Patagonia,PyME,Referidos,20240425
C06692,2024-12-16,Litoral,Consumo,Email,20241216
C06693,2025-06-01,AMBA,Premium,Email,20250601
C06694,2025-04-27,Cuyo,Consumo,Orgánico,20250427
C06695,2023-05-27,Patagonia,Premium,Referidos,20230527
C06696,2024-09-19,Cuyo,Consumo,Paid Social,20240919
C06697,2025-07-28,Litoral,Consumo,Paid Social,20250728
C06698,2025-04-04,Centro,Premium,Orgánico,20250404
C06699,2023-12-17,Centro,Consumo,Orgánico,20231217
C06700,2024-02-23,AMBA,Consumo,Marketplace,20240223
C06701,2025-08-06,AMBA,PyME,Paid Social,20250806
C06702,2023-02-05,AMBA,Consumo,Paid Social,20230205
C06703,2024-07-13,Litoral,Consumo,Orgánico,20240713
C06704,2023-05-04,AMBA,Consumo,Email,20230504
C06705,2025-08-10,Litoral,Consumo,Referidos,20250810
C06706,2023-02-11,NOA,Consumo,Marketplace,20230211
C06707,2023-01-25,Patagonia,Consumo,Email,20230125
C06708,2023-12-17,Litoral,Consumo,Orgánico,20231217
C06709,2023-08-02,AMBA,Consumo,Orgánico,20230802
C06710,2024-06-11,Cuyo,Consumo,Orgánico,20240611
C06711,2023-11-16,NOA,Consumo,Email,20231116
C06712,2024-01-15,Cuyo,Consumo,Marketplace,20240115
C06713,2024-08-24,Patagonia,PyME,Orgánico,20240824
C06714,2024-08-20,Patagonia,Consumo,Paid Social,20240820
C06715,2025-09-22,Centro,Consumo,Email,20250922
C06716,2024-05-26,AMBA,Consumo,Email,20240526
C06717,2024-08-23,AMBA,Consumo,Email,20240823
C06718,2024-12-23,Centro,Premium,Paid Social,20241223
C06719,2023-07-05,Centro,Consumo,Orgánico,20230705
C06720,2024-12-11,Litoral,Consumo,Paid Social,20241211
C06721,2025-07-06,Litoral,Premium,Paid Social,20250706
C06722,2023-12-05,Cuyo,Consumo,Referidos,20231205
C06723,2023-07-09,Patagonia,Premium,Orgánico,20230709
C06724,2024-01-04,Patagonia,Consumo,Paid Social,20240104
C06725,2023-10-20,Patagonia,Consumo,Marketplace,20231020
C06726,2024-09-15,NOA,Premium,Paid Social,20240915
C06727,2025-07-08,Cuyo,Consumo,Orgánico,20250708
C06728,2024-09-27,Patagonia,Consumo,Marketplace,20240927
C06729,2023-05-14,Cuyo,PyME,Orgánico,20230514
C06730,2023-12-02,Centro,Consumo,Referidos,20231202
C06731,2025-01-04,AMBA,Premium,Orgánico,20250104
C06732,2023-12-18,AMBA,Consumo,Marketplace,20231218
C06733,2024-09-16,NOA,Consumo,Orgánico,20240916
C06734,2025-01-09,Centro,Premium,Paid Social,20250109
C06735,2023-12-17,NOA,Consumo,Marketplace,20231217
C06736,2024-11-20,Patagonia,Consumo,Email,20241120
C06737,2024-02-28,Cuyo,Premium,Orgánico,20240228
C06738,2023-05-24,NOA,Consumo,Orgánico,20230524
C06739,2024-02-01,NOA,Consumo,Orgánico,20240201
C06740,2024-04-14,NOA,Premium,Orgánico,20240414
C06741,2023-01-03,Cuyo,Consumo,Paid Social,20230103
C06742,2025-08-08,Centro,Consumo,Paid Social,20250808
C06743,2024-07-16,AMBA,Premium,Marketplace,20240716
C06744,2023-02-08,NOA,Consumo,Referidos,20230208
C06745,2025-07-13,NOA,PyME,Marketplace,20250713
C06746,2025-06-29,Litoral,Premium,Paid Social,20250629
C06747,2023-01-13,AMBA,Consumo,Paid Social,20230113
C06748,2023-06-23,Patagonia,Consumo,Email,20230623
C06749,2024-01-23,Centro,PyME,Paid Social,20240123
C06750,2024-06-24,Litoral,Premium,Orgánico,20240624
C06751,2025-02-11,Litoral,Consumo,Referidos,20250211
C06752,2024-03-27,AMBA,Consumo,Email,20240327
C06753,2024-10-13,AMBA,Consumo,Paid Social,20241013
C06754,2023-01-11,AMBA,Premium,Paid Social,20230111
C06755,2024-12-02,NOA,PyME,Orgánico,20241202
C06756,2025-09-01,NOA,Premium,Email,20250901
C06757,2024-07-14,Cuyo,Consumo,Paid Social,20240714
C06758,2024-04-29,Cuyo,Premium,Marketplace,20240429
C06759,2023-11-13,Cuyo,Consumo,Paid Social,20231113
C06760,2025-10-13,Cuyo,Consumo,Paid Social,20251013
C06761,2023-02-05,Litoral,Consumo,Referidos,20230205
C06762,2023-11-02,Cuyo,Consumo,Marketplace,20231102
C06763,2023-05-28,Litoral,Consumo,Referidos,20230528
C06764,2025-07-11,Cuyo,Consumo,Paid Social,20250711
C06765,2024-05-28,Litoral,Consumo,Paid Social,20240528
C06766,2025-09-09,NOA,Premium,Email,20250909
C06767,2024-12-09,Centro,Consumo,Referidos,20241209
C06768,2024-08-16,AMBA,Consumo,Marketplace,20240816
C06769,2024-07-05,Litoral,Consumo,Paid Social,20240705
C06770,2023-08-04,AMBA,Consumo,Email,20230804
C06771,2024-08-21,Centro,Consumo,Orgánico,20240821
C06772,2024-12-30,Patagonia,Consumo,Orgánico,20241230
C06773,2025-10-25,Cuyo,Consumo,Orgánico,20251025
C06774,2024-08-07,Litoral,Consumo,Orgánico,20240807
C06775,2025-09-26,Patagonia,Premium,Paid Social,20250926
C06776,2025-10-02,AMBA,Consumo,Paid Social,20251002
C06777,2024-07-10,Cuyo,Premium,Email,20240710
C06778,2024-04-12,AMBA,Consumo,Email,20240412
C06779,2023-06-01,Cuyo,PyME,Orgánico,20230601
C06780,2023-10-13,Centro,Consumo,Email,20231013
C06781,2025-07-25,NOA,Consumo,Orgánico,20250725
C06782,2023-05-28,Centro,Consumo,Orgánico,20230528
C06783,2024-02-27,Centro,Consumo,Marketplace,20240227
C06784,2025-01-14,AMBA,Premium,Orgánico,20250114
C06785,2023-09-14,AMBA,Consumo,Paid Social,20230914
C06786,2025-11-03,Centro,Consumo,Email,20251103
C06787,2024-11-22,Centro,Premium,Paid Social,20241122
C06788,2023-01-31,Patagonia,Premium,Paid Social,20230131
C06789,2023-09-21,NOA,Consumo,Referidos,20230921
C06790,2025-02-27,NOA,Consumo,Email,20250227
C06791,2025-07-08,NOA,Premium,Paid Social,20250708
C06792,2025-09-14,NOA,Premium,Marketplace,20250914
C06793,2025-06-25,Cuyo,Premium,Orgánico,20250625
C06794,2023-03-21,Cuyo,Premium,Paid Social,20230321
C06795,2025-02-16,Litoral,Consumo,Orgánico,20250216
C06796,2023-04-28,Centro,Consumo,Orgánico,20230428
C06797,2023-03-23,Litoral,Consumo,Marketplace,20230323
C06798,2025-01-06,NOA,Consumo,Referidos,20250106
C06799,2024-05-24,Centro,Premium,Orgánico,20240524
C06800,2024-11-21,Patagonia,Consumo,Paid Social,20241121
C06801,2025-06-25,NOA,Consumo,Orgánico,20250625
C06802,2023-03-15,Litoral,Consumo,Email,20230315
C06803,2024-07-15,Cuyo,Consumo,Paid Social,20240715
C06804,2025-06-07,Centro,Consumo,Marketplace,20250607
C06805,2024-04-13,Centro,Consumo,Orgánico,20240413
C06806,2024-07-11,Centro,Premium,Paid Social,20240711
C06807,2024-06-14,Patagonia,Consumo,Marketplace,20240614
C06808,2025-08-24,Litoral,Consumo,Marketplace,20250824
C06809,2023-02-23,Centro,Consumo,Orgánico,20230223
C06810,2025-07-24,Litoral,Consumo,Paid Social,20250724
C06811,2025-05-19,Patagonia,PyME,Marketplace,20250519
C06812,2025-05-15,AMBA,Consumo,Email,20250515
C06813,2024-03-15,AMBA,Premium,Email,20240315
C06814,2024-07-03,NOA,Consumo,Email,20240703
C06815,2024-01-28,Patagonia,Consumo,Marketplace,20240128
C06816,2023-09-26,Litoral,Consumo,Paid Social,20230926
C06817,2025-07-21,NOA,Premium,Orgánico,20250721
C06818,2024-06-22,Litoral,PyME,Paid Social,20240622
C06819,2025-02-09,Litoral,Consumo,Referidos,20250209
C06820,2023-04-18,Centro,Consumo,Paid Social,20230418
C06821,2025-04-20,Patagonia,Consumo,Paid Social,20250420
C06822,2024-12-02,Patagonia,Consumo,Email,20241202
C06823,2025-11-28,Centro,Consumo,Paid Social,20251128
C06824,2023-05-23,Patagonia,PyME,Marketplace,20230523
C06825,2024-07-29,Patagonia,Consumo,Paid Social,20240729
C06826,2024-06-28,AMBA,Premium,Referidos,20240628
C06827,2024-07-27,AMBA,Premium,Email,20240727
C06828,2023-02-27,Litoral,Consumo,Orgánico,20230227
C06829,2024-05-18,Litoral,Consumo,Paid Social,20240518
C06830,2023-11-15,Litoral,Premium,Orgánico,20231115
C06831,2024-10-19,Cuyo,Consumo,Referidos,20241019
C06832,2023-09-05,NOA,Consumo,Referidos,20230905
C06833,2024-04-08,Cuyo,Premium,Orgánico,20240408
C06834,2024-10-22,Centro,Consumo,Paid Social,20241022
C06835,2023-03-10,AMBA,Premium,Marketplace,20230310
C06836,2025-04-17,NOA,Consumo,Orgánico,20250417
C06837,2025-02-01,Patagonia,Consumo,Marketplace,20250201
C06838,2023-03-03,Cuyo,Consumo,Orgánico,20230303
C06839,2023-03-10,Centro,Consumo,Orgánico,20230310
C06840,2025-06-24,AMBA,Consumo,Paid Social,20250624
C06841,2023-10-29,AMBA,Consumo,Orgánico,20231029
C06842,2025-07-05,AMBA,Consumo,Marketplace,20250705
C06843,2024-06-15,Litoral,Consumo,Email,20240615
C06844,2023-12-31,Centro,Consumo,Email,20231231
C06845,2023-10-19,AMBA,Consumo,Email,20231019
C06846,2024-12-02,Centro,Consumo,Email,20241202
C06847,2023-04-27,Patagonia,Consumo,Referidos,20230427
C06848,2024-03-04,Cuyo,Consumo,Email,20240304
C06849,2024-01-04,AMBA,Consumo,Referidos,20240104
C06850,2023-06-14,Patagonia,Consumo,Email,20230614
C06851,2024-01-11,Cuyo,Consumo,Paid Social,20240111
C06852,2024-07-17,Centro,Premium,Paid Social,20240717
C06853,2024-12-22,Patagonia,Consumo,Paid Social,20241222
C06854,2023-04-02,NOA,Consumo,Paid Social,20230402
C06855,2025-07-18,Litoral,Premium,Paid Social,20250718
C06856,2025-07-24,AMBA,Consumo,Paid Social,20250724
C06857,2025-01-06,Centro,Consumo,Orgánico,20250106
C06858,2025-09-11,Litoral,Consumo,Referidos,20250911
C06859,2024-03-31,NOA,Consumo,Referidos,20240331
C06860,2025-05-25,NOA,Consumo,Paid Social,20250525
C06861,2025-02-13,NOA,Consumo,Marketplace,20250213
C06862,2024-08-22,Patagonia,Consumo,Marketplace,20240822
C06863,2023-07-11,Litoral,Consumo,Marketplace,20230711
C06864,2024-08-16,Litoral,Consumo,Orgánico,20240816
C06865,2025-08-17,Patagonia,Consumo,Paid Social,20250817
C06866,2025-11-14,Patagonia,Consumo,Paid Social,20251114
C06867,2024-04-22,Litoral,Consumo,Referidos,20240422
C06868,2023-09-22,AMBA,Consumo,Email,20230922
C06869,2025-03-07,NOA,Consumo,Email,20250307
C06870,2023-03-22,AMBA,Consumo,Referidos,20230322
C06871,2023-06-10,Cuyo,Consumo,Marketplace,20230610
C06872,2024-08-21,Cuyo,PyME,Email,20240821
C06873,2025-11-20,NOA,Premium,Marketplace,20251120
C06874,2023-12-17,AMBA,Consumo,Referidos,20231217
C06875,2024-04-17,Cuyo,Consumo,Paid Social,20240417
C06876,2023-12-10,Cuyo,Consumo,Referidos,20231210
C06877,2024-04-14,AMBA,PyME,Orgánico,20240414
C06878,2023-01-08,Centro,Consumo,Orgánico,20230108
C06879,2024-09-25,Cuyo,Consumo,Marketplace,20240925
C06880,2024-09-26,NOA,Premium,Paid Social,20240926
C06881,2023-12-03,Cuyo,Consumo,Paid Social,20231203
C06882,2023-10-09,NOA,Premium,Marketplace,20231009
C06883,2025-03-22,Patagonia,Consumo,Paid Social,20250322
C06884,2023-07-20,Patagonia,Consumo,Orgánico,20230720
C06885,2023-02-20,NOA,Premium,Orgánico,20230220
C06886,2023-02-13,Patagonia,Consumo,Paid Social,20230213
C06887,2025-07-28,Patagonia,Consumo,Orgánico,20250728
C06888,2024-01-24,AMBA,Premium,Orgánico,20240124
C06889,2023-04-19,Patagonia,Premium,Referidos,20230419
C06890,2025-07-25,AMBA,Consumo,Paid Social,20250725
C06891,2023-06-08,Patagonia,PyME,Email,20230608
C06892,2023-12-25,Litoral,Consumo,Orgánico,20231225
C06893,2023-01-23,Patagonia,Consumo,Paid Social,20230123
C06894,2024-12-24,Litoral,Premium,Email,20241224
C06895,2025-01-14,Cuyo,Consumo,Paid Social,20250114
C06896,2025-03-16,Cuyo,Premium,Paid Social,20250316
C06897,2023-10-08,Litoral,Consumo,Paid Social,20231008
C06898,2023-12-16,Cuyo,Consumo,Orgánico,20231216
C06899,2025-09-26,Cuyo,Consumo,Orgánico,20250926
C06900,2025-05-25,Cuyo,Consumo,Paid Social,20250525
C06901,2023-02-09,Litoral,Premium,Orgánico,20230209
C06902,2025-01-06,Centro,Consumo,Orgánico,20250106
C06903,2025-05-15,Litoral,Consumo,Orgánico,20250515
C06904,2024-08-18,Centro,Consumo,Referidos,20240818
C06905,2024-11-12,Centro,Consumo,Paid Social,20241112
C06906,2023-01-02,Cuyo,Consumo,Email,20230102
C06907,2023-02-02,AMBA,Consumo,Email,20230202
C06908,2023-02-07,Litoral,Consumo,Paid Social,20230207
C06909,2023-06-19,Patagonia,Consumo,Orgánico,20230619
C06910,2025-11-21,NOA,Consumo,Paid Social,20251121
C06911,2024-11-06,Centro,Consumo,Paid Social,20241106
C06912,2025-04-13,Litoral,Consumo,Paid Social,20250413
C06913,2023-11-11,Litoral,Consumo,Orgánico,20231111
C06914,2025-09-25,Patagonia,Consumo,Marketplace,20250925
C06915,2023-07-31,Litoral,Consumo,Referidos,20230731
C06916,2025-08-18,Patagonia,Consumo,Orgánico,20250818
C06917,2023-02-02,NOA,Premium,Marketplace,20230202
C06918,2023-01-22,AMBA,Consumo,Orgánico,20230122
C06919,2023-03-26,Cuyo,Premium,Orgánico,20230326
C06920,2025-04-23,Litoral,Consumo,Orgánico,20250423
C06921,2023-10-02,Litoral,Consumo,Marketplace,20231002
C06922,2024-04-25,Cuyo,Premium,Orgánico,20240425
C06923,2024-05-16,Centro,Consumo,Referidos,20240516
C06924,2025-04-20,Litoral,Consumo,Email,20250420
C06925,2024-01-07,Patagonia,Consumo,Paid Social,20240107
C06926,2023-01-08,AMBA,Consumo,Paid Social,20230108
C06927,2024-02-16,Litoral,Consumo,Orgánico,20240216
C06928,2023-11-03,NOA,Premium,Referidos,20231103
C06929,2025-02-17,Litoral,Consumo,Paid Social,20250217
C06930,2025-03-11,NOA,Consumo,Paid Social,20250311
C06931,2023-04-08,Cuyo,Consumo,Orgánico,20230408
C06932,2025-04-24,AMBA,Consumo,Referidos,20250424
C06933,2023-03-17,Patagonia,Premium,Referidos,20230317
C06934,2024-10-21,Centro,Consumo,Paid Social,20241021
C06935,2024-02-19,AMBA,PyME,Paid Social,20240219
C06936,2023-11-17,Centro,Consumo,Paid Social,20231117
C06937,2024-05-29,NOA,Consumo,Paid Social,20240529
C06938,2023-11-27,Patagonia,Consumo,Orgánico,20231127
C06939,2025-04-25,Centro,Premium,Email,20250425
C06940,2025-10-26,Litoral,Consumo,Orgánico,20251026
C06941,2025-05-18,Cuyo,Consumo,Orgánico,20250518
C06942,2024-04-12,Centro,PyME,Orgánico,20240412
C06943,2024-06-19,NOA,Consumo,Orgánico,20240619
C06944,2024-04-21,Patagonia,Consumo,Email,20240421
C06945,2025-04-25,Cuyo,Premium,Email,20250425
C06946,2024-08-11,Cuyo,Consumo,Paid Social,20240811
C06947,2024-05-13,Patagonia,Consumo,Paid Social,20240513
C06948,2024-03-12,Cuyo,Consumo,Email,20240312
C06949,2024-02-04,Cuyo,Premium,Email,20240204
C06950,2024-08-11,Cuyo,Consumo,Referidos,20240811
C06951,2025-01-03,Cuyo,Premium,Referidos,20250103
C06952,2024-04-05,Litoral,Consumo,Referidos,20240405
C06953,2025-05-09,AMBA,Consumo,Referidos,20250509
C06954,2025-05-30,Cuyo,Consumo,Marketplace,20250530
C06955,2024-04-01,Cuyo,Premium,Email,20240401
C06956,2025-08-26,Centro,Consumo,Email,20250826
C06957,2023-07-04,Cuyo,Consumo,Referidos,20230704
C06958,2025-09-19,Cuyo,Consumo,Orgánico,20250919
C06959,2023-11-10,Cuyo,Premium,Paid Social,20231110
C06960,2024-08-23,NOA,Consumo,Marketplace,20240823
C06961,2023-10-30,Litoral,Consumo,Paid Social,20231030
C06962,2024-04-15,Litoral,Consumo,Orgánico,20240415
C06963,2023-12-29,Centro,Consumo,Paid Social,20231229
C06964,2025-01-21,NOA,PyME,Orgánico,20250121
C06965,2023-03-28,AMBA,Consumo,Paid Social,20230328
C06966,2025-06-11,Litoral,Premium,Paid Social,20250611
C06967,2025-08-20,Centro,Premium,Paid Social,20250820
C06968,2024-08-22,Patagonia,Consumo,Paid Social,20240822
C06969,2024-08-05,Cuyo,Premium,Orgánico,20240805
C06970,2025-01-15,Centro,PyME,Paid Social,20250115
C06971,2023-08-01,AMBA,Premium,Orgánico,20230801
C06972,2025-03-09,Patagonia,Consumo,Paid Social,20250309
C06973,2023-08-21,Cuyo,Consumo,Email,20230821
C06974,2024-12-21,Centro,Premium,Orgánico,20241221
C06975,2023-11-22,NOA,Consumo,Marketplace,20231122
C06976,2025-03-05,AMBA,Premium,Email,20250305
C06977,2025-04-22,Cuyo,Consumo,Orgánico,20250422
C06978,2023-08-11,AMBA,Consumo,Paid Social,20230811
C06979,2024-10-19,AMBA,Premium,Orgánico,20241019
C06980,2024-06-14,AMBA,Consumo,Orgánico,20240614
C06981,2023-11-10,Centro,Consumo,Marketplace,20231110
C06982,2024-09-18,NOA,Premium,Email,20240918
C06983,2025-11-23,Cuyo,PyME,Referidos,20251123
C06984,2023-01-03,NOA,Consumo,Email,20230103
C06985,2025-10-16,Centro,Premium,Marketplace,20251016
C06986,2025-06-30,Patagonia,Premium,Marketplace,20250630
C06987,2024-07-17,AMBA,Premium,Orgánico,20240717
C06988,2024-10-11,AMBA,Consumo,Orgánico,20241011
C06989,2024-01-29,AMBA,Consumo,Paid Social,20240129
C06990,2023-05-18,NOA,Premium,Paid Social,20230518
C06991,2024-08-31,Patagonia,PyME,Paid Social,20240831
C06992,2025-05-19,Patagonia,Consumo,Orgánico,20250519
C06993,2023-09-04,NOA,Consumo,Referidos,20230904
C06994,2025-02-02,Centro,Consumo,Orgánico,20250202
C06995,2025-03-07,Patagonia,Premium,Referidos,20250307
C06996,2025-03-18,Litoral,Premium,Paid Social,20250318
C06997,2023-12-29,Litoral,Consumo,Orgánico,20231229
C06998,2024-02-22,Litoral,Consumo,Referidos,20240222
C06999,2024-03-19,Cuyo,Consumo,Paid Social,20240319
C07000,2025-06-28,AMBA,Premium,Referidos,20250628
C07001,2025-08-16,AMBA,Consumo,Marketplace,20250816
C07002,2024-03-16,Litoral,Consumo,Orgánico,20240316
C07003,2025-10-30,Litoral,Consumo,Orgánico,20251030
C07004,2024-08-30,Patagonia,Premium,Orgánico,20240830
C07005,2024-02-15,Litoral,Consumo,Orgánico,20240215
C07006,2023-01-01,Centro,Consumo,Marketplace,20230101
C07007,2024-10-12,Cuyo,Consumo,Referidos,20241012
C07008,2024-11-17,Cuyo,PyME,Paid Social,20241117
C07009,2025-10-28,NOA,Consumo,Email,20251028
C07010,2025-02-03,Litoral,Consumo,Marketplace,20250203
C07011,2023-02-01,Litoral,Consumo,Orgánico,20230201
C07012,2024-08-26,Patagonia,Consumo,Orgánico,20240826
C07013,2025-03-02,Cuyo,Premium,Referidos,20250302
C07014,2024-06-12,NOA,Premium,Referidos,20240612
C07015,2024-04-02,Patagonia,Consumo,Orgánico,20240402
C07016,2025-05-12,NOA,Premium,Paid Social,20250512
C07017,2024-10-13,Patagonia,Consumo,Orgánico,20241013
C07018,2024-12-26,Litoral,Premium,Email,20241226
C07019,2024-05-09,AMBA,Consumo,Email,20240509
C07020,2023-10-24,Litoral,Consumo,Orgánico,20231024
C07021,2024-07-06,AMBA,Premium,Referidos,20240706
C07022,2025-10-18,Litoral,PyME,Paid Social,20251018
C07023,2024-10-03,Patagonia,Premium,Referidos,20241003
C07024,2025-01-23,Litoral,Consumo,Email,20250123
C07025,2023-05-13,Centro,Premium,Paid Social,20230513
C07026,2025-11-18,AMBA,Consumo,Orgánico,20251118
C07027,2023-09-18,Patagonia,Consumo,Orgánico,20230918
C07028,2025-10-31,Patagonia,Consumo,Referidos,20251031
C07029,2024-04-19,Cuyo,Consumo,Email,20240419
C07030,2025-09-05,Patagonia,Consumo,Orgánico,20250905
C07031,2025-08-07,Patagonia,Premium,Marketplace,20250807
C07032,2025-03-15,Litoral,Consumo,Referidos,20250315
C07033,2025-09-02,AMBA,Consumo,Orgánico,20250902
C07034,2024-10-11,NOA,Consumo,Orgánico,20241011
C07035,2025-06-22,Cuyo,Premium,Paid Social,20250622
C07036,2023-07-03,Patagonia,Consumo,Orgánico,20230703
C07037,2023-03-16,NOA,Premium,Marketplace,20230316
C07038,2024-08-01,Cuyo,Consumo,Email,20240801
C07039,2025-05-12,Litoral,Consumo,Orgánico,20250512
C07040,2025-03-26,AMBA,Premium,Paid Social,20250326
C07041,2024-07-16,NOA,Consumo,Orgánico,20240716
C07042,2024-07-08,AMBA,Premium,Paid Social,20240708
C07043,2024-10-11,Litoral,Consumo,Orgánico,20241011
C07044,2025-07-13,Cuyo,Consumo,Referidos,20250713
C07045,2025-06-15,AMBA,Consumo,Referidos,20250615
C07046,2023-04-27,Cuyo,Premium,Marketplace,20230427
C07047,2024-09-26,NOA,Consumo,Orgánico,20240926
C07048,2024-02-10,Centro,Consumo,Paid Social,20240210
C07049,2025-05-01,Centro,Consumo,Referidos,20250501
C07050,2024-06-22,Centro,PyME,Paid Social,20240622
C07051,2025-11-21,AMBA,Premium,Paid Social,20251121
C07052,2024-04-05,Centro,Premium,Marketplace,20240405
C07053,2024-12-24,Litoral,Consumo,Referidos,20241224
C07054,2023-04-26,Patagonia,Consumo,Marketplace,20230426
C07055,2025-09-19,Patagonia,Premium,Paid Social,20250919
C07056,2023-06-13,Patagonia,Premium,Email,20230613
C07057,2024-02-07,Patagonia,Premium,Paid Social,20240207
C07058,2025-06-11,Cuyo,Premium,Paid Social,20250611
C07059,2025-10-27,NOA,Premium,Orgánico,20251027
C07060,2024-05-30,Centro,Consumo,Referidos,20240530
C07061,2024-05-31,Patagonia,Consumo,Paid Social,20240531
C07062,2023-02-21,AMBA,PyME,Email,20230221
C07063,2025-11-08,Patagonia,Consumo,Marketplace,20251108
C07064,2023-01-18,AMBA,Consumo,Referidos,20230118
C07065,2023-01-28,Centro,Consumo,Orgánico,20230128
C07066,2024-05-19,Cuyo,Consumo,Email,20240519
C07067,2023-01-04,Patagonia,Premium,Paid Social,20230104
C07068,2023-06-25,AMBA,Premium,Orgánico,20230625
C07069,2024-10-30,Centro,Consumo,Orgánico,20241030
C07070,2025-01-20,Cuyo,Consumo,Email,20250120
C07071,2023-11-14,Patagonia,Consumo,Referidos,20231114
C07072,2025-04-27,NOA,Premium,Marketplace,20250427
C07073,2024-10-09,Litoral,Consumo,Paid Social,20241009
C07074,2023-09-01,Litoral,Consumo,Paid Social,20230901
C07075,2025-01-28,Cuyo,Consumo,Orgánico,20250128
C07076,2024-09-22,Patagonia,Consumo,Marketplace,20240922
C07077,2025-05-14,AMBA,Consumo,Referidos,20250514
C07078,2023-06-14,AMBA,Consumo,Marketplace,20230614
C07079,2023-09-03,Centro,Consumo,Paid Social,20230903
C07080,2023-11-20,Centro,Consumo,Orgánico,20231120
C07081,2023-12-30,Cuyo,Consumo,Email,20231230
C07082,2025-08-04,NOA,Consumo,Paid Social,20250804
C07083,2025-02-19,Litoral,Consumo,Paid Social,20250219
C07084,2024-08-02,Cuyo,Premium,Orgánico,20240802
C07085,2024-07-29,Centro,Consumo,Orgánico,20240729
C07086,2025-08-01,Litoral,Premium,Paid Social,20250801
C07087,2024-04-20,Centro,Consumo,Marketplace,20240420
C07088,2023-08-28,NOA,Premium,Referidos,20230828
C07089,2023-05-26,Cuyo,Consumo,Referidos,20230526
C07090,2023-12-18,Litoral,Consumo,Orgánico,20231218
C07091,2024-11-26,NOA,Consumo,Referidos,20241126
C07092,2024-05-16,Centro,Consumo,Paid Social,20240516
C07093,2024-03-25,Cuyo,Consumo,Orgánico,20240325
C07094,2024-05-26,Litoral,Premium,Paid Social,20240526
C07095,2025-11-04,Centro,Consumo,Orgánico,20251104
C07096,2025-11-28,AMBA,PyME,Marketplace,20251128
C07097,2023-06-21,Centro,Consumo,Referidos,20230621
C07098,2023-05-02,AMBA,Consumo,Orgánico,20230502
C07099,2023-09-18,Patagonia,Premium,Email,20230918
C07100,2025-06-26,AMBA,Consumo,Paid Social,20250626
C07101,2024-05-04,Centro,Consumo,Orgánico,20240504
C07102,2025-07-08,NOA,Consumo,Email,20250708
C07103,2024-11-19,Litoral,Premium,Referidos,20241119
C07104,2024-08-12,Patagonia,Consumo,Referidos,20240812
C07105,2023-10-27,Patagonia,Consumo,Orgánico,20231027
C07106,2024-01-02,Centro,Consumo,Paid Social,20240102
C07107,2023-06-07,Litoral,Consumo,Orgánico,20230607
C07108,2024-07-06,Centro,Consumo,Orgánico,20240706
C07109,2023-10-26,Litoral,Consumo,Orgánico,20231026
C07110,2023-11-08,Patagonia,Premium,Orgánico,20231108
C07111,2023-02-12,NOA,Consumo,Paid Social,20230212
C07112,2025-05-01,NOA,Consumo,Paid Social,20250501
C07113,2025-09-27,AMBA,PyME,Referidos,20250927
C07114,2024-06-14,Centro,PyME,Paid Social,20240614
C07115,2024-07-24,Litoral,Consumo,Orgánico,20240724
C07116,2025-09-13,Centro,Consumo,Marketplace,20250913
C07117,2024-06-28,Litoral,Consumo,Marketplace,20240628
C07118,2024-10-25,NOA,PyME,Orgánico,20241025
C07119,2024-03-31,Centro,Consumo,Paid Social,20240331
C07120,2024-07-01,NOA,Consumo,Orgánico,20240701
C07121,2024-07-09,NOA,Consumo,Marketplace,20240709
C07122,2025-01-27,NOA,Consumo,Paid Social,20250127
C07123,2024-10-05,AMBA,Consumo,Orgánico,20241005
C07124,2024-06-20,Centro,Premium,Referidos,20240620
C07125,2023-03-22,AMBA,Consumo,Referidos,20230322
C07126,2025-08-21,AMBA,Consumo,Orgánico,20250821
C07127,2025-08-04,AMBA,Premium,Paid Social,20250804
C07128,2023-07-16,Cuyo,Consumo,Paid Social,20230716
C07129,2023-11-09,AMBA,Consumo,Orgánico,20231109
C07130,2025-11-02,Centro,Consumo,Orgánico,20251102
C07131,2023-12-08,NOA,Premium,Referidos,20231208
C07132,2025-05-14,NOA,Consumo,Referidos,20250514
C07133,2025-04-16,NOA,Premium,Referidos,20250416
C07134,2025-07-05,AMBA,Consumo,Email,20250705
C07135,2023-01-18,Litoral,Consumo,Paid Social,20230118
C07136,2024-05-29,Litoral,Consumo,Paid Social,20240529
C07137,2024-08-25,AMBA,Consumo,Referidos,20240825
C07138,2025-06-10,NOA,Consumo,Orgánico,20250610
C07139,2023-08-28,Cuyo,Premium,Orgánico,20230828
C07140,2023-11-23,NOA,Consumo,Orgánico,20231123
C07141,2023-07-11,AMBA,Consumo,Referidos,20230711
C07142,2025-03-22,Litoral,PyME,Email,20250322
C07143,2025-11-29,AMBA,Consumo,Paid Social,20251129
C07144,2023-05-30,NOA,Consumo,Paid Social,20230530
C07145,2023-09-06,Litoral,Consumo,Referidos,20230906
C07146,2023-11-24,AMBA,Consumo,Orgánico,20231124
C07147,2025-08-04,Centro,PyME,Paid Social,20250804
C07148,2024-04-19,Cuyo,PyME,Referidos,20240419
C07149,2023-10-28,AMBA,Consumo,Email,20231028
C07150,2023-12-10,AMBA,PyME,Paid Social,20231210
C07151,2024-09-28,NOA,Consumo,Orgánico,20240928
C07152,2024-02-17,NOA,PyME,Marketplace,20240217
C07153,2023-05-30,Litoral,Premium,Paid Social,20230530
C07154,2025-05-23,NOA,Consumo,Marketplace,20250523
C07155,2024-03-25,Litoral,Consumo,Referidos,20240325
C07156,2023-10-01,AMBA,Premium,Marketplace,20231001
C07157,2025-02-14,Patagonia,Consumo,Orgánico,20250214
C07158,2025-03-04,AMBA,Consumo,Paid Social,20250304
C07159,2023-06-15,Patagonia,Consumo,Orgánico,20230615
C07160,2023-03-20,Cuyo,Consumo,Orgánico,20230320
C07161,2023-02-18,AMBA,Consumo,Orgánico,20230218
C07162,2025-03-26,Centro,Consumo,Paid Social,20250326
C07163,2024-10-28,Patagonia,Premium,Paid Social,20241028
C07164,2025-04-23,NOA,Consumo,Email,20250423
C07165,2024-10-29,Litoral,Consumo,Paid Social,20241029
C07166,2024-03-03,AMBA,Consumo,Orgánico,20240303
C07167,2024-09-19,NOA,Consumo,Paid Social,20240919
C07168,2025-02-08,Patagonia,Consumo,Email,20250208
C07169,2024-02-29,Cuyo,Consumo,Orgánico,20240229
C07170,2025-09-01,Litoral,Consumo,Referidos,20250901
C07171,2025-08-16,NOA,Consumo,Paid Social,20250816
C07172,2025-05-02,Cuyo,Consumo,Email,20250502
C07173,2025-11-22,AMBA,Consumo,Referidos,20251122
C07174,2024-02-20,AMBA,Premium,Paid Social,20240220
C07175,2023-05-02,Litoral,Consumo,Email,20230502
C07176,2024-05-30,NOA,Premium,Marketplace,20240530
C07177,2025-03-05,Patagonia,Consumo,Orgánico,20250305
C07178,2025-04-10,Litoral,Consumo,Paid Social,20250410
C07179,2024-02-18,Centro,Consumo,Marketplace,20240218
C07180,2023-11-08,Cuyo,Consumo,Referidos,20231108
C07181,2024-04-19,AMBA,Consumo,Email,20240419
C07182,2025-05-06,Cuyo,Premium,Orgánico,20250506
C07183,2023-03-06,Litoral,Premium,Paid Social,20230306
C07184,2023-12-16,NOA,Consumo,Marketplace,20231216
C07185,2023-09-02,NOA,PyME,Referidos,20230902
C07186,2025-05-08,Patagonia,Consumo,Orgánico,20250508
C07187,2024-05-15,AMBA,Consumo,Orgánico,20240515
C07188,2023-04-03,Patagonia,Premium,Referidos,20230403
C07189,2023-10-06,Centro,Consumo,Email,20231006
C07190,2023-02-17,Litoral,Consumo,Marketplace,20230217
C07191,2024-05-21,NOA,Consumo,Paid Social,20240521
C07192,2025-11-28,NOA,Consumo,Paid Social,20251128
C07193,2024-08-27,Litoral,Consumo,Orgánico,20240827
C07194,2025-07-14,Centro,Consumo,Paid Social,20250714
C07195,2025-03-01,Litoral,Consumo,Paid Social,20250301
C07196,2025-07-29,Patagonia,Premium,Orgánico,20250729
C07197,2023-11-28,Litoral,PyME,Paid Social,20231128
C07198,2025-10-10,Cuyo,Consumo,Orgánico,20251010
C07199,2023-09-12,Cuyo,Consumo,Referidos,20230912
C07200,2024-04-11,Litoral,Consumo,Orgánico,20240411
C07201,2024-12-26,AMBA,Consumo,Paid Social,20241226
C07202,2023-11-02,NOA,Consumo,Email,20231102
C07203,2023-10-09,AMBA,Consumo,Orgánico,20231009
C07204,2023-05-19,NOA,Premium,Paid Social,20230519
C07205,2023-01-05,AMBA,Consumo,Referidos,20230105
C07206,2024-06-17,Litoral,Consumo,Email,20240617
C07207,2025-11-16,Cuyo,Consumo,Paid Social,20251116
C07208,2023-08-23,Litoral,Premium,Referidos,20230823
C07209,2024-04-13,Cuyo,Consumo,Marketplace,20240413
C07210,2025-09-23,NOA,Premium,Referidos,20250923
C07211,2025-04-02,AMBA,Premium,Paid Social,20250402
C07212,2023-01-05,NOA,Consumo,Email,20230105
C07213,2024-06-17,Patagonia,Consumo,Paid Social,20240617
C07214,2023-06-02,Patagonia,Consumo,Paid Social,20230602
C07215,2023-09-21,AMBA,Consumo,Paid Social,20230921
C07216,2023-09-20,AMBA,Consumo,Referidos,20230920
C07217,2024-10-14,Cuyo,Consumo,Paid Social,20241014
C07218,2023-07-31,Centro,Premium,Marketplace,20230731
C07219,2023-09-26,Patagonia,Consumo,Marketplace,20230926
C07220,2023-08-29,NOA,Consumo,Paid Social,20230829
C07221,2024-01-16,Cuyo,Consumo,Orgánico,20240116
C07222,2024-11-29,Patagonia,Consumo,Marketplace,20241129
C07223,2024-03-01,AMBA,Consumo,Orgánico,20240301
C07224,2023-12-15,Patagonia,Consumo,Referidos,20231215
C07225,2024-07-05,AMBA,Consumo,Orgánico,20240705
C07226,2024-10-17,Patagonia,Consumo,Orgánico,20241017
C07227,2023-01-17,Cuyo,Consumo,Orgánico,20230117
C07228,2025-08-06,Cuyo,Premium,Orgánico,20250806
C07229,2025-09-02,Centro,Consumo,Marketplace,20250902
C07230,2024-10-03,Cuyo,Premium,Orgánico,20241003
C07231,2024-09-03,NOA,Consumo,Orgánico,20240903
C07232,2025-01-09,Patagonia,Premium,Referidos,20250109
C07233,2024-04-14,Cuyo,Consumo,Marketplace,20240414
C07234,2024-01-25,Centro,Consumo,Paid Social,20240125
C07235,2024-01-11,Litoral,Consumo,Referidos,20240111
C07236,2023-06-20,Patagonia,PyME,Orgánico,20230620
C07237,2025-06-14,Centro,Consumo,Referidos,20250614
C07238,2023-12-08,Patagonia,Consumo,Referidos,20231208
C07239,2023-10-30,NOA,Premium,Marketplace,20231030
C07240,2025-10-23,NOA,Consumo,Email,20251023
C07241,2024-06-23,Litoral,Consumo,Marketplace,20240623
C07242,2024-10-24,Centro,Premium,Paid Social,20241024
C07243,2023-09-19,Centro,Consumo,Referidos,20230919
C07244,2023-10-23,Patagonia,PyME,Referidos,20231023
C07245,2025-02-14,Cuyo,Premium,Orgánico,20250214
C07246,2024-04-25,AMBA,PyME,Marketplace,20240425
C07247,2023-06-07,Patagonia,Premium,Referidos,20230607
C07248,2025-06-08,AMBA,Consumo,Marketplace,20250608
C07249,2024-03-04,NOA,Consumo,Paid Social,20240304
C07250,2024-12-12,Cuyo,Consumo,Referidos,20241212
C07251,2023-12-30,Cuyo,Premium,Paid Social,20231230
C07252,2024-08-20,AMBA,Consumo,Marketplace,20240820
C07253,2025-04-06,Centro,Premium,Orgánico,20250406
C07254,2025-07-31,NOA,Consumo,Email,20250731
C07255,2023-08-09,Litoral,Consumo,Orgánico,20230809
C07256,2024-12-17,NOA,Consumo,Referidos,20241217
C07257,2025-09-01,NOA,Consumo,Paid Social,20250901
C07258,2024-11-15,AMBA,Consumo,Marketplace,20241115
C07259,2023-06-02,Cuyo,Consumo,Marketplace,20230602
C07260,2023-07-22,NOA,Consumo,Paid Social,20230722
C07261,2023-08-04,Cuyo,Consumo,Referidos,20230804
C07262,2023-04-24,Litoral,PyME,Email,20230424
C07263,2025-03-13,Litoral,Consumo,Paid Social,20250313
C07264,2025-10-24,Patagonia,Consumo,Paid Social,20251024
C07265,2024-07-04,NOA,Consumo,Orgánico,20240704
C07266,2024-09-29,NOA,Consumo,Orgánico,20240929
C07267,2025-04-03,Litoral,Consumo,Paid Social,20250403
C07268,2024-03-18,Litoral,Consumo,Paid Social,20240318
C07269,2024-05-18,Cuyo,Consumo,Paid Social,20240518
C07270,2024-09-19,AMBA,Consumo,Marketplace,20240919
C07271,2023-11-21,Patagonia,Consumo,Orgánico,20231121
C07272,2023-03-07,AMBA,Premium,Marketplace,20230307
C07273,2024-08-27,Patagonia,Consumo,Referidos,20240827
C07274,2025-05-25,Cuyo,Consumo,Referidos,20250525
C07275,2023-03-19,Patagonia,Consumo,Paid Social,20230319
C07276,2023-08-19,NOA,Premium,Orgánico,20230819
C07277,2023-10-08,Litoral,Consumo,Marketplace,20231008
C07278,2025-05-06,Litoral,Premium,Referidos,20250506
C07279,2024-06-21,Cuyo,Premium,Referidos,20240621
C07280,2024-07-23,Cuyo,PyME,Orgánico,20240723
C07281,2024-11-18,AMBA,Premium,Email,20241118
C07282,2023-10-22,AMBA,Consumo,Paid Social,20231022
C07283,2025-01-29,Patagonia,PyME,Email,20250129
C07284,2023-02-02,NOA,Premium,Referidos,20230202
C07285,2023-05-02,AMBA,Consumo,Orgánico,20230502
C07286,2025-05-18,Centro,Consumo,Orgánico,20250518
C07287,2024-12-01,Litoral,PyME,Orgánico,20241201
C07288,2023-07-07,Patagonia,Consumo,Orgánico,20230707
C07289,2024-04-12,Patagonia,Premium,Orgánico,20240412
C07290,2023-02-25,Patagonia,Consumo,Orgánico,20230225
C07291,2024-12-16,AMBA,Premium,Paid Social,20241216
C07292,2025-03-16,Centro,Consumo,Email,20250316
C07293,2023-10-24,Cuyo,Premium,Referidos,20231024
C07294,2024-01-08,AMBA,Consumo,Paid Social,20240108
C07295,2023-09-10,Cuyo,PyME,Orgánico,20230910
C07296,2024-02-19,Cuyo,Consumo,Referidos,20240219
C07297,2023-10-18,NOA,Consumo,Paid Social,20231018
C07298,2023-09-21,Centro,Consumo,Orgánico,20230921
C07299,2024-04-03,NOA,Consumo,Paid Social,20240403
C07300,2025-07-04,Patagonia,PyME,Marketplace,20250704
C07301,2025-03-23,Patagonia,Consumo,Paid Social,20250323
C07302,2023-11-13,Patagonia,Consumo,Marketplace,20231113
C07303,2025-10-01,NOA,Premium,Orgánico,20251001
C07304,2023-08-12,Centro,Consumo,Orgánico,20230812
C07305,2025-08-27,Cuyo,Consumo,Orgánico,20250827
C07306,2023-11-26,Litoral,Consumo,Referidos,20231126
C07307,2024-07-29,NOA,Consumo,Paid Social,20240729
C07308,2023-08-05,AMBA,Premium,Email,20230805
C07309,2025-03-22,Cuyo,Consumo,Marketplace,20250322
C07310,2023-12-05,Centro,Consumo,Paid Social,20231205
C07311,2025-07-18,Centro,Consumo,Orgánico,20250718
C07312,2023-03-30,Patagonia,Premium,Referidos,20230330
C07313,2024-06-18,Centro,Consumo,Orgánico,20240618
C07314,2023-06-18,Patagonia,Premium,Email,20230618
C07315,2025-08-04,NOA,Consumo,Marketplace,20250804
C07316,2024-03-20,Patagonia,Consumo,Paid Social,20240320
C07317,2024-12-19,Centro,Premium,Paid Social,20241219
C07318,2025-07-25,AMBA,Consumo,Email,20250725
C07319,2024-07-24,Cuyo,Consumo,Orgánico,20240724
C07320,2023-03-03,Litoral,Consumo,Paid Social,20230303
C07321,2023-08-24,Patagonia,Premium,Paid Social,20230824
C07322,2023-08-15,Cuyo,Consumo,Orgánico,20230815
C07323,2025-08-31,Centro,Consumo,Orgánico,20250831
C07324,2025-08-25,NOA,Consumo,Email,20250825
C07325,2024-05-22,NOA,PyME,Paid Social,20240522
C07326,2025-08-05,Litoral,Consumo,Paid Social,20250805
C07327,2023-09-20,Patagonia,Consumo,Marketplace,20230920
C07328,2024-12-24,NOA,Consumo,Orgánico,20241224
C07329,2024-02-22,Cuyo,Consumo,Orgánico,20240222
C07330,2023-09-14,AMBA,Consumo,Marketplace,20230914
C07331,2023-09-24,Litoral,Premium,Orgánico,20230924
C07332,2024-03-23,Cuyo,Consumo,Marketplace,20240323
C07333,2023-12-28,Patagonia,Consumo,Email,20231228
C07334,2023-08-13,Patagonia,Consumo,Paid Social,20230813
C07335,2023-12-22,Cuyo,Consumo,Orgánico,20231222
C07336,2023-05-17,Cuyo,Consumo,Paid Social,20230517
C07337,2025-10-29,Cuyo,Consumo,Referidos,20251029
C07338,2024-02-09,Litoral,Consumo,Orgánico,20240209
C07339,2023-04-25,Litoral,Premium,Referidos,20230425
C07340,2024-09-05,Litoral,Consumo,Referidos,20240905
C07341,2025-07-29,Litoral,Consumo,Referidos,20250729
C07342,2024-01-19,NOA,PyME,Orgánico,20240119
C07343,2025-06-19,Centro,Consumo,Referidos,20250619
C07344,2024-10-12,Centro,Consumo,Referidos,20241012
C07345,2025-02-26,Patagonia,Consumo,Orgánico,20250226
C07346,2023-11-12,NOA,PyME,Marketplace,20231112
C07347,2023-02-09,Litoral,Consumo,Orgánico,20230209
C07348,2024-01-04,Cuyo,Consumo,Marketplace,20240104
C07349,2025-09-11,Cuyo,Consumo,Orgánico,20250911
C07350,2025-04-22,Cuyo,Consumo,Orgánico,20250422
C07351,2025-04-15,AMBA,Consumo,Referidos,20250415
C07352,2025-07-24,Litoral,Consumo,Orgánico,20250724
C07353,2024-02-02,Centro,Premium,Orgánico,20240202
C07354,2023-12-09,Centro,Premium,Orgánico,20231209
C07355,2025-09-12,Litoral,Consumo,Referidos,20250912
C07356,2024-08-31,NOA,Consumo,Orgánico,20240831
C07357,2023-11-14,Centro,Consumo,Email,20231114
C07358,2023-10-24,NOA,Consumo,Email,20231024
C07359,2025-07-23,Litoral,Consumo,Paid Social,20250723
C07360,2023-02-26,NOA,Consumo,Paid Social,20230226
C07361,2023-03-07,Cuyo,Premium,Orgánico,20230307
C07362,2025-02-24,NOA,Consumo,Marketplace,20250224
C07363,2023-01-02,Litoral,Consumo,Referidos,20230102
C07364,2023-07-02,Patagonia,Premium,Marketplace,20230702
C07365,2025-11-21,Litoral,Consumo,Referidos,20251121
C07366,2024-03-29,Cuyo,Premium,Referidos,20240329
C07367,2025-02-13,Litoral,Premium,Marketplace,20250213
C07368,2024-06-02,NOA,Consumo,Paid Social,20240602
C07369,2023-04-07,Patagonia,Consumo,Marketplace,20230407
C07370,2023-07-16,AMBA,Consumo,Orgánico,20230716
C07371,2025-03-21,Patagonia,Premium,Orgánico,20250321
C07372,2023-04-11,NOA,Consumo,Paid Social,20230411
C07373,2024-09-25,Patagonia,PyME,Paid Social,20240925
C07374,2024-01-06,Cuyo,Consumo,Paid Social,20240106
C07375,2024-01-30,Cuyo,Premium,Paid Social,20240130
C07376,2025-10-11,Patagonia,Consumo,Paid Social,20251011
C07377,2024-10-07,Litoral,PyME,Marketplace,20241007
C07378,2024-10-17,Cuyo,Consumo,Paid Social,20241017
C07379,2024-01-09,Cuyo,Consumo,Paid Social,20240109
C07380,2024-02-11,Cuyo,Premium,Referidos,20240211
C07381,2024-12-31,AMBA,Consumo,Email,20241231
C07382,2023-02-11,AMBA,Consumo,Referidos,20230211
C07383,2023-09-10,AMBA,Premium,Paid Social,20230910
C07384,2024-10-01,Cuyo,Premium,Orgánico,20241001
C07385,2024-10-26,Litoral,Consumo,Marketplace,20241026
C07386,2023-04-09,Cuyo,Consumo,Orgánico,20230409
C07387,2025-04-19,NOA,Consumo,Email,20250419
C07388,2024-07-31,Centro,Consumo,Paid Social,20240731
C07389,2023-09-11,Cuyo,Consumo,Paid Social,20230911
C07390,2025-03-11,Centro,Consumo,Referidos,20250311
C07391,2025-11-21,Centro,Consumo,Paid Social,20251121
C07392,2024-03-27,Litoral,Consumo,Orgánico,20240327
C07393,2023-10-29,Centro,Premium,Referidos,20231029
C07394,2023-11-15,Centro,Consumo,Orgánico,20231115
C07395,2024-09-23,Patagonia,Consumo,Orgánico,20240923
C07396,2023-02-20,Patagonia,PyME,Paid Social,20230220
C07397,2024-05-29,Centro,Premium,Paid Social,20240529
C07398,2023-01-27,AMBA,Consumo,Email,20230127
C07399,2023-02-11,Centro,PyME,Paid Social,20230211
C07400,2024-04-02,Litoral,Consumo,Paid Social,20240402
C07401,2025-03-04,NOA,Consumo,Paid Social,20250304
C07402,2025-07-29,AMBA,Consumo,Marketplace,20250729
C07403,2023-04-04,AMBA,Consumo,Orgánico,20230404
C07404,2023-09-17,Litoral,Consumo,Marketplace,20230917
C07405,2024-03-25,NOA,Consumo,Paid Social,20240325
C07406,2024-09-03,Litoral,Premium,Paid Social,20240903
C07407,2025-11-17,NOA,Consumo,Referidos,20251117
C07408,2024-12-29,Litoral,Consumo,Paid Social,20241229
C07409,2024-07-27,AMBA,Consumo,Email,20240727
C07410,2023-03-06,Cuyo,Consumo,Marketplace,20230306
C07411,2023-03-28,Patagonia,PyME,Referidos,20230328
C07412,2023-06-13,Litoral,Consumo,Paid Social,20230613
C07413,2024-12-04,Centro,Premium,Referidos,20241204
C07414,2023-12-19,Centro,Premium,Paid Social,20231219
C07415,2023-09-14,Litoral,Consumo,Referidos,20230914
C07416,2024-12-14,Cuyo,Consumo,Orgánico,20241214
C07417,2025-05-18,Litoral,Consumo,Orgánico,20250518
C07418,2024-04-12,Cuyo,Premium,Paid Social,20240412
C07419,2025-07-28,Cuyo,Consumo,Orgánico,20250728
C07420,2025-02-20,Litoral,Consumo,Referidos,20250220
C07421,2025-02-01,AMBA,Consumo,Orgánico,20250201
C07422,2025-07-12,Cuyo,Consumo,Orgánico,20250712
C07423,2023-07-15,Cuyo,Consumo,Email,20230715
C07424,2025-03-18,Patagonia,Consumo,Paid Social,20250318
C07425,2025-10-16,Patagonia,Consumo,Marketplace,20251016
C07426,2025-11-22,Cuyo,Consumo,Orgánico,20251122
C07427,2024-09-07,Centro,Premium,Orgánico,20240907
C07428,2025-03-14,Centro,Premium,Orgánico,20250314
C07429,2025-08-04,Centro,Consumo,Paid Social,20250804
C07430,2025-06-26,Centro,Premium,Orgánico,20250626
C07431,2025-08-14,Patagonia,Premium,Referidos,20250814
C07432,2025-06-05,AMBA,Consumo,Orgánico,20250605
C07433,2024-02-11,AMBA,PyME,Marketplace,20240211
C07434,2025-02-16,Litoral,Premium,Paid Social,20250216
C07435,2024-03-13,Centro,Consumo,Referidos,20240313
C07436,2025-05-03,Patagonia,Consumo,Orgánico,20250503
C07437,2025-05-12,Patagonia,Consumo,Orgánico,20250512
C07438,2025-09-22,Patagonia,Consumo,Paid Social,20250922
C07439,2024-09-18,Cuyo,PyME,Paid Social,20240918
C07440,2024-05-21,Cuyo,Consumo,Email,20240521
C07441,2023-06-26,Cuyo,Consumo,Paid Social,20230626
C07442,2024-11-10,Centro,PyME,Orgánico,20241110
C07443,2024-08-26,Litoral,Consumo,Marketplace,20240826
C07444,2024-07-02,NOA,Consumo,Orgánico,20240702
C07445,2024-12-21,Centro,PyME,Orgánico,20241221
C07446,2025-06-25,AMBA,Consumo,Paid Social,20250625
C07447,2023-06-08,Litoral,Consumo,Paid Social,20230608
C07448,2024-04-04,Cuyo,Consumo,Paid Social,20240404
C07449,2025-02-08,Patagonia,PyME,Email,20250208
C07450,2025-05-23,NOA,Consumo,Email,20250523
C07451,2025-04-08,NOA,Consumo,Referidos,20250408
C07452,2025-05-01,Cuyo,Consumo,Orgánico,20250501
C07453,2025-06-29,NOA,Premium,Orgánico,20250629
C07454,2025-10-21,AMBA,Consumo,Referidos,20251021
C07455,2024-10-09,Cuyo,Consumo,Orgánico,20241009
C07456,2023-09-23,Centro,PyME,Paid Social,20230923
C07457,2024-08-23,NOA,Premium,Paid Social,20240823
C07458,2025-01-25,Litoral,Consumo,Referidos,20250125
C07459,2023-04-18,Cuyo,Consumo,Orgánico,20230418
C07460,2025-03-17,AMBA,Consumo,Marketplace,20250317
C07461,2024-08-02,Patagonia,Consumo,Paid Social,20240802
C07462,2025-09-24,Litoral,Consumo,Marketplace,20250924
C07463,2023-08-14,NOA,Premium,Orgánico,20230814
C07464,2025-08-23,Cuyo,Consumo,Referidos,20250823
C07465,2024-04-22,AMBA,Premium,Paid Social,20240422
C07466,2024-09-02,Cuyo,Consumo,Referidos,20240902
C07467,2024-12-03,Litoral,Premium,Paid Social,20241203
C07468,2024-09-08,Centro,Consumo,Marketplace,20240908
C07469,2025-08-20,AMBA,Consumo,Referidos,20250820
C07470,2023-06-28,Patagonia,Consumo,Email,20230628
C07471,2025-02-16,Litoral,Consumo,Orgánico,20250216
C07472,2025-11-04,Cuyo,Consumo,Orgánico,20251104
C07473,2023-08-23,Litoral,Consumo,Marketplace,20230823
C07474,2023-09-29,Patagonia,Premium,Marketplace,20230929
C07475,2024-05-20,AMBA,Consumo,Orgánico,20240520
C07476,2025-02-10,Cuyo,Consumo,Orgánico,20250210
C07477,2025-10-18,Centro,Consumo,Orgánico,20251018
C07478,2025-04-27,AMBA,Premium,Orgánico,20250427
C07479,2025-04-25,AMBA,Consumo,Orgánico,20250425
C07480,2024-04-14,Cuyo,Consumo,Referidos,20240414
C07481,2024-11-18,Litoral,Consumo,Orgánico,20241118
C07482,2023-08-13,Litoral,Consumo,Marketplace,20230813
C07483,2024-05-08,Patagonia,Consumo,Marketplace,20240508
C07484,2023-07-21,Cuyo,Consumo,Orgánico,20230721
C07485,2023-01-29,Litoral,Consumo,Paid Social,20230129
C07486,2025-07-01,Patagonia,Premium,Paid Social,20250701
C07487,2025-05-07,Litoral,Consumo,Orgánico,20250507
C07488,2024-06-27,NOA,Consumo,Referidos,20240627
C07489,2023-01-16,Centro,Consumo,Email,20230116
C07490,2023-04-06,Patagonia,Premium,Orgánico,20230406
C07491,2023-04-30,Patagonia,Consumo,Marketplace,20230430
C07492,2025-02-02,Litoral,Consumo,Paid Social,20250202
C07493,2023-08-05,AMBA,Premium,Orgánico,20230805
C07494,2023-09-24,Litoral,Consumo,Marketplace,20230924
C07495,2025-07-06,NOA,Consumo,Orgánico,20250706
C07496,2025-07-22,Litoral,Consumo,Orgánico,20250722
C07497,2025-03-23,AMBA,Consumo,Orgánico,20250323
C07498,2023-11-26,Centro,Consumo,Paid Social,20231126
C07499,2024-09-09,Litoral,Consumo,Paid Social,20240909
C07500,2023-08-02,Patagonia,Consumo,Email,20230802
C07501,2025-07-02,Cuyo,Consumo,Paid Social,20250702
C07502,2023-04-01,NOA,PyME,Email,20230401
C07503,2025-03-03,Patagonia,Consumo,Orgánico,20250303
C07504,2024-06-28,Centro,PyME,Paid Social,20240628
C07505,2025-03-17,Centro,Consumo,Marketplace,20250317
C07506,2024-04-25,NOA,Premium,Referidos,20240425
C07507,2023-06-18,Litoral,PyME,Referidos,20230618
C07508,2025-03-11,NOA,Consumo,Paid Social,20250311
C07509,2024-11-03,NOA,Consumo,Paid Social,20241103
C07510,2024-05-09,Cuyo,Consumo,Referidos,20240509
C07511,2024-02-01,AMBA,Consumo,Marketplace,20240201
C07512,2024-01-02,NOA,Consumo,Referidos,20240102
C07513,2024-05-27,Litoral,PyME,Paid Social,20240527
C07514,2023-10-06,AMBA,Consumo,Orgánico,20231006
C07515,2023-10-28,Litoral,Consumo,Orgánico,20231028
C07516,2023-10-24,AMBA,Consumo,Orgánico,20231024
C07517,2023-01-14,Centro,Consumo,Paid Social,20230114
C07518,2025-09-15,Cuyo,Consumo,Orgánico,20250915
C07519,2023-09-09,Cuyo,Consumo,Paid Social,20230909
C07520,2023-06-25,Litoral,Premium,Email,20230625
C07521,2023-06-10,NOA,Consumo,Email,20230610
C07522,2025-11-18,Cuyo,Consumo,Email,20251118
C07523,2024-05-22,Patagonia,Consumo,Orgánico,20240522
C07524,2023-12-15,NOA,Consumo,Paid Social,20231215
C07525,2024-03-06,Patagonia,Consumo,Marketplace,20240306
C07526,2023-04-05,Centro,Consumo,Paid Social,20230405
C07527,2023-12-01,Patagonia,Consumo,Marketplace,20231201
C07528,2023-09-22,Centro,Premium,Paid Social,20230922
C07529,2025-05-05,Cuyo,Consumo,Email,20250505
C07530,2023-03-04,Litoral,Consumo,Paid Social,20230304
C07531,2024-03-29,Centro,PyME,Email,20240329
C07532,2025-04-21,AMBA,PyME,Marketplace,20250421
C07533,2025-06-06,NOA,Consumo,Paid Social,20250606
C07534,2024-06-29,Patagonia,PyME,Referidos,20240629
C07535,2023-08-25,AMBA,Premium,Marketplace,20230825
C07536,2023-12-25,Cuyo,Consumo,Referidos,20231225
C07537,2023-08-25,Centro,Consumo,Orgánico,20230825
C07538,2024-12-06,NOA,Consumo,Orgánico,20241206
C07539,2023-11-08,NOA,Consumo,Marketplace,20231108
C07540,2024-11-02,Patagonia,PyME,Referidos,20241102
C07541,2024-11-29,Cuyo,Consumo,Marketplace,20241129
C07542,2025-09-27,AMBA,Consumo,Orgánico,20250927
C07543,2024-01-30,Centro,Consumo,Referidos,20240130
C07544,2025-10-20,AMBA,Consumo,Referidos,20251020
C07545,2024-03-02,Patagonia,Premium,Marketplace,20240302
C07546,2024-12-25,AMBA,Consumo,Referidos,20241225
C07547,2024-12-05,Patagonia,Consumo,Orgánico,20241205
C07548,2025-05-20,NOA,Consumo,Email,20250520
C07549,2024-05-14,Centro,Premium,Email,20240514
C07550,2025-04-23,Patagonia,Consumo,Paid Social,20250423
C07551,2024-01-14,NOA,Consumo,Orgánico,20240114
C07552,2024-06-07,Cuyo,Consumo,Marketplace,20240607
C07553,2024-06-16,Cuyo,Consumo,Orgánico,20240616
C07554,2025-01-20,Centro,Consumo,Paid Social,20250120
C07555,2024-10-20,Cuyo,Consumo,Email,20241020
C07556,2023-03-25,NOA,Consumo,Marketplace,20230325
C07557,2025-05-11,Litoral,Premium,Email,20250511
C07558,2025-03-18,Centro,Consumo,Paid Social,20250318
C07559,2023-04-22,Litoral,Consumo,Orgánico,20230422
C07560,2025-10-21,Patagonia,PyME,Paid Social,20251021
C07561,2024-12-04,AMBA,Consumo,Orgánico,20241204
C07562,2023-04-01,Patagonia,PyME,Referidos,20230401
C07563,2024-06-07,Centro,Consumo,Paid Social,20240607
C07564,2025-06-09,Centro,PyME,Orgánico,20250609
C07565,2023-10-26,Cuyo,Consumo,Marketplace,20231026
C07566,2025-09-20,Litoral,Premium,Orgánico,20250920
C07567,2024-03-21,NOA,Premium,Orgánico,20240321
C07568,2023-08-29,Centro,Consumo,Paid Social,20230829
C07569,2024-01-15,Centro,Consumo,Orgánico,20240115
C07570,2024-07-12,Cuyo,Consumo,Orgánico,20240712
C07571,2025-01-02,NOA,Consumo,Marketplace,20250102
C07572,2025-09-15,NOA,PyME,Referidos,20250915
C07573,2023-07-27,Cuyo,Consumo,Referidos,20230727
C07574,2025-10-19,Patagonia,Premium,Email,20251019
C07575,2024-07-16,NOA,Consumo,Orgánico,20240716
C07576,2023-05-17,NOA,Consumo,Referidos,20230517
C07577,2025-09-13,Patagonia,PyME,Paid Social,20250913
C07578,2024-01-07,Litoral,Consumo,Orgánico,20240107
C07579,2024-10-22,NOA,Consumo,Paid Social,20241022
C07580,2025-01-13,Centro,Consumo,Paid Social,20250113
C07581,2023-01-15,Cuyo,Consumo,Orgánico,20230115
C07582,2023-08-24,Patagonia,Consumo,Orgánico,20230824
C07583,2025-01-01,AMBA,Consumo,Paid Social,20250101
C07584,2023-12-12,Litoral,Consumo,Paid Social,20231212
C07585,2023-01-10,NOA,Premium,Orgánico,20230110
C07586,2023-01-25,Centro,Consumo,Email,20230125
C07587,2025-05-30,Patagonia,Consumo,Orgánico,20250530
C07588,2023-06-13,Cuyo,Consumo,Email,20230613
C07589,2023-04-17,NOA,Consumo,Orgánico,20230417
C07590,2024-08-21,Litoral,Premium,Paid Social,20240821
C07591,2023-05-07,AMBA,Consumo,Email,20230507
C07592,2024-11-26,Patagonia,Consumo,Email,20241126
C07593,2024-08-02,AMBA,Consumo,Orgánico,20240802
C07594,2024-11-22,Centro,Consumo,Paid Social,20241122
C07595,2024-06-07,NOA,Consumo,Referidos,20240607
C07596,2025-04-08,NOA,Consumo,Orgánico,20250408
C07597,2024-11-17,AMBA,Consumo,Paid Social,20241117
C07598,2024-03-18,Cuyo,Consumo,Paid Social,20240318
C07599,2023-01-17,AMBA,Consumo,Referidos,20230117
C07600,2023-10-19,Centro,Consumo,Paid Social,20231019
C07601,2023-05-20,NOA,Consumo,Marketplace,20230520
C07602,2023-01-17,Centro,Consumo,Email,20230117
C07603,2023-10-18,Litoral,Consumo,Email,20231018
C07604,2023-08-09,Patagonia,Consumo,Orgánico,20230809
C07605,2023-03-23,NOA,Consumo,Email,20230323
C07606,2023-11-29,Cuyo,Consumo,Orgánico,20231129
C07607,2024-06-23,Patagonia,Consumo,Paid Social,20240623
C07608,2023-07-09,Cuyo,Consumo,Orgánico,20230709
C07609,2023-10-18,AMBA,Consumo,Email,20231018
C07610,2023-01-22,Centro,Consumo,Referidos,20230122
C07611,2023-02-23,Patagonia,Consumo,Marketplace,20230223
C07612,2023-06-17,Patagonia,Consumo,Orgánico,20230617
C07613,2024-04-27,Litoral,Consumo,Marketplace,20240427
C07614,2024-12-10,Patagonia,Consumo,Referidos,20241210
C07615,2025-04-19,Patagonia,Consumo,Marketplace,20250419
C07616,2024-11-01,Cuyo,Premium,Referidos,20241101
C07617,2024-10-18,Centro,PyME,Orgánico,20241018
C07618,2025-09-23,NOA,Consumo,Marketplace,20250923
C07619,2023-09-30,NOA,Consumo,Email,20230930
C07620,2025-04-30,AMBA,Consumo,Referidos,20250430
C07621,2025-09-24,Patagonia,Premium,Orgánico,20250924
C07622,2024-08-27,AMBA,Consumo,Orgánico,20240827
C07623,2025-06-14,NOA,Consumo,Orgánico,20250614
C07624,2023-05-27,Litoral,Premium,Paid Social,20230527
C07625,2025-07-24,Patagonia,Consumo,Paid Social,20250724
C07626,2024-08-23,Patagonia,Consumo,Marketplace,20240823
C07627,2023-08-24,Litoral,Consumo,Orgánico,20230824
C07628,2023-03-07,Centro,Consumo,Orgánico,20230307
C07629,2025-02-05,Patagonia,Premium,Paid Social,20250205
C07630,2024-04-03,Litoral,Consumo,Orgánico,20240403
C07631,2023-11-27,Litoral,Consumo,Paid Social,20231127
C07632,2024-02-20,Centro,Consumo,Referidos,20240220
C07633,2025-11-21,AMBA,Consumo,Marketplace,20251121
C07634,2024-03-31,Litoral,Premium,Orgánico,20240331
C07635,2023-03-25,Cuyo,Premium,Orgánico,20230325
C07636,2023-10-26,Litoral,PyME,Referidos,20231026
C07637,2023-06-04,Cuyo,Premium,Orgánico,20230604
C07638,2024-12-31,NOA,Consumo,Referidos,20241231
C07639,2025-05-02,Patagonia,Consumo,Email,20250502
C07640,2025-06-14,Cuyo,Consumo,Marketplace,20250614
C07641,2024-11-05,Patagonia,Consumo,Orgánico,20241105
C07642,2025-03-29,Litoral,Consumo,Marketplace,20250329
C07643,2024-03-20,Litoral,Consumo,Marketplace,20240320
C07644,2024-10-30,Litoral,Consumo,Orgánico,20241030
C07645,2023-04-24,NOA,Premium,Paid Social,20230424
C07646,2024-07-27,Centro,Consumo,Paid Social,20240727
C07647,2024-08-16,Cuyo,Consumo,Orgánico,20240816
C07648,2023-02-03,Centro,Premium,Marketplace,20230203
C07649,2024-08-06,Litoral,Consumo,Orgánico,20240806
C07650,2025-02-08,NOA,Consumo,Orgánico,20250208
C07651,2024-01-27,Litoral,Consumo,Orgánico,20240127
C07652,2024-08-03,Centro,Premium,Email,20240803
C07653,2023-11-01,NOA,Premium,Marketplace,20231101
C07654,2023-10-16,Patagonia,Consumo,Email,20231016
C07655,2023-05-18,Cuyo,Consumo,Email,20230518
C07656,2023-12-16,AMBA,Consumo,Orgánico,20231216
C07657,2025-05-05,Cuyo,Consumo,Referidos,20250505
C07658,2025-09-23,Patagonia,Premium,Paid Social,20250923
C07659,2024-11-07,Litoral,Consumo,Paid Social,20241107
C07660,2024-10-26,Centro,Premium,Email,20241026
C07661,2024-10-15,AMBA,PyME,Marketplace,20241015
C07662,2024-05-21,NOA,Consumo,Referidos,20240521
C07663,2024-03-26,Cuyo,PyME,Email,20240326
C07664,2024-10-23,Patagonia,Consumo,Paid Social,20241023
C07665,2025-04-15,Cuyo,Consumo,Orgánico,20250415
C07666,2024-03-16,AMBA,Premium,Paid Social,20240316
C07667,2024-08-25,Cuyo,Consumo,Email,20240825
C07668,2024-05-15,Patagonia,PyME,Referidos,20240515
C07669,2023-11-01,Cuyo,Consumo,Email,20231101
C07670,2023-11-06,Litoral,Consumo,Paid Social,20231106
C07671,2023-03-25,Cuyo,Premium,Orgánico,20230325
C07672,2024-04-13,Cuyo,Consumo,Orgánico,20240413
C07673,2025-01-28,Centro,Consumo,Referidos,20250128
C07674,2024-12-31,Centro,Consumo,Marketplace,20241231
C07675,2025-11-15,Centro,Consumo,Paid Social,20251115
C07676,2023-02-12,Patagonia,Consumo,Email,20230212
C07677,2025-03-21,Cuyo,Premium,Referidos,20250321
C07678,2025-04-26,Patagonia,Consumo,Orgánico,20250426
C07679,2024-04-09,Centro,Premium,Orgánico,20240409
C07680,2023-10-29,Centro,Premium,Orgánico,20231029
C07681,2024-01-16,NOA,Consumo,Marketplace,20240116
C07682,2024-12-27,NOA,Consumo,Orgánico,20241227
C07683,2025-07-07,Cuyo,Consumo,Paid Social,20250707
C07684,2024-11-15,Centro,Premium,Paid Social,20241115
C07685,2024-07-01,Patagonia,Consumo,Email,20240701
C07686,2024-11-26,AMBA,Consumo,Orgánico,20241126
C07687,2023-03-17,Cuyo,PyME,Marketplace,20230317
C07688,2024-10-09,Litoral,Consumo,Paid Social,20241009
C07689,2023-02-14,Patagonia,Consumo,Marketplace,20230214
C07690,2025-10-18,AMBA,PyME,Email,20251018
C07691,2025-08-05,AMBA,Consumo,Paid Social,20250805
C07692,2024-06-25,Centro,Consumo,Referidos,20240625
C07693,2024-02-03,AMBA,Consumo,Email,20240203
C07694,2025-02-18,Litoral,Premium,Orgánico,20250218
C07695,2024-11-10,NOA,Premium,Referidos,20241110
C07696,2025-01-21,Centro,Premium,Email,20250121
C07697,2024-07-03,Cuyo,PyME,Email,20240703
C07698,2023-09-09,Centro,Consumo,Referidos,20230909
C07699,2023-03-20,AMBA,Consumo,Email,20230320
C07700,2023-10-29,Patagonia,Consumo,Paid Social,20231029
C07701,2024-07-17,Centro,PyME,Paid Social,20240717
C07702,2024-03-27,Litoral,PyME,Orgánico,20240327
C07703,2024-06-23,Patagonia,Consumo,Email,20240623
C07704,2023-10-23,NOA,Premium,Orgánico,20231023
C07705,2025-09-25,Centro,Consumo,Orgánico,20250925
C07706,2024-01-26,Litoral,Consumo,Referidos,20240126
C07707,2025-06-20,NOA,Consumo,Orgánico,20250620
C07708,2024-02-21,Cuyo,PyME,Orgánico,20240221
C07709,2024-04-17,AMBA,Consumo,Referidos,20240417
C07710,2024-10-05,Centro,Consumo,Referidos,20241005
C07711,2023-10-08,Patagonia,PyME,Referidos,20231008
C07712,2023-08-23,Patagonia,Consumo,Paid Social,20230823
C07713,2024-02-08,Centro,Consumo,Email,20240208
C07714,2025-05-06,Centro,Consumo,Marketplace,20250506
C07715,2023-06-03,Centro,Consumo,Orgánico,20230603
C07716,2024-04-10,Centro,Consumo,Orgánico,20240410
C07717,2024-12-16,Patagonia,Consumo,Orgánico,20241216
C07718,2025-01-22,NOA,Premium,Marketplace,20250122
C07719,2024-04-07,AMBA,Consumo,Orgánico,20240407
C07720,2023-03-28,Patagonia,Consumo,Paid Social,20230328
C07721,2023-01-17,Patagonia,Premium,Paid Social,20230117
C07722,2024-05-15,Litoral,Consumo,Marketplace,20240515
C07723,2025-05-12,NOA,Premium,Paid Social,20250512
C07724,2023-01-31,AMBA,Premium,Paid Social,20230131
C07725,2025-08-03,Patagonia,PyME,Marketplace,20250803
C07726,2024-12-20,AMBA,Consumo,Orgánico,20241220
C07727,2023-01-09,NOA,Consumo,Email,20230109
C07728,2024-01-02,Cuyo,Consumo,Orgánico,20240102
C07729,2023-08-23,AMBA,PyME,Orgánico,20230823
C07730,2025-10-07,Patagonia,PyME,Orgánico,20251007
C07731,2024-08-13,Patagonia,Consumo,Paid Social,20240813
C07732,2023-12-12,Cuyo,Consumo,Orgánico,20231212
C07733,2023-10-24,Centro,Consumo,Referidos,20231024
C07734,2024-08-23,AMBA,Consumo,Paid Social,20240823
C07735,2023-01-06,NOA,Premium,Paid Social,20230106
C07736,2023-10-02,Centro,Premium,Referidos,20231002
C07737,2023-06-26,NOA,Consumo,Marketplace,20230626
C07738,2024-10-22,Litoral,PyME,Paid Social,20241022
C07739,2024-12-13,Patagonia,Consumo,Orgánico,20241213
C07740,2024-05-12,Patagonia,Consumo,Orgánico,20240512
C07741,2023-05-30,NOA,Consumo,Marketplace,20230530
C07742,2024-01-30,AMBA,Consumo,Referidos,20240130
C07743,2025-06-16,NOA,Premium,Paid Social,20250616
C07744,2023-08-05,AMBA,Consumo,Orgánico,20230805
C07745,2023-06-23,NOA,Consumo,Paid Social,20230623
C07746,2023-04-29,Centro,Consumo,Email,20230429
C07747,2025-05-19,NOA,Consumo,Paid Social,20250519
C07748,2023-05-08,AMBA,Consumo,Orgánico,20230508
C07749,2024-09-11,Cuyo,Consumo,Paid Social,20240911
C07750,2025-11-29,Litoral,Consumo,Referidos,20251129
C07751,2024-11-14,NOA,Consumo,Marketplace,20241114
C07752,2024-03-15,AMBA,Premium,Orgánico,20240315
C07753,2023-08-09,AMBA,Consumo,Marketplace,20230809
C07754,2023-01-03,Litoral,Consumo,Paid Social,20230103
C07755,2023-06-15,AMBA,Consumo,Email,20230615
C07756,2025-10-11,Patagonia,Consumo,Marketplace,20251011
C07757,2023-06-02,AMBA,Consumo,Email,20230602
C07758,2023-01-22,NOA,Consumo,Orgánico,20230122
C07759,2025-05-19,Litoral,Consumo,Orgánico,20250519
C07760,2024-03-21,NOA,Consumo,Referidos,20240321
C07761,2024-01-16,AMBA,Consumo,Email,20240116
C07762,2025-02-03,Centro,PyME,Paid Social,20250203
C07763,2024-07-11,Cuyo,Consumo,Email,20240711
C07764,2025-09-01,AMBA,Consumo,Orgánico,20250901
C07765,2024-05-12,AMBA,Consumo,Orgánico,20240512
C07766,2025-01-29,Centro,Consumo,Referidos,20250129
C07767,2025-07-24,Patagonia,Consumo,Paid Social,20250724
C07768,2024-05-08,Patagonia,Premium,Orgánico,20240508
C07769,2023-10-30,AMBA,Consumo,Paid Social,20231030
C07770,2025-11-03,AMBA,Consumo,Marketplace,20251103
C07771,2023-08-30,Litoral,PyME,Orgánico,20230830
C07772,2023-02-11,Cuyo,Consumo,Orgánico,20230211
C07773,2024-09-07,Patagonia,Consumo,Paid Social,20240907
C07774,2025-11-17,Centro,Consumo,Orgánico,20251117
C07775,2023-04-03,Cuyo,Consumo,Orgánico,20230403
C07776,2025-06-23,Centro,Premium,Orgánico,20250623
C07777,2025-06-03,Centro,Consumo,Orgánico,20250603
C07778,2025-09-16,Patagonia,PyME,Email,20250916
C07779,2024-03-24,Cuyo,Consumo,Orgánico,20240324
C07780,2023-09-29,Litoral,Consumo,Paid Social,20230929
C07781,2024-06-29,AMBA,Consumo,Referidos,20240629
C07782,2023-06-01,Litoral,Consumo,Orgánico,20230601
C07783,2025-06-16,Cuyo,Consumo,Orgánico,20250616
C07784,2024-12-07,NOA,Consumo,Marketplace,20241207
C07785,2024-05-29,Cuyo,Consumo,Email,20240529
C07786,2024-07-03,AMBA,Consumo,Email,20240703
C07787,2025-01-28,Patagonia,PyME,Paid Social,20250128
C07788,2024-07-11,AMBA,Consumo,Marketplace,20240711
C07789,2025-06-13,NOA,Consumo,Orgánico,20250613
C07790,2025-09-11,Cuyo,Premium,Orgánico,20250911
C07791,2025-10-08,Patagonia,Consumo,Referidos,20251008
C07792,2024-10-22,Litoral,Premium,Orgánico,20241022
C07793,2025-03-01,Cuyo,PyME,Email,20250301
C07794,2023-11-28,Litoral,Consumo,Orgánico,20231128
C07795,2023-02-10,Centro,Consumo,Paid Social,20230210
C07796,2024-03-02,AMBA,Consumo,Email,20240302
C07797,2025-07-17,Patagonia,Consumo,Paid Social,20250717
C07798,2023-05-23,NOA,Consumo,Email,20230523
C07799,2024-08-04,NOA,Consumo,Orgánico,20240804
C07800,2023-07-24,Centro,PyME,Orgánico,20230724
C07801,2024-04-02,Cuyo,Consumo,Referidos,20240402
C07802,2023-06-02,Cuyo,Consumo,Orgánico,20230602
C07803,2025-02-21,Patagonia,Consumo,Email,20250221
C07804,2025-05-12,Litoral,PyME,Paid Social,20250512
C07805,2025-03-18,Patagonia,Premium,Paid Social,20250318
C07806,2025-01-20,NOA,Premium,Paid Social,20250120
C07807,2023-09-08,Cuyo,Premium,Referidos,20230908
C07808,2024-07-18,Litoral,Consumo,Paid Social,20240718
C07809,2023-04-22,Litoral,Consumo,Orgánico,20230422
C07810,2024-02-03,NOA,Consumo,Marketplace,20240203
C07811,2024-06-22,Cuyo,Consumo,Orgánico,20240622
C07812,2024-12-12,Centro,Consumo,Referidos,20241212
C07813,2023-04-14,Cuyo,Consumo,Orgánico,20230414
C07814,2025-05-15,Litoral,PyME,Paid Social,20250515
C07815,2024-05-03,NOA,Consumo,Paid Social,20240503
C07816,2025-07-27,Patagonia,Premium,Orgánico,20250727
C07817,2024-07-15,AMBA,Consumo,Referidos,20240715
C07818,2024-08-05,Litoral,Consumo,Orgánico,20240805
C07819,2025-01-07,AMBA,Consumo,Paid Social,20250107
C07820,2025-05-23,Cuyo,Premium,Referidos,20250523
C07821,2023-06-17,NOA,Premium,Email,20230617
C07822,2024-06-28,NOA,Consumo,Paid Social,20240628
C07823,2023-02-01,AMBA,Consumo,Paid Social,20230201
C07824,2024-05-20,AMBA,Consumo,Orgánico,20240520
C07825,2025-05-16,Patagonia,Consumo,Marketplace,20250516
C07826,2025-07-10,Cuyo,Consumo,Email,20250710
C07827,2023-10-29,Cuyo,Consumo,Email,20231029
C07828,2024-02-16,NOA,Premium,Paid Social,20240216
C07829,2024-08-10,NOA,Consumo,Paid Social,20240810
C07830,2024-02-26,NOA,Consumo,Orgánico,20240226
C07831,2023-07-09,Patagonia,Premium,Orgánico,20230709
C07832,2023-11-21,NOA,Consumo,Paid Social,20231121
C07833,2024-03-06,Patagonia,PyME,Orgánico,20240306
C07834,2024-07-06,NOA,Consumo,Orgánico,20240706
C07835,2025-09-07,Litoral,Consumo,Paid Social,20250907
C07836,2024-08-03,AMBA,Premium,Paid Social,20240803
C07837,2024-02-17,Patagonia,Consumo,Paid Social,20240217
C07838,2024-12-04,NOA,Premium,Referidos,20241204
C07839,2025-04-03,Centro,PyME,Email,20250403
C07840,2024-04-03,Cuyo,Consumo,Orgánico,20240403
C07841,2024-06-05,Litoral,Consumo,Referidos,20240605
C07842,2023-08-20,Litoral,Consumo,Paid Social,20230820
C07843,2025-07-09,Patagonia,Consumo,Paid Social,20250709
C07844,2025-07-12,Cuyo,Consumo,Marketplace,20250712
C07845,2023-07-06,NOA,PyME,Orgánico,20230706
C07846,2024-01-04,Patagonia,Consumo,Email,20240104
C07847,2023-10-17,NOA,Consumo,Orgánico,20231017
C07848,2025-09-09,Litoral,Consumo,Orgánico,20250909
C07849,2023-03-11,AMBA,PyME,Paid Social,20230311
C07850,2023-08-09,NOA,PyME,Orgánico,20230809
C07851,2023-12-02,AMBA,Consumo,Orgánico,20231202
C07852,2024-08-19,Centro,Consumo,Paid Social,20240819
C07853,2023-09-23,Centro,Premium,Paid Social,20230923
C07854,2024-07-25,Centro,Consumo,Paid Social,20240725
C07855,2025-03-06,Patagonia,PyME,Orgánico,20250306
C07856,2025-06-01,Cuyo,PyME,Paid Social,20250601
C07857,2023-04-16,Centro,Premium,Paid Social,20230416
C07858,2023-05-28,AMBA,Consumo,Paid Social,20230528
C07859,2023-04-12,Centro,Consumo,Referidos,20230412
C07860,2025-08-27,Patagonia,PyME,Marketplace,20250827
C07861,2024-11-25,Patagonia,Consumo,Orgánico,20241125
C07862,2024-07-19,Centro,Premium,Paid Social,20240719
C07863,2025-04-22,AMBA,Consumo,Marketplace,20250422
C07864,2024-09-16,Litoral,PyME,Email,20240916
C07865,2023-09-08,Patagonia,Consumo,Marketplace,20230908
C07866,2024-06-27,AMBA,Consumo,Referidos,20240627
C07867,2025-01-18,Patagonia,Consumo,Referidos,20250118
C07868,2023-02-08,Centro,Consumo,Orgánico,20230208
C07869,2024-10-07,Centro,Consumo,Orgánico,20241007
C07870,2024-06-13,Litoral,PyME,Email,20240613
C07871,2023-03-16,AMBA,Consumo,Paid Social,20230316
C07872,2023-10-08,Centro,PyME,Referidos,20231008
C07873,2024-04-22,AMBA,Consumo,Marketplace,20240422
C07874,2023-12-31,Centro,Consumo,Orgánico,20231231
C07875,2023-11-05,Patagonia,PyME,Paid Social,20231105
C07876,2024-11-22,Centro,Consumo,Marketplace,20241122
C07877,2024-03-06,AMBA,Premium,Referidos,20240306
C07878,2024-06-14,Centro,PyME,Referidos,20240614
C07879,2025-04-30,AMBA,Consumo,Email,20250430
C07880,2023-04-10,Litoral,Premium,Marketplace,20230410
C07881,2024-01-19,NOA,Consumo,Paid Social,20240119
C07882,2023-03-19,Centro,Consumo,Orgánico,20230319
C07883,2025-09-14,Patagonia,Consumo,Orgánico,20250914
C07884,2023-07-17,Cuyo,Premium,Paid Social,20230717
C07885,2025-05-23,AMBA,Consumo,Referidos,20250523
C07886,2023-07-23,Patagonia,Consumo,Paid Social,20230723
C07887,2023-12-12,Centro,PyME,Email,20231212
C07888,2024-10-09,Litoral,Consumo,Paid Social,20241009
C07889,2025-06-04,Litoral,PyME,Referidos,20250604
C07890,2023-07-09,Litoral,Consumo,Orgánico,20230709
C07891,2023-08-15,AMBA,Consumo,Paid Social,20230815
C07892,2025-07-28,Centro,Consumo,Orgánico,20250728
C07893,2023-12-09,Patagonia,Consumo,Paid Social,20231209
C07894,2023-08-12,NOA,Consumo,Paid Social,20230812
C07895,2025-03-02,AMBA,Premium,Email,20250302
C07896,2023-04-08,Cuyo,Premium,Paid Social,20230408
C07897,2025-07-12,NOA,Consumo,Marketplace,20250712
C07898,2025-07-21,Centro,Consumo,Marketplace,20250721
C07899,2025-07-01,Cuyo,Consumo,Orgánico,20250701
C07900,2023-11-11,NOA,Consumo,Orgánico,20231111
C07901,2023-05-02,NOA,Consumo,Orgánico,20230502
C07902,2024-03-29,Litoral,Consumo,Orgánico,20240329
C07903,2023-12-23,Patagonia,Premium,Orgánico,20231223
C07904,2025-10-18,Litoral,PyME,Marketplace,20251018
C07905,2024-11-03,Centro,Premium,Marketplace,20241103
C07906,2025-10-02,NOA,Consumo,Orgánico,20251002
C07907,2025-03-10,AMBA,Consumo,Referidos,20250310
C07908,2025-01-31,AMBA,Consumo,Referidos,20250131
C07909,2023-04-30,Litoral,Consumo,Paid Social,20230430
C07910,2023-03-15,NOA,Consumo,Marketplace,20230315
C07911,2023-02-19,Patagonia,PyME,Marketplace,20230219
C07912,2024-09-23,Patagonia,Consumo,Marketplace,20240923
C07913,2023-08-03,Cuyo,Consumo,Referidos,20230803
C07914,2025-11-19,Cuyo,Consumo,Paid Social,20251119
C07915,2023-05-22,Cuyo,PyME,Orgánico,20230522
C07916,2025-10-05,Centro,Consumo,Marketplace,20251005
C07917,2024-12-12,Cuyo,Premium,Orgánico,20241212
C07918,2023-04-23,AMBA,Consumo,Paid Social,20230423
C07919,2023-03-04,Centro,Consumo,Orgánico,20230304
C07920,2024-02-26,NOA,Premium,Paid Social,20240226
C07921,2023-12-27,Patagonia,Consumo,Orgánico,20231227
C07922,2023-12-03,AMBA,Premium,Referidos,20231203
C07923,2024-07-16,Centro,Consumo,Paid Social,20240716
C07924,2023-05-19,Centro,Consumo,Paid Social,20230519
C07925,2023-05-18,Centro,Consumo,Paid Social,20230518
C07926,2025-01-09,Patagonia,Premium,Email,20250109
C07927,2025-11-20,NOA,Premium,Referidos,20251120
C07928,2023-10-19,Patagonia,Consumo,Marketplace,20231019
C07929,2025-09-19,Cuyo,Consumo,Referidos,20250919
C07930,2024-01-03,AMBA,Consumo,Paid Social,20240103
C07931,2023-12-24,AMBA,Consumo,Referidos,20231224
C07932,2023-04-07,Patagonia,Consumo,Paid Social,20230407
C07933,2024-03-26,Patagonia,Consumo,Email,20240326
C07934,2024-06-14,Litoral,PyME,Email,20240614
C07935,2024-12-07,Litoral,Consumo,Paid Social,20241207
C07936,2023-06-18,NOA,Consumo,Paid Social,20230618
C07937,2023-07-20,Patagonia,PyME,Referidos,20230720
C07938,2024-04-05,AMBA,Consumo,Paid Social,20240405
C07939,2023-03-16,Cuyo,Premium,Referidos,20230316
C07940,2023-06-02,AMBA,Consumo,Paid Social,20230602
C07941,2024-10-31,Cuyo,Consumo,Email,20241031
C07942,2025-10-12,Litoral,Consumo,Referidos,20251012
C07943,2024-09-02,Centro,Consumo,Orgánico,20240902
C07944,2023-06-04,AMBA,Consumo,Orgánico,20230604
C07945,2025-11-21,Cuyo,Consumo,Email,20251121
C07946,2024-07-09,Litoral,Consumo,Orgánico,20240709
C07947,2025-02-02,Patagonia,Consumo,Orgánico,20250202
C07948,2023-07-29,AMBA,Consumo,Referidos,20230729
C07949,2024-09-08,Centro,Consumo,Orgánico,20240908
C07950,2023-03-23,Patagonia,Premium,Email,20230323
C07951,2024-10-28,Patagonia,Consumo,Orgánico,20241028
C07952,2023-08-04,NOA,Consumo,Orgánico,20230804
C07953,2025-08-26,Patagonia,Consumo,Paid Social,20250826
C07954,2023-02-28,NOA,Consumo,Marketplace,20230228
C07955,2024-11-26,Litoral,Consumo,Paid Social,20241126
C07956,2023-05-29,NOA,Premium,Paid Social,20230529
C07957,2025-01-01,Cuyo,Consumo,Paid Social,20250101
C07958,2024-06-09,NOA,Consumo,Email,20240609
C07959,2025-10-27,Cuyo,Consumo,Email,20251027
C07960,2024-11-25,Cuyo,Consumo,Orgánico,20241125
C07961,2024-02-01,Patagonia,Premium,Orgánico,20240201
C07962,2023-04-04,Cuyo,Consumo,Paid Social,20230404
C07963,2024-09-26,AMBA,Consumo,Email,20240926
C07964,2024-04-14,NOA,PyME,Referidos,20240414
C07965,2023-02-25,Cuyo,Consumo,Email,20230225
C07966,2024-09-11,NOA,Premium,Referidos,20240911
C07967,2023-08-12,Cuyo,Consumo,Paid Social,20230812
C07968,2023-09-07,NOA,Consumo,Email,20230907
C07969,2023-01-10,Litoral,Consumo,Email,20230110
C07970,2024-02-01,Patagonia,Consumo,Orgánico,20240201
C07971,2023-08-21,Patagonia,Consumo,Marketplace,20230821
C07972,2023-03-18,Centro,Consumo,Paid Social,20230318
C07973,2024-04-07,Patagonia,Consumo,Email,20240407
C07974,2023-08-23,NOA,Consumo,Email,20230823
C07975,2023-05-23,Litoral,Consumo,Marketplace,20230523
C07976,2024-05-12,NOA,Consumo,Orgánico,20240512
C07977,2023-03-09,NOA,Consumo,Marketplace,20230309
C07978,2025-11-20,Litoral,Premium,Orgánico,20251120
C07979,2024-05-16,Cuyo,Consumo,Orgánico,20240516
C07980,2025-11-27,NOA,PyME,Marketplace,20251127
C07981,2025-07-27,Centro,Consumo,Orgánico,20250727
C07982,2025-11-09,Litoral,Consumo,Email,20251109
C07983,2024-08-01,Patagonia,Consumo,Paid Social,20240801
C07984,2024-03-26,NOA,Consumo,Marketplace,20240326
C07985,2025-02-05,Centro,Consumo,Referidos,20250205
C07986,2023-03-27,AMBA,Consumo,Paid Social,20230327
C07987,2025-06-13,Cuyo,Premium,Referidos,20250613
C07988,2023-12-11,NOA,Consumo,Orgánico,20231211
C07989,2023-01-08,Litoral,Consumo,Email,20230108
C07990,2023-09-11,AMBA,Consumo,Referidos,20230911
C07991,2023-09-16,AMBA,Consumo,Referidos,20230916
C07992,2023-01-16,Cuyo,PyME,Email,20230116
C07993,2024-12-13,Cuyo,Consumo,Referidos,20241213
C07994,2023-04-12,AMBA,Consumo,Email,20230412
C07995,2025-06-20,Cuyo,Consumo,Marketplace,20250620
C07996,2024-04-27,Cuyo,Consumo,Orgánico,20240427
C07997,2025-02-03,Centro,PyME,Paid Social,20250203
C07998,2023-12-28,Centro,Consumo,Referidos,20231228
C07999,2023-05-21,Litoral,Premium,Paid Social,20230521
C08000,2023-07-12,NOA,Consumo,Paid Social,20230712
