ticket_id,customer_id,order_id,ticket_date,ticket_date_key,ticket_category,resolution_hours,satisfaction_score
T0000001,C00008,O0000014,2025-11-13,20251113,Devolución,21.2,2
T0000002,C00009,O0000017,2025-12-31,20251231,Producto,4.6,4
T0000003,C00016,O0000031,2025-07-16,20250716,Entrega,14.5,1
T0000004,C00018,O0000035,2024-12-13,20241213,Entrega,12.3,4
T0000005,C00018,O0000036,2025-01-10,20250110,Producto,2.6,4
T0000006,C00023,O0000044,2025-05-09,20250509,Producto,7.4,4
T0000007,C00024,O0000047,2025-12-25,20251225,Producto,10.3,5
T0000008,C00026,O0000050,2025-04-25,20250425,Entrega,19.9,5
T0000009,C00032,O0000066,2024-12-26,20241226,Devolución,5.2,5
T0000010,C00039,O0000078,2024-07-30,20240730,Pago,51.5,3
T0000011,C00040,O0000080,2025-07-18,20250718,Entrega,10.6,5
T0000012,C00041,O0000082,2023-07-23,20230723,Devolución,13.9,5
T0000013,C00042,O0000089,2025-07-18,20250718,Producto,4.1,4
T0000014,C00042,O0000090,2025-10-08,20251008,Producto,22.3,4
T0000015,C00047,O0000098,2024-09-12,20240912,Entrega,9.0,5
T0000016,C00066,O0000139,2025-09-23,20250923,Producto,12.2,1
T0000017,C00084,O0000173,2025-08-29,20250829,Devolución,6.4,4
T0000018,C00087,O0000178,2024-12-09,20241209,Pago,15.4,4
T0000019,C00088,O0000179,2025-10-18,20251018,Producto,13.1,4
T0000020,C00095,O0000191,2025-12-31,20251231,Entrega,24.9,4
T0000021,C00099,O0000203,2025-12-31,20251231,Entrega,18.5,5
T0000022,C00104,O0000211,2023-03-04,20230304,Entrega,10.0,5
T0000023,C00104,O0000213,2023-06-04,20230604,Cuenta,7.9,5
T0000024,C00104,O0000216,2024-04-23,20240423,Entrega,14.2,1
T0000025,C00107,O0000220,2025-10-17,20251017,Entrega,12.2,3
T0000026,C00112,O0000230,2025-12-31,20251231,Pago,11.3,4
T0000027,C00115,O0000235,2025-09-22,20250922,Entrega,5.8,5
T0000028,C00117,O0000238,2023-07-24,20230724,Producto,19.6,3
T0000029,C00117,O0000241,2025-01-20,20250120,Devolución,39.5,4
T0000030,C00124,O0000256,2025-01-03,20250103,Producto,2.6,4
T0000031,C00129,O0000268,2024-09-30,20240930,Devolución,9.7,4
T0000032,C00131,O0000271,2025-09-21,20250921,Entrega,7.8,2
T0000033,C00131,O0000272,2025-11-08,20251108,Entrega,37.2,3
T0000034,C00131,O0000273,2025-12-06,20251206,Entrega,9.6,5
T0000035,C00133,O0000276,2023-08-12,20230812,Producto,12.1,5
T0000036,C00138,O0000290,2025-11-19,20251119,Pago,12.8,5
T0000037,C00152,O0000315,2024-07-11,20240711,Producto,46.3,4
T0000038,C00155,O0000322,2025-11-11,20251111,Entrega,3.7,3
T0000039,C00157,O0000325,2025-09-24,20250924,Entrega,8.1,2
T0000040,C00162,O0000334,2025-03-16,20250316,Entrega,13.1,3
T0000041,C00165,O0000345,2024-10-11,20241011,Producto,3.4,3
T0000042,C00167,O0000347,2024-06-11,20240611,Devolución,5.3,2
T0000043,C00168,O0000350,2023-10-25,20231025,Entrega,12.6,2
T0000044,C00168,O0000351,2023-10-24,20231024,Entrega,5.1,3
T0000045,C00173,O0000365,2025-12-31,20251231,Pago,31.0,2
T0000046,C00175,O0000367,2025-03-31,20250331,Producto,15.3,1
T0000047,C00176,O0000370,2024-09-06,20240906,Entrega,4.6,3
T0000048,C00185,O0000391,2025-12-30,20251230,Producto,32.0,4
T0000049,C00187,O0000399,2025-03-08,20250308,Devolución,21.0,3
T0000050,C00189,O0000406,2025-11-19,20251119,Producto,7.2,3
T0000051,C00194,O0000417,2024-11-05,20241105,Producto,21.9,3
T0000052,C00198,O0000427,2025-12-15,20251215,Producto,15.4,3
T0000053,C00201,O0000430,2025-12-04,20251204,Entrega,3.1,4
T0000054,C00202,O0000431,2025-11-17,20251117,Pago,6.8,2
T0000055,C00211,O0000454,2024-11-03,20241103,Producto,16.1,5
T0000056,C00213,O0000457,2025-12-31,20251231,Pago,15.1,2
T0000057,C00217,O0000465,2023-11-27,20231127,Entrega,29.9,4
T0000058,C00219,O0000469,2024-06-19,20240619,Devolución,9.5,4
T0000059,C00224,O0000478,2023-11-22,20231122,Entrega,38.5,3
T0000060,C00225,O0000481,2025-06-10,20250610,Pago,12.5,5
T0000061,C00228,O0000488,2025-12-22,20251222,Entrega,7.3,5
T0000062,C00230,O0000492,2024-03-07,20240307,Entrega,6.8,5
T0000063,C00231,O0000497,2025-11-24,20251124,Producto,42.1,2
T0000064,C00239,O0000513,2023-12-21,20231221,Pago,6.4,5
T0000065,C00244,O0000528,2025-03-13,20250313,Producto,12.8,5
T0000066,C00246,O0000533,2023-08-29,20230829,Devolución,13.3,3
T0000067,C00246,O0000534,2024-10-04,20241004,Producto,8.9,5
T0000068,C00246,O0000536,2025-05-24,20250524,Cuenta,11.2,4
T0000069,C00246,O0000537,2025-12-08,20251208,Cuenta,6.1,3
T0000070,C00247,O0000538,2025-03-24,20250324,Pago,8.9,1
T0000071,C00248,O0000541,2024-10-18,20241018,Pago,14.3,5
T0000072,C00251,O0000545,2024-07-30,20240730,Devolución,17.9,4
T0000073,C00256,O0000556,2024-12-30,20241230,Devolución,7.8,5
T0000074,C00262,O0000567,2025-12-27,20251227,Entrega,8.6,4
T0000075,C00266,O0000574,2025-03-03,20250303,Devolución,13.8,4
T0000076,C00270,O0000581,2024-12-07,20241207,Pago,20.8,4
T0000077,C00272,O0000584,2024-06-08,20240608,Entrega,32.3,4
T0000078,C00273,O0000588,2024-10-16,20241016,Producto,14.2,4
T0000079,C00283,O0000605,2025-01-04,20250104,Entrega,12.0,3
T0000080,C00284,O0000606,2024-08-26,20240826,Devolución,3.7,4
T0000081,C00296,O0000628,2025-03-18,20250318,Entrega,13.8,4
T0000082,C00299,O0000632,2024-02-29,20240229,Devolución,2.7,3
T0000083,C00299,O0000633,2024-04-28,20240428,Entrega,11.9,5
T0000084,C00306,O0000645,2024-12-07,20241207,Devolución,6.7,5
T0000085,C00307,O0000648,2025-10-17,20251017,Entrega,10.0,3
T0000086,C00310,O0000654,2023-11-20,20231120,Devolución,26.7,4
T0000087,C00315,O0000664,2025-11-25,20251125,Entrega,9.7,3
T0000088,C00322,O0000677,2024-09-12,20240912,Cuenta,43.5,2
T0000089,C00326,O0000688,2025-10-06,20251006,Entrega,8.8,4
T0000090,C00328,O0000693,2025-05-03,20250503,Entrega,16.1,3
T0000091,C00332,O0000701,2024-03-20,20240320,Entrega,6.0,4
T0000092,C00332,O0000703,2025-09-02,20250902,Devolución,11.2,1
T0000093,C00343,O0000717,2025-02-16,20250216,Devolución,8.6,2
T0000094,C00359,O0000751,2025-02-27,20250227,Cuenta,18.9,1
T0000095,C00359,O0000752,2025-03-05,20250305,Entrega,22.1,4
T0000096,C00365,O0000765,2025-11-02,20251102,Producto,10.3,5
T0000097,C00369,O0000774,2023-05-17,20230517,Entrega,24.6,4
T0000098,C00372,O0000786,2025-10-24,20251024,Entrega,7.0,5
T0000099,C00373,O0000787,2025-10-30,20251030,Devolución,20.3,3
T0000100,C00377,O0000793,2025-11-17,20251117,Entrega,15.1,5
T0000101,C00382,O0000803,2025-11-24,20251124,Entrega,6.9,5
T0000102,C00384,O0000805,2025-11-26,20251126,Producto,12.1,5
T0000103,C00385,O0000808,2025-03-07,20250307,Pago,5.3,4
T0000104,C00391,O0000818,2025-04-01,20250401,Entrega,17.1,5
T0000105,C00394,O0000825,2024-11-16,20241116,Producto,35.1,4
T0000106,C00396,O0000831,2025-12-19,20251219,Devolución,43.3,1
T0000107,C00398,O0000841,2025-01-21,20250121,Devolución,19.7,4
T0000108,C00404,O0000848,2025-11-11,20251111,Entrega,22.5,3
T0000109,C00408,O0000854,2024-09-29,20240929,Pago,44.6,5
T0000110,C00413,O0000869,2024-04-25,20240425,Devolución,15.0,5
T0000111,C00416,O0000881,2025-10-05,20251005,Producto,5.2,4
T0000112,C00424,O0000892,2025-03-27,20250327,Devolución,23.9,5
T0000113,C00427,O0000902,2025-12-06,20251206,Devolución,14.6,5
T0000114,C00429,O0000909,2024-09-27,20240927,Devolución,11.5,3
T0000115,C00430,O0000911,2025-09-02,20250902,Entrega,16.2,1
T0000116,C00441,O0000936,2025-12-02,20251202,Cuenta,21.8,4
T0000117,C00444,O0000942,2025-12-11,20251211,Pago,3.1,5
T0000118,C00445,O0000943,2024-07-14,20240714,Producto,24.7,1
T0000119,C00450,O0000953,2025-12-07,20251207,Devolución,5.0,4
T0000120,C00453,O0000958,2025-07-19,20250719,Entrega,4.6,4
T0000121,C00454,O0000962,2025-04-08,20250408,Entrega,13.4,4
T0000122,C00457,O0000973,2025-05-25,20250525,Entrega,21.5,4
T0000123,C00461,O0000983,2025-12-26,20251226,Cuenta,82.1,3
T0000124,C00482,O0001021,2025-11-17,20251117,Pago,17.1,4
T0000125,C00487,O0001037,2024-09-20,20240920,Entrega,45.6,5
T0000126,C00487,O0001039,2024-12-22,20241222,Devolución,19.7,5
T0000127,C00493,O0001050,2025-09-11,20250911,Producto,9.8,3
T0000128,C00496,O0001056,2025-12-25,20251225,Pago,9.1,1
T0000129,C00503,O0001068,2025-12-14,20251214,Devolución,5.7,4
T0000130,C00508,O0001078,2025-04-24,20250424,Producto,2.4,4
T0000131,C00509,O0001081,2025-06-24,20250624,Devolución,12.5,5
T0000132,C00534,O0001131,2024-05-08,20240508,Producto,8.3,3
T0000133,C00534,O0001133,2025-03-28,20250328,Cuenta,55.0,3
T0000134,C00535,O0001136,2025-11-30,20251130,Devolución,3.6,5
T0000135,C00536,O0001139,2025-12-09,20251209,Devolución,34.1,4
T0000136,C00542,O0001156,2025-10-09,20251009,Cuenta,2.7,5
T0000137,C00553,O0001182,2025-07-01,20250701,Entrega,10.6,1
T0000138,C00567,O0001207,2025-01-12,20250112,Entrega,15.4,4
T0000139,C00567,O0001209,2025-02-06,20250206,Pago,8.5,4
T0000140,C00573,O0001224,2025-02-04,20250204,Producto,5.2,5
T0000141,C00583,O0001245,2023-05-13,20230513,Producto,7.7,4
T0000142,C00583,O0001246,2023-09-01,20230901,Producto,14.4,4
T0000143,C00584,O0001254,2025-12-12,20251212,Producto,2.0,3
T0000144,C00589,O0001262,2025-10-01,20251001,Pago,22.7,4
T0000145,C00605,O0001286,2025-08-19,20250819,Devolución,21.6,3
T0000146,C00614,O0001301,2025-04-04,20250404,Entrega,12.1,4
T0000147,C00615,O0001302,2025-12-21,20251221,Devolución,8.9,1
T0000148,C00618,O0001311,2024-11-03,20241103,Devolución,16.9,2
T0000149,C00622,O0001323,2025-02-24,20250224,Entrega,3.5,4
T0000150,C00636,O0001361,2025-11-26,20251126,Pago,16.6,3
T0000151,C00637,O0001365,2025-11-04,20251104,Producto,16.2,4
T0000152,C00637,O0001366,2025-12-25,20251225,Cuenta,20.2,4
T0000153,C00646,O0001382,2025-06-29,20250629,Devolución,35.5,1
T0000154,C00652,O0001393,2024-12-30,20241230,Producto,6.7,4
T0000155,C00653,O0001394,2025-07-06,20250706,Devolución,14.6,2
T0000156,C00663,O0001413,2025-08-12,20250812,Cuenta,11.8,2
T0000157,C00664,O0001417,2023-11-15,20231115,Entrega,12.7,4
T0000158,C00665,O0001424,2025-10-03,20251003,Devolución,17.4,5
T0000159,C00670,O0001430,2023-06-12,20230612,Devolución,10.1,3
T0000160,C00670,O0001431,2024-03-14,20240314,Entrega,6.1,4
T0000161,C00673,O0001435,2025-02-20,20250220,Producto,50.1,4
T0000162,C00674,O0001437,2023-08-11,20230811,Entrega,16.5,2
T0000163,C00674,O0001438,2023-11-03,20231103,Entrega,10.7,2
T0000164,C00682,O0001459,2024-07-18,20240718,Pago,14.9,1
T0000165,C00682,O0001460,2025-05-26,20250526,Entrega,8.1,2
T0000166,C00683,O0001463,2025-11-19,20251119,Cuenta,12.1,4
T0000167,C00686,O0001471,2025-12-17,20251217,Producto,13.2,3
T0000168,C00689,O0001474,2025-10-28,20251028,Pago,13.4,5
T0000169,C00703,O0001507,2025-06-11,20250611,Entrega,24.3,5
T0000170,C00713,O0001523,2025-06-21,20250621,Pago,12.8,4
T0000171,C00714,O0001524,2025-07-03,20250703,Cuenta,16.0,4
T0000172,C00720,O0001533,2025-11-04,20251104,Devolución,3.6,3
T0000173,C00724,O0001544,2025-02-24,20250224,Pago,9.3,3
T0000174,C00725,O0001549,2025-12-10,20251210,Producto,16.4,1
T0000175,C00726,O0001550,2023-08-24,20230824,Entrega,9.6,4
T0000176,C00730,O0001556,2025-12-08,20251208,Producto,7.2,4
T0000177,C00735,O0001564,2025-09-23,20250923,Entrega,10.1,4
T0000178,C00746,O0001584,2025-04-25,20250425,Pago,20.3,5
T0000179,C00753,O0001604,2025-10-29,20251029,Producto,6.7,5
T0000180,C00754,O0001607,2025-10-30,20251030,Entrega,40.6,2
T0000181,C00756,O0001610,2024-09-01,20240901,Entrega,9.6,4
T0000182,C00758,O0001614,2025-10-09,20251009,Devolución,21.1,2
T0000183,C00762,O0001622,2025-01-30,20250130,Entrega,8.7,4
T0000184,C00765,O0001625,2025-01-10,20250110,Devolución,12.3,3
T0000185,C00767,O0001630,2025-09-15,20250915,Devolución,35.7,4
T0000186,C00767,O0001632,2025-11-27,20251127,Devolución,21.8,4
T0000187,C00768,O0001633,2025-11-24,20251124,Devolución,14.6,4
T0000188,C00774,O0001640,2025-12-08,20251208,Producto,19.4,3
T0000189,C00787,O0001665,2025-12-31,20251231,Producto,26.3,3
T0000190,C00788,O0001666,2025-10-23,20251023,Cuenta,10.9,3
T0000191,C00790,O0001669,2023-09-05,20230905,Devolución,33.3,5
T0000192,C00790,O0001672,2024-06-21,20240621,Producto,9.1,3
T0000193,C00792,O0001677,2025-05-19,20250519,Devolución,9.8,3
T0000194,C00792,O0001678,2025-12-27,20251227,Pago,20.8,1
T0000195,C00793,O0001679,2025-05-17,20250517,Entrega,57.7,3
T0000196,C00798,O0001688,2025-06-05,20250605,Producto,10.6,4
T0000197,C00798,O0001691,2025-12-29,20251229,Entrega,9.2,3
T0000198,C00800,O0001697,2025-12-18,20251218,Entrega,10.3,4
T0000199,C00801,O0001698,2024-10-16,20241016,Pago,11.1,4
T0000200,C00807,O0001706,2025-12-02,20251202,Producto,24.8,5
T0000201,C00810,O0001712,2025-12-21,20251221,Producto,4.5,3
T0000202,C00811,O0001713,2023-07-11,20230711,Cuenta,17.5,2
T0000203,C00811,O0001714,2024-03-11,20240311,Producto,12.2,5
T0000204,C00817,O0001728,2024-09-29,20240929,Producto,9.0,5
T0000205,C00817,O0001729,2025-03-17,20250317,Devolución,8.3,2
T0000206,C00823,O0001743,2024-05-21,20240521,Entrega,4.3,5
T0000207,C00832,O0001767,2024-06-15,20240615,Entrega,7.6,1
T0000208,C00834,O0001774,2023-07-27,20230727,Pago,9.8,5
T0000209,C00835,O0001777,2025-12-28,20251228,Cuenta,64.9,3
T0000210,C00843,O0001793,2025-11-14,20251114,Producto,22.6,2
T0000211,C00844,O0001796,2024-06-27,20240627,Cuenta,19.3,3
T0000212,C00848,O0001815,2025-12-18,20251218,Devolución,13.4,1
T0000213,C00859,O0001840,2025-11-19,20251119,Entrega,16.2,3
T0000214,C00866,O0001852,2025-11-11,20251111,Pago,11.2,3
T0000215,C00870,O0001858,2023-09-21,20230921,Entrega,13.2,3
T0000216,C00872,O0001865,2025-02-11,20250211,Pago,6.0,4
T0000217,C00884,O0001891,2025-12-01,20251201,Entrega,7.1,2
T0000218,C00893,O0001907,2025-12-31,20251231,Entrega,17.5,5
T0000219,C00894,O0001908,2025-12-31,20251231,Producto,12.6,3
T0000220,C00896,O0001913,2025-04-03,20250403,Producto,5.2,2
T0000221,C00898,O0001920,2024-03-20,20240320,Devolución,12.9,1
T0000222,C00899,O0001922,2023-04-26,20230426,Producto,11.0,5
T0000223,C00899,O0001924,2025-03-12,20250312,Entrega,3.1,4
T0000224,C00902,O0001937,2025-03-15,20250315,Pago,34.0,5
T0000225,C00906,O0001942,2025-09-23,20250923,Producto,8.1,4
T0000226,C00908,O0001947,2025-02-21,20250221,Producto,2.0,5
T0000227,C00913,O0001959,2025-12-28,20251228,Entrega,11.8,5
T0000228,C00923,O0001974,2024-05-05,20240505,Devolución,11.6,3
T0000229,C00932,O0001997,2025-10-29,20251029,Devolución,10.4,2
T0000230,C00937,O0002004,2025-11-23,20251123,Producto,14.3,5
T0000231,C00946,O0002018,2024-08-21,20240821,Cuenta,9.2,5
T0000232,C00947,O0002020,2025-12-23,20251223,Devolución,30.7,2
T0000233,C00948,O0002022,2025-10-27,20251027,Entrega,23.1,4
T0000234,C00952,O0002030,2024-09-11,20240911,Producto,25.8,5
T0000235,C00954,O0002034,2024-11-16,20241116,Devolución,21.7,4
T0000236,C00954,O0002036,2025-04-15,20250415,Producto,16.4,5
T0000237,C00954,O0002037,2025-09-25,20250925,Entrega,38.2,1
T0000238,C00960,O0002045,2025-11-21,20251121,Producto,22.4,5
T0000239,C00972,O0002067,2025-04-30,20250430,Producto,3.7,5
T0000240,C00973,O0002069,2025-03-17,20250317,Cuenta,35.7,4
T0000241,C00973,O0002070,2025-05-21,20250521,Pago,3.7,3
T0000242,C00977,O0002078,2024-05-20,20240520,Pago,18.6,3
T0000243,C00993,O0002110,2025-04-13,20250413,Entrega,12.2,1
T0000244,C00995,O0002118,2025-12-12,20251212,Producto,19.5,5
T0000245,C00996,O0002121,2025-12-09,20251209,Entrega,5.0,5
T0000246,C00999,O0002128,2025-11-03,20251103,Producto,10.9,5
T0000247,C01007,O0002146,2025-11-25,20251125,Devolución,15.2,3
T0000248,C01009,O0002149,2025-11-26,20251126,Entrega,17.3,5
T0000249,C01017,O0002167,2025-11-12,20251112,Pago,30.8,2
T0000250,C01022,O0002181,2023-10-04,20231004,Entrega,5.2,4
T0000251,C01028,O0002197,2025-09-17,20250917,Pago,6.7,4
T0000252,C01031,O0002204,2025-12-31,20251231,Producto,39.3,3
T0000253,C01034,O0002212,2025-11-08,20251108,Entrega,12.0,5
T0000254,C01035,O0002213,2024-09-09,20240909,Producto,2.9,4
T0000255,C01048,O0002239,2025-06-03,20250603,Entrega,28.7,4
T0000256,C01049,O0002240,2025-01-10,20250110,Devolución,5.0,5
T0000257,C01056,O0002255,2025-12-20,20251220,Producto,5.5,3
T0000258,C01060,O0002263,2025-09-14,20250914,Producto,27.9,3
T0000259,C01064,O0002279,2025-12-31,20251231,Producto,43.5,5
T0000260,C01068,O0002283,2025-10-14,20251014,Pago,6.1,2
T0000261,C01074,O0002290,2024-10-30,20241030,Entrega,4.3,5
T0000262,C01074,O0002292,2025-08-01,20250801,Entrega,25.2,3
T0000263,C01074,O0002293,2025-09-27,20250927,Pago,22.3,4
T0000264,C01079,O0002304,2025-11-08,20251108,Devolución,4.0,5
T0000265,C01083,O0002308,2025-12-19,20251219,Entrega,8.2,3
T0000266,C01094,O0002326,2025-11-20,20251120,Devolución,22.2,3
T0000267,C01095,O0002327,2024-06-17,20240617,Devolución,6.5,3
T0000268,C01097,O0002330,2025-10-17,20251017,Entrega,22.5,1
T0000269,C01098,O0002331,2025-10-16,20251016,Entrega,8.8,2
T0000270,C01102,O0002342,2025-12-31,20251231,Entrega,4.9,5
T0000271,C01104,O0002344,2023-07-14,20230714,Producto,2.7,5
T0000272,C01107,O0002350,2024-12-15,20241215,Pago,38.8,2
T0000273,C01112,O0002357,2024-08-19,20240819,Producto,7.2,4
T0000274,C01122,O0002384,2024-03-11,20240311,Pago,2.6,4
T0000275,C01133,O0002402,2025-12-24,20251224,Devolución,13.8,4
T0000276,C01135,O0002404,2025-12-09,20251209,Entrega,4.5,5
T0000277,C01143,O0002414,2025-12-16,20251216,Entrega,8.3,4
T0000278,C01146,O0002417,2024-10-02,20241002,Devolución,26.7,5
T0000279,C01148,O0002423,2025-06-16,20250616,Entrega,7.3,5
T0000280,C01159,O0002439,2024-09-05,20240905,Producto,10.6,4
T0000281,C01175,O0002468,2024-02-08,20240208,Producto,49.3,3
T0000282,C01178,O0002478,2023-11-20,20231120,Producto,3.1,4
T0000283,C01184,O0002493,2024-05-02,20240502,Producto,4.6,4
T0000284,C01187,O0002498,2025-12-25,20251225,Entrega,8.6,1
T0000285,C01190,O0002504,2023-06-08,20230608,Devolución,5.7,1
T0000286,C01190,O0002508,2025-04-20,20250420,Cuenta,13.4,1
T0000287,C01196,O0002519,2025-06-13,20250613,Cuenta,7.4,4
T0000288,C01197,O0002522,2025-09-22,20250922,Entrega,18.7,3
T0000289,C01206,O0002533,2025-08-27,20250827,Producto,4.2,4
T0000290,C01207,O0002536,2025-04-26,20250426,Producto,8.3,2
T0000291,C01207,O0002538,2025-11-22,20251122,Devolución,5.6,2
T0000292,C01208,O0002540,2025-10-10,20251010,Cuenta,12.1,3
T0000293,C01211,O0002548,2025-10-10,20251010,Producto,25.8,4
T0000294,C01211,O0002549,2025-10-15,20251015,Entrega,8.9,5
T0000295,C01221,O0002573,2024-12-07,20241207,Cuenta,8.0,4
T0000296,C01221,O0002574,2024-11-28,20241128,Producto,19.8,4
T0000297,C01229,O0002593,2024-12-24,20241224,Entrega,16.6,1
T0000298,C01233,O0002601,2025-11-08,20251108,Producto,11.9,4
T0000299,C01237,O0002611,2025-11-12,20251112,Devolución,12.6,4
T0000300,C01239,O0002614,2024-12-14,20241214,Entrega,12.0,3
T0000301,C01250,O0002629,2025-11-19,20251119,Entrega,8.7,5
T0000302,C01265,O0002664,2025-03-02,20250302,Producto,16.7,4
T0000303,C01267,O0002670,2025-02-02,20250202,Cuenta,25.5,3
T0000304,C01273,O0002683,2025-11-19,20251119,Entrega,8.2,4
T0000305,C01279,O0002691,2023-02-07,20230207,Producto,4.8,4
T0000306,C01285,O0002706,2025-05-13,20250513,Entrega,9.9,5
T0000307,C01285,O0002708,2025-12-14,20251214,Pago,4.9,5
T0000308,C01286,O0002711,2025-12-01,20251201,Pago,25.1,5
T0000309,C01288,O0002715,2025-12-10,20251210,Entrega,14.7,5
T0000310,C01298,O0002738,2025-11-25,20251125,Pago,4.7,3
T0000311,C01312,O0002755,2025-08-04,20250804,Entrega,14.0,3
T0000312,C01315,O0002758,2025-11-29,20251129,Entrega,3.8,4
T0000313,C01316,O0002760,2025-01-09,20250109,Cuenta,5.6,4
T0000314,C01319,O0002765,2025-09-12,20250912,Cuenta,7.3,3
T0000315,C01326,O0002774,2025-01-06,20250106,Devolución,15.8,3
T0000316,C01328,O0002780,2024-05-16,20240516,Producto,11.0,1
T0000317,C01337,O0002802,2024-11-16,20241116,Producto,12.9,3
T0000318,C01342,O0002814,2025-12-09,20251209,Entrega,7.2,1
T0000319,C01353,O0002840,2025-06-24,20250624,Entrega,12.3,5
T0000320,C01355,O0002844,2024-04-18,20240418,Pago,23.8,3
T0000321,C01358,O0002853,2023-12-25,20231225,Entrega,5.2,5
T0000322,C01363,O0002868,2024-02-17,20240217,Pago,31.2,4
T0000323,C01366,O0002879,2025-09-18,20250918,Entrega,10.8,5
T0000324,C01371,O0002887,2025-08-29,20250829,Entrega,6.9,4
T0000325,C01371,O0002888,2025-09-24,20250924,Entrega,7.3,4
T0000326,C01373,O0002891,2024-07-18,20240718,Cuenta,14.5,4
T0000327,C01379,O0002907,2025-09-14,20250914,Entrega,6.0,5
T0000328,C01384,O0002913,2025-10-02,20251002,Devolución,5.5,1
T0000329,C01388,O0002922,2024-09-14,20240914,Cuenta,9.5,3
T0000330,C01395,O0002940,2024-09-04,20240904,Devolución,8.0,3
T0000331,C01395,O0002942,2025-02-08,20250208,Pago,21.5,3
T0000332,C01396,O0002945,2025-12-02,20251202,Producto,13.3,4
T0000333,C01398,O0002951,2025-11-07,20251107,Entrega,23.9,3
T0000334,C01402,O0002959,2025-06-03,20250603,Pago,34.2,4
T0000335,C01404,O0002962,2025-12-15,20251215,Entrega,9.1,4
T0000336,C01405,O0002963,2024-10-16,20241016,Entrega,5.5,5
T0000337,C01406,O0002966,2024-12-15,20241215,Producto,30.5,2
T0000338,C01410,O0002973,2024-10-01,20241001,Devolución,7.4,5
T0000339,C01411,O0002974,2024-09-22,20240922,Pago,22.2,5
T0000340,C01412,O0002976,2025-05-08,20250508,Producto,14.5,1
T0000341,C01414,O0002983,2025-05-10,20250510,Pago,12.2,4
T0000342,C01415,O0002985,2025-01-24,20250124,Producto,4.0,5
T0000343,C01415,O0002986,2025-07-29,20250729,Producto,9.4,4
T0000344,C01418,O0002995,2024-12-25,20241225,Entrega,19.0,5
T0000345,C01421,O0003004,2025-12-15,20251215,Entrega,26.6,5
T0000346,C01425,O0003009,2024-03-30,20240330,Entrega,34.5,4
T0000347,C01425,O0003010,2025-03-27,20250327,Pago,65.8,3
T0000348,C01432,O0003024,2024-03-07,20240307,Cuenta,17.1,3
T0000349,C01434,O0003029,2024-10-30,20241030,Cuenta,19.7,5
T0000350,C01435,O0003033,2025-12-11,20251211,Entrega,11.1,5
T0000351,C01438,O0003040,2025-12-05,20251205,Producto,7.5,4
T0000352,C01450,O0003060,2024-11-24,20241124,Pago,45.9,3
T0000353,C01453,O0003067,2023-05-29,20230529,Devolución,14.3,5
T0000354,C01453,O0003068,2023-06-21,20230621,Entrega,2.2,3
T0000355,C01454,O0003073,2024-10-30,20241030,Pago,10.7,4
T0000356,C01456,O0003076,2023-05-18,20230518,Devolución,4.6,1
T0000357,C01457,O0003078,2025-11-27,20251127,Devolución,5.1,4
T0000358,C01461,O0003082,2025-09-14,20250914,Entrega,9.6,4
T0000359,C01472,O0003109,2025-02-24,20250224,Producto,12.1,2
T0000360,C01479,O0003129,2025-05-16,20250516,Producto,29.9,5
T0000361,C01484,O0003143,2023-12-30,20231230,Devolución,9.4,4
T0000362,C01486,O0003152,2025-08-26,20250826,Producto,24.0,2
T0000363,C01494,O0003180,2024-12-04,20241204,Producto,9.5,4
T0000364,C01499,O0003187,2024-11-19,20241119,Entrega,14.7,4
T0000365,C01499,O0003190,2025-12-26,20251226,Pago,21.2,1
T0000366,C01504,O0003198,2024-03-07,20240307,Devolución,4.9,5
T0000367,C01507,O0003205,2025-12-18,20251218,Producto,3.7,4
T0000368,C01510,O0003210,2025-07-18,20250718,Pago,6.3,2
T0000369,C01526,O0003255,2024-03-27,20240327,Entrega,2.8,3
T0000370,C01527,O0003260,2025-11-25,20251125,Devolución,29.3,5
T0000371,C01528,O0003264,2024-12-19,20241219,Cuenta,6.1,4
T0000372,C01528,O0003265,2025-01-04,20250104,Entrega,24.3,3
T0000373,C01528,O0003267,2025-08-25,20250825,Entrega,2.7,3
T0000374,C01530,O0003272,2025-11-17,20251117,Entrega,45.4,4
T0000375,C01534,O0003281,2025-07-30,20250730,Devolución,26.1,3
T0000376,C01540,O0003298,2025-09-04,20250904,Devolución,25.9,5
T0000377,C01550,O0003318,2025-11-16,20251116,Producto,3.7,5
T0000378,C01551,O0003321,2024-03-04,20240304,Devolución,2.3,4
T0000379,C01551,O0003323,2024-11-10,20241110,Entrega,39.1,4
T0000380,C01551,O0003325,2025-07-29,20250729,Devolución,10.2,5
T0000381,C01551,O0003328,2025-12-31,20251231,Producto,8.3,4
T0000382,C01562,O0003344,2025-08-08,20250808,Producto,65.4,2
T0000383,C01572,O0003363,2025-12-01,20251201,Devolución,23.5,4
T0000384,C01576,O0003372,2025-12-25,20251225,Entrega,2.6,3
T0000385,C01581,O0003380,2023-12-31,20231231,Pago,18.0,4
T0000386,C01581,O0003382,2024-12-26,20241226,Producto,5.8,4
T0000387,C01581,O0003384,2025-10-27,20251027,Devolución,32.6,2
T0000388,C01581,O0003385,2025-12-02,20251202,Devolución,3.1,5
T0000389,C01582,O0003387,2025-09-25,20250925,Producto,22.2,4
T0000390,C01588,O0003396,2025-03-22,20250322,Cuenta,6.2,5
T0000391,C01596,O0003407,2025-07-05,20250705,Devolución,5.2,5
T0000392,C01607,O0003429,2025-08-31,20250831,Cuenta,9.5,3
T0000393,C01614,O0003442,2025-11-04,20251104,Entrega,21.0,4
T0000394,C01615,O0003443,2023-12-25,20231225,Devolución,6.6,5
T0000395,C01615,O0003446,2025-02-27,20250227,Producto,11.1,4
T0000396,C01621,O0003462,2025-12-10,20251210,Pago,14.4,3
T0000397,C01622,O0003467,2025-12-07,20251207,Devolución,43.4,3
T0000398,C01639,O0003504,2025-07-18,20250718,Pago,39.9,4
T0000399,C01639,O0003505,2025-12-07,20251207,Devolución,9.0,4
T0000400,C01644,O0003514,2025-12-30,20251230,Devolución,3.3,4
T0000401,C01647,O0003521,2025-11-26,20251126,Entrega,35.4,4
T0000402,C01655,O0003541,2024-07-24,20240724,Cuenta,18.0,4
T0000403,C01663,O0003559,2024-01-26,20240126,Devolución,14.9,4
T0000404,C01666,O0003565,2024-12-28,20241228,Producto,12.9,5
T0000405,C01673,O0003579,2024-03-07,20240307,Devolución,7.7,4
T0000406,C01673,O0003582,2024-07-26,20240726,Entrega,25.8,5
T0000407,C01673,O0003583,2024-10-10,20241010,Pago,6.9,2
T0000408,C01677,O0003588,2024-05-15,20240515,Entrega,9.0,4
T0000409,C01687,O0003605,2025-11-07,20251107,Producto,26.4,4
T0000410,C01690,O0003614,2023-05-29,20230529,Entrega,4.6,3
T0000411,C01696,O0003627,2025-05-08,20250508,Entrega,4.0,2
T0000412,C01696,O0003628,2025-11-30,20251130,Pago,26.5,4
T0000413,C01698,O0003633,2025-05-01,20250501,Entrega,14.7,5
T0000414,C01706,O0003649,2025-09-11,20250911,Devolución,32.6,5
T0000415,C01706,O0003650,2025-11-28,20251128,Producto,19.3,4
T0000416,C01708,O0003652,2025-09-17,20250917,Producto,2.0,5
T0000417,C01709,O0003655,2024-11-22,20241122,Entrega,14.9,4
T0000418,C01710,O0003658,2025-02-28,20250228,Producto,56.9,4
T0000419,C01710,O0003660,2025-09-30,20250930,Devolución,12.4,5
T0000420,C01711,O0003664,2025-12-08,20251208,Producto,7.2,4
T0000421,C01714,O0003670,2025-11-04,20251104,Pago,1.9,1
T0000422,C01717,O0003675,2025-09-01,20250901,Entrega,7.7,5
T0000423,C01719,O0003680,2025-04-16,20250416,Cuenta,34.9,3
T0000424,C01730,O0003705,2025-12-02,20251202,Devolución,7.4,3
T0000425,C01732,O0003708,2025-12-18,20251218,Pago,8.2,4
T0000426,C01734,O0003710,2025-08-27,20250827,Devolución,38.0,5
T0000427,C01737,O0003716,2025-03-02,20250302,Pago,34.8,3
T0000428,C01740,O0003721,2024-01-15,20240115,Cuenta,30.3,1
T0000429,C01750,O0003737,2025-05-31,20250531,Devolución,6.8,5
T0000430,C01761,O0003753,2024-08-22,20240822,Devolución,16.6,4
T0000431,C01773,O0003779,2024-06-08,20240608,Entrega,33.0,4
T0000432,C01773,O0003781,2024-09-20,20240920,Entrega,34.3,1
T0000433,C01785,O0003813,2025-11-24,20251124,Cuenta,4.1,1
T0000434,C01786,O0003814,2025-09-24,20250924,Entrega,18.9,5
T0000435,C01786,O0003815,2025-12-01,20251201,Cuenta,4.8,4
T0000436,C01787,O0003818,2024-08-16,20240816,Producto,21.7,5
T0000437,C01789,O0003824,2024-07-11,20240711,Entrega,6.2,4
T0000438,C01791,O0003827,2024-12-08,20241208,Producto,10.3,2
T0000439,C01794,O0003833,2024-11-03,20241103,Entrega,14.4,4
T0000440,C01801,O0003852,2024-07-21,20240721,Entrega,8.1,2
T0000441,C01811,O0003876,2025-12-31,20251231,Pago,43.4,4
T0000442,C01812,O0003877,2025-12-20,20251220,Cuenta,34.9,4
T0000443,C01821,O0003891,2025-10-13,20251013,Entrega,11.7,4
T0000444,C01822,O0003892,2025-04-26,20250426,Devolución,19.9,4
T0000445,C01825,O0003898,2025-07-11,20250711,Entrega,5.7,5
T0000446,C01832,O0003909,2025-11-10,20251110,Entrega,12.9,4
T0000447,C01850,O0003952,2025-12-17,20251217,Devolución,8.9,5
T0000448,C01853,O0003958,2024-10-04,20241004,Entrega,36.9,3
T0000449,C01867,O0003988,2024-06-09,20240609,Producto,32.9,5
T0000450,C01869,O0003993,2024-02-03,20240203,Producto,4.1,5
T0000451,C01872,O0004005,2024-03-11,20240311,Cuenta,5.7,5
T0000452,C01872,O0004008,2025-05-27,20250527,Entrega,39.8,1
T0000453,C01884,O0004040,2025-10-29,20251029,Cuenta,9.4,3
T0000454,C01896,O0004063,2025-12-18,20251218,Cuenta,21.1,4
T0000455,C01899,O0004068,2025-12-31,20251231,Devolución,13.2,3
T0000456,C01902,O0004072,2025-11-06,20251106,Pago,24.4,1
T0000457,C01905,O0004080,2025-09-17,20250917,Entrega,7.3,4
T0000458,C01925,O0004126,2025-02-24,20250224,Pago,7.2,4
T0000459,C01926,O0004129,2023-12-09,20231209,Entrega,4.3,2
T0000460,C01933,O0004148,2025-11-09,20251109,Entrega,8.2,4
T0000461,C01936,O0004158,2024-06-03,20240603,Devolución,26.3,4
T0000462,C01936,O0004159,2025-09-28,20250928,Entrega,33.1,5
T0000463,C01938,O0004163,2025-08-20,20250820,Producto,3.9,3
T0000464,C01942,O0004180,2025-11-22,20251122,Devolución,10.0,4
T0000465,C01946,O0004189,2023-10-25,20231025,Cuenta,8.1,5
T0000466,C01949,O0004198,2023-01-20,20230120,Entrega,19.9,2
T0000467,C01949,O0004200,2024-04-10,20240410,Producto,6.7,4
T0000468,C01951,O0004205,2025-12-31,20251231,Pago,9.1,3
T0000469,C01952,O0004207,2025-07-01,20250701,Entrega,19.0,5
T0000470,C01954,O0004213,2025-10-10,20251010,Cuenta,4.5,4
T0000471,C01958,O0004219,2024-09-16,20240916,Entrega,8.9,5
T0000472,C01958,O0004220,2024-10-29,20241029,Devolución,5.9,3
T0000473,C01970,O0004240,2024-10-06,20241006,Entrega,13.4,3
T0000474,C01973,O0004248,2025-04-19,20250419,Devolución,5.2,2
T0000475,C01976,O0004256,2024-11-21,20241121,Producto,25.7,3
T0000476,C01986,O0004275,2025-06-07,20250607,Cuenta,8.0,4
T0000477,C01989,O0004286,2025-07-13,20250713,Cuenta,17.8,4
T0000478,C02009,O0004320,2025-12-18,20251218,Devolución,18.8,4
T0000479,C02010,O0004321,2025-12-19,20251219,Producto,13.6,4
T0000480,C02011,O0004323,2025-03-06,20250306,Pago,19.2,3
T0000481,C02014,O0004333,2025-12-18,20251218,Producto,12.6,3
T0000482,C02018,O0004345,2025-07-12,20250712,Entrega,11.6,4
T0000483,C02019,O0004347,2025-10-13,20251013,Producto,14.5,5
T0000484,C02021,O0004351,2025-03-18,20250318,Devolución,16.0,4
T0000485,C02027,O0004360,2024-11-01,20241101,Producto,23.6,4
T0000486,C02027,O0004361,2024-12-11,20241211,Producto,7.9,5
T0000487,C02029,O0004364,2025-12-31,20251231,Devolución,5.6,4
T0000488,C02031,O0004368,2025-11-26,20251126,Producto,15.3,4
T0000489,C02032,O0004369,2024-09-04,20240904,Entrega,19.6,2
T0000490,C02032,O0004370,2024-10-31,20241031,Devolución,11.0,5
T0000491,C02034,O0004375,2025-04-23,20250423,Entrega,4.7,5
T0000492,C02034,O0004376,2025-05-29,20250529,Entrega,5.2,2
T0000493,C02038,O0004381,2023-12-24,20231224,Entrega,4.2,4
T0000494,C02040,O0004386,2024-10-03,20241003,Devolución,24.1,2
T0000495,C02044,O0004392,2025-06-11,20250611,Pago,5.8,4
T0000496,C02045,O0004394,2025-10-21,20251021,Devolución,7.1,3
T0000497,C02046,O0004396,2025-12-28,20251228,Entrega,9.2,4
T0000498,C02051,O0004406,2024-07-26,20240726,Entrega,4.4,3
T0000499,C02054,O0004414,2025-12-10,20251210,Entrega,6.7,4
T0000500,C02054,O0004415,2025-12-17,20251217,Pago,40.0,5
T0000501,C02058,O0004420,2025-10-09,20251009,Pago,12.5,3
T0000502,C02059,O0004422,2024-11-14,20241114,Entrega,20.2,1
T0000503,C02061,O0004428,2025-08-18,20250818,Entrega,27.8,4
T0000504,C02063,O0004430,2024-07-10,20240710,Producto,6.0,2
T0000505,C02063,O0004432,2025-09-11,20250911,Pago,19.7,3
T0000506,C02063,O0004433,2025-12-22,20251222,Devolución,31.6,5
T0000507,C02066,O0004438,2025-12-04,20251204,Devolución,8.4,5
T0000508,C02073,O0004449,2025-06-06,20250606,Cuenta,15.6,4
T0000509,C02076,O0004457,2024-09-18,20240918,Entrega,13.1,4
T0000510,C02083,O0004468,2025-12-21,20251221,Entrega,17.0,3
T0000511,C02085,O0004471,2024-12-22,20241222,Cuenta,9.3,2
T0000512,C02088,O0004478,2025-07-29,20250729,Producto,28.4,4
T0000513,C02097,O0004506,2025-11-14,20251114,Cuenta,15.8,5
T0000514,C02099,O0004509,2025-08-27,20250827,Entrega,12.4,4
T0000515,C02102,O0004516,2025-07-30,20250730,Producto,21.4,4
T0000516,C02105,O0004522,2025-11-22,20251122,Entrega,32.5,5
T0000517,C02108,O0004526,2025-03-31,20250331,Pago,6.3,5
T0000518,C02118,O0004539,2024-12-06,20241206,Pago,19.8,3
T0000519,C02121,O0004545,2025-06-21,20250621,Entrega,4.6,1
T0000520,C02126,O0004553,2024-03-09,20240309,Entrega,16.8,5
T0000521,C02130,O0004563,2024-03-01,20240301,Devolución,3.7,5
T0000522,C02130,O0004564,2024-07-09,20240709,Entrega,15.7,4
T0000523,C02130,O0004565,2024-08-16,20240816,Cuenta,6.1,4
T0000524,C02138,O0004585,2024-01-29,20240129,Entrega,7.7,1
T0000525,C02138,O0004586,2025-12-11,20251211,Producto,20.0,4
T0000526,C02140,O0004592,2025-12-23,20251223,Pago,3.9,1
T0000527,C02142,O0004595,2025-09-01,20250901,Devolución,15.3,4
T0000528,C02146,O0004603,2025-12-07,20251207,Devolución,73.4,4
T0000529,C02160,O0004624,2025-12-04,20251204,Pago,7.4,4
T0000530,C02167,O0004634,2025-12-22,20251222,Producto,14.7,5
T0000531,C02169,O0004642,2025-11-09,20251109,Devolución,39.4,1
T0000532,C02170,O0004644,2025-12-05,20251205,Devolución,4.8,3
T0000533,C02170,O0004646,2025-12-12,20251212,Producto,7.8,4
T0000534,C02175,O0004655,2024-12-07,20241207,Cuenta,17.7,3
T0000535,C02178,O0004662,2025-09-07,20250907,Producto,7.2,2
T0000536,C02181,O0004665,2025-05-20,20250520,Devolución,12.9,3
T0000537,C02187,O0004681,2024-04-09,20240409,Devolución,4.1,3
T0000538,C02187,O0004682,2024-11-24,20241124,Entrega,24.2,4
T0000539,C02187,O0004683,2025-03-15,20250315,Entrega,11.8,4
T0000540,C02191,O0004695,2025-12-29,20251229,Entrega,13.8,4
T0000541,C02196,O0004707,2025-06-06,20250606,Entrega,39.7,3
T0000542,C02209,O0004734,2025-12-17,20251217,Entrega,37.6,3
T0000543,C02231,O0004782,2025-11-12,20251112,Entrega,22.2,4
T0000544,C02232,O0004784,2024-04-22,20240422,Entrega,48.6,4
T0000545,C02233,O0004789,2025-12-26,20251226,Pago,6.2,4
T0000546,C02237,O0004798,2024-09-25,20240925,Entrega,4.4,5
T0000547,C02237,O0004799,2024-10-14,20241014,Producto,8.9,3
T0000548,C02241,O0004807,2024-08-23,20240823,Producto,24.6,1
T0000549,C02250,O0004830,2025-10-15,20251015,Devolución,5.0,1
T0000550,C02252,O0004833,2024-11-25,20241125,Devolución,6.4,3
T0000551,C02255,O0004839,2024-08-02,20240802,Entrega,6.0,1
T0000552,C02256,O0004844,2025-07-06,20250706,Devolución,17.9,4
T0000553,C02259,O0004849,2024-06-26,20240626,Producto,4.6,2
T0000554,C02259,O0004851,2025-11-19,20251119,Producto,10.6,2
T0000555,C02267,O0004881,2025-11-19,20251119,Devolución,17.5,4
T0000556,C02275,O0004897,2023-09-04,20230904,Entrega,5.0,4
T0000557,C02278,O0004905,2025-01-29,20250129,Pago,9.2,4
T0000558,C02282,O0004915,2025-07-12,20250712,Cuenta,26.0,3
T0000559,C02283,O0004917,2024-03-01,20240301,Entrega,4.0,5
T0000560,C02288,O0004928,2025-10-06,20251006,Devolución,8.2,2
T0000561,C02290,O0004931,2024-10-13,20241013,Cuenta,9.6,5
T0000562,C02296,O0004949,2025-11-14,20251114,Entrega,11.6,2
T0000563,C02306,O0004970,2024-11-21,20241121,Pago,28.8,4
T0000564,C02306,O0004972,2025-11-10,20251110,Entrega,4.3,2
T0000565,C02307,O0004973,2024-06-25,20240625,Entrega,8.2,4
T0000566,C02308,O0004977,2025-12-09,20251209,Entrega,11.4,5
T0000567,C02310,O0004981,2025-12-07,20251207,Producto,19.0,4
T0000568,C02317,O0005000,2024-02-13,20240213,Entrega,19.1,4
T0000569,C02322,O0005014,2025-02-15,20250215,Devolución,8.8,5
T0000570,C02327,O0005027,2025-11-25,20251125,Devolución,5.6,1
T0000571,C02335,O0005044,2025-02-06,20250206,Pago,5.4,5
T0000572,C02338,O0005048,2025-07-24,20250724,Pago,4.7,5
T0000573,C02338,O0005050,2025-09-24,20250924,Pago,15.7,4
T0000574,C02342,O0005061,2024-05-27,20240527,Producto,11.1,5
T0000575,C02345,O0005069,2025-12-16,20251216,Entrega,12.8,4
T0000576,C02346,O0005070,2023-10-14,20231014,Entrega,1.9,4
T0000577,C02371,O0005120,2023-03-03,20230303,Entrega,7.6,3
T0000578,C02371,O0005122,2024-03-19,20240319,Producto,9.3,4
T0000579,C02372,O0005127,2025-11-09,20251109,Cuenta,12.2,2
T0000580,C02375,O0005131,2025-12-08,20251208,Producto,12.2,4
T0000581,C02383,O0005145,2025-12-12,20251212,Pago,5.1,3
T0000582,C02384,O0005147,2025-10-08,20251008,Entrega,7.4,4
T0000583,C02385,O0005149,2024-08-03,20240803,Entrega,14.7,4
T0000584,C02387,O0005153,2025-12-16,20251216,Devolución,5.8,4
T0000585,C02392,O0005161,2023-10-17,20231017,Devolución,11.8,4
T0000586,C02394,O0005170,2024-10-16,20241016,Cuenta,6.3,5
T0000587,C02399,O0005185,2025-12-13,20251213,Entrega,13.8,3
T0000588,C02399,O0005186,2025-12-31,20251231,Entrega,4.6,3
T0000589,C02400,O0005187,2025-10-05,20251005,Devolución,42.2,4
T0000590,C02411,O0005213,2025-09-18,20250918,Producto,12.6,4
T0000591,C02417,O0005221,2024-12-29,20241229,Producto,3.2,1
T0000592,C02421,O0005231,2024-02-07,20240207,Entrega,9.4,5
T0000593,C02423,O0005236,2024-09-27,20240927,Producto,18.6,5
T0000594,C02423,O0005238,2025-10-04,20251004,Entrega,35.6,4
T0000595,C02427,O0005248,2023-11-04,20231104,Producto,14.3,4
T0000596,C02431,O0005257,2025-03-24,20250324,Cuenta,15.2,3
T0000597,C02432,O0005259,2024-07-18,20240718,Devolución,21.7,4
T0000598,C02441,O0005282,2025-12-01,20251201,Devolución,10.6,5
T0000599,C02442,O0005284,2023-10-27,20231027,Devolución,16.1,3
T0000600,C02454,O0005308,2025-10-27,20251027,Devolución,10.5,5
T0000601,C02461,O0005322,2024-02-24,20240224,Pago,6.2,3
T0000602,C02466,O0005331,2025-01-07,20250107,Producto,5.3,4
T0000603,C02472,O0005344,2025-12-26,20251226,Entrega,15.7,4
T0000604,C02474,O0005349,2025-12-03,20251203,Producto,5.6,5
T0000605,C02481,O0005367,2025-01-10,20250110,Producto,32.1,5
T0000606,C02487,O0005377,2023-12-26,20231226,Producto,22.1,3
T0000607,C02499,O0005415,2024-03-09,20240309,Cuenta,13.0,4
T0000608,C02500,O0005420,2025-12-16,20251216,Entrega,14.6,4
T0000609,C02506,O0005435,2023-05-23,20230523,Entrega,12.4,3
T0000610,C02506,O0005437,2025-01-28,20250128,Entrega,14.5,3
T0000611,C02509,O0005444,2025-12-31,20251231,Entrega,41.9,1
T0000612,C02514,O0005453,2025-09-06,20250906,Producto,7.7,3
T0000613,C02518,O0005463,2025-01-05,20250105,Entrega,14.4,4
T0000614,C02520,O0005467,2025-12-31,20251231,Cuenta,18.2,4
T0000615,C02524,O0005481,2025-11-02,20251102,Entrega,7.8,4
T0000616,C02525,O0005484,2024-04-20,20240420,Producto,7.1,2
T0000617,C02525,O0005485,2025-06-24,20250624,Producto,16.5,2
T0000618,C02526,O0005487,2024-01-15,20240115,Devolución,5.4,1
T0000619,C02526,O0005490,2024-07-08,20240708,Cuenta,5.5,4
T0000620,C02527,O0005495,2024-06-20,20240620,Producto,10.5,4
T0000621,C02532,O0005507,2025-12-28,20251228,Devolución,5.6,4
T0000622,C02534,O0005510,2024-11-16,20241116,Devolución,35.6,4
T0000623,C02561,O0005568,2025-10-12,20251012,Cuenta,4.9,5
T0000624,C02567,O0005581,2025-10-07,20251007,Pago,3.1,3
T0000625,C02569,O0005586,2025-04-25,20250425,Entrega,21.0,4
T0000626,C02573,O0005591,2025-03-21,20250321,Devolución,13.4,1
T0000627,C02574,O0005592,2024-06-20,20240620,Entrega,12.7,2
T0000628,C02574,O0005593,2024-11-22,20241122,Producto,7.4,4
T0000629,C02576,O0005599,2025-10-03,20251003,Entrega,15.0,5
T0000630,C02581,O0005609,2024-06-02,20240602,Producto,12.9,5
T0000631,C02584,O0005618,2025-03-30,20250330,Devolución,21.0,5
T0000632,C02588,O0005625,2024-07-25,20240725,Entrega,10.5,1
T0000633,C02592,O0005636,2025-11-24,20251124,Entrega,4.8,2
T0000634,C02594,O0005638,2023-10-01,20231001,Pago,13.9,4
T0000635,C02596,O0005646,2025-10-05,20251005,Entrega,21.2,3
T0000636,C02600,O0005650,2024-06-28,20240628,Producto,17.5,4
T0000637,C02602,O0005653,2025-08-05,20250805,Cuenta,17.8,4
T0000638,C02608,O0005663,2024-06-16,20240616,Entrega,25.2,2
T0000639,C02610,O0005666,2025-08-09,20250809,Cuenta,16.4,4
T0000640,C02610,O0005667,2025-08-14,20250814,Entrega,4.1,5
T0000641,C02623,O0005690,2024-12-02,20241202,Entrega,12.0,5
T0000642,C02627,O0005696,2025-12-21,20251221,Entrega,14.1,4
T0000643,C02628,O0005699,2023-11-18,20231118,Entrega,37.5,4
T0000644,C02630,O0005706,2025-01-09,20250109,Devolución,19.8,5
T0000645,C02631,O0005707,2025-12-20,20251220,Devolución,13.0,3
T0000646,C02632,O0005711,2025-10-13,20251013,Entrega,12.8,3
T0000647,C02633,O0005714,2025-12-12,20251212,Pago,12.1,5
T0000648,C02639,O0005729,2024-12-14,20241214,Producto,5.6,1
T0000649,C02645,O0005740,2024-12-08,20241208,Producto,77.2,5
T0000650,C02647,O0005746,2025-12-05,20251205,Pago,6.6,4
T0000651,C02648,O0005748,2025-11-10,20251110,Producto,29.5,5
T0000652,C02657,O0005761,2025-09-16,20250916,Entrega,16.2,2
T0000653,C02662,O0005771,2025-08-01,20250801,Entrega,37.3,3
T0000654,C02669,O0005783,2025-01-22,20250122,Entrega,44.7,3
T0000655,C02672,O0005789,2025-11-16,20251116,Producto,4.6,3
T0000656,C02683,O0005813,2025-02-10,20250210,Entrega,6.5,5
T0000657,C02686,O0005823,2025-03-19,20250319,Entrega,8.1,4
T0000658,C02687,O0005828,2025-10-14,20251014,Pago,19.8,3
T0000659,C02700,O0005859,2023-07-04,20230704,Producto,4.4,5
T0000660,C02718,O0005893,2025-03-19,20250319,Pago,22.1,3
T0000661,C02722,O0005902,2025-09-07,20250907,Producto,22.4,2
T0000662,C02722,O0005904,2025-12-31,20251231,Pago,9.9,5
T0000663,C02724,O0005907,2024-12-28,20241228,Cuenta,9.7,4
T0000664,C02728,O0005917,2024-10-21,20241021,Cuenta,24.3,2
T0000665,C02736,O0005933,2025-07-29,20250729,Cuenta,10.3,5
T0000666,C02746,O0005960,2025-03-19,20250319,Cuenta,21.7,4
T0000667,C02752,O0005974,2025-10-22,20251022,Cuenta,3.3,4
T0000668,C02753,O0005976,2025-08-30,20250830,Cuenta,60.9,4
T0000669,C02760,O0005987,2024-05-17,20240517,Cuenta,20.9,5
T0000670,C02763,O0005997,2024-11-23,20241123,Devolución,13.7,2
T0000671,C02769,O0006010,2025-04-30,20250430,Devolución,8.6,1
T0000672,C02769,O0006011,2025-11-13,20251113,Producto,6.0,4
T0000673,C02771,O0006014,2025-06-14,20250614,Producto,30.0,4
T0000674,C02773,O0006026,2025-12-06,20251206,Devolución,46.6,5
T0000675,C02775,O0006029,2025-02-15,20250215,Producto,27.9,2
T0000676,C02775,O0006030,2025-03-15,20250315,Entrega,27.4,4
T0000677,C02777,O0006034,2025-04-27,20250427,Pago,6.4,3
T0000678,C02779,O0006044,2025-05-18,20250518,Producto,34.8,4
T0000679,C02789,O0006069,2025-09-23,20250923,Devolución,13.7,2
T0000680,C02796,O0006091,2025-12-15,20251215,Entrega,5.7,4
T0000681,C02801,O0006098,2025-08-27,20250827,Entrega,16.2,3
T0000682,C02802,O0006099,2024-08-11,20240811,Entrega,25.7,2
T0000683,C02802,O0006100,2024-08-11,20240811,Producto,21.2,4
T0000684,C02803,O0006103,2025-12-06,20251206,Producto,4.4,5
T0000685,C02804,O0006105,2024-12-30,20241230,Cuenta,8.9,5
T0000686,C02807,O0006109,2025-10-18,20251018,Producto,19.3,3
T0000687,C02829,O0006149,2025-11-02,20251102,Producto,12.9,2
T0000688,C02845,O0006179,2025-04-10,20250410,Devolución,4.9,2
T0000689,C02846,O0006187,2025-12-03,20251203,Devolución,9.3,2
T0000690,C02850,O0006194,2024-03-18,20240318,Producto,8.5,2
T0000691,C02851,O0006201,2024-08-06,20240806,Entrega,63.5,4
T0000692,C02862,O0006221,2025-12-18,20251218,Entrega,6.2,5
T0000693,C02868,O0006235,2024-07-05,20240705,Producto,10.5,5
T0000694,C02868,O0006236,2025-07-20,20250720,Cuenta,10.8,3
T0000695,C02869,O0006239,2025-09-07,20250907,Pago,14.8,2
T0000696,C02870,O0006246,2025-09-07,20250907,Pago,27.5,2
T0000697,C02877,O0006259,2025-01-26,20250126,Entrega,12.1,4
T0000698,C02879,O0006264,2025-09-12,20250912,Entrega,6.8,4
T0000699,C02883,O0006270,2024-11-09,20241109,Producto,13.8,5
T0000700,C02885,O0006279,2025-01-14,20250114,Entrega,11.9,5
T0000701,C02888,O0006286,2025-05-14,20250514,Producto,23.4,5
T0000702,C02889,O0006291,2025-12-18,20251218,Cuenta,19.0,2
T0000703,C02890,O0006294,2025-11-28,20251128,Producto,13.6,4
T0000704,C02896,O0006302,2025-12-31,20251231,Entrega,9.8,4
T0000705,C02898,O0006304,2025-01-05,20250105,Producto,14.7,4
T0000706,C02904,O0006313,2025-02-05,20250205,Pago,5.4,4
T0000707,C02904,O0006315,2025-05-31,20250531,Pago,17.8,3
T0000708,C02911,O0006326,2024-05-28,20240528,Producto,33.1,2
T0000709,C02921,O0006351,2024-11-02,20241102,Producto,14.0,5
T0000710,C02928,O0006364,2024-06-14,20240614,Entrega,8.8,5
T0000711,C02933,O0006379,2023-11-03,20231103,Cuenta,2.7,2
T0000712,C02946,O0006405,2023-06-13,20230613,Cuenta,13.7,5
T0000713,C02946,O0006412,2025-12-28,20251228,Pago,3.5,5
T0000714,C02947,O0006413,2025-02-12,20250212,Producto,61.5,5
T0000715,C02947,O0006414,2025-07-02,20250702,Producto,18.4,3
T0000716,C02950,O0006424,2025-11-14,20251114,Entrega,32.4,1
T0000717,C02955,O0006438,2025-03-24,20250324,Producto,20.5,2
T0000718,C02955,O0006439,2025-11-11,20251111,Pago,22.8,4
T0000719,C02958,O0006456,2025-12-15,20251215,Cuenta,17.6,3
T0000720,C02962,O0006462,2025-06-16,20250616,Entrega,8.0,3
T0000721,C02964,O0006465,2025-01-27,20250127,Producto,9.1,4
T0000722,C02966,O0006469,2025-11-07,20251107,Devolución,9.1,3
T0000723,C02970,O0006474,2025-04-04,20250404,Entrega,2.8,4
T0000724,C02982,O0006497,2023-06-12,20230612,Entrega,6.3,4
T0000725,C02982,O0006498,2023-12-27,20231227,Devolución,10.9,4
T0000726,C02987,O0006504,2025-04-19,20250419,Cuenta,9.1,5
T0000727,C02987,O0006508,2025-07-14,20250714,Entrega,6.9,4
T0000728,C02991,O0006514,2024-10-19,20241019,Devolución,3.9,2
T0000729,C02997,O0006522,2024-08-29,20240829,Entrega,41.7,5
T0000730,C03008,O0006545,2024-12-30,20241230,Devolución,42.2,4
T0000731,C03011,O0006551,2025-03-18,20250318,Producto,3.4,5
T0000732,C03017,O0006564,2024-09-10,20240910,Pago,4.9,4
T0000733,C03018,O0006568,2025-12-19,20251219,Devolución,32.1,1
T0000734,C03022,O0006580,2025-04-18,20250418,Entrega,16.4,2
T0000735,C03027,O0006590,2024-05-18,20240518,Devolución,19.4,3
T0000736,C03028,O0006593,2025-10-22,20251022,Entrega,7.6,3
T0000737,C03040,O0006622,2025-02-07,20250207,Devolución,11.9,4
T0000738,C03048,O0006645,2025-06-12,20250612,Entrega,9.4,4
T0000739,C03058,O0006666,2025-09-18,20250918,Pago,25.9,5
T0000740,C03059,O0006669,2025-11-26,20251126,Entrega,50.6,5
T0000741,C03060,O0006670,2023-12-07,20231207,Devolución,19.6,3
T0000742,C03060,O0006673,2024-08-31,20240831,Producto,16.2,5
T0000743,C03061,O0006674,2024-05-25,20240525,Devolución,11.5,3
T0000744,C03061,O0006675,2024-07-06,20240706,Entrega,9.7,5
T0000745,C03063,O0006682,2025-12-31,20251231,Producto,4.0,5
T0000746,C03082,O0006720,2025-07-13,20250713,Cuenta,33.3,5
T0000747,C03085,O0006726,2025-02-13,20250213,Producto,24.4,4
T0000748,C03087,O0006739,2025-02-19,20250219,Producto,27.0,1
T0000749,C03091,O0006746,2024-10-02,20241002,Entrega,12.7,5
T0000750,C03094,O0006753,2025-12-15,20251215,Entrega,14.7,3
T0000751,C03099,O0006759,2023-10-05,20231005,Devolución,12.2,4
T0000752,C03099,O0006761,2025-05-22,20250522,Cuenta,19.8,2
T0000753,C03102,O0006766,2025-06-15,20250615,Producto,9.5,5
T0000754,C03106,O0006776,2024-03-29,20240329,Pago,16.4,5
T0000755,C03108,O0006782,2025-12-30,20251230,Producto,1.9,4
T0000756,C03110,O0006785,2025-09-19,20250919,Pago,18.9,5
T0000757,C03117,O0006797,2025-11-29,20251129,Devolución,30.6,4
T0000758,C03123,O0006810,2025-11-25,20251125,Entrega,15.5,3
T0000759,C03128,O0006816,2025-12-12,20251212,Cuenta,21.9,3
T0000760,C03130,O0006823,2025-10-01,20251001,Devolución,3.2,3
T0000761,C03131,O0006827,2025-06-15,20250615,Producto,18.2,5
T0000762,C03139,O0006849,2025-02-11,20250211,Devolución,18.2,3
T0000763,C03145,O0006860,2025-06-18,20250618,Cuenta,20.6,4
T0000764,C03145,O0006861,2025-09-22,20250922,Producto,11.6,1
T0000765,C03146,O0006862,2025-04-04,20250404,Producto,30.2,2
T0000766,C03149,O0006868,2025-12-03,20251203,Entrega,22.0,2
T0000767,C03162,O0006900,2025-12-30,20251230,Cuenta,6.8,5
T0000768,C03164,O0006906,2025-12-04,20251204,Entrega,3.4,2
T0000769,C03165,O0006908,2024-10-03,20241003,Entrega,6.8,5
T0000770,C03174,O0006934,2024-05-22,20240522,Producto,11.0,4
T0000771,C03174,O0006936,2025-01-26,20250126,Producto,3.9,4
T0000772,C03175,O0006937,2025-12-15,20251215,Devolución,9.8,5
T0000773,C03176,O0006939,2025-01-10,20250110,Producto,4.1,3
T0000774,C03178,O0006944,2025-09-08,20250908,Cuenta,14.1,4
T0000775,C03181,O0006954,2025-12-07,20251207,Entrega,3.7,4
T0000776,C03184,O0006960,2025-10-24,20251024,Entrega,20.2,5
T0000777,C03185,O0006963,2025-11-25,20251125,Entrega,16.1,4
T0000778,C03189,O0006970,2025-12-14,20251214,Producto,17.9,4
T0000779,C03192,O0006979,2025-03-02,20250302,Entrega,21.4,2
T0000780,C03192,O0006980,2025-12-28,20251228,Cuenta,20.8,4
T0000781,C03196,O0006989,2024-08-21,20240821,Producto,21.9,5
T0000782,C03197,O0006992,2025-02-06,20250206,Pago,13.6,4
T0000783,C03199,O0006997,2025-12-10,20251210,Entrega,4.5,4
T0000784,C03200,O0006998,2024-06-13,20240613,Producto,10.2,5
T0000785,C03204,O0007003,2024-08-06,20240806,Entrega,20.4,5
T0000786,C03210,O0007013,2025-12-09,20251209,Entrega,9.7,2
T0000787,C03215,O0007026,2024-11-27,20241127,Devolución,15.8,2
T0000788,C03216,O0007030,2025-01-06,20250106,Producto,12.6,3
T0000789,C03218,O0007034,2025-01-03,20250103,Producto,22.3,4
T0000790,C03225,O0007043,2025-09-12,20250912,Devolución,3.8,4
T0000791,C03228,O0007050,2024-12-29,20241229,Cuenta,8.1,3
T0000792,C03236,O0007062,2025-07-10,20250710,Pago,31.6,1
T0000793,C03239,O0007066,2025-08-26,20250826,Entrega,7.4,3
T0000794,C03240,O0007070,2024-11-05,20241105,Entrega,11.6,4
T0000795,C03245,O0007077,2025-03-01,20250301,Pago,4.3,3
T0000796,C03253,O0007100,2024-11-06,20241106,Devolución,5.9,4
T0000797,C03257,O0007114,2025-03-21,20250321,Pago,2.6,5
T0000798,C03258,O0007115,2024-05-24,20240524,Entrega,6.7,1
T0000799,C03260,O0007120,2025-02-24,20250224,Cuenta,8.2,5
T0000800,C03264,O0007130,2025-12-19,20251219,Pago,5.0,2
T0000801,C03270,O0007140,2025-12-13,20251213,Pago,33.5,3
T0000802,C03284,O0007161,2023-10-20,20231020,Cuenta,23.1,3
T0000803,C03288,O0007178,2025-04-25,20250425,Pago,7.0,3
T0000804,C03290,O0007185,2025-10-26,20251026,Pago,19.8,1
T0000805,C03291,O0007188,2025-07-11,20250711,Devolución,15.2,5
T0000806,C03297,O0007198,2025-11-21,20251121,Entrega,12.5,5
T0000807,C03303,O0007209,2024-11-22,20241122,Entrega,40.4,2
T0000808,C03303,O0007210,2025-07-09,20250709,Pago,2.9,3
T0000809,C03304,O0007212,2024-11-23,20241123,Pago,23.6,4
T0000810,C03315,O0007233,2024-05-16,20240516,Entrega,7.7,5
T0000811,C03320,O0007240,2024-07-11,20240711,Devolución,2.9,4
T0000812,C03320,O0007241,2024-10-31,20241031,Pago,30.3,3
T0000813,C03321,O0007243,2024-04-19,20240419,Pago,6.1,5
T0000814,C03321,O0007245,2024-10-30,20241030,Producto,28.2,5
T0000815,C03325,O0007254,2024-09-01,20240901,Producto,19.6,5
T0000816,C03336,O0007285,2024-01-21,20240121,Entrega,10.8,5
T0000817,C03339,O0007292,2025-12-31,20251231,Producto,32.2,2
T0000818,C03340,O0007293,2025-09-05,20250905,Pago,7.0,5
T0000819,C03343,O0007299,2025-12-31,20251231,Producto,7.0,5
T0000820,C03345,O0007302,2025-12-22,20251222,Entrega,2.5,3
T0000821,C03349,O0007308,2024-04-03,20240403,Devolución,9.0,5
T0000822,C03355,O0007321,2025-12-31,20251231,Producto,10.7,5
T0000823,C03361,O0007340,2025-11-28,20251128,Pago,18.5,3
T0000824,C03373,O0007366,2024-02-25,20240225,Devolución,25.2,4
T0000825,C03373,O0007368,2025-09-27,20250927,Producto,14.8,3
T0000826,C03378,O0007379,2025-02-16,20250216,Devolución,23.9,4
T0000827,C03380,O0007381,2025-02-21,20250221,Devolución,7.3,4
T0000828,C03388,O0007392,2025-08-06,20250806,Devolución,18.6,4
T0000829,C03388,O0007393,2025-12-24,20251224,Entrega,21.5,2
T0000830,C03391,O0007396,2024-07-20,20240720,Cuenta,6.1,2
T0000831,C03394,O0007402,2023-12-08,20231208,Cuenta,11.1,1
T0000832,C03397,O0007408,2024-05-12,20240512,Pago,4.9,4
T0000833,C03399,O0007410,2023-12-14,20231214,Entrega,12.2,3
T0000834,C03401,O0007417,2025-05-23,20250523,Entrega,25.4,2
T0000835,C03402,O0007418,2025-12-20,20251220,Entrega,7.1,2
T0000836,C03403,O0007419,2025-11-25,20251125,Pago,15.0,3
T0000837,C03406,O0007423,2024-05-10,20240510,Devolución,17.1,3
T0000838,C03414,O0007435,2023-05-05,20230505,Producto,18.8,5
T0000839,C03415,O0007438,2025-07-02,20250702,Producto,15.9,5
T0000840,C03415,O0007439,2025-11-09,20251109,Producto,5.6,3
T0000841,C03417,O0007442,2025-11-26,20251126,Devolución,32.4,4
T0000842,C03419,O0007444,2023-04-21,20230421,Cuenta,7.2,4
T0000843,C03420,O0007449,2025-12-31,20251231,Devolución,24.9,1
T0000844,C03422,O0007453,2025-11-30,20251130,Devolución,7.2,4
T0000845,C03425,O0007458,2025-09-18,20250918,Entrega,10.7,5
T0000846,C03425,O0007459,2025-12-20,20251220,Producto,10.1,5
T0000847,C03425,O0007460,2025-12-09,20251209,Cuenta,8.0,5
T0000848,C03430,O0007466,2024-10-26,20241026,Devolución,6.9,4
T0000849,C03430,O0007467,2025-09-20,20250920,Pago,3.9,4
T0000850,C03436,O0007484,2025-03-01,20250301,Pago,9.0,3
T0000851,C03444,O0007496,2025-12-15,20251215,Cuenta,5.3,4
T0000852,C03450,O0007504,2025-10-06,20251006,Producto,13.4,4
T0000853,C03451,O0007507,2025-08-18,20250818,Entrega,30.8,3
T0000854,C03452,O0007510,2024-03-19,20240319,Pago,38.8,4
T0000855,C03452,O0007511,2024-03-29,20240329,Entrega,18.2,4
T0000856,C03453,O0007513,2025-02-20,20250220,Pago,36.9,5
T0000857,C03453,O0007514,2025-12-11,20251211,Entrega,11.0,2
T0000858,C03454,O0007516,2025-02-10,20250210,Cuenta,21.6,3
T0000859,C03461,O0007530,2025-08-18,20250818,Entrega,22.6,4
T0000860,C03467,O0007544,2025-01-10,20250110,Entrega,11.9,2
T0000861,C03475,O0007561,2025-11-28,20251128,Devolución,16.0,4
T0000862,C03486,O0007578,2025-09-29,20250929,Devolución,9.6,4
T0000863,C03488,O0007581,2025-12-31,20251231,Entrega,23.5,2
T0000864,C03492,O0007591,2025-04-03,20250403,Pago,4.4,3
T0000865,C03492,O0007592,2025-05-31,20250531,Entrega,19.7,4
T0000866,C03497,O0007598,2023-10-04,20231004,Devolución,23.2,5
T0000867,C03497,O0007599,2024-06-29,20240629,Devolución,14.0,4
T0000868,C03501,O0007610,2023-04-14,20230414,Entrega,4.1,4
T0000869,C03503,O0007620,2025-10-16,20251016,Devolución,6.1,2
T0000870,C03512,O0007640,2024-11-30,20241130,Pago,10.9,4
T0000871,C03512,O0007641,2024-11-29,20241129,Devolución,8.0,4
T0000872,C03512,O0007642,2025-05-16,20250516,Producto,8.5,5
T0000873,C03513,O0007644,2023-11-14,20231114,Producto,23.5,3
T0000874,C03513,O0007645,2024-02-20,20240220,Entrega,18.0,5
T0000875,C03517,O0007655,2024-11-20,20241120,Producto,29.2,4
T0000876,C03518,O0007658,2025-12-11,20251211,Devolución,14.9,5
T0000877,C03526,O0007685,2025-12-15,20251215,Pago,10.8,4
T0000878,C03536,O0007698,2023-04-25,20230425,Cuenta,13.1,3
T0000879,C03536,O0007699,2024-05-06,20240506,Entrega,7.9,2
T0000880,C03536,O0007702,2025-11-26,20251126,Entrega,12.3,2
T0000881,C03542,O0007711,2024-10-16,20241016,Producto,13.9,5
T0000882,C03543,O0007713,2025-12-31,20251231,Producto,28.8,3
T0000883,C03545,O0007720,2025-11-10,20251110,Entrega,8.3,3
T0000884,C03551,O0007727,2024-07-10,20240710,Entrega,24.7,3
T0000885,C03555,O0007736,2025-05-24,20250524,Devolución,12.2,4
T0000886,C03557,O0007739,2025-09-12,20250912,Producto,62.3,2
T0000887,C03561,O0007748,2024-04-23,20240423,Entrega,31.0,5
T0000888,C03567,O0007765,2025-05-19,20250519,Pago,6.2,2
T0000889,C03568,O0007767,2025-07-20,20250720,Producto,23.8,1
T0000890,C03584,O0007799,2025-12-31,20251231,Entrega,6.7,5
T0000891,C03586,O0007806,2024-07-18,20240718,Entrega,31.1,5
T0000892,C03588,O0007811,2025-04-05,20250405,Producto,14.8,3
T0000893,C03594,O0007825,2025-11-24,20251124,Entrega,3.9,4
T0000894,C03598,O0007831,2025-12-15,20251215,Producto,32.7,5
T0000895,C03604,O0007843,2025-12-29,20251229,Devolución,2.9,4
T0000896,C03613,O0007857,2025-11-16,20251116,Producto,8.4,4
T0000897,C03616,O0007867,2025-10-03,20251003,Cuenta,9.6,1
T0000898,C03617,O0007868,2023-09-03,20230903,Pago,10.2,4
T0000899,C03629,O0007888,2025-12-26,20251226,Entrega,13.6,5
T0000900,C03634,O0007898,2025-05-09,20250509,Producto,24.8,4
T0000901,C03637,O0007902,2024-11-09,20241109,Entrega,15.0,5
T0000902,C03638,O0007905,2024-11-04,20241104,Entrega,7.3,5
T0000903,C03639,O0007908,2024-02-04,20240204,Cuenta,29.9,4
T0000904,C03639,O0007912,2025-12-07,20251207,Pago,9.8,1
T0000905,C03640,O0007913,2025-01-07,20250107,Devolución,18.4,5
T0000906,C03642,O0007918,2025-11-25,20251125,Producto,14.3,4
T0000907,C03648,O0007925,2025-03-15,20250315,Pago,12.1,5
T0000908,C03655,O0007943,2025-12-03,20251203,Devolución,10.6,4
T0000909,C03659,O0007947,2025-09-30,20250930,Producto,24.1,5
T0000910,C03679,O0007989,2025-10-21,20251021,Entrega,8.7,4
T0000911,C03683,O0007996,2025-06-28,20250628,Devolución,27.9,5
T0000912,C03695,O0008019,2025-12-24,20251224,Producto,8.0,1
T0000913,C03696,O0008022,2025-08-12,20250812,Devolución,54.9,5
T0000914,C03698,O0008025,2024-12-21,20241221,Producto,13.1,4
T0000915,C03704,O0008041,2025-09-18,20250918,Producto,26.1,3
T0000916,C03709,O0008053,2025-06-30,20250630,Devolución,4.0,5
T0000917,C03715,O0008071,2025-10-22,20251022,Producto,25.0,3
T0000918,C03716,O0008072,2024-03-14,20240314,Producto,22.5,4
T0000919,C03717,O0008081,2025-12-09,20251209,Cuenta,3.4,4
T0000920,C03718,O0008088,2025-09-05,20250905,Pago,10.6,3
T0000921,C03718,O0008089,2025-09-23,20250923,Pago,11.1,3
T0000922,C03728,O0008105,2025-11-08,20251108,Devolución,3.7,4
T0000923,C03736,O0008122,2024-12-23,20241223,Devolución,5.3,4
T0000924,C03736,O0008124,2025-11-29,20251129,Devolución,16.5,4
T0000925,C03737,O0008127,2024-09-07,20240907,Entrega,25.2,2
T0000926,C03738,O0008128,2024-09-09,20240909,Entrega,13.4,2
T0000927,C03744,O0008142,2025-11-13,20251113,Producto,10.6,1
T0000928,C03747,O0008145,2025-01-18,20250118,Devolución,6.1,2
T0000929,C03751,O0008151,2025-04-11,20250411,Producto,10.8,4
T0000930,C03754,O0008155,2023-12-13,20231213,Cuenta,3.6,4
T0000931,C03761,O0008166,2025-03-14,20250314,Devolución,9.7,3
T0000932,C03761,O0008167,2025-04-27,20250427,Producto,10.6,2
T0000933,C03765,O0008172,2025-11-10,20251110,Entrega,20.9,1
T0000934,C03770,O0008182,2024-07-19,20240719,Entrega,6.8,4
T0000935,C03773,O0008189,2025-05-27,20250527,Devolución,15.6,5
T0000936,C03775,O0008193,2024-11-03,20241103,Devolución,20.0,3
T0000937,C03778,O0008204,2025-08-10,20250810,Pago,60.6,5
T0000938,C03781,O0008209,2023-06-01,20230601,Entrega,22.2,4
T0000939,C03784,O0008218,2025-12-12,20251212,Devolución,5.5,4
T0000940,C03790,O0008227,2025-03-21,20250321,Entrega,3.8,4
T0000941,C03794,O0008246,2025-11-28,20251128,Devolución,2.8,4
T0000942,C03798,O0008251,2024-01-29,20240129,Cuenta,14.9,3
T0000943,C03799,O0008255,2024-04-29,20240429,Producto,17.6,4
T0000944,C03802,O0008264,2025-12-31,20251231,Entrega,24.8,4
T0000945,C03805,O0008269,2024-01-24,20240124,Devolución,12.9,5
T0000946,C03806,O0008273,2025-10-14,20251014,Producto,15.7,4
T0000947,C03811,O0008282,2023-12-19,20231219,Entrega,9.4,4
T0000948,C03812,O0008288,2025-11-09,20251109,Entrega,2.1,1
T0000949,C03814,O0008290,2024-06-09,20240609,Devolución,19.6,4
T0000950,C03816,O0008293,2025-02-13,20250213,Devolución,11.0,4
T0000951,C03818,O0008298,2025-06-01,20250601,Entrega,8.0,3
T0000952,C03825,O0008310,2025-03-01,20250301,Producto,6.5,4
T0000953,C03844,O0008348,2025-08-15,20250815,Entrega,2.3,5
T0000954,C03856,O0008372,2025-10-31,20251031,Devolución,6.1,5
T0000955,C03858,O0008376,2024-02-10,20240210,Cuenta,7.8,2
T0000956,C03861,O0008382,2025-09-19,20250919,Cuenta,5.7,2
T0000957,C03873,O0008410,2025-12-29,20251229,Devolución,36.3,2
T0000958,C03874,O0008411,2024-09-16,20240916,Producto,6.5,3
T0000959,C03880,O0008423,2025-11-30,20251130,Cuenta,5.0,4
T0000960,C03881,O0008425,2025-12-02,20251202,Pago,11.1,3
T0000961,C03886,O0008442,2025-11-18,20251118,Entrega,14.6,4
T0000962,C03893,O0008457,2024-11-01,20241101,Entrega,18.2,2
T0000963,C03895,O0008462,2025-02-13,20250213,Entrega,7.4,3
T0000964,C03901,O0008477,2025-10-04,20251004,Pago,3.3,5
T0000965,C03912,O0008498,2025-11-15,20251115,Producto,5.7,5
T0000966,C03913,O0008502,2025-08-10,20250810,Producto,17.3,3
T0000967,C03919,O0008519,2023-08-09,20230809,Entrega,10.0,2
T0000968,C03922,O0008529,2025-11-27,20251127,Entrega,13.5,3
T0000969,C03924,O0008533,2025-04-07,20250407,Producto,4.4,5
T0000970,C03932,O0008545,2025-09-03,20250903,Entrega,6.3,4
T0000971,C03935,O0008551,2025-04-17,20250417,Cuenta,25.1,5
T0000972,C03943,O0008572,2025-11-23,20251123,Entrega,14.2,5
T0000973,C03953,O0008595,2025-06-30,20250630,Producto,14.7,3
T0000974,C03968,O0008625,2023-10-08,20231008,Entrega,11.0,5
T0000975,C03971,O0008633,2025-12-23,20251223,Cuenta,6.8,5
T0000976,C03975,O0008639,2023-09-03,20230903,Devolución,13.7,5
T0000977,C03976,O0008644,2025-09-13,20250913,Entrega,26.3,3
T0000978,C03984,O0008655,2025-01-10,20250110,Pago,5.6,3
T0000979,C03986,O0008657,2025-10-08,20251008,Pago,15.7,4
T0000980,C03989,O0008662,2024-09-05,20240905,Cuenta,6.7,3
T0000981,C03994,O0008673,2024-04-27,20240427,Devolución,21.7,3
T0000982,C03994,O0008677,2025-06-30,20250630,Cuenta,6.6,3
T0000983,C03997,O0008683,2025-07-03,20250703,Producto,17.8,5
T0000984,C04000,O0008688,2024-11-02,20241102,Devolución,13.8,4
T0000985,C04005,O0008698,2025-07-24,20250724,Devolución,6.3,5
T0000986,C04011,O0008708,2025-08-03,20250803,Producto,16.0,4
T0000987,C04017,O0008723,2025-10-09,20251009,Entrega,10.5,4
T0000988,C04027,O0008745,2024-01-05,20240105,Producto,30.6,4
T0000989,C04034,O0008762,2025-10-26,20251026,Devolución,6.4,3
T0000990,C04037,O0008767,2025-04-21,20250421,Cuenta,33.8,2
T0000991,C04041,O0008775,2025-10-06,20251006,Producto,5.9,5
T0000992,C04054,O0008806,2025-05-29,20250529,Pago,38.7,4
T0000993,C04056,O0008810,2025-11-15,20251115,Entrega,20.7,2
T0000994,C04058,O0008812,2024-12-13,20241213,Cuenta,8.1,4
T0000995,C04058,O0008813,2025-01-30,20250130,Devolución,8.5,5
T0000996,C04062,O0008822,2024-01-22,20240122,Producto,5.4,5
T0000997,C04067,O0008830,2025-12-20,20251220,Cuenta,5.4,2
T0000998,C04070,O0008841,2025-12-21,20251221,Devolución,5.2,5
T0000999,C04073,O0008846,2025-06-29,20250629,Producto,6.8,5
T0001000,C04073,O0008847,2025-07-26,20250726,Entrega,20.4,3
T0001001,C04076,O0008857,2025-12-07,20251207,Entrega,23.3,5
T0001002,C04078,O0008862,2025-12-26,20251226,Cuenta,11.9,4
T0001003,C04082,O0008868,2024-06-25,20240625,Cuenta,18.0,3
T0001004,C04085,O0008875,2025-07-30,20250730,Entrega,5.9,4
T0001005,C04087,O0008879,2025-09-26,20250926,Producto,9.1,5
T0001006,C04095,O0008895,2025-12-17,20251217,Entrega,29.3,5
T0001007,C04105,O0008921,2025-04-22,20250422,Cuenta,19.3,2
T0001008,C04106,O0008924,2024-09-04,20240904,Pago,7.4,5
T0001009,C04107,O0008927,2024-08-09,20240809,Entrega,5.3,3
T0001010,C04111,O0008937,2024-10-06,20241006,Producto,12.3,5
T0001011,C04117,O0008953,2023-06-29,20230629,Devolución,33.6,3
T0001012,C04118,O0008957,2023-06-25,20230625,Cuenta,4.1,2
T0001013,C04118,O0008958,2023-11-14,20231114,Cuenta,23.1,4
T0001014,C04124,O0008972,2025-02-09,20250209,Devolución,7.6,4
T0001015,C04124,O0008974,2025-12-16,20251216,Cuenta,31.3,5
T0001016,C04128,O0008985,2025-11-13,20251113,Devolución,8.6,3
T0001017,C04137,O0009000,2025-12-31,20251231,Producto,6.0,3
T0001018,C04138,O0009001,2024-03-18,20240318,Entrega,16.4,3
T0001019,C04138,O0009002,2024-10-06,20241006,Pago,27.8,5
T0001020,C04138,O0009003,2025-03-20,20250320,Producto,20.1,3
T0001021,C04139,O0009005,2025-08-08,20250808,Devolución,32.3,3
T0001022,C04143,O0009015,2023-12-27,20231227,Producto,10.0,3
T0001023,C04144,O0009022,2025-08-05,20250805,Producto,14.8,4
T0001024,C04148,O0009033,2025-08-17,20250817,Entrega,23.8,5
T0001025,C04148,O0009034,2025-09-29,20250929,Cuenta,26.6,3
T0001026,C04158,O0009048,2024-01-02,20240102,Producto,17.7,2
T0001027,C04162,O0009060,2025-06-21,20250621,Devolución,11.8,4
T0001028,C04168,O0009074,2024-08-07,20240807,Devolución,3.9,5
T0001029,C04168,O0009075,2024-09-27,20240927,Devolución,4.4,5
T0001030,C04170,O0009077,2025-09-11,20250911,Producto,36.5,5
T0001031,C04170,O0009078,2025-12-31,20251231,Devolución,5.5,3
T0001032,C04175,O0009090,2025-12-31,20251231,Producto,16.0,5
T0001033,C04182,O0009102,2025-03-24,20250324,Devolución,15.9,5
T0001034,C04185,O0009111,2024-10-21,20241021,Entrega,3.2,3
T0001035,C04190,O0009123,2025-08-26,20250826,Producto,23.0,5
T0001036,C04193,O0009132,2025-09-26,20250926,Entrega,15.6,5
T0001037,C04208,O0009172,2025-12-11,20251211,Producto,20.6,3
T0001038,C04210,O0009175,2025-11-11,20251111,Pago,11.0,4
T0001039,C04223,O0009201,2025-11-08,20251108,Producto,5.5,2
T0001040,C04227,O0009207,2024-11-30,20241130,Cuenta,16.5,5
T0001041,C04230,O0009215,2024-01-08,20240108,Entrega,20.5,3
T0001042,C04242,O0009248,2024-01-04,20240104,Producto,1.6,4
T0001043,C04244,O0009253,2023-10-21,20231021,Entrega,17.0,4
T0001044,C04247,O0009262,2024-03-18,20240318,Entrega,14.2,4
T0001045,C04247,O0009263,2025-01-05,20250105,Devolución,18.7,3
T0001046,C04248,O0009267,2025-11-24,20251124,Producto,9.3,4
T0001047,C04257,O0009284,2025-05-07,20250507,Pago,16.9,2
T0001048,C04260,O0009295,2025-03-06,20250306,Devolución,7.1,5
T0001049,C04262,O0009299,2025-09-19,20250919,Cuenta,13.1,3
T0001050,C04272,O0009315,2025-11-10,20251110,Pago,6.1,4
T0001051,C04274,O0009318,2025-08-24,20250824,Entrega,12.5,5
T0001052,C04279,O0009338,2025-12-31,20251231,Producto,9.4,4
T0001053,C04288,O0009352,2025-07-29,20250729,Entrega,24.2,4
T0001054,C04305,O0009385,2025-02-07,20250207,Cuenta,3.4,2
T0001055,C04311,O0009395,2025-06-17,20250617,Devolución,5.7,4
T0001056,C04313,O0009400,2024-08-03,20240803,Pago,7.7,4
T0001057,C04315,O0009403,2025-11-22,20251122,Pago,20.4,4
T0001058,C04318,O0009407,2024-10-30,20241030,Entrega,4.7,2
T0001059,C04319,O0009411,2025-08-14,20250814,Pago,11.0,2
T0001060,C04322,O0009418,2025-11-18,20251118,Producto,14.5,4
T0001061,C04323,O0009419,2024-10-16,20241016,Devolución,15.3,4
T0001062,C04323,O0009420,2025-10-12,20251012,Producto,5.7,2
T0001063,C04328,O0009431,2025-12-31,20251231,Producto,10.9,4
T0001064,C04332,O0009438,2025-12-26,20251226,Entrega,7.8,2
T0001065,C04339,O0009452,2025-05-14,20250514,Pago,13.0,4
T0001066,C04342,O0009461,2024-06-13,20240613,Entrega,9.6,3
T0001067,C04343,O0009466,2025-11-05,20251105,Pago,8.6,1
T0001068,C04345,O0009473,2025-11-08,20251108,Producto,4.9,4
T0001069,C04346,O0009477,2025-01-09,20250109,Devolución,7.7,4
T0001070,C04346,O0009478,2025-08-12,20250812,Producto,39.9,5
T0001071,C04350,O0009489,2024-11-03,20241103,Devolución,6.8,4
T0001072,C04355,O0009502,2025-01-18,20250118,Cuenta,5.7,3
T0001073,C04357,O0009506,2025-12-15,20251215,Devolución,5.2,4
T0001074,C04358,O0009507,2024-01-25,20240125,Entrega,11.1,4
T0001075,C04364,O0009517,2025-11-01,20251101,Entrega,21.2,4
T0001076,C04367,O0009522,2024-07-13,20240713,Entrega,10.6,5
T0001077,C04372,O0009529,2023-07-18,20230718,Producto,54.8,3
T0001078,C04374,O0009533,2025-08-04,20250804,Producto,10.1,3
T0001079,C04378,O0009540,2024-08-02,20240802,Cuenta,12.7,4
T0001080,C04381,O0009544,2025-12-24,20251224,Producto,3.7,3
T0001081,C04382,O0009546,2024-05-11,20240511,Devolución,9.1,3
T0001082,C04387,O0009557,2024-12-10,20241210,Producto,10.1,5
T0001083,C04389,O0009565,2024-09-22,20240922,Producto,18.3,5
T0001084,C04389,O0009566,2025-01-10,20250110,Producto,12.4,5
T0001085,C04389,O0009567,2025-12-31,20251231,Entrega,12.2,5
T0001086,C04391,O0009572,2024-01-22,20240122,Producto,6.5,5
T0001087,C04391,O0009574,2025-09-27,20250927,Cuenta,18.4,5
T0001088,C04396,O0009582,2025-12-21,20251221,Entrega,8.3,1
T0001089,C04397,O0009583,2025-04-08,20250408,Devolución,9.2,4
T0001090,C04400,O0009587,2025-10-20,20251020,Producto,19.2,5
T0001091,C04402,O0009592,2024-05-22,20240522,Entrega,8.1,5
T0001092,C04407,O0009611,2025-12-10,20251210,Producto,7.1,5
T0001093,C04411,O0009622,2025-09-16,20250916,Cuenta,8.4,4
T0001094,C04423,O0009648,2025-09-26,20250926,Producto,13.1,5
T0001095,C04425,O0009655,2024-12-29,20241229,Cuenta,8.8,1
T0001096,C04430,O0009661,2025-11-14,20251114,Devolución,6.8,2
T0001097,C04435,O0009671,2025-07-23,20250723,Entrega,9.5,5
T0001098,C04436,O0009673,2025-12-31,20251231,Entrega,37.3,5
T0001099,C04446,O0009694,2024-05-15,20240515,Pago,9.5,4
T0001100,C04449,O0009702,2025-12-13,20251213,Entrega,10.7,4
T0001101,C04461,O0009730,2024-05-04,20240504,Entrega,6.3,3
T0001102,C04461,O0009731,2024-12-17,20241217,Devolución,15.4,4
T0001103,C04461,O0009732,2025-04-19,20250419,Pago,7.1,3
T0001104,C04461,O0009734,2025-12-06,20251206,Devolución,5.7,4
T0001105,C04466,O0009739,2023-05-13,20230513,Producto,28.0,4
T0001106,C04466,O0009742,2024-08-22,20240822,Entrega,13.5,5
T0001107,C04471,O0009751,2025-06-06,20250606,Entrega,3.1,1
T0001108,C04474,O0009756,2023-11-08,20231108,Entrega,56.8,5
T0001109,C04478,O0009763,2025-02-12,20250212,Cuenta,14.8,3
T0001110,C04478,O0009764,2025-10-25,20251025,Devolución,16.3,5
T0001111,C04484,O0009779,2025-11-24,20251124,Producto,26.4,5
T0001112,C04488,O0009785,2023-12-06,20231206,Cuenta,15.9,5
T0001113,C04504,O0009813,2025-08-16,20250816,Entrega,10.2,4
T0001114,C04504,O0009814,2025-09-28,20250928,Devolución,5.5,4
T0001115,C04514,O0009830,2025-11-16,20251116,Cuenta,10.2,3
T0001116,C04516,O0009832,2025-10-16,20251016,Pago,10.1,3
T0001117,C04526,O0009850,2024-09-05,20240905,Devolución,6.2,2
T0001118,C04527,O0009854,2023-12-10,20231210,Pago,4.9,2
T0001119,C04531,O0009869,2025-02-07,20250207,Devolución,5.2,3
T0001120,C04532,O0009871,2024-02-27,20240227,Entrega,47.1,5
T0001121,C04536,O0009880,2025-03-29,20250329,Pago,11.1,4
T0001122,C04541,O0009889,2025-01-20,20250120,Devolución,4.9,4
T0001123,C04543,O0009895,2025-09-22,20250922,Cuenta,27.5,1
T0001124,C04546,O0009899,2025-07-18,20250718,Entrega,14.4,5
T0001125,C04546,O0009901,2025-11-23,20251123,Devolución,20.5,1
T0001126,C04552,O0009912,2024-07-25,20240725,Entrega,6.4,1
T0001127,C04553,O0009919,2025-09-28,20250928,Devolución,38.7,4
T0001128,C04554,O0009920,2025-05-07,20250507,Entrega,7.1,2
T0001129,C04555,O0009925,2025-02-27,20250227,Entrega,31.0,3
T0001130,C04562,O0009937,2024-11-04,20241104,Producto,24.4,3
T0001131,C04568,O0009948,2025-08-03,20250803,Devolución,7.2,5
T0001132,C04570,O0009958,2025-04-12,20250412,Pago,20.3,5
T0001133,C04581,O0009982,2024-12-09,20241209,Entrega,14.7,2
T0001134,C04587,O0009992,2025-11-19,20251119,Producto,25.3,3
T0001135,C04600,O0010016,2025-04-04,20250404,Devolución,41.0,4
T0001136,C04602,O0010019,2025-10-26,20251026,Producto,7.2,4
T0001137,C04611,O0010035,2024-04-18,20240418,Entrega,37.2,3
T0001138,C04613,O0010039,2025-12-07,20251207,Cuenta,18.5,2
T0001139,C04618,O0010048,2025-12-31,20251231,Producto,3.6,3
T0001140,C04631,O0010082,2024-12-17,20241217,Entrega,9.3,4
T0001141,C04631,O0010083,2024-12-26,20241226,Entrega,45.6,3
T0001142,C04633,O0010090,2024-02-26,20240226,Devolución,4.2,3
T0001143,C04638,O0010102,2025-01-17,20250117,Entrega,4.1,5
T0001144,C04642,O0010108,2024-10-24,20241024,Devolución,20.3,2
T0001145,C04643,O0010113,2025-12-05,20251205,Devolución,16.4,3
T0001146,C04644,O0010115,2023-10-09,20231009,Devolución,21.2,2
T0001147,C04646,O0010122,2024-07-11,20240711,Pago,24.3,5
T0001148,C04646,O0010123,2025-12-16,20251216,Entrega,5.2,3
T0001149,C04663,O0010157,2023-09-24,20230924,Cuenta,23.4,5
T0001150,C04665,O0010162,2024-09-19,20240919,Producto,17.7,5
T0001151,C04670,O0010177,2025-05-30,20250530,Pago,5.1,2
T0001152,C04670,O0010178,2025-08-29,20250829,Devolución,12.9,4
T0001153,C04670,O0010179,2025-12-07,20251207,Producto,28.8,4
T0001154,C04671,O0010181,2024-11-06,20241106,Producto,7.3,4
T0001155,C04673,O0010190,2024-11-12,20241112,Entrega,7.1,4
T0001156,C04675,O0010196,2025-07-01,20250701,Producto,12.0,1
T0001157,C04676,O0010197,2024-08-03,20240803,Entrega,8.8,3
T0001158,C04677,O0010200,2025-06-15,20250615,Entrega,40.6,2
T0001159,C04678,O0010201,2025-02-18,20250218,Entrega,22.9,3
T0001160,C04679,O0010202,2025-09-12,20250912,Producto,17.1,3
T0001161,C04680,O0010204,2023-10-11,20231011,Entrega,29.4,4
T0001162,C04683,O0010213,2025-10-08,20251008,Cuenta,26.1,2
T0001163,C04683,O0010214,2025-12-23,20251223,Producto,14.6,3
T0001164,C04684,O0010215,2023-06-07,20230607,Entrega,33.9,4
T0001165,C04684,O0010218,2025-03-09,20250309,Producto,11.7,2
T0001166,C04687,O0010224,2025-11-15,20251115,Cuenta,7.6,5
T0001167,C04690,O0010232,2025-11-13,20251113,Producto,13.9,3
T0001168,C04690,O0010233,2025-12-09,20251209,Devolución,18.3,5
T0001169,C04691,O0010235,2023-03-23,20230323,Producto,23.6,3
T0001170,C04702,O0010255,2023-10-01,20231001,Devolución,6.0,3
T0001171,C04702,O0010256,2024-08-24,20240824,Cuenta,6.5,5
T0001172,C04702,O0010257,2025-12-31,20251231,Cuenta,6.5,4
T0001173,C04707,O0010266,2025-06-01,20250601,Pago,44.2,3
T0001174,C04707,O0010268,2025-12-31,20251231,Entrega,4.6,3
T0001175,C04719,O0010290,2025-11-24,20251124,Devolución,9.3,3
T0001176,C04720,O0010293,2025-08-24,20250824,Producto,19.0,5
T0001177,C04723,O0010296,2025-12-15,20251215,Producto,15.1,4
T0001178,C04728,O0010304,2025-08-04,20250804,Pago,21.7,5
T0001179,C04731,O0010308,2025-12-22,20251222,Pago,40.2,1
T0001180,C04736,O0010316,2025-11-16,20251116,Entrega,9.2,5
T0001181,C04744,O0010328,2024-05-21,20240521,Entrega,8.6,2
T0001182,C04747,O0010335,2025-05-10,20250510,Entrega,7.7,3
T0001183,C04748,O0010339,2025-12-26,20251226,Producto,9.1,2
T0001184,C04749,O0010341,2025-08-22,20250822,Producto,15.1,4
T0001185,C04753,O0010350,2025-12-16,20251216,Entrega,45.0,4
T0001186,C04760,O0010361,2025-12-29,20251229,Cuenta,43.2,2
T0001187,C04761,O0010362,2025-11-28,20251128,Cuenta,5.0,5
T0001188,C04762,O0010365,2025-08-19,20250819,Entrega,11.4,4
T0001189,C04774,O0010399,2025-12-31,20251231,Cuenta,2.5,4
T0001190,C04788,O0010433,2024-02-21,20240221,Cuenta,11.5,3
T0001191,C04793,O0010447,2025-12-02,20251202,Devolución,6.0,1
T0001192,C04795,O0010450,2025-12-26,20251226,Devolución,16.4,5
T0001193,C04797,O0010453,2025-11-16,20251116,Producto,37.5,5
T0001194,C04798,O0010455,2023-11-15,20231115,Producto,13.1,3
T0001195,C04798,O0010456,2024-05-21,20240521,Cuenta,18.1,3
T0001196,C04798,O0010459,2025-10-25,20251025,Entrega,18.2,5
T0001197,C04801,O0010466,2025-01-29,20250129,Entrega,16.0,5
T0001198,C04805,O0010474,2025-03-28,20250328,Entrega,10.9,5
T0001199,C04815,O0010489,2025-06-11,20250611,Devolución,9.1,4
T0001200,C04816,O0010492,2024-10-27,20241027,Entrega,19.1,4
T0001201,C04817,O0010496,2025-07-21,20250721,Pago,8.8,4
T0001202,C04817,O0010497,2025-08-09,20250809,Devolución,3.7,5
T0001203,C04821,O0010504,2025-03-15,20250315,Entrega,23.7,3
T0001204,C04825,O0010511,2024-08-05,20240805,Devolución,6.4,4
T0001205,C04826,O0010515,2025-04-11,20250411,Producto,22.3,5
T0001206,C04826,O0010516,2025-07-01,20250701,Devolución,49.7,4
T0001207,C04827,O0010518,2025-02-02,20250202,Pago,7.5,3
T0001208,C04840,O0010546,2025-10-01,20251001,Devolución,10.8,1
T0001209,C04841,O0010551,2025-05-09,20250509,Devolución,15.9,4
T0001210,C04843,O0010558,2024-08-25,20240825,Devolución,16.3,2
T0001211,C04848,O0010564,2023-10-13,20231013,Devolución,5.6,4
T0001212,C04851,O0010569,2025-10-29,20251029,Entrega,14.3,5
T0001213,C04859,O0010592,2025-02-05,20250205,Entrega,20.9,5
T0001214,C04870,O0010614,2025-01-17,20250117,Pago,8.4,5
T0001215,C04870,O0010615,2025-12-11,20251211,Producto,3.4,4
T0001216,C04871,O0010617,2025-04-15,20250415,Entrega,13.2,4
T0001217,C04888,O0010655,2025-11-14,20251114,Pago,17.6,3
T0001218,C04893,O0010668,2024-07-27,20240727,Entrega,9.8,1
T0001219,C04893,O0010670,2024-10-03,20241003,Entrega,5.9,4
T0001220,C04902,O0010684,2024-12-25,20241225,Devolución,6.4,4
T0001221,C04903,O0010691,2025-12-15,20251215,Producto,41.7,4
T0001222,C04904,O0010693,2025-12-17,20251217,Entrega,8.4,4
T0001223,C04909,O0010705,2025-08-31,20250831,Entrega,14.4,4
T0001224,C04910,O0010709,2025-01-13,20250113,Producto,11.0,4
T0001225,C04915,O0010716,2025-06-13,20250613,Cuenta,15.6,3
T0001226,C04925,O0010742,2025-11-13,20251113,Devolución,11.7,2
T0001227,C04927,O0010747,2025-12-28,20251228,Pago,17.8,5
T0001228,C04935,O0010759,2024-06-25,20240625,Devolución,6.9,4
T0001229,C04935,O0010762,2024-12-01,20241201,Entrega,4.5,3
T0001230,C04936,O0010765,2024-12-06,20241206,Producto,4.0,4
T0001231,C04937,O0010767,2025-12-22,20251222,Producto,11.0,4
T0001232,C04946,O0010787,2025-09-03,20250903,Devolución,5.3,5
T0001233,C04950,O0010794,2025-12-31,20251231,Devolución,2.0,5
T0001234,C04955,O0010801,2024-03-06,20240306,Devolución,36.2,2
T0001235,C04955,O0010803,2024-09-03,20240903,Producto,10.2,2
T0001236,C04955,O0010805,2025-10-26,20251026,Producto,5.8,3
T0001237,C04961,O0010825,2024-05-07,20240507,Cuenta,4.6,1
T0001238,C04963,O0010830,2025-11-22,20251122,Entrega,4.2,3
T0001239,C04966,O0010837,2024-02-01,20240201,Devolución,4.6,5
T0001240,C04969,O0010846,2023-03-13,20230313,Entrega,17.5,4
T0001241,C04969,O0010847,2023-03-31,20230331,Pago,8.6,5
T0001242,C04978,O0010862,2024-07-21,20240721,Cuenta,42.2,4
T0001243,C04983,O0010868,2024-12-15,20241215,Producto,9.8,4
T0001244,C04988,O0010884,2025-12-20,20251220,Entrega,7.0,2
T0001245,C04989,O0010885,2025-10-23,20251023,Producto,9.8,3
T0001246,C04994,O0010892,2024-12-28,20241228,Devolución,10.7,4
T0001247,C05000,O0010902,2025-11-28,20251128,Entrega,5.3,4
T0001248,C05004,O0010911,2025-09-17,20250917,Pago,7.6,3
T0001249,C05005,O0010914,2025-07-14,20250714,Entrega,43.9,1
T0001250,C05005,O0010915,2025-12-17,20251217,Devolución,23.0,3
T0001251,C05011,O0010922,2025-07-18,20250718,Cuenta,15.8,4
T0001252,C05016,O0010930,2025-10-11,20251011,Entrega,9.6,3
T0001253,C05021,O0010940,2025-11-08,20251108,Producto,24.2,2
T0001254,C05028,O0010955,2024-06-14,20240614,Producto,46.3,4
T0001255,C05030,O0010959,2025-02-15,20250215,Devolución,16.3,5
T0001256,C05033,O0010966,2025-05-10,20250510,Pago,26.0,4
T0001257,C05041,O0010983,2025-07-25,20250725,Devolución,10.2,4
T0001258,C05042,O0010984,2024-01-06,20240106,Entrega,10.0,5
T0001259,C05042,O0010988,2025-10-04,20251004,Pago,15.9,4
T0001260,C05042,O0010989,2025-09-30,20250930,Devolución,15.7,3
T0001261,C05045,O0010996,2025-07-06,20250706,Devolución,12.0,5
T0001262,C05045,O0010998,2025-09-13,20250913,Devolución,4.9,5
T0001263,C05046,O0010999,2025-02-08,20250208,Entrega,22.7,4
T0001264,C05059,O0011018,2023-11-01,20231101,Devolución,47.3,5
T0001265,C05061,O0011024,2025-11-24,20251124,Producto,9.0,4
T0001266,C05063,O0011028,2025-11-07,20251107,Entrega,11.0,2
T0001267,C05066,O0011039,2025-04-18,20250418,Entrega,11.5,2
T0001268,C05068,O0011045,2025-11-17,20251117,Pago,10.3,3
T0001269,C05073,O0011055,2025-11-22,20251122,Entrega,11.3,5
T0001270,C05077,O0011065,2025-06-25,20250625,Cuenta,4.3,4
T0001271,C05081,O0011071,2025-12-31,20251231,Devolución,24.7,5
T0001272,C05085,O0011079,2025-12-31,20251231,Devolución,7.6,5
T0001273,C05086,O0011080,2025-03-04,20250304,Entrega,17.4,3
T0001274,C05087,O0011081,2025-09-11,20250911,Cuenta,8.2,3
T0001275,C05102,O0011118,2025-05-02,20250502,Devolución,4.2,1
T0001276,C05105,O0011129,2023-10-03,20231003,Producto,4.1,5
T0001277,C05106,O0011135,2025-06-04,20250604,Producto,7.8,4
T0001278,C05107,O0011140,2025-03-29,20250329,Devolución,76.2,1
T0001279,C05116,O0011161,2025-11-21,20251121,Devolución,23.0,5
T0001280,C05120,O0011168,2024-02-02,20240202,Entrega,8.6,5
T0001281,C05127,O0011186,2024-01-03,20240103,Devolución,9.0,4
T0001282,C05127,O0011188,2025-09-25,20250925,Producto,8.4,5
T0001283,C05129,O0011192,2025-12-10,20251210,Producto,26.5,4
T0001284,C05132,O0011200,2024-10-12,20241012,Producto,14.3,2
T0001285,C05132,O0011202,2025-06-29,20250629,Devolución,8.3,4
T0001286,C05134,O0011206,2023-12-08,20231208,Producto,3.8,5
T0001287,C05135,O0011208,2025-12-03,20251203,Devolución,12.0,4
T0001288,C05136,O0011210,2024-10-08,20241008,Entrega,33.4,4
T0001289,C05136,O0011215,2025-12-26,20251226,Devolución,2.8,5
T0001290,C05137,O0011218,2025-02-03,20250203,Producto,96.1,3
T0001291,C05139,O0011222,2025-11-16,20251116,Pago,21.5,5
T0001292,C05149,O0011240,2025-07-23,20250723,Entrega,8.9,4
T0001293,C05150,O0011241,2025-10-16,20251016,Producto,15.2,2
T0001294,C05152,O0011248,2025-05-05,20250505,Devolución,14.8,5
T0001295,C05158,O0011264,2023-10-10,20231010,Devolución,5.3,1
T0001296,C05158,O0011267,2025-12-18,20251218,Devolución,4.7,5
T0001297,C05168,O0011285,2024-07-05,20240705,Entrega,11.2,4
T0001298,C05168,O0011287,2025-08-20,20250820,Pago,13.7,1
T0001299,C05180,O0011309,2025-04-23,20250423,Entrega,34.7,3
T0001300,C05184,O0011313,2025-09-07,20250907,Entrega,9.8,4
T0001301,C05187,O0011317,2025-08-11,20250811,Entrega,11.6,3
T0001302,C05190,O0011329,2025-09-27,20250927,Entrega,6.9,3
T0001303,C05196,O0011344,2025-02-28,20250228,Entrega,6.4,3
T0001304,C05204,O0011365,2025-08-14,20250814,Devolución,19.9,3
T0001305,C05205,O0011373,2025-07-22,20250722,Producto,6.3,2
T0001306,C05208,O0011379,2025-10-25,20251025,Cuenta,28.6,4
T0001307,C05218,O0011394,2025-09-09,20250909,Cuenta,20.4,2
T0001308,C05219,O0011397,2024-06-13,20240613,Devolución,34.0,3
T0001309,C05227,O0011410,2024-04-20,20240420,Cuenta,18.8,5
T0001310,C05227,O0011411,2024-07-21,20240721,Producto,16.2,3
T0001311,C05232,O0011426,2025-07-18,20250718,Devolución,39.1,4
T0001312,C05240,O0011437,2025-08-28,20250828,Devolución,12.6,4
T0001313,C05245,O0011446,2024-08-16,20240816,Producto,82.9,5
T0001314,C05252,O0011459,2025-12-03,20251203,Producto,28.0,5
T0001315,C05253,O0011460,2025-10-10,20251010,Cuenta,38.6,5
T0001316,C05257,O0011465,2025-05-06,20250506,Producto,13.3,4
T0001317,C05257,O0011466,2025-12-02,20251202,Devolución,15.2,5
T0001318,C05260,O0011471,2024-12-20,20241220,Producto,11.8,5
T0001319,C05270,O0011488,2025-11-28,20251128,Pago,7.9,4
T0001320,C05279,O0011514,2024-02-26,20240226,Cuenta,27.3,4
T0001321,C05283,O0011524,2025-07-04,20250704,Devolución,6.8,4
T0001322,C05289,O0011534,2025-11-15,20251115,Cuenta,21.4,2
T0001323,C05290,O0011536,2025-01-27,20250127,Entrega,6.7,4
T0001324,C05290,O0011538,2025-10-17,20251017,Entrega,11.8,5
T0001325,C05291,O0011539,2025-07-24,20250724,Cuenta,9.1,5
T0001326,C05295,O0011545,2025-11-28,20251128,Producto,23.0,5
T0001327,C05303,O0011560,2024-10-24,20241024,Devolución,2.5,3
T0001328,C05307,O0011572,2024-06-15,20240615,Cuenta,11.4,4
T0001329,C05313,O0011583,2024-05-11,20240511,Devolución,15.2,5
T0001330,C05314,O0011584,2024-05-14,20240514,Entrega,15.4,5
T0001331,C05322,O0011606,2025-12-31,20251231,Producto,5.0,5
T0001332,C05324,O0011610,2025-10-06,20251006,Producto,14.0,5
T0001333,C05325,O0011613,2025-09-11,20250911,Entrega,12.7,3
T0001334,C05331,O0011630,2024-11-05,20241105,Producto,9.8,4
T0001335,C05333,O0011634,2024-04-09,20240409,Pago,5.6,5
T0001336,C05336,O0011642,2024-08-26,20240826,Devolución,7.3,2
T0001337,C05336,O0011643,2024-10-16,20241016,Cuenta,6.6,5
T0001338,C05341,O0011650,2024-11-21,20241121,Producto,12.0,4
T0001339,C05357,O0011688,2025-10-07,20251007,Entrega,10.6,5
T0001340,C05359,O0011691,2024-10-08,20241008,Devolución,10.3,4
T0001341,C05360,O0011692,2025-10-25,20251025,Producto,8.8,3
T0001342,C05364,O0011699,2025-08-18,20250818,Pago,13.2,5
T0001343,C05370,O0011712,2024-04-13,20240413,Entrega,23.0,4
T0001344,C05370,O0011714,2025-12-31,20251231,Producto,7.5,5
T0001345,C05371,O0011715,2025-11-21,20251121,Producto,5.1,2
T0001346,C05377,O0011723,2025-04-17,20250417,Devolución,24.2,5
T0001347,C05384,O0011737,2024-10-13,20241013,Devolución,12.5,4
T0001348,C05395,O0011762,2025-11-17,20251117,Devolución,17.1,1
T0001349,C05400,O0011774,2025-11-19,20251119,Devolución,18.1,4
T0001350,C05419,O0011810,2025-11-10,20251110,Devolución,6.1,3
T0001351,C05422,O0011813,2025-11-05,20251105,Producto,10.1,5
T0001352,C05428,O0011827,2024-08-21,20240821,Pago,7.1,2
T0001353,C05429,O0011828,2023-08-20,20230820,Producto,7.5,4
T0001354,C05431,O0011835,2025-12-18,20251218,Producto,12.8,3
T0001355,C05431,O0011836,2025-12-28,20251228,Pago,19.2,5
T0001356,C05436,O0011844,2025-12-31,20251231,Entrega,33.1,4
T0001357,C05440,O0011856,2024-12-08,20241208,Devolución,5.0,3
T0001358,C05440,O0011859,2025-09-30,20250930,Pago,55.5,5
T0001359,C05451,O0011886,2024-05-17,20240517,Producto,6.3,5
T0001360,C05451,O0011887,2024-07-06,20240706,Devolución,15.9,3
T0001361,C05453,O0011892,2025-11-12,20251112,Entrega,36.1,3
T0001362,C05457,O0011903,2023-10-22,20231022,Producto,9.9,2
T0001363,C05461,O0011913,2025-09-07,20250907,Producto,6.3,4
T0001364,C05468,O0011928,2024-04-08,20240408,Cuenta,7.7,3
T0001365,C05476,O0011944,2025-12-02,20251202,Entrega,16.0,3
T0001366,C05479,O0011951,2024-09-17,20240917,Producto,12.4,5
T0001367,C05479,O0011952,2024-11-28,20241128,Entrega,6.8,5
T0001368,C05488,O0011967,2025-11-06,20251106,Devolución,8.6,5
T0001369,C05490,O0011969,2024-05-01,20240501,Entrega,5.9,2
T0001370,C05502,O0012003,2024-12-11,20241211,Entrega,2.8,2
T0001371,C05506,O0012012,2025-08-13,20250813,Producto,16.0,1
T0001372,C05516,O0012036,2025-10-18,20251018,Pago,30.3,5
T0001373,C05517,O0012037,2025-02-05,20250205,Entrega,8.2,4
T0001374,C05518,O0012038,2025-01-14,20250114,Producto,27.6,4
T0001375,C05523,O0012044,2025-12-07,20251207,Cuenta,8.1,3
T0001376,C05529,O0012060,2025-01-21,20250121,Entrega,7.5,3
T0001377,C05531,O0012063,2024-09-30,20240930,Entrega,6.3,4
T0001378,C05531,O0012064,2024-11-17,20241117,Entrega,22.8,1
T0001379,C05531,O0012067,2025-05-24,20250524,Devolución,13.3,5
T0001380,C05533,O0012069,2025-11-27,20251127,Pago,5.4,3
T0001381,C05539,O0012083,2025-11-13,20251113,Devolución,24.7,5
T0001382,C05543,O0012095,2024-12-03,20241203,Devolución,19.9,3
T0001383,C05545,O0012102,2025-02-27,20250227,Entrega,19.5,4
T0001384,C05546,O0012104,2025-11-11,20251111,Entrega,13.8,4
T0001385,C05549,O0012114,2024-04-28,20240428,Entrega,12.4,5
T0001386,C05550,O0012117,2025-09-17,20250917,Entrega,5.2,5
T0001387,C05552,O0012120,2024-10-01,20241001,Entrega,21.7,5
T0001388,C05552,O0012121,2024-12-11,20241211,Entrega,11.6,2
T0001389,C05565,O0012151,2024-01-26,20240126,Producto,3.2,4
T0001390,C05566,O0012155,2025-05-21,20250521,Pago,23.8,3
T0001391,C05568,O0012160,2025-12-31,20251231,Devolución,9.0,1
T0001392,C05570,O0012166,2025-01-31,20250131,Producto,20.0,4
T0001393,C05578,O0012181,2025-11-19,20251119,Pago,3.7,3
T0001394,C05581,O0012186,2025-11-19,20251119,Producto,9.3,5
T0001395,C05582,O0012187,2025-11-22,20251122,Devolución,12.5,4
T0001396,C05584,O0012190,2024-07-25,20240725,Cuenta,3.2,3
T0001397,C05584,O0012191,2024-09-20,20240920,Producto,8.4,3
T0001398,C05589,O0012206,2025-05-20,20250520,Producto,5.6,3
T0001399,C05592,O0012213,2025-11-10,20251110,Pago,31.9,5
T0001400,C05597,O0012223,2025-11-25,20251125,Producto,13.0,5
T0001401,C05606,O0012238,2023-05-29,20230529,Producto,15.1,4
T0001402,C05606,O0012241,2025-10-20,20251020,Cuenta,12.3,5
T0001403,C05609,O0012250,2025-12-01,20251201,Producto,18.6,2
T0001404,C05610,O0012251,2024-11-15,20241115,Cuenta,5.6,3
T0001405,C05613,O0012258,2025-11-14,20251114,Entrega,14.5,4
T0001406,C05615,O0012261,2025-07-28,20250728,Cuenta,12.4,2
T0001407,C05619,O0012266,2025-09-04,20250904,Devolución,9.5,1
T0001408,C05624,O0012280,2025-10-22,20251022,Producto,5.7,5
T0001409,C05630,O0012291,2024-11-21,20241121,Pago,11.2,3
T0001410,C05630,O0012294,2025-12-31,20251231,Entrega,12.4,4
T0001411,C05634,O0012304,2024-10-27,20241027,Devolución,36.6,1
T0001412,C05638,O0012309,2025-01-14,20250114,Producto,4.3,4
T0001413,C05646,O0012328,2025-11-21,20251121,Devolución,14.3,5
T0001414,C05654,O0012339,2025-06-27,20250627,Pago,4.3,2
T0001415,C05660,O0012355,2025-07-24,20250724,Devolución,23.8,2
T0001416,C05667,O0012371,2025-06-21,20250621,Cuenta,7.0,4
T0001417,C05674,O0012387,2025-12-29,20251229,Pago,9.0,5
T0001418,C05676,O0012391,2024-10-31,20241031,Entrega,7.7,5
T0001419,C05687,O0012411,2025-08-05,20250805,Entrega,10.2,4
T0001420,C05689,O0012416,2025-10-30,20251030,Pago,5.9,5
T0001421,C05693,O0012424,2025-12-17,20251217,Producto,9.3,3
T0001422,C05704,O0012446,2025-09-28,20250928,Producto,13.5,3
T0001423,C05714,O0012465,2025-06-19,20250619,Producto,10.5,5
T0001424,C05718,O0012471,2025-08-26,20250826,Pago,10.1,1
T0001425,C05719,O0012474,2023-07-28,20230728,Devolución,10.2,3
T0001426,C05726,O0012491,2025-04-22,20250422,Entrega,13.8,2
T0001427,C05730,O0012508,2024-08-16,20240816,Devolución,14.2,3
T0001428,C05730,O0012509,2024-08-06,20240806,Entrega,24.8,4
T0001429,C05733,O0012516,2025-12-22,20251222,Devolución,16.9,5
T0001430,C05736,O0012521,2025-04-26,20250426,Devolución,33.7,5
T0001431,C05738,O0012525,2025-12-31,20251231,Entrega,19.1,5
T0001432,C05739,O0012526,2024-08-05,20240805,Entrega,3.6,5
T0001433,C05739,O0012527,2024-09-29,20240929,Devolución,9.2,3
T0001434,C05745,O0012539,2023-04-20,20230420,Pago,31.8,3
T0001435,C05753,O0012561,2023-05-15,20230515,Cuenta,18.6,3
T0001436,C05760,O0012576,2023-10-24,20231024,Pago,14.5,5
T0001437,C05760,O0012578,2025-04-22,20250422,Pago,21.3,3
T0001438,C05762,O0012582,2025-09-28,20250928,Producto,6.6,3
T0001439,C05765,O0012591,2025-03-31,20250331,Cuenta,8.4,5
T0001440,C05765,O0012593,2025-09-25,20250925,Entrega,27.1,3
T0001441,C05766,O0012594,2024-09-07,20240907,Devolución,7.9,4
T0001442,C05768,O0012598,2024-09-28,20240928,Devolución,23.1,4
T0001443,C05770,O0012603,2025-12-02,20251202,Producto,11.2,5
T0001444,C05779,O0012616,2025-12-24,20251224,Producto,34.3,1
T0001445,C05780,O0012621,2025-10-31,20251031,Pago,51.0,2
T0001446,C05782,O0012626,2023-11-10,20231110,Entrega,6.2,4
T0001447,C05788,O0012639,2025-03-05,20250305,Devolución,23.5,2
T0001448,C05796,O0012655,2025-09-18,20250918,Producto,12.9,3
T0001449,C05802,O0012664,2024-04-09,20240409,Producto,9.4,4
T0001450,C05807,O0012679,2024-12-30,20241230,Entrega,15.4,3
T0001451,C05811,O0012689,2025-12-31,20251231,Producto,8.0,4
T0001452,C05816,O0012699,2025-11-25,20251125,Producto,5.0,2
T0001453,C05821,O0012708,2025-11-10,20251110,Producto,3.1,5
T0001454,C05822,O0012710,2025-06-30,20250630,Producto,53.6,4
T0001455,C05824,O0012716,2025-11-30,20251130,Producto,19.4,1
T0001456,C05832,O0012729,2025-10-14,20251014,Devolución,8.8,4
T0001457,C05835,O0012736,2025-11-13,20251113,Producto,28.9,4
T0001458,C05840,O0012742,2025-04-14,20250414,Entrega,18.4,4
T0001459,C05843,O0012747,2025-11-09,20251109,Entrega,14.9,4
T0001460,C05844,O0012750,2025-12-08,20251208,Pago,3.1,4
T0001461,C05845,O0012751,2025-12-10,20251210,Devolución,5.4,2
T0001462,C05853,O0012770,2024-10-09,20241009,Entrega,13.6,5
T0001463,C05865,O0012795,2025-11-12,20251112,Entrega,15.7,1
T0001464,C05870,O0012804,2025-11-21,20251121,Entrega,29.7,3
T0001465,C05874,O0012811,2025-04-09,20250409,Entrega,12.6,3
T0001466,C05877,O0012817,2025-09-11,20250911,Producto,13.9,3
T0001467,C05879,O0012821,2025-07-13,20250713,Entrega,4.1,5
T0001468,C05880,O0012825,2025-12-31,20251231,Devolución,15.7,5
T0001469,C05881,O0012826,2025-02-23,20250223,Cuenta,14.3,3
T0001470,C05882,O0012828,2025-12-03,20251203,Entrega,8.1,5
T0001471,C05885,O0012835,2025-06-10,20250610,Devolución,6.2,3
T0001472,C05885,O0012837,2025-12-01,20251201,Cuenta,10.5,2
T0001473,C05886,O0012838,2025-06-21,20250621,Pago,24.1,4
T0001474,C05887,O0012841,2025-12-31,20251231,Producto,3.2,1
T0001475,C05888,O0012842,2023-11-10,20231110,Entrega,10.7,5
T0001476,C05888,O0012843,2023-12-14,20231214,Producto,24.7,2
T0001477,C05889,O0012848,2025-11-27,20251127,Entrega,28.7,2
T0001478,C05893,O0012859,2025-04-28,20250428,Cuenta,23.9,5
T0001479,C05893,O0012860,2025-08-12,20250812,Pago,36.5,3
T0001480,C05897,O0012870,2023-05-28,20230528,Devolución,6.5,5
T0001481,C05906,O0012887,2023-10-27,20231027,Devolución,15.5,4
T0001482,C05910,O0012894,2025-09-06,20250906,Entrega,26.4,5
T0001483,C05914,O0012904,2025-12-13,20251213,Producto,6.8,4
T0001484,C05915,O0012906,2025-12-31,20251231,Producto,5.3,5
T0001485,C05916,O0012908,2025-11-29,20251129,Pago,10.2,5
T0001486,C05917,O0012911,2025-08-20,20250820,Cuenta,20.0,1
T0001487,C05920,O0012917,2025-10-17,20251017,Cuenta,14.3,4
T0001488,C05924,O0012923,2025-11-11,20251111,Entrega,19.9,5
T0001489,C05924,O0012924,2025-11-01,20251101,Devolución,16.1,1
T0001490,C05927,O0012930,2025-11-13,20251113,Entrega,11.5,3
T0001491,C05929,O0012932,2023-09-06,20230906,Cuenta,13.4,5
T0001492,C05933,O0012942,2025-12-31,20251231,Entrega,13.6,4
T0001493,C05934,O0012943,2025-12-05,20251205,Producto,17.3,4
T0001494,C05935,O0012944,2025-07-04,20250704,Devolución,14.9,5
T0001495,C05936,O0012950,2025-04-07,20250407,Devolución,21.6,4
T0001496,C05946,O0012971,2025-03-24,20250324,Producto,6.3,3
T0001497,C05949,O0012981,2025-12-15,20251215,Entrega,10.3,2
T0001498,C05968,O0013024,2025-10-25,20251025,Pago,102.2,5
T0001499,C05969,O0013026,2025-12-08,20251208,Producto,11.7,3
T0001500,C05970,O0013027,2024-02-08,20240208,Entrega,9.3,5
T0001501,C05977,O0013044,2025-11-02,20251102,Devolución,9.6,4
T0001502,C05979,O0013051,2025-01-04,20250104,Entrega,27.3,4
T0001503,C05990,O0013078,2024-10-09,20241009,Producto,9.9,5
T0001504,C05996,O0013096,2025-12-06,20251206,Devolución,17.4,3
T0001505,C06001,O0013104,2024-12-02,20241202,Cuenta,9.7,4
T0001506,C06004,O0013108,2025-03-24,20250324,Pago,22.3,3
T0001507,C06006,O0013112,2024-07-02,20240702,Entrega,6.8,3
T0001508,C06014,O0013130,2025-11-27,20251127,Devolución,4.1,3
T0001509,C06018,O0013142,2024-05-27,20240527,Producto,25.8,1
T0001510,C06023,O0013150,2025-04-20,20250420,Producto,15.1,5
T0001511,C06025,O0013153,2024-09-17,20240917,Producto,17.8,2
T0001512,C06025,O0013154,2025-04-30,20250430,Devolución,5.8,4
T0001513,C06027,O0013162,2025-11-15,20251115,Producto,3.6,3
T0001514,C06040,O0013186,2025-04-02,20250402,Pago,10.2,4
T0001515,C06041,O0013188,2025-07-07,20250707,Devolución,7.4,4
T0001516,C06044,O0013194,2025-07-10,20250710,Entrega,8.3,3
T0001517,C06054,O0013219,2024-12-03,20241203,Devolución,22.7,3
T0001518,C06064,O0013234,2023-09-26,20230926,Pago,28.2,5
T0001519,C06064,O0013237,2025-11-20,20251120,Devolución,12.7,5
T0001520,C06066,O0013245,2024-06-08,20240608,Producto,23.2,5
T0001521,C06068,O0013248,2023-12-01,20231201,Pago,16.3,3
T0001522,C06076,O0013267,2024-01-07,20240107,Entrega,10.4,2
T0001523,C06079,O0013276,2025-11-27,20251127,Entrega,6.2,1
T0001524,C06080,O0013277,2025-09-28,20250928,Entrega,14.3,3
T0001525,C06083,O0013285,2025-02-03,20250203,Devolución,15.3,5
T0001526,C06090,O0013301,2025-09-04,20250904,Producto,8.3,1
T0001527,C06110,O0013345,2025-04-10,20250410,Entrega,13.5,5
T0001528,C06121,O0013372,2024-09-07,20240907,Producto,13.3,3
T0001529,C06121,O0013373,2025-01-05,20250105,Devolución,33.6,2
T0001530,C06126,O0013385,2024-10-22,20241022,Producto,26.0,5
T0001531,C06126,O0013387,2025-07-19,20250719,Producto,18.6,5
T0001532,C06132,O0013404,2025-02-20,20250220,Producto,8.7,2
T0001533,C06133,O0013405,2025-10-21,20251021,Producto,17.6,5
T0001534,C06135,O0013410,2025-01-17,20250117,Cuenta,11.2,2
T0001535,C06137,O0013417,2023-11-08,20231108,Devolución,16.8,4
T0001536,C06139,O0013426,2025-02-22,20250222,Producto,9.7,3
T0001537,C06147,O0013450,2025-12-16,20251216,Producto,20.6,4
T0001538,C06156,O0013467,2025-06-07,20250607,Devolución,23.3,3
T0001539,C06162,O0013482,2024-05-26,20240526,Pago,15.8,5
T0001540,C06164,O0013493,2023-11-16,20231116,Pago,12.7,4
T0001541,C06170,O0013510,2025-11-21,20251121,Entrega,11.6,5
T0001542,C06177,O0013524,2025-09-20,20250920,Producto,23.5,4
T0001543,C06189,O0013557,2024-09-13,20240913,Entrega,12.2,3
T0001544,C06192,O0013566,2024-08-13,20240813,Cuenta,13.2,3
T0001545,C06195,O0013582,2025-04-22,20250422,Entrega,13.2,3
T0001546,C06197,O0013585,2025-03-31,20250331,Entrega,11.4,5
T0001547,C06201,O0013599,2025-12-28,20251228,Cuenta,4.8,3
T0001548,C06204,O0013604,2024-03-21,20240321,Producto,10.0,2
T0001549,C06204,O0013607,2025-12-30,20251230,Producto,16.5,5
T0001550,C06205,O0013608,2024-04-20,20240420,Producto,9.9,5
T0001551,C06210,O0013616,2025-12-08,20251208,Producto,14.3,5
T0001552,C06212,O0013621,2025-03-15,20250315,Producto,14.7,4
T0001553,C06214,O0013624,2025-03-10,20250310,Pago,6.7,4
T0001554,C06218,O0013631,2025-10-21,20251021,Entrega,4.0,3
T0001555,C06222,O0013641,2025-01-18,20250118,Entrega,15.0,3
T0001556,C06224,O0013646,2024-03-22,20240322,Entrega,9.1,4
T0001557,C06229,O0013655,2023-04-19,20230419,Producto,27.1,4
T0001558,C06237,O0013677,2025-11-03,20251103,Devolución,27.0,3
T0001559,C06237,O0013678,2025-12-31,20251231,Pago,6.4,3
T0001560,C06244,O0013688,2025-12-26,20251226,Producto,20.9,2
T0001561,C06252,O0013700,2024-01-22,20240122,Devolución,38.8,3
T0001562,C06254,O0013707,2024-08-10,20240810,Devolución,19.0,2
T0001563,C06256,O0013711,2024-07-06,20240706,Entrega,17.2,1
T0001564,C06259,O0013719,2025-05-03,20250503,Devolución,17.2,5
T0001565,C06261,O0013722,2024-02-12,20240212,Devolución,8.2,4
T0001566,C06262,O0013726,2024-08-08,20240808,Cuenta,3.3,3
T0001567,C06263,O0013729,2024-08-05,20240805,Entrega,5.2,5
T0001568,C06268,O0013736,2024-07-16,20240716,Cuenta,17.9,2
T0001569,C06271,O0013744,2025-05-11,20250511,Devolución,9.0,1
T0001570,C06273,O0013747,2025-09-11,20250911,Pago,8.5,2
T0001571,C06276,O0013753,2025-06-16,20250616,Entrega,29.7,5
T0001572,C06279,O0013758,2024-04-06,20240406,Entrega,5.9,3
T0001573,C06279,O0013759,2024-05-21,20240521,Entrega,17.2,5
T0001574,C06283,O0013776,2025-06-21,20250621,Entrega,3.6,3
T0001575,C06283,O0013777,2025-11-21,20251121,Entrega,19.8,5
T0001576,C06288,O0013798,2024-12-16,20241216,Entrega,29.1,5
T0001577,C06293,O0013806,2025-10-12,20251012,Entrega,1.9,3
T0001578,C06297,O0013817,2025-12-31,20251231,Entrega,14.9,1
T0001579,C06298,O0013818,2025-11-22,20251122,Pago,5.4,4
T0001580,C06300,O0013822,2024-06-07,20240607,Pago,14.5,2
T0001581,C06300,O0013824,2025-07-18,20250718,Producto,14.9,4
T0001582,C06301,O0013825,2025-09-16,20250916,Producto,3.5,5
T0001583,C06302,O0013828,2024-06-30,20240630,Devolución,23.4,4
T0001584,C06311,O0013861,2025-11-14,20251114,Cuenta,24.6,5
T0001585,C06314,O0013868,2023-11-04,20231104,Devolución,7.6,3
T0001586,C06320,O0013878,2025-07-24,20250724,Producto,7.0,2
T0001587,C06321,O0013881,2025-10-15,20251015,Pago,4.0,4
T0001588,C06326,O0013887,2023-07-29,20230729,Devolución,20.9,1
T0001589,C06332,O0013900,2025-12-08,20251208,Entrega,17.4,4
T0001590,C06336,O0013913,2023-12-05,20231205,Producto,6.5,3
T0001591,C06336,O0013914,2024-06-30,20240630,Entrega,7.5,5
T0001592,C06337,O0013916,2025-09-24,20250924,Pago,15.2,3
T0001593,C06338,O0013918,2024-09-01,20240901,Entrega,5.2,3
T0001594,C06341,O0013924,2023-11-28,20231128,Producto,18.9,4
T0001595,C06349,O0013935,2025-11-20,20251120,Entrega,13.5,5
T0001596,C06356,O0013945,2024-05-01,20240501,Producto,15.4,5
T0001597,C06356,O0013947,2024-08-22,20240822,Entrega,5.7,5
T0001598,C06364,O0013961,2024-02-23,20240223,Devolución,5.8,4
T0001599,C06378,O0014000,2025-09-17,20250917,Producto,9.9,4
T0001600,C06380,O0014005,2024-12-31,20241231,Entrega,42.5,1
T0001601,C06397,O0014036,2025-02-24,20250224,Entrega,19.0,2
T0001602,C06404,O0014051,2025-12-31,20251231,Entrega,21.6,4
T0001603,C06405,O0014054,2025-12-11,20251211,Producto,9.7,4
T0001604,C06415,O0014071,2023-10-19,20231019,Producto,10.0,1
T0001605,C06415,O0014074,2025-12-26,20251226,Producto,11.0,3
T0001606,C06416,O0014075,2023-11-09,20231109,Devolución,14.8,3
T0001607,C06416,O0014076,2024-06-24,20240624,Entrega,12.4,5
T0001608,C06419,O0014084,2025-12-02,20251202,Pago,35.6,5
T0001609,C06434,O0014113,2025-03-30,20250330,Producto,34.0,3
T0001610,C06436,O0014117,2023-04-04,20230404,Entrega,17.6,5
T0001611,C06437,O0014119,2025-09-10,20250910,Entrega,13.0,2
T0001612,C06442,O0014132,2024-11-02,20241102,Pago,17.9,4
T0001613,C06445,O0014138,2024-07-12,20240712,Producto,26.8,4
T0001614,C06448,O0014143,2025-03-28,20250328,Entrega,13.5,1
T0001615,C06450,O0014154,2024-09-28,20240928,Producto,13.4,4
T0001616,C06452,O0014160,2025-06-12,20250612,Devolución,3.1,4
T0001617,C06454,O0014163,2025-02-26,20250226,Cuenta,24.1,4
T0001618,C06454,O0014165,2025-12-14,20251214,Entrega,14.6,4
T0001619,C06456,O0014168,2024-08-01,20240801,Pago,8.9,4
T0001620,C06458,O0014172,2024-12-09,20241209,Entrega,9.2,5
T0001621,C06465,O0014186,2023-08-18,20230818,Producto,11.0,1
T0001622,C06468,O0014194,2024-02-09,20240209,Entrega,56.3,1
T0001623,C06468,O0014195,2024-08-26,20240826,Cuenta,8.7,4
T0001624,C06470,O0014202,2025-09-15,20250915,Producto,10.4,5
T0001625,C06471,O0014204,2024-10-29,20241029,Pago,12.0,4
T0001626,C06472,O0014207,2023-11-02,20231102,Entrega,2.2,4
T0001627,C06482,O0014231,2025-09-02,20250902,Producto,25.8,4
T0001628,C06497,O0014266,2025-09-02,20250902,Devolución,5.4,5
T0001629,C06500,O0014271,2025-09-26,20250926,Cuenta,23.8,2
T0001630,C06504,O0014276,2025-09-25,20250925,Producto,28.1,4
T0001631,C06510,O0014285,2024-07-18,20240718,Entrega,7.7,5
T0001632,C06511,O0014287,2024-11-22,20241122,Devolución,11.2,1
T0001633,C06513,O0014299,2024-07-03,20240703,Producto,7.7,3
T0001634,C06514,O0014303,2023-12-10,20231210,Devolución,16.4,5
T0001635,C06514,O0014304,2024-06-20,20240620,Pago,52.7,5
T0001636,C06514,O0014305,2024-10-06,20241006,Entrega,3.7,4
T0001637,C06516,O0014308,2025-05-27,20250527,Devolución,7.8,4
T0001638,C06520,O0014314,2024-09-05,20240905,Devolución,3.7,1
T0001639,C06531,O0014346,2023-07-03,20230703,Devolución,11.3,5
T0001640,C06531,O0014348,2025-04-29,20250429,Pago,10.2,4
T0001641,C06536,O0014355,2025-04-24,20250424,Entrega,16.6,5
T0001642,C06538,O0014359,2025-11-01,20251101,Entrega,11.2,4
T0001643,C06544,O0014372,2025-06-07,20250607,Devolución,3.6,3
T0001644,C06545,O0014374,2024-06-12,20240612,Entrega,17.1,4
T0001645,C06563,O0014414,2025-07-29,20250729,Devolución,13.1,4
T0001646,C06563,O0014415,2025-12-31,20251231,Entrega,11.4,5
T0001647,C06568,O0014425,2023-12-18,20231218,Producto,11.1,3
T0001648,C06578,O0014449,2025-07-16,20250716,Entrega,4.3,3
T0001649,C06580,O0014455,2025-10-15,20251015,Entrega,12.5,5
T0001650,C06585,O0014462,2025-12-31,20251231,Producto,5.5,1
T0001651,C06587,O0014464,2024-12-18,20241218,Entrega,10.0,3
T0001652,C06588,O0014468,2024-07-02,20240702,Pago,9.4,2
T0001653,C06588,O0014470,2024-08-06,20240806,Producto,10.3,3
T0001654,C06590,O0014478,2025-12-29,20251229,Entrega,58.3,1
T0001655,C06599,O0014496,2024-10-19,20241019,Pago,18.3,4
T0001656,C06600,O0014501,2023-11-14,20231114,Pago,46.3,5
T0001657,C06601,O0014505,2023-12-16,20231216,Entrega,41.8,5
T0001658,C06601,O0014510,2025-11-02,20251102,Devolución,27.0,5
T0001659,C06602,O0014512,2025-10-21,20251021,Devolución,17.0,5
T0001660,C06606,O0014522,2024-07-14,20240714,Entrega,7.6,4
T0001661,C06606,O0014524,2025-08-01,20250801,Cuenta,9.7,5
T0001662,C06607,O0014526,2025-10-24,20251024,Pago,29.6,5
T0001663,C06613,O0014542,2025-09-16,20250916,Entrega,8.5,5
T0001664,C06617,O0014555,2025-12-03,20251203,Entrega,14.3,4
T0001665,C06619,O0014557,2024-02-18,20240218,Pago,9.1,5
T0001666,C06619,O0014558,2025-03-12,20250312,Entrega,8.7,5
T0001667,C06621,O0014560,2024-05-15,20240515,Producto,10.4,4
T0001668,C06631,O0014578,2025-12-31,20251231,Entrega,10.6,2
T0001669,C06636,O0014587,2025-04-11,20250411,Entrega,12.1,4
T0001670,C06638,O0014594,2025-06-03,20250603,Entrega,12.0,5
T0001671,C06651,O0014616,2025-10-29,20251029,Entrega,8.0,3
T0001672,C06655,O0014623,2023-11-20,20231120,Entrega,17.3,5
T0001673,C06657,O0014626,2025-08-08,20250808,Producto,15.4,4
T0001674,C06662,O0014639,2025-12-08,20251208,Entrega,49.6,4
T0001675,C06673,O0014668,2025-10-04,20251004,Pago,13.6,3
T0001676,C06686,O0014695,2023-09-01,20230901,Entrega,27.0,5
T0001677,C06689,O0014710,2025-10-03,20251003,Devolución,21.3,4
T0001678,C06703,O0014735,2024-12-03,20241203,Devolución,19.7,2
T0001679,C06707,O0014750,2025-05-25,20250525,Devolución,6.3,4
T0001680,C06709,O0014759,2024-04-07,20240407,Producto,12.6,4
T0001681,C06709,O0014761,2025-08-26,20250826,Producto,4.2,1
T0001682,C06709,O0014762,2025-10-01,20251001,Producto,13.7,2
T0001683,C06711,O0014768,2024-07-12,20240712,Cuenta,22.3,5
T0001684,C06711,O0014771,2025-06-15,20250615,Producto,7.5,5
T0001685,C06719,O0014784,2024-11-17,20241117,Producto,3.6,2
T0001686,C06724,O0014793,2025-01-17,20250117,Entrega,17.8,5
T0001687,C06730,O0014808,2025-12-31,20251231,Entrega,8.1,1
T0001688,C06738,O0014823,2025-08-16,20250816,Entrega,3.9,5
T0001689,C06741,O0014833,2025-12-18,20251218,Devolución,3.6,4
T0001690,C06744,O0014838,2024-10-25,20241025,Producto,6.7,4
T0001691,C06745,O0014839,2025-08-07,20250807,Devolución,8.1,5
T0001692,C06745,O0014840,2025-09-13,20250913,Producto,29.6,2
T0001693,C06753,O0014854,2025-01-27,20250127,Devolución,7.8,3
T0001694,C06753,O0014855,2025-03-24,20250324,Entrega,8.1,4
T0001695,C06753,O0014856,2025-04-01,20250401,Entrega,25.0,4
T0001696,C06753,O0014857,2025-04-23,20250423,Devolución,17.1,3
T0001697,C06762,O0014873,2025-10-31,20251031,Devolución,9.9,4
T0001698,C06771,O0014887,2025-12-31,20251231,Entrega,20.3,5
T0001699,C06777,O0014898,2025-04-21,20250421,Producto,8.6,3
T0001700,C06778,O0014903,2024-06-05,20240605,Producto,6.0,3
T0001701,C06779,O0014912,2025-02-23,20250223,Devolución,27.0,5
T0001702,C06787,O0014931,2025-12-14,20251214,Producto,13.4,4
T0001703,C06789,O0014936,2025-12-30,20251230,Cuenta,36.8,3
T0001704,C06790,O0014937,2025-12-27,20251227,Pago,7.6,4
T0001705,C06795,O0014945,2025-04-07,20250407,Pago,3.4,1
T0001706,C06795,O0014946,2025-04-10,20250410,Producto,11.8,3
T0001707,C06796,O0014949,2025-11-25,20251125,Devolución,14.8,5
T0001708,C06812,O0014984,2025-10-04,20251004,Devolución,8.8,5
T0001709,C06815,O0014988,2024-12-04,20241204,Devolución,6.7,2
T0001710,C06815,O0014990,2025-05-11,20250511,Producto,5.4,2
T0001711,C06821,O0015003,2025-12-24,20251224,Entrega,12.7,4
T0001712,C06824,O0015007,2023-06-20,20230620,Cuenta,15.5,1
T0001713,C06827,O0015017,2025-12-24,20251224,Devolución,8.0,4
T0001714,C06828,O0015018,2023-07-27,20230727,Producto,8.1,5
T0001715,C06828,O0015023,2025-09-05,20250905,Producto,21.4,5
T0001716,C06830,O0015027,2025-02-06,20250206,Entrega,13.5,4
T0001717,C06836,O0015044,2025-06-13,20250613,Pago,8.9,3
T0001718,C06841,O0015058,2024-08-29,20240829,Entrega,5.0,4
T0001719,C06842,O0015063,2025-08-18,20250818,Devolución,3.2,5
T0001720,C06845,O0015070,2024-10-03,20241003,Entrega,39.8,5
T0001721,C06848,O0015075,2025-12-31,20251231,Cuenta,6.1,1
T0001722,C06849,O0015076,2024-03-01,20240301,Devolución,10.0,4
T0001723,C06849,O0015078,2025-08-20,20250820,Producto,7.0,4
T0001724,C06853,O0015083,2025-05-08,20250508,Devolución,12.4,4
T0001725,C06854,O0015088,2025-03-20,20250320,Entrega,21.6,1
T0001726,C06862,O0015104,2025-01-31,20250131,Entrega,7.7,3
T0001727,C06863,O0015106,2025-10-18,20251018,Entrega,8.3,5
T0001728,C06863,O0015107,2025-11-21,20251121,Producto,10.5,4
T0001729,C06872,O0015126,2025-01-28,20250128,Entrega,30.9,5
T0001730,C06872,O0015130,2025-12-05,20251205,Producto,11.3,5
T0001731,C06874,O0015136,2025-12-24,20251224,Cuenta,8.3,4
T0001732,C06880,O0015146,2025-05-04,20250504,Entrega,56.0,4
T0001733,C06889,O0015163,2025-02-27,20250227,Devolución,23.3,4
T0001734,C06892,O0015175,2024-05-24,20240524,Producto,9.8,3
T0001735,C06895,O0015179,2025-04-05,20250405,Producto,29.5,5
T0001736,C06897,O0015182,2024-07-25,20240725,Entrega,20.1,3
T0001737,C06898,O0015185,2025-09-01,20250901,Cuenta,14.1,3
T0001738,C06900,O0015187,2025-12-29,20251229,Producto,50.6,5
T0001739,C06909,O0015207,2024-03-07,20240307,Producto,12.3,5
T0001740,C06911,O0015211,2025-05-23,20250523,Producto,12.9,3
T0001741,C06912,O0015213,2025-08-19,20250819,Producto,28.0,1
T0001742,C06913,O0015214,2024-04-11,20240411,Producto,34.6,5
T0001743,C06913,O0015216,2025-11-29,20251129,Producto,9.0,3
T0001744,C06921,O0015230,2023-11-29,20231129,Producto,36.4,2
T0001745,C06921,O0015232,2025-10-04,20251004,Entrega,5.4,4
T0001746,C06929,O0015246,2025-10-11,20251011,Devolución,29.9,5
T0001747,C06933,O0015252,2023-12-01,20231201,Producto,10.4,3
T0001748,C06934,O0015256,2025-12-25,20251225,Devolución,32.3,5
T0001749,C06936,O0015258,2025-04-06,20250406,Producto,10.3,5
T0001750,C06952,O0015295,2024-06-29,20240629,Producto,9.3,3
T0001751,C06959,O0015307,2024-06-08,20240608,Producto,5.2,4
T0001752,C06964,O0015322,2025-07-25,20250725,Devolución,6.0,5
T0001753,C06964,O0015323,2025-12-31,20251231,Devolución,9.7,3
T0001754,C06969,O0015335,2025-01-07,20250107,Producto,2.8,3
T0001755,C06970,O0015338,2025-09-22,20250922,Pago,15.4,3
T0001756,C06971,O0015343,2025-10-17,20251017,Pago,12.8,4
T0001757,C06974,O0015348,2025-01-21,20250121,Devolución,11.3,3
T0001758,C06979,O0015357,2025-11-27,20251127,Entrega,3.2,5
T0001759,C06984,O0015366,2024-09-07,20240907,Devolución,3.5,4
T0001760,C06997,O0015389,2025-04-03,20250403,Pago,6.0,4
T0001761,C06997,O0015391,2025-11-25,20251125,Producto,20.8,5
T0001762,C07000,O0015395,2025-08-18,20250818,Devolución,13.4,4
T0001763,C07000,O0015397,2025-09-28,20250928,Devolución,17.8,5
T0001764,C07000,O0015399,2025-12-31,20251231,Entrega,2.1,5
T0001765,C07005,O0015409,2025-01-16,20250116,Entrega,17.5,3
T0001766,C07008,O0015417,2025-11-27,20251127,Entrega,7.2,5
T0001767,C07011,O0015423,2024-04-30,20240430,Devolución,18.0,4
T0001768,C07014,O0015432,2025-11-19,20251119,Producto,13.2,3
T0001769,C07017,O0015440,2025-12-11,20251211,Entrega,2.9,2
T0001770,C07018,O0015444,2025-04-05,20250405,Devolución,8.5,5
T0001771,C07021,O0015453,2024-09-03,20240903,Entrega,12.9,3
T0001772,C07022,O0015454,2025-11-06,20251106,Devolución,4.0,4
T0001773,C07047,O0015496,2024-11-28,20241128,Producto,9.2,5
T0001774,C07050,O0015501,2025-05-08,20250508,Cuenta,13.4,3
T0001775,C07052,O0015505,2024-06-15,20240615,Pago,14.5,4
T0001776,C07065,O0015534,2023-10-30,20231030,Pago,7.3,4
T0001777,C07079,O0015561,2024-12-03,20241203,Producto,32.1,4
T0001778,C07088,O0015579,2025-11-10,20251110,Entrega,28.2,5
T0001779,C07089,O0015581,2024-12-08,20241208,Producto,28.9,3
T0001780,C07091,O0015586,2025-02-21,20250221,Entrega,16.5,5
T0001781,C07091,O0015587,2025-12-31,20251231,Pago,10.0,5
T0001782,C07097,O0015598,2025-11-08,20251108,Producto,8.2,5
T0001783,C07099,O0015604,2025-05-15,20250515,Devolución,13.9,4
T0001784,C07100,O0015605,2025-07-20,20250720,Producto,9.5,1
T0001785,C07100,O0015606,2025-09-22,20250922,Producto,10.5,3
T0001786,C07103,O0015610,2025-04-24,20250424,Entrega,17.6,4
T0001787,C07103,O0015611,2025-07-20,20250720,Producto,9.0,4
T0001788,C07107,O0015615,2025-03-08,20250308,Pago,7.0,4
T0001789,C07107,O0015617,2025-11-25,20251125,Producto,18.4,1
T0001790,C07109,O0015619,2024-09-08,20240908,Cuenta,22.2,4
T0001791,C07111,O0015628,2025-03-01,20250301,Devolución,30.0,1
T0001792,C07113,O0015633,2025-11-08,20251108,Entrega,4.7,3
T0001793,C07119,O0015645,2025-08-28,20250828,Entrega,11.2,3
T0001794,C07120,O0015646,2024-08-13,20240813,Producto,31.6,1
T0001795,C07121,O0015651,2025-07-02,20250702,Entrega,3.1,4
T0001796,C07124,O0015661,2024-07-28,20240728,Producto,14.8,2
T0001797,C07125,O0015665,2024-11-17,20241117,Entrega,11.5,4
T0001798,C07128,O0015670,2025-12-13,20251213,Entrega,13.6,4
T0001799,C07131,O0015674,2024-01-19,20240119,Devolución,23.8,4
T0001800,C07134,O0015679,2025-10-29,20251029,Entrega,6.1,5
T0001801,C07137,O0015688,2025-04-25,20250425,Entrega,16.0,3
T0001802,C07140,O0015696,2024-06-09,20240609,Producto,11.1,3
T0001803,C07140,O0015697,2024-06-17,20240617,Entrega,25.1,4
T0001804,C07145,O0015707,2024-12-24,20241224,Entrega,5.8,3
T0001805,C07155,O0015727,2025-08-04,20250804,Devolución,9.8,4
T0001806,C07157,O0015729,2025-04-05,20250405,Cuenta,17.9,1
T0001807,C07161,O0015736,2024-09-06,20240906,Devolución,8.1,3
T0001808,C07173,O0015754,2025-12-31,20251231,Entrega,12.3,4
T0001809,C07185,O0015778,2025-03-02,20250302,Entrega,11.9,5
T0001810,C07185,O0015779,2025-10-23,20251023,Devolución,16.2,3
T0001811,C07188,O0015785,2024-04-06,20240406,Producto,8.7,4
T0001812,C07189,O0015789,2024-12-25,20241225,Entrega,13.7,1
T0001813,C07192,O0015798,2025-12-18,20251218,Producto,11.6,4
T0001814,C07204,O0015830,2025-04-22,20250422,Producto,10.7,2
T0001815,C07207,O0015835,2025-12-31,20251231,Devolución,17.1,1
T0001816,C07208,O0015836,2024-07-19,20240719,Producto,20.4,5
T0001817,C07216,O0015860,2024-12-08,20241208,Devolución,11.8,5
T0001818,C07225,O0015879,2024-12-23,20241223,Pago,20.4,2
T0001819,C07225,O0015880,2025-02-22,20250222,Entrega,12.2,5
T0001820,C07225,O0015882,2025-05-03,20250503,Entrega,3.8,4
T0001821,C07225,O0015883,2025-10-05,20251005,Devolución,8.8,3
T0001822,C07230,O0015899,2025-12-31,20251231,Devolución,19.5,2
T0001823,C07231,O0015900,2025-02-18,20250218,Entrega,29.7,4
T0001824,C07234,O0015907,2024-12-12,20241212,Producto,10.3,4
T0001825,C07234,O0015908,2025-09-05,20250905,Devolución,9.7,4
T0001826,C07237,O0015917,2025-12-13,20251213,Entrega,3.2,1
T0001827,C07241,O0015930,2025-12-03,20251203,Entrega,4.5,4
T0001828,C07243,O0015933,2024-08-16,20240816,Producto,14.7,2
T0001829,C07246,O0015941,2025-12-31,20251231,Entrega,16.1,2
T0001830,C07252,O0015950,2025-08-28,20250828,Producto,12.8,4
T0001831,C07260,O0015965,2024-01-16,20240116,Devolución,4.4,1
T0001832,C07260,O0015966,2024-11-14,20241114,Devolución,9.5,4
T0001833,C07260,O0015967,2025-12-22,20251222,Producto,14.4,4
T0001834,C07261,O0015968,2025-08-29,20250829,Devolución,18.1,4
T0001835,C07267,O0015980,2025-10-01,20251001,Producto,31.0,3
T0001836,C07269,O0015984,2025-03-26,20250326,Pago,25.4,3
T0001837,C07270,O0015987,2025-12-14,20251214,Entrega,21.8,4
T0001838,C07275,O0015998,2025-02-02,20250202,Producto,2.2,5
T0001839,C07275,O0015999,2025-11-26,20251126,Cuenta,7.2,3
T0001840,C07278,O0016006,2025-12-31,20251231,Cuenta,49.8,4
T0001841,C07284,O0016022,2025-05-30,20250530,Devolución,11.4,2
T0001842,C07284,O0016025,2025-12-08,20251208,Producto,7.3,3
T0001843,C07290,O0016042,2025-01-15,20250115,Devolución,6.2,5
T0001844,C07291,O0016043,2025-03-03,20250303,Devolución,23.1,2
T0001845,C07292,O0016047,2025-07-01,20250701,Cuenta,8.2,4
T0001846,C07295,O0016052,2024-06-16,20240616,Producto,9.1,2
T0001847,C07295,O0016053,2025-11-27,20251127,Pago,6.0,4
T0001848,C07300,O0016066,2025-08-09,20250809,Entrega,5.0,1
T0001849,C07306,O0016076,2025-04-03,20250403,Cuenta,9.7,4
T0001850,C07306,O0016077,2025-05-12,20250512,Producto,29.9,2
T0001851,C07306,O0016078,2025-09-24,20250924,Cuenta,9.4,5
T0001852,C07308,O0016083,2024-08-12,20240812,Producto,3.7,5
T0001853,C07308,O0016086,2025-08-23,20250823,Entrega,15.9,5
T0001854,C07310,O0016094,2024-07-17,20240717,Devolución,12.5,2
T0001855,C07311,O0016097,2025-08-24,20250824,Producto,9.9,4
T0001856,C07318,O0016117,2025-11-28,20251128,Entrega,2.9,4
T0001857,C07320,O0016119,2024-12-04,20241204,Entrega,6.5,1
T0001858,C07322,O0016126,2024-01-20,20240120,Cuenta,10.5,3
T0001859,C07324,O0016129,2025-12-19,20251219,Entrega,2.4,4
T0001860,C07326,O0016133,2025-08-16,20250816,Producto,18.6,4
T0001861,C07326,O0016134,2025-08-16,20250816,Cuenta,31.9,4
T0001862,C07334,O0016146,2024-03-13,20240313,Devolución,22.1,5
T0001863,C07342,O0016169,2024-11-03,20241103,Producto,13.0,3
T0001864,C07342,O0016170,2025-01-28,20250128,Devolución,32.2,3
T0001865,C07345,O0016174,2025-06-14,20250614,Entrega,9.7,4
T0001866,C07346,O0016178,2025-12-04,20251204,Entrega,17.7,5
T0001867,C07348,O0016180,2024-04-29,20240429,Devolución,8.6,4
T0001868,C07352,O0016187,2025-08-28,20250828,Devolución,17.3,3
T0001869,C07356,O0016196,2024-10-20,20241020,Entrega,17.5,3
T0001870,C07357,O0016200,2025-10-17,20251017,Producto,6.6,3
T0001871,C07357,O0016201,2025-11-29,20251129,Producto,2.5,5
T0001872,C07360,O0016206,2023-04-17,20230417,Devolución,26.7,1
T0001873,C07367,O0016223,2025-09-13,20250913,Entrega,4.8,4
T0001874,C07373,O0016233,2025-07-22,20250722,Pago,2.8,4
T0001875,C07375,O0016239,2025-12-26,20251226,Entrega,9.1,5
T0001876,C07383,O0016256,2024-02-20,20240220,Cuenta,6.5,5
T0001877,C07389,O0016270,2025-12-18,20251218,Pago,18.0,2
T0001878,C07396,O0016281,2024-07-24,20240724,Devolución,11.9,3
T0001879,C07396,O0016283,2025-11-08,20251108,Producto,16.7,4
T0001880,C07414,O0016319,2023-12-23,20231223,Pago,7.6,4
T0001881,C07415,O0016324,2025-11-10,20251110,Entrega,17.7,4
T0001882,C07418,O0016330,2025-04-13,20250413,Pago,24.1,4
T0001883,C07423,O0016341,2025-12-08,20251208,Pago,8.8,3
T0001884,C07424,O0016342,2025-11-21,20251121,Entrega,13.3,4
T0001885,C07425,O0016343,2025-12-31,20251231,Devolución,5.4,2
T0001886,C07427,O0016349,2025-07-13,20250713,Pago,12.9,5
T0001887,C07436,O0016369,2025-12-17,20251217,Producto,16.8,5
T0001888,C07445,O0016387,2025-07-15,20250715,Entrega,8.8,4
T0001889,C07449,O0016402,2025-06-23,20250623,Cuenta,14.3,2
T0001890,C07451,O0016406,2025-09-19,20250919,Producto,8.0,1
T0001891,C07455,O0016413,2025-03-28,20250328,Entrega,31.5,2
T0001892,C07460,O0016422,2025-08-25,20250825,Entrega,14.2,5
T0001893,C07469,O0016440,2025-09-25,20250925,Devolución,17.4,4
T0001894,C07470,O0016444,2024-05-07,20240507,Entrega,32.7,4
T0001895,C07487,O0016481,2025-11-18,20251118,Entrega,4.6,5
T0001896,C07490,O0016489,2025-08-24,20250824,Producto,19.9,5
T0001897,C07491,O0016491,2023-12-14,20231214,Devolución,20.6,3
T0001898,C07492,O0016493,2025-11-24,20251124,Devolución,9.0,5
T0001899,C07502,O0016509,2025-03-15,20250315,Entrega,54.0,4
T0001900,C07503,O0016513,2025-11-26,20251126,Producto,10.2,4
T0001901,C07504,O0016514,2024-08-20,20240820,Producto,7.3,4
T0001902,C07504,O0016516,2025-03-27,20250327,Devolución,29.9,4
T0001903,C07504,O0016517,2025-05-26,20250526,Devolución,36.9,5
T0001904,C07507,O0016523,2025-12-22,20251222,Cuenta,4.8,5
T0001905,C07509,O0016525,2025-01-16,20250116,Entrega,17.9,1
T0001906,C07521,O0016552,2025-12-31,20251231,Producto,21.2,4
T0001907,C07525,O0016558,2024-05-30,20240530,Entrega,15.0,2
T0001908,C07526,O0016562,2025-12-25,20251225,Entrega,8.4,3
T0001909,C07530,O0016569,2024-03-06,20240306,Cuenta,20.5,4
T0001910,C07536,O0016580,2025-05-30,20250530,Entrega,13.1,4
T0001911,C07538,O0016585,2025-01-27,20250127,Entrega,5.0,4
T0001912,C07539,O0016588,2025-07-20,20250720,Devolución,4.2,4
T0001913,C07540,O0016590,2025-02-08,20250208,Devolución,10.0,5
T0001914,C07556,O0016617,2024-12-21,20241221,Producto,5.7,3
T0001915,C07560,O0016624,2025-12-07,20251207,Entrega,6.2,5
T0001916,C07560,O0016626,2025-12-19,20251219,Pago,44.0,2
T0001917,C07564,O0016633,2025-08-30,20250830,Entrega,12.9,3
T0001918,C07567,O0016640,2024-05-22,20240522,Entrega,1.8,4
T0001919,C07567,O0016642,2024-08-22,20240822,Producto,14.1,3
T0001920,C07572,O0016661,2025-11-04,20251104,Devolución,20.9,4
T0001921,C07575,O0016671,2025-12-05,20251205,Devolución,22.7,3
T0001922,C07581,O0016679,2024-05-18,20240518,Pago,12.4,5
T0001923,C07582,O0016683,2025-01-05,20250105,Devolución,43.3,3
T0001924,C07585,O0016686,2023-02-09,20230209,Devolución,8.2,3
T0001925,C07587,O0016696,2025-06-12,20250612,Entrega,38.9,4
T0001926,C07595,O0016711,2024-10-16,20241016,Pago,3.7,1
T0001927,C07598,O0016717,2024-05-17,20240517,Devolución,11.6,4
T0001928,C07600,O0016724,2025-12-31,20251231,Producto,16.3,3
T0001929,C07606,O0016739,2024-09-04,20240904,Devolución,10.0,5
T0001930,C07610,O0016752,2025-11-24,20251124,Devolución,13.8,5
T0001931,C07620,O0016778,2025-11-03,20251103,Producto,8.7,3
T0001932,C07627,O0016790,2025-05-03,20250503,Devolución,10.0,5
T0001933,C07639,O0016815,2025-12-07,20251207,Entrega,12.6,2
T0001934,C07643,O0016821,2024-08-24,20240824,Entrega,20.1,3
T0001935,C07648,O0016834,2023-09-24,20230924,Devolución,10.1,5
T0001936,C07660,O0016857,2025-05-29,20250529,Devolución,7.5,5
T0001937,C07661,O0016860,2025-03-26,20250326,Cuenta,17.1,1
T0001938,C07662,O0016863,2024-09-14,20240914,Producto,13.1,1
T0001939,C07664,O0016869,2025-11-08,20251108,Entrega,10.1,1
T0001940,C07673,O0016890,2025-11-02,20251102,Pago,27.1,3
T0001941,C07679,O0016901,2024-05-03,20240503,Entrega,22.7,5
T0001942,C07680,O0016904,2025-03-25,20250325,Producto,9.8,5
T0001943,C07682,O0016912,2025-09-19,20250919,Pago,9.6,4
T0001944,C07686,O0016918,2025-10-26,20251026,Entrega,15.0,4
T0001945,C07693,O0016937,2025-09-10,20250910,Pago,14.4,3
T0001946,C07695,O0016941,2025-08-14,20250814,Producto,2.0,4
T0001947,C07698,O0016951,2025-12-17,20251217,Entrega,8.5,4
T0001948,C07720,O0016993,2024-11-01,20241101,Entrega,12.3,4
T0001949,C07723,O0017002,2025-11-20,20251120,Devolución,17.2,4
T0001950,C07724,O0017004,2024-04-22,20240422,Entrega,3.9,4
T0001951,C07730,O0017018,2025-11-09,20251109,Pago,3.2,3
T0001952,C07739,O0017047,2025-11-21,20251121,Devolución,15.2,4
T0001953,C07740,O0017048,2025-02-26,20250226,Producto,4.1,5
T0001954,C07740,O0017049,2025-06-19,20250619,Pago,11.9,3
T0001955,C07742,O0017054,2025-12-21,20251221,Pago,4.6,4
T0001956,C07753,O0017078,2025-12-27,20251227,Entrega,6.0,2
T0001957,C07763,O0017106,2025-09-27,20250927,Devolución,11.0,5
T0001958,C07771,O0017119,2024-05-10,20240510,Devolución,28.3,5
T0001959,C07772,O0017123,2024-04-26,20240426,Entrega,17.0,2
T0001960,C07783,O0017145,2025-10-13,20251013,Entrega,43.1,4
T0001961,C07792,O0017158,2025-10-29,20251029,Producto,5.5,4
T0001962,C07793,O0017164,2025-08-28,20250828,Producto,26.0,3
T0001963,C07795,O0017167,2023-04-25,20230425,Producto,5.2,4
T0001964,C07797,O0017174,2025-08-19,20250819,Entrega,12.9,5
T0001965,C07800,O0017180,2025-12-06,20251206,Devolución,6.8,5
T0001966,C07803,O0017185,2025-09-19,20250919,Devolución,32.1,2
T0001967,C07813,O0017203,2025-12-12,20251212,Entrega,5.3,2
T0001968,C07821,O0017215,2024-12-19,20241219,Producto,6.0,4
T0001969,C07825,O0017224,2025-07-12,20250712,Devolución,15.0,2
T0001970,C07825,O0017225,2025-11-16,20251116,Producto,13.1,2
T0001971,C07825,O0017226,2025-11-05,20251105,Devolución,2.2,5
T0001972,C07827,O0017230,2025-09-13,20250913,Producto,17.6,2
T0001973,C07831,O0017234,2024-01-24,20240124,Entrega,11.3,4
T0001974,C07831,O0017235,2025-02-26,20250226,Pago,20.8,3
T0001975,C07831,O0017236,2025-05-16,20250516,Entrega,15.1,3
T0001976,C07837,O0017252,2025-11-30,20251130,Pago,3.9,4
T0001977,C07840,O0017259,2024-06-06,20240606,Producto,25.7,1
T0001978,C07845,O0017270,2024-07-16,20240716,Producto,6.9,4
T0001979,C07857,O0017302,2025-05-04,20250504,Devolución,15.5,2
T0001980,C07857,O0017303,2025-12-26,20251226,Pago,15.0,4
T0001981,C07858,O0017307,2025-11-17,20251117,Pago,18.2,4
T0001982,C07859,O0017310,2025-09-14,20250914,Cuenta,8.2,2
T0001983,C07870,O0017325,2024-09-12,20240912,Entrega,12.3,4
T0001984,C07874,O0017337,2024-09-13,20240913,Entrega,18.3,3
T0001985,C07874,O0017339,2025-11-23,20251123,Devolución,5.1,5
T0001986,C07882,O0017353,2025-11-29,20251129,Entrega,20.0,4
T0001987,C07891,O0017371,2024-06-15,20240615,Entrega,4.3,1
T0001988,C07891,O0017372,2024-10-04,20241004,Producto,7.7,2
T0001989,C07899,O0017387,2025-08-29,20250829,Producto,13.2,4
T0001990,C07901,O0017391,2023-10-15,20231015,Producto,7.2,5
T0001991,C07903,O0017399,2025-07-16,20250716,Pago,9.1,4
T0001992,C07911,O0017419,2025-06-05,20250605,Producto,45.6,1
T0001993,C07911,O0017420,2025-09-10,20250910,Pago,32.0,3
T0001994,C07922,O0017443,2024-09-08,20240908,Devolución,57.5,5
T0001995,C07922,O0017444,2025-10-29,20251029,Cuenta,9.1,5
T0001996,C07939,O0017483,2023-04-03,20230403,Producto,10.8,3
T0001997,C07943,O0017494,2025-04-21,20250421,Devolución,19.3,5
T0001998,C07944,O0017499,2024-05-04,20240504,Producto,16.2,5
T0001999,C07953,O0017518,2025-11-24,20251124,Entrega,47.7,5
T0002000,C07956,O0017526,2025-11-01,20251101,Producto,20.6,3
T0002001,C07960,O0017530,2025-02-15,20250215,Producto,5.8,2
T0002002,C07965,O0017541,2024-08-29,20240829,Entrega,13.1,5
T0002003,C07970,O0017552,2025-07-01,20250701,Producto,5.6,3
T0002004,C07981,O0017571,2025-08-26,20250826,Producto,6.8,4
T0002005,C07983,O0017573,2025-12-08,20251208,Producto,16.8,3
T0002006,C07996,O0017606,2025-05-13,20250513,Devolución,3.7,4
T0002007,C07996,O0017607,2025-07-14,20250714,Devolución,21.8,4
T0002008,C07999,O0017616,2023-11-20,20231120,Devolución,48.6,4
