return_id,order_item_id,customer_id,return_date,return_date_key,return_reason,refund_usd
R0000001,OI00000020,C00006,2025-10-22,20251022,Entrega tardía,86.7
R0000002,OI00000023,C00007,2024-09-19,20240919,Talle / compatibilidad,18.49
R0000003,OI00000035,C00009,2025-12-31,20251231,No era lo esperado,46.15
R0000004,OI00000038,C00010,2024-04-25,20240425,No era lo esperado,30.22
R0000005,OI00000041,C00010,2024-08-18,20240818,Talle / compatibilidad,74.79
R0000006,OI00000042,C00010,2025-09-18,20250918,Entrega tardía,86.12
R0000007,OI00000057,C00013,2025-06-16,20250616,Talle / compatibilidad,132.31
R0000008,OI00000059,C00013,2025-06-13,20250613,Producto defectuoso,87.74
R0000009,OI00000068,C00016,2025-07-11,20250711,Producto defectuoso,153.27
R0000010,OI00000069,C00017,2024-12-12,20241212,Entrega tardía,53.34
R0000011,OI00000083,C00020,2025-12-01,20251201,No era lo esperado,164.79
R0000012,OI00000086,C00022,2024-09-04,20240904,Talle / compatibilidad,416.1
R0000013,OI00000090,C00022,2024-09-07,20240907,Talle / compatibilidad,183.45
R0000014,OI00000105,C00024,2025-12-31,20251231,No era lo esperado,45.51
R0000015,OI00000114,C00026,2025-06-08,20250608,No era lo esperado,144.03
R0000016,OI00000139,C00032,2024-05-18,20240518,No era lo esperado,40.44
R0000017,OI00000146,C00032,2024-12-24,20241224,Producto defectuoso,34.63
R0000018,OI00000152,C00033,2024-07-17,20240717,No era lo esperado,20.24
R0000019,OI00000172,C00039,2024-08-20,20240820,Talle / compatibilidad,306.78
R0000020,OI00000188,C00041,2023-10-30,20231030,No era lo esperado,127.64
R0000021,OI00000199,C00041,2025-06-25,20250625,No era lo esperado,38.62
R0000022,OI00000275,C00059,2025-03-11,20250311,No era lo esperado,68.72
R0000023,OI00000287,C00060,2025-01-26,20250126,Talle / compatibilidad,118.47
R0000024,OI00000335,C00074,2025-10-12,20251012,No era lo esperado,59.17
R0000025,OI00000379,C00084,2025-09-21,20250921,No era lo esperado,17.83
R0000026,OI00000386,C00087,2023-10-10,20231010,Entrega tardía,46.6
R0000027,OI00000438,C00097,2025-06-29,20250629,Entrega tardía,79.99
R0000028,OI00000441,C00099,2025-12-28,20251228,No era lo esperado,52.79
R0000029,OI00000498,C00112,2025-12-31,20251231,Entrega tardía,153.12
R0000030,OI00000505,C00115,2025-10-07,20251007,Talle / compatibilidad,94.38
R0000031,OI00000558,C00124,2025-07-23,20250723,Talle / compatibilidad,109.89
R0000032,OI00000600,C00133,2023-08-13,20230813,No era lo esperado,152.59
R0000033,OI00000610,C00133,2025-12-08,20251208,Entrega tardía,114.26
R0000034,OI00000616,C00135,2025-11-24,20251124,Producto defectuoso,73.72
R0000035,OI00000641,C00142,2023-09-23,20230923,No era lo esperado,54.72
R0000036,OI00000649,C00144,2025-02-16,20250216,Producto defectuoso,74.19
R0000037,OI00000653,C00144,2025-11-25,20251125,Entrega tardía,18.96
R0000038,OI00000668,C00147,2025-12-31,20251231,Entrega tardía,457.19
R0000039,OI00000671,C00149,2025-08-14,20250814,No era lo esperado,25.31
R0000040,OI00000674,C00151,2025-12-09,20251209,Entrega tardía,306.43
R0000041,OI00000679,C00153,2025-09-30,20250930,Producto defectuoso,73.16
R0000042,OI00000680,C00153,2025-09-21,20250921,No era lo esperado,102.67
R0000043,OI00000699,C00158,2024-09-14,20240914,Talle / compatibilidad,89.84
R0000044,OI00000713,C00161,2025-12-31,20251231,Producto defectuoso,56.3
R0000045,OI00000718,C00162,2025-07-10,20250710,Talle / compatibilidad,75.48
R0000046,OI00000720,C00162,2025-10-21,20251021,No era lo esperado,61.57
R0000047,OI00000739,C00167,2024-06-06,20240606,Entrega tardía,49.72
R0000048,OI00000766,C00170,2025-05-12,20250512,Entrega tardía,36.32
R0000049,OI00000783,C00173,2025-12-31,20251231,Producto defectuoso,76.04
R0000050,OI00000796,C00175,2025-12-25,20251225,Entrega tardía,149.41
R0000051,OI00000830,C00183,2024-07-05,20240705,Entrega tardía,21.62
R0000052,OI00000831,C00183,2025-01-12,20250112,Entrega tardía,46.49
R0000053,OI00000838,C00184,2025-02-25,20250225,Entrega tardía,50.4
R0000054,OI00000847,C00185,2025-12-09,20251209,Entrega tardía,773.91
R0000055,OI00000861,C00187,2024-11-19,20241119,Talle / compatibilidad,152.32
R0000056,OI00000863,C00187,2024-11-03,20241103,Talle / compatibilidad,80.77
R0000057,OI00000865,C00187,2025-02-18,20250218,Entrega tardía,56.77
R0000058,OI00000871,C00187,2025-03-29,20250329,Producto defectuoso,70.07
R0000059,OI00000903,C00192,2025-08-30,20250830,No era lo esperado,150.67
R0000060,OI00000919,C00194,2025-11-25,20251125,Talle / compatibilidad,145.17
R0000061,OI00000927,C00198,2025-03-27,20250327,No era lo esperado,103.69
R0000062,OI00000928,C00198,2025-03-24,20250324,No era lo esperado,883.67
R0000063,OI00000934,C00200,2025-12-21,20251221,No era lo esperado,54.63
R0000064,OI00000941,C00202,2025-11-10,20251110,Talle / compatibilidad,220.79
R0000065,OI00000950,C00203,2024-09-05,20240905,Producto defectuoso,46.76
R0000066,OI00000966,C00205,2025-12-31,20251231,No era lo esperado,165.08
R0000067,OI00000987,C00210,2025-08-11,20250811,No era lo esperado,186.62
R0000068,OI00000990,C00210,2025-12-01,20251201,No era lo esperado,348.08
R0000069,OI00001013,C00216,2025-12-11,20251211,Producto defectuoso,88.34
R0000070,OI00001040,C00222,2025-11-24,20251124,Talle / compatibilidad,97.01
R0000071,OI00001041,C00223,2025-10-29,20251029,Entrega tardía,139.3
R0000072,OI00001043,C00224,2023-11-19,20231119,No era lo esperado,45.5
R0000073,OI00001045,C00224,2023-12-03,20231203,Talle / compatibilidad,963.81
R0000074,OI00001052,C00225,2025-06-14,20250614,No era lo esperado,155.78
R0000075,OI00001085,C00230,2025-02-02,20250202,No era lo esperado,354.57
R0000076,OI00001091,C00232,2025-11-14,20251114,Talle / compatibilidad,79.14
R0000077,OI00001092,C00233,2023-06-29,20230629,Talle / compatibilidad,99.07
R0000078,OI00001111,C00234,2025-05-14,20250514,No era lo esperado,31.03
R0000079,OI00001166,C00246,2023-06-29,20230629,Producto defectuoso,38.59
R0000080,OI00001168,C00246,2023-06-28,20230628,Talle / compatibilidad,33.35
R0000081,OI00001193,C00248,2024-11-02,20241102,No era lo esperado,51.87
R0000082,OI00001201,C00251,2024-08-01,20240801,No era lo esperado,62.96
R0000083,OI00001251,C00263,2025-12-15,20251215,Talle / compatibilidad,143.8
R0000084,OI00001252,C00263,2025-12-16,20251216,Producto defectuoso,42.06
R0000085,OI00001270,C00267,2025-05-01,20250501,Entrega tardía,241.22
R0000086,OI00001273,C00267,2025-11-13,20251113,Entrega tardía,184.53
R0000087,OI00001280,C00269,2025-11-26,20251126,Producto defectuoso,43.23
R0000088,OI00001291,C00272,2025-12-28,20251228,No era lo esperado,173.29
R0000089,OI00001297,C00273,2024-10-29,20241029,Talle / compatibilidad,91.79
R0000090,OI00001306,C00275,2025-07-03,20250703,Talle / compatibilidad,72.65
R0000091,OI00001326,C00282,2025-12-18,20251218,No era lo esperado,35.8
R0000092,OI00001330,C00284,2024-09-05,20240905,Talle / compatibilidad,108.07
R0000093,OI00001350,C00292,2023-10-27,20231027,Producto defectuoso,29.58
R0000094,OI00001373,C00295,2024-10-10,20241010,No era lo esperado,97.21
R0000095,OI00001375,C00295,2025-02-28,20250228,Talle / compatibilidad,132.19
R0000096,OI00001386,C00296,2025-03-29,20250329,Talle / compatibilidad,184.77
R0000097,OI00001439,C00310,2023-11-20,20231120,No era lo esperado,90.56
R0000098,OI00001440,C00310,2025-12-06,20251206,Producto defectuoso,144.19
R0000099,OI00001445,C00312,2025-11-13,20251113,No era lo esperado,166.1
R0000100,OI00001447,C00313,2023-07-05,20230705,Talle / compatibilidad,395.37
R0000101,OI00001462,C00315,2025-11-28,20251128,Talle / compatibilidad,69.41
R0000102,OI00001476,C00321,2024-02-15,20240215,Producto defectuoso,44.14
R0000103,OI00001490,C00322,2025-12-05,20251205,No era lo esperado,29.3
R0000104,OI00001523,C00328,2025-05-06,20250506,No era lo esperado,189.32
R0000105,OI00001545,C00332,2025-09-18,20250918,Talle / compatibilidad,57.19
R0000106,OI00001568,C00339,2025-12-25,20251225,Entrega tardía,33.67
R0000107,OI00001588,C00344,2024-11-16,20241116,Talle / compatibilidad,101.72
R0000108,OI00001591,C00344,2025-11-24,20251124,Producto defectuoso,120.57
R0000109,OI00001618,C00352,2025-12-07,20251207,Talle / compatibilidad,69.27
R0000110,OI00001631,C00356,2025-12-31,20251231,No era lo esperado,55.04
R0000111,OI00001668,C00363,2025-11-08,20251108,Entrega tardía,22.18
R0000112,OI00001675,C00365,2025-10-24,20251024,No era lo esperado,64.23
R0000113,OI00001696,C00370,2025-12-21,20251221,Producto defectuoso,51.98
R0000114,OI00001701,C00371,2024-03-15,20240315,No era lo esperado,140.22
R0000115,OI00001714,C00373,2025-11-05,20251105,Producto defectuoso,54.05
R0000116,OI00001732,C00379,2024-10-10,20241010,Talle / compatibilidad,73.36
R0000117,OI00001748,C00383,2025-11-24,20251124,No era lo esperado,157.83
R0000118,OI00001770,C00389,2025-11-27,20251127,Entrega tardía,241.16
R0000119,OI00001785,C00394,2024-11-21,20241121,Talle / compatibilidad,156.37
R0000120,OI00001819,C00399,2025-12-05,20251205,Producto defectuoso,72.5
R0000121,OI00001849,C00408,2023-11-27,20231127,Talle / compatibilidad,139.5
R0000122,OI00001851,C00408,2024-10-08,20241008,Producto defectuoso,124.12
R0000123,OI00001869,C00411,2025-02-12,20250212,Producto defectuoso,80.96
R0000124,OI00001872,C00413,2024-02-07,20240207,Producto defectuoso,95.51
R0000125,OI00001876,C00413,2024-04-23,20240423,Talle / compatibilidad,165.58
R0000126,OI00001881,C00413,2025-12-14,20251214,Producto defectuoso,47.94
R0000127,OI00001907,C00418,2023-05-24,20230524,Talle / compatibilidad,335.98
R0000128,OI00001927,C00424,2025-04-02,20250402,Producto defectuoso,71.32
R0000129,OI00001935,C00424,2025-12-17,20251217,Entrega tardía,194.0
R0000130,OI00001939,C00426,2024-03-27,20240327,Producto defectuoso,130.92
R0000131,OI00001950,C00428,2025-10-11,20251011,Talle / compatibilidad,44.7
R0000132,OI00001958,C00429,2024-05-19,20240519,Talle / compatibilidad,56.6
R0000133,OI00001982,C00434,2025-11-09,20251109,No era lo esperado,37.3
R0000134,OI00001986,C00435,2025-04-06,20250406,Entrega tardía,114.31
R0000135,OI00002012,C00440,2025-12-31,20251231,No era lo esperado,148.56
R0000136,OI00002017,C00443,2023-12-04,20231204,Talle / compatibilidad,173.35
R0000137,OI00002024,C00444,2025-02-25,20250225,No era lo esperado,16.29
R0000138,OI00002029,C00445,2024-07-10,20240710,No era lo esperado,166.66
R0000139,OI00002031,C00445,2024-07-03,20240703,No era lo esperado,161.39
R0000140,OI00002033,C00446,2025-07-06,20250706,Producto defectuoso,70.96
R0000141,OI00002041,C00448,2025-12-31,20251231,Entrega tardía,100.18
R0000142,OI00002052,C00453,2024-11-09,20241109,No era lo esperado,19.29
R0000143,OI00002053,C00453,2025-03-13,20250313,No era lo esperado,74.78
R0000144,OI00002062,C00454,2023-08-26,20230826,Producto defectuoso,299.09
R0000145,OI00002086,C00457,2025-05-24,20250524,No era lo esperado,110.97
R0000146,OI00002095,C00460,2025-07-27,20250727,Entrega tardía,130.42
R0000147,OI00002096,C00460,2025-10-22,20251022,Entrega tardía,70.7
R0000148,OI00002105,C00462,2025-04-21,20250421,Talle / compatibilidad,125.74
R0000149,OI00002155,C00474,2025-08-20,20250820,No era lo esperado,37.17
R0000150,OI00002178,C00482,2025-11-23,20251123,Entrega tardía,151.86
R0000151,OI00002184,C00483,2025-09-29,20250929,No era lo esperado,211.09
R0000152,OI00002189,C00484,2025-10-24,20251024,No era lo esperado,34.27
R0000153,OI00002309,C00508,2025-04-29,20250429,No era lo esperado,107.73
R0000154,OI00002317,C00509,2025-07-03,20250703,No era lo esperado,66.44
R0000155,OI00002359,C00520,2025-12-19,20251219,Producto defectuoso,55.81
R0000156,OI00002361,C00521,2025-05-10,20250510,Producto defectuoso,255.98
R0000157,OI00002398,C00527,2025-12-03,20251203,No era lo esperado,97.25
R0000158,OI00002403,C00527,2025-12-20,20251220,No era lo esperado,51.38
R0000159,OI00002404,C00528,2024-08-01,20240801,Talle / compatibilidad,82.63
R0000160,OI00002424,C00531,2025-12-31,20251231,Talle / compatibilidad,59.47
R0000161,OI00002428,C00532,2025-03-29,20250329,No era lo esperado,85.68
R0000162,OI00002433,C00533,2024-08-31,20240831,No era lo esperado,199.43
R0000163,OI00002436,C00534,2024-05-24,20240524,Talle / compatibilidad,52.92
R0000164,OI00002464,C00538,2023-06-03,20230603,Producto defectuoso,366.94
R0000165,OI00002468,C00538,2023-11-30,20231130,Talle / compatibilidad,380.3
R0000166,OI00002482,C00541,2025-11-22,20251122,Producto defectuoso,158.31
R0000167,OI00002498,C00544,2023-10-03,20231003,No era lo esperado,58.22
R0000168,OI00002531,C00550,2025-05-31,20250531,Producto defectuoso,375.59
R0000169,OI00002536,C00551,2025-09-20,20250920,No era lo esperado,156.26
R0000170,OI00002541,C00552,2024-03-21,20240321,No era lo esperado,42.25
R0000171,OI00002556,C00554,2024-05-01,20240501,No era lo esperado,351.11
R0000172,OI00002586,C00563,2024-07-24,20240724,Producto defectuoso,17.46
R0000173,OI00002600,C00567,2025-01-31,20250131,Talle / compatibilidad,52.9
R0000174,OI00002619,C00571,2025-11-22,20251122,Producto defectuoso,164.19
R0000175,OI00002632,C00573,2025-02-19,20250219,Producto defectuoso,150.17
R0000176,OI00002636,C00573,2025-02-09,20250209,Producto defectuoso,71.02
R0000177,OI00002641,C00574,2024-10-23,20241023,Talle / compatibilidad,48.08
R0000178,OI00002648,C00575,2025-11-07,20251107,Producto defectuoso,325.8
R0000179,OI00002669,C00581,2025-04-15,20250415,No era lo esperado,111.44
R0000180,OI00002679,C00583,2023-05-05,20230505,Producto defectuoso,51.05
R0000181,OI00002686,C00583,2025-10-06,20251006,No era lo esperado,19.05
R0000182,OI00002693,C00584,2025-06-18,20250618,Talle / compatibilidad,70.2
R0000183,OI00002697,C00584,2025-12-21,20251221,Producto defectuoso,55.64
R0000184,OI00002698,C00584,2025-12-31,20251231,Producto defectuoso,35.72
R0000185,OI00002706,C00588,2024-07-30,20240730,No era lo esperado,76.41
R0000186,OI00002725,C00593,2025-10-21,20251021,Talle / compatibilidad,57.56
R0000187,OI00002727,C00594,2025-12-04,20251204,Producto defectuoso,151.85
R0000188,OI00002741,C00599,2025-09-24,20250924,Talle / compatibilidad,73.62
R0000189,OI00002760,C00605,2025-08-27,20250827,No era lo esperado,196.54
R0000190,OI00002790,C00615,2025-12-31,20251231,No era lo esperado,51.41
R0000191,OI00002799,C00617,2025-10-26,20251026,Talle / compatibilidad,48.18
R0000192,OI00002815,C00618,2025-06-28,20250628,No era lo esperado,119.4
R0000193,OI00002816,C00618,2025-07-19,20250719,No era lo esperado,105.24
R0000194,OI00002817,C00618,2025-08-01,20250801,Entrega tardía,134.92
R0000195,OI00002822,C00620,2023-11-13,20231113,Talle / compatibilidad,83.13
R0000196,OI00002852,C00625,2025-10-06,20251006,Talle / compatibilidad,49.72
R0000197,OI00002855,C00626,2025-01-03,20250103,Producto defectuoso,177.13
R0000198,OI00002866,C00628,2025-01-15,20250115,Talle / compatibilidad,69.54
R0000199,OI00002907,C00636,2025-11-20,20251120,Producto defectuoso,34.63
R0000200,OI00002908,C00637,2024-11-10,20241110,Talle / compatibilidad,44.57
R0000201,OI00002909,C00637,2024-11-04,20241104,No era lo esperado,61.91
R0000202,OI00002968,C00651,2024-06-17,20240617,Entrega tardía,207.09
R0000203,OI00002979,C00654,2025-08-09,20250809,Producto defectuoso,194.11
R0000204,OI00002980,C00654,2025-07-25,20250725,No era lo esperado,66.04
R0000205,OI00003000,C00659,2025-06-03,20250603,Talle / compatibilidad,53.95
R0000206,OI00003018,C00663,2025-08-21,20250821,No era lo esperado,134.32
R0000207,OI00003027,C00664,2023-11-20,20231120,Producto defectuoso,104.47
R0000208,OI00003035,C00665,2024-11-04,20241104,Talle / compatibilidad,71.33
R0000209,OI00003036,C00665,2024-12-12,20241212,Producto defectuoso,30.15
R0000210,OI00003037,C00665,2025-10-01,20251001,No era lo esperado,77.28
R0000211,OI00003060,C00673,2025-06-09,20250609,Producto defectuoso,22.82
R0000212,OI00003065,C00674,2023-11-09,20231109,Talle / compatibilidad,47.41
R0000213,OI00003076,C00674,2024-04-10,20240410,No era lo esperado,74.42
R0000214,OI00003115,C00682,2025-06-03,20250603,Producto defectuoso,151.28
R0000215,OI00003144,C00686,2025-12-13,20251213,No era lo esperado,377.76
R0000216,OI00003159,C00690,2025-12-27,20251227,Talle / compatibilidad,64.7
R0000217,OI00003169,C00693,2025-12-19,20251219,Talle / compatibilidad,28.06
R0000218,OI00003173,C00695,2023-11-01,20231101,No era lo esperado,440.8
R0000219,OI00003228,C00703,2025-06-11,20250611,Entrega tardía,76.56
R0000220,OI00003249,C00707,2024-07-13,20240713,Talle / compatibilidad,75.15
R0000221,OI00003251,C00707,2025-09-27,20250927,Producto defectuoso,304.36
R0000222,OI00003254,C00708,2024-12-27,20241227,No era lo esperado,28.76
R0000223,OI00003263,C00712,2025-05-30,20250530,No era lo esperado,50.28
R0000224,OI00003271,C00715,2025-12-31,20251231,Producto defectuoso,239.26
R0000225,OI00003275,C00718,2025-12-31,20251231,Entrega tardía,61.16
R0000226,OI00003309,C00724,2025-09-14,20250914,Talle / compatibilidad,148.9
R0000227,OI00003318,C00725,2025-12-29,20251229,Producto defectuoso,359.19
R0000228,OI00003328,C00727,2025-10-09,20251009,Entrega tardía,699.14
R0000229,OI00003335,C00728,2025-09-25,20250925,No era lo esperado,71.14
R0000230,OI00003359,C00735,2025-12-20,20251220,Entrega tardía,130.38
R0000231,OI00003397,C00745,2025-08-03,20250803,No era lo esperado,300.87
R0000232,OI00003429,C00752,2025-03-22,20250322,Producto defectuoso,234.38
R0000233,OI00003433,C00752,2025-12-28,20251228,No era lo esperado,78.91
R0000234,OI00003451,C00754,2025-11-05,20251105,No era lo esperado,77.04
R0000235,OI00003452,C00754,2025-11-06,20251106,Talle / compatibilidad,54.45
R0000236,OI00003453,C00754,2025-11-09,20251109,Entrega tardía,88.62
R0000237,OI00003461,C00757,2025-06-04,20250604,Talle / compatibilidad,500.31
R0000238,OI00003474,C00760,2025-12-21,20251221,Entrega tardía,71.46
R0000239,OI00003484,C00761,2025-03-04,20250304,Entrega tardía,158.43
R0000240,OI00003487,C00762,2025-02-02,20250202,Producto defectuoso,148.71
R0000241,OI00003492,C00765,2025-01-25,20250125,Producto defectuoso,56.39
R0000242,OI00003503,C00767,2025-09-17,20250917,No era lo esperado,131.92
R0000243,OI00003537,C00778,2024-05-21,20240521,Entrega tardía,72.76
R0000244,OI00003554,C00782,2025-12-31,20251231,Producto defectuoso,48.46
R0000245,OI00003560,C00783,2024-06-17,20240617,Entrega tardía,56.89
R0000246,OI00003584,C00790,2023-05-30,20230530,Talle / compatibilidad,86.36
R0000247,OI00003602,C00791,2025-07-31,20250731,No era lo esperado,45.35
R0000248,OI00003625,C00796,2024-09-28,20240928,Producto defectuoso,209.14
R0000249,OI00003639,C00798,2025-12-31,20251231,No era lo esperado,59.98
R0000250,OI00003652,C00800,2025-12-23,20251223,Producto defectuoso,71.43
R0000251,OI00003654,C00801,2024-10-24,20241024,Talle / compatibilidad,120.06
R0000252,OI00003663,C00805,2025-05-01,20250501,No era lo esperado,134.69
R0000253,OI00003667,C00806,2025-04-19,20250419,No era lo esperado,32.89
R0000254,OI00003672,C00808,2025-06-06,20250606,No era lo esperado,33.07
R0000255,OI00003704,C00816,2025-09-01,20250901,Producto defectuoso,33.36
R0000256,OI00003714,C00817,2025-03-22,20250322,Producto defectuoso,78.83
R0000257,OI00003728,C00818,2025-10-06,20251006,Producto defectuoso,155.05
R0000258,OI00003739,C00821,2025-12-27,20251227,Talle / compatibilidad,36.7
R0000259,OI00003744,C00823,2023-07-27,20230727,Producto defectuoso,394.22
R0000260,OI00003757,C00825,2025-07-30,20250730,Producto defectuoso,224.39
R0000261,OI00003762,C00825,2025-12-31,20251231,Talle / compatibilidad,117.11
R0000262,OI00003814,C00833,2024-11-12,20241112,Producto defectuoso,100.23
R0000263,OI00003825,C00835,2025-12-31,20251231,Talle / compatibilidad,41.27
R0000264,OI00003835,C00838,2025-10-03,20251003,Talle / compatibilidad,74.41
R0000265,OI00003874,C00844,2023-12-13,20231213,No era lo esperado,99.97
R0000266,OI00003876,C00844,2024-06-24,20240624,Talle / compatibilidad,73.19
R0000267,OI00003884,C00844,2025-12-26,20251226,No era lo esperado,110.54
R0000268,OI00003895,C00845,2025-02-10,20250210,Entrega tardía,30.31
R0000269,OI00003901,C00847,2023-06-29,20230629,No era lo esperado,117.4
R0000270,OI00003910,C00847,2024-12-12,20241212,Producto defectuoso,37.0
R0000271,OI00003943,C00852,2025-12-09,20251209,Talle / compatibilidad,173.49
R0000272,OI00003957,C00856,2025-08-04,20250804,Entrega tardía,75.79
R0000273,OI00003985,C00859,2025-11-25,20251125,Talle / compatibilidad,188.73
R0000274,OI00004026,C00872,2024-03-25,20240325,No era lo esperado,104.5
R0000275,OI00004031,C00872,2025-02-09,20250209,Talle / compatibilidad,71.67
R0000276,OI00004036,C00872,2025-02-09,20250209,Entrega tardía,87.21
R0000277,OI00004050,C00874,2024-04-06,20240406,Talle / compatibilidad,185.2
R0000278,OI00004068,C00877,2025-08-08,20250808,Talle / compatibilidad,39.5
R0000279,OI00004117,C00888,2023-09-26,20230926,No era lo esperado,46.84
R0000280,OI00004120,C00888,2025-05-14,20250514,No era lo esperado,102.33
R0000281,OI00004121,C00888,2025-05-06,20250506,No era lo esperado,144.03
R0000282,OI00004122,C00888,2025-05-13,20250513,Entrega tardía,458.37
R0000283,OI00004127,C00889,2023-09-08,20230908,No era lo esperado,24.66
R0000284,OI00004135,C00891,2023-05-13,20230513,No era lo esperado,160.19
R0000285,OI00004140,C00893,2025-12-31,20251231,Talle / compatibilidad,102.26
R0000286,OI00004143,C00894,2025-12-28,20251228,Entrega tardía,126.32
R0000287,OI00004145,C00895,2025-07-16,20250716,Producto defectuoso,127.53
R0000288,OI00004150,C00895,2025-12-29,20251229,No era lo esperado,389.59
R0000289,OI00004167,C00898,2023-08-12,20230812,Talle / compatibilidad,249.63
R0000290,OI00004177,C00899,2024-03-21,20240321,Entrega tardía,27.47
R0000291,OI00004186,C00901,2023-05-04,20230504,No era lo esperado,159.79
R0000292,OI00004189,C00901,2023-06-04,20230604,Talle / compatibilidad,56.12
R0000293,OI00004190,C00901,2023-05-23,20230523,No era lo esperado,76.89
R0000294,OI00004267,C00917,2025-12-28,20251228,Entrega tardía,180.32
R0000295,OI00004269,C00919,2025-10-28,20251028,Entrega tardía,50.97
R0000296,OI00004284,C00923,2024-05-17,20240517,No era lo esperado,69.84
R0000297,OI00004306,C00927,2025-09-30,20250930,Talle / compatibilidad,35.82
R0000298,OI00004311,C00928,2024-07-11,20240711,Producto defectuoso,65.54
R0000299,OI00004314,C00928,2024-07-12,20240712,Producto defectuoso,56.77
R0000300,OI00004316,C00928,2024-07-12,20240712,Producto defectuoso,45.88
R0000301,OI00004335,C00932,2025-10-15,20251015,Talle / compatibilidad,61.49
R0000302,OI00004340,C00933,2025-03-23,20250323,Producto defectuoso,37.6
R0000303,OI00004343,C00934,2025-01-24,20250124,No era lo esperado,80.93
R0000304,OI00004353,C00936,2025-12-31,20251231,No era lo esperado,366.79
R0000305,OI00004356,C00937,2024-07-13,20240713,No era lo esperado,151.79
R0000306,OI00004387,C00943,2025-09-07,20250907,No era lo esperado,165.98
R0000307,OI00004392,C00946,2024-08-15,20240815,Talle / compatibilidad,96.77
R0000308,OI00004399,C00948,2024-10-09,20241009,Entrega tardía,154.46
R0000309,OI00004419,C00952,2024-06-26,20240626,No era lo esperado,153.17
R0000310,OI00004421,C00952,2024-09-05,20240905,No era lo esperado,99.75
R0000311,OI00004424,C00952,2025-10-16,20251016,No era lo esperado,34.91
R0000312,OI00004425,C00952,2025-10-18,20251018,Talle / compatibilidad,99.98
R0000313,OI00004426,C00952,2025-11-10,20251110,Entrega tardía,127.95
R0000314,OI00004431,C00953,2025-06-10,20250610,Talle / compatibilidad,74.29
R0000315,OI00004434,C00954,2024-12-24,20241224,Producto defectuoso,172.01
R0000316,OI00004435,C00954,2025-05-03,20250503,Entrega tardía,48.73
R0000317,OI00004447,C00959,2025-12-31,20251231,Talle / compatibilidad,44.57
R0000318,OI00004475,C00966,2025-06-10,20250610,No era lo esperado,98.64
R0000319,OI00004478,C00967,2025-05-25,20250525,Entrega tardía,1043.67
R0000320,OI00004479,C00968,2025-11-21,20251121,Producto defectuoso,42.03
R0000321,OI00004514,C00977,2024-07-29,20240729,No era lo esperado,113.93
R0000322,OI00004541,C00982,2025-02-27,20250227,Talle / compatibilidad,225.87
R0000323,OI00004549,C00983,2024-09-08,20240908,No era lo esperado,428.25
R0000324,OI00004584,C00993,2025-04-27,20250427,Talle / compatibilidad,33.86
R0000325,OI00004605,C00996,2025-05-26,20250526,Producto defectuoso,75.91
R0000326,OI00004610,C00997,2024-12-01,20241201,Talle / compatibilidad,129.05
R0000327,OI00004624,C00999,2025-10-31,20251031,Entrega tardía,109.67
R0000328,OI00004627,C00999,2025-10-30,20251030,Producto defectuoso,64.51
R0000329,OI00004637,C00999,2025-11-06,20251106,No era lo esperado,22.44
R0000330,OI00004640,C01000,2025-12-31,20251231,Talle / compatibilidad,31.07
R0000331,OI00004642,C01001,2025-06-28,20250628,No era lo esperado,39.82
R0000332,OI00004669,C01006,2025-12-04,20251204,Talle / compatibilidad,31.42
R0000333,OI00004674,C01007,2025-11-25,20251125,No era lo esperado,139.43
R0000334,OI00004677,C01009,2025-05-01,20250501,Entrega tardía,22.71
R0000335,OI00004690,C01013,2023-12-24,20231224,No era lo esperado,72.91
R0000336,OI00004699,C01013,2024-04-15,20240415,Talle / compatibilidad,54.84
R0000337,OI00004734,C01019,2024-10-16,20241016,Talle / compatibilidad,22.44
R0000338,OI00004741,C01020,2024-09-06,20240906,No era lo esperado,223.36
R0000339,OI00004756,C01023,2025-08-28,20250828,No era lo esperado,36.65
R0000340,OI00004757,C01023,2025-09-01,20250901,Talle / compatibilidad,56.65
R0000341,OI00004797,C01031,2025-01-17,20250117,Talle / compatibilidad,129.31
R0000342,OI00004799,C01031,2025-12-31,20251231,Talle / compatibilidad,70.96
R0000343,OI00004811,C01034,2025-05-18,20250518,Talle / compatibilidad,43.74
R0000344,OI00004817,C01035,2024-09-16,20240916,Talle / compatibilidad,287.28
R0000345,OI00004820,C01035,2025-02-15,20250215,No era lo esperado,61.87
R0000346,OI00004827,C01036,2025-04-06,20250406,Entrega tardía,109.46
R0000347,OI00004858,C01043,2025-12-13,20251213,Producto defectuoso,114.36
R0000348,OI00004860,C01044,2024-10-31,20241031,Talle / compatibilidad,145.75
R0000349,OI00004863,C01046,2024-01-10,20240110,Talle / compatibilidad,21.94
R0000350,OI00004866,C01046,2024-03-04,20240304,Entrega tardía,52.97
R0000351,OI00004868,C01047,2025-11-11,20251111,Entrega tardía,34.01
R0000352,OI00004880,C01050,2024-08-09,20240809,Producto defectuoso,83.12
R0000353,OI00004881,C01050,2024-08-22,20240822,No era lo esperado,88.89
R0000354,OI00004887,C01053,2024-07-07,20240707,Talle / compatibilidad,62.78
R0000355,OI00004890,C01053,2025-09-07,20250907,Talle / compatibilidad,16.75
R0000356,OI00004910,C01056,2025-12-25,20251225,No era lo esperado,35.16
R0000357,OI00004926,C01060,2025-09-09,20250909,Producto defectuoso,60.03
R0000358,OI00004942,C01061,2025-12-18,20251218,Talle / compatibilidad,72.85
R0000359,OI00004948,C01062,2025-04-19,20250419,Talle / compatibilidad,34.03
R0000360,OI00004966,C01064,2025-07-19,20250719,Talle / compatibilidad,74.11
R0000361,OI00004974,C01064,2025-12-31,20251231,Producto defectuoso,69.55
R0000362,OI00004988,C01071,2025-02-07,20250207,Entrega tardía,188.59
R0000363,OI00005005,C01075,2025-07-14,20250714,Talle / compatibilidad,78.57
R0000364,OI00005013,C01076,2023-10-13,20231013,Entrega tardía,31.25
R0000365,OI00005032,C01081,2025-12-27,20251227,No era lo esperado,61.16
R0000366,OI00005036,C01083,2025-12-31,20251231,Producto defectuoso,45.72
R0000367,OI00005083,C01097,2025-10-16,20251016,No era lo esperado,74.12
R0000368,OI00005084,C01097,2025-10-25,20251025,No era lo esperado,124.57
R0000369,OI00005086,C01097,2025-10-30,20251030,Producto defectuoso,154.76
R0000370,OI00005090,C01099,2023-10-18,20231018,No era lo esperado,75.66
R0000371,OI00005097,C01099,2025-05-05,20250505,No era lo esperado,59.68
R0000372,OI00005122,C01104,2025-11-17,20251117,Entrega tardía,72.11
R0000373,OI00005138,C01110,2024-12-21,20241221,Entrega tardía,49.85
R0000374,OI00005168,C01115,2024-01-18,20240118,Talle / compatibilidad,81.83
R0000375,OI00005182,C01118,2025-12-31,20251231,Talle / compatibilidad,78.31
R0000376,OI00005183,C01118,2025-12-29,20251229,No era lo esperado,201.39
R0000377,OI00005188,C01119,2025-11-02,20251102,Entrega tardía,393.85
R0000378,OI00005190,C01119,2025-12-05,20251205,Talle / compatibilidad,154.91
R0000379,OI00005231,C01132,2025-08-18,20250818,Talle / compatibilidad,41.11
R0000380,OI00005270,C01143,2025-12-18,20251218,No era lo esperado,83.71
R0000381,OI00005275,C01146,2024-10-06,20241006,Producto defectuoso,52.3
R0000382,OI00005284,C01147,2025-12-25,20251225,Entrega tardía,80.36
R0000383,OI00005296,C01153,2025-10-04,20251004,Entrega tardía,29.06
R0000384,OI00005302,C01154,2025-12-31,20251231,No era lo esperado,76.13
R0000385,OI00005317,C01159,2024-09-10,20240910,No era lo esperado,27.52
R0000386,OI00005346,C01166,2025-01-15,20250115,Talle / compatibilidad,26.06
R0000387,OI00005375,C01175,2023-11-15,20231115,No era lo esperado,106.81
R0000388,OI00005380,C01175,2024-02-12,20240212,Talle / compatibilidad,100.42
R0000389,OI00005401,C01178,2023-12-10,20231210,Entrega tardía,28.32
R0000390,OI00005435,C01184,2024-05-17,20240517,No era lo esperado,74.6
R0000391,OI00005436,C01184,2024-05-09,20240509,Talle / compatibilidad,328.16
R0000392,OI00005444,C01185,2025-10-11,20251011,No era lo esperado,39.66
R0000393,OI00005457,C01189,2025-12-04,20251204,Talle / compatibilidad,56.74
R0000394,OI00005462,C01190,2023-06-10,20230610,Talle / compatibilidad,68.07
R0000395,OI00005466,C01190,2023-12-22,20231222,No era lo esperado,171.07
R0000396,OI00005492,C01196,2025-06-26,20250626,Producto defectuoso,62.68
R0000397,OI00005496,C01197,2025-03-10,20250310,Talle / compatibilidad,321.2
R0000398,OI00005501,C01198,2025-12-27,20251227,Talle / compatibilidad,69.62
R0000399,OI00005532,C01207,2025-12-04,20251204,No era lo esperado,292.34
R0000400,OI00005556,C01211,2025-10-28,20251028,No era lo esperado,92.06
R0000401,OI00005568,C01215,2025-07-26,20250726,Talle / compatibilidad,94.74
R0000402,OI00005578,C01216,2025-07-11,20250711,Talle / compatibilidad,40.88
R0000403,OI00005607,C01221,2024-11-29,20241129,Talle / compatibilidad,169.33
R0000404,OI00005608,C01221,2024-11-30,20241130,Talle / compatibilidad,72.69
R0000405,OI00005609,C01221,2024-12-03,20241203,Producto defectuoso,61.15
R0000406,OI00005625,C01227,2023-09-27,20230927,No era lo esperado,171.55
R0000407,OI00005626,C01227,2023-09-21,20230921,Entrega tardía,115.28
R0000408,OI00005631,C01227,2025-04-06,20250406,No era lo esperado,97.23
R0000409,OI00005633,C01227,2025-07-24,20250724,Producto defectuoso,80.7
R0000410,OI00005634,C01227,2025-12-07,20251207,Talle / compatibilidad,67.38
R0000411,OI00005639,C01229,2025-01-04,20250104,No era lo esperado,97.82
R0000412,OI00005654,C01231,2025-12-25,20251225,Talle / compatibilidad,59.72
R0000413,OI00005658,C01234,2025-05-02,20250502,Producto defectuoso,350.33
R0000414,OI00005659,C01234,2025-12-19,20251219,Producto defectuoso,73.38
R0000415,OI00005667,C01237,2023-08-02,20230802,Talle / compatibilidad,67.38
R0000416,OI00005675,C01237,2025-11-18,20251118,No era lo esperado,82.2
R0000417,OI00005721,C01250,2025-11-20,20251120,Talle / compatibilidad,67.28
R0000418,OI00005723,C01251,2025-08-01,20250801,No era lo esperado,54.05
R0000419,OI00005766,C01258,2025-05-14,20250514,Producto defectuoso,121.7
R0000420,OI00005856,C01277,2025-12-31,20251231,No era lo esperado,187.37
R0000421,OI00005876,C01281,2025-03-12,20250312,Entrega tardía,99.7
R0000422,OI00005889,C01284,2025-06-20,20250620,No era lo esperado,152.06
R0000423,OI00005890,C01284,2025-08-16,20250816,No era lo esperado,151.42
R0000424,OI00005892,C01285,2025-05-21,20250521,No era lo esperado,341.81
R0000425,OI00005893,C01285,2025-05-13,20250513,No era lo esperado,215.24
R0000426,OI00005894,C01285,2025-11-03,20251103,Talle / compatibilidad,53.03
R0000427,OI00005901,C01286,2025-12-04,20251204,No era lo esperado,60.46
R0000428,OI00005908,C01288,2025-01-10,20250110,Talle / compatibilidad,63.14
R0000429,OI00005913,C01289,2023-12-06,20231206,Producto defectuoso,95.94
R0000430,OI00005915,C01289,2023-11-15,20231115,Entrega tardía,82.27
R0000431,OI00005916,C01289,2024-08-03,20240803,No era lo esperado,61.74
R0000432,OI00005918,C01289,2024-11-09,20241109,Producto defectuoso,160.41
R0000433,OI00005919,C01289,2025-12-01,20251201,Entrega tardía,105.32
R0000434,OI00005933,C01292,2025-09-26,20250926,No era lo esperado,58.18
R0000435,OI00005961,C01298,2025-11-30,20251130,Entrega tardía,52.58
R0000436,OI00005970,C01303,2025-03-03,20250303,Producto defectuoso,55.31
R0000437,OI00005975,C01305,2025-12-02,20251202,Entrega tardía,40.64
R0000438,OI00005980,C01308,2025-09-20,20250920,Producto defectuoso,163.24
R0000439,OI00005983,C01309,2024-12-31,20241231,No era lo esperado,116.12
R0000440,OI00006000,C01318,2025-12-15,20251215,Entrega tardía,51.86
R0000441,OI00006006,C01320,2025-09-21,20250921,No era lo esperado,171.72
R0000442,OI00006039,C01328,2024-05-24,20240524,Entrega tardía,50.47
R0000443,OI00006040,C01328,2024-05-24,20240524,Producto defectuoso,488.26
R0000444,OI00006046,C01329,2025-05-11,20250511,Entrega tardía,47.45
R0000445,OI00006049,C01330,2024-09-02,20240902,Producto defectuoso,57.43
R0000446,OI00006070,C01335,2025-10-01,20251001,Producto defectuoso,36.29
R0000447,OI00006079,C01337,2024-12-05,20241205,Entrega tardía,75.07
R0000448,OI00006118,C01345,2024-06-11,20240611,Entrega tardía,187.99
R0000449,OI00006166,C01355,2024-04-24,20240424,No era lo esperado,179.16
R0000450,OI00006177,C01356,2025-01-11,20250111,Producto defectuoso,103.08
R0000451,OI00006193,C01360,2024-07-13,20240713,Talle / compatibilidad,38.78
R0000452,OI00006197,C01360,2025-04-19,20250419,No era lo esperado,59.99
R0000453,OI00006210,C01362,2025-11-08,20251108,Talle / compatibilidad,73.19
R0000454,OI00006223,C01365,2024-09-05,20240905,No era lo esperado,99.31
R0000455,OI00006224,C01365,2024-09-20,20240920,No era lo esperado,33.15
R0000456,OI00006235,C01366,2025-09-10,20250910,Producto defectuoso,111.73
R0000457,OI00006246,C01370,2024-11-26,20241126,Talle / compatibilidad,119.44
R0000458,OI00006248,C01370,2024-11-21,20241121,No era lo esperado,169.26
R0000459,OI00006249,C01370,2025-04-04,20250404,No era lo esperado,175.17
R0000460,OI00006259,C01372,2025-12-31,20251231,No era lo esperado,41.06
R0000461,OI00006265,C01373,2024-07-14,20240714,Producto defectuoso,154.33
R0000462,OI00006274,C01373,2025-12-21,20251221,No era lo esperado,73.16
R0000463,OI00006282,C01376,2025-12-03,20251203,Talle / compatibilidad,58.44
R0000464,OI00006283,C01377,2025-11-08,20251108,Talle / compatibilidad,71.99
R0000465,OI00006295,C01379,2024-09-21,20240921,Talle / compatibilidad,385.22
R0000466,OI00006296,C01379,2025-08-19,20250819,Talle / compatibilidad,223.7
R0000467,OI00006300,C01380,2025-04-23,20250423,Entrega tardía,174.04
R0000468,OI00006333,C01389,2025-12-06,20251206,Producto defectuoso,41.37
R0000469,OI00006350,C01394,2025-08-20,20250820,Talle / compatibilidad,73.69
R0000470,OI00006363,C01395,2025-02-15,20250215,Talle / compatibilidad,167.21
R0000471,OI00006369,C01396,2025-12-08,20251208,Producto defectuoso,74.66
R0000472,OI00006396,C01400,2025-06-28,20250628,Talle / compatibilidad,17.51
R0000473,OI00006415,C01404,2025-12-24,20251224,Talle / compatibilidad,52.79
R0000474,OI00006417,C01405,2024-10-19,20241019,Entrega tardía,118.13
R0000475,OI00006420,C01405,2024-10-21,20241021,No era lo esperado,65.95
R0000476,OI00006436,C01409,2024-12-07,20241207,No era lo esperado,17.57
R0000477,OI00006439,C01410,2024-07-28,20240728,No era lo esperado,61.0
R0000478,OI00006444,C01411,2025-09-24,20250924,Producto defectuoso,71.29
R0000479,OI00006456,C01413,2025-06-22,20250622,Talle / compatibilidad,41.1
R0000480,OI00006460,C01414,2025-05-23,20250523,Producto defectuoso,88.73
R0000481,OI00006481,C01417,2025-12-31,20251231,Producto defectuoso,717.56
R0000482,OI00006501,C01420,2025-09-10,20250910,No era lo esperado,144.22
R0000483,OI00006515,C01422,2025-12-12,20251212,Entrega tardía,44.18
R0000484,OI00006520,C01424,2025-12-07,20251207,Entrega tardía,153.34
R0000485,OI00006522,C01425,2024-03-20,20240320,Producto defectuoso,92.93
R0000486,OI00006533,C01425,2025-12-31,20251231,No era lo esperado,104.11
R0000487,OI00006536,C01426,2025-08-14,20250814,No era lo esperado,159.41
R0000488,OI00006539,C01427,2025-12-30,20251230,No era lo esperado,65.64
R0000489,OI00006560,C01432,2024-03-12,20240312,Producto defectuoso,473.86
R0000490,OI00006567,C01433,2025-11-27,20251127,No era lo esperado,29.54
R0000491,OI00006571,C01434,2024-10-19,20241019,No era lo esperado,32.63
R0000492,OI00006573,C01434,2025-04-28,20250428,Talle / compatibilidad,173.27
R0000493,OI00006577,C01435,2025-12-14,20251214,Entrega tardía,32.9
R0000494,OI00006596,C01439,2025-11-10,20251110,Talle / compatibilidad,65.51
R0000495,OI00006603,C01442,2025-01-29,20250129,No era lo esperado,48.9
R0000496,OI00006616,C01445,2025-12-17,20251217,Producto defectuoso,146.61
R0000497,OI00006630,C01448,2025-11-07,20251107,Producto defectuoso,54.94
R0000498,OI00006632,C01449,2025-06-17,20250617,Entrega tardía,107.52
R0000499,OI00006672,C01456,2023-05-17,20230517,Talle / compatibilidad,71.85
R0000500,OI00006676,C01457,2025-12-03,20251203,Talle / compatibilidad,115.66
R0000501,OI00006682,C01460,2025-11-25,20251125,Producto defectuoso,55.28
R0000502,OI00006683,C01460,2025-11-12,20251112,Talle / compatibilidad,106.43
R0000503,OI00006710,C01466,2025-12-27,20251227,Entrega tardía,48.27
R0000504,OI00006758,C01476,2025-07-23,20250723,Talle / compatibilidad,106.95
R0000505,OI00006782,C01481,2024-12-14,20241214,Talle / compatibilidad,41.05
R0000506,OI00006801,C01482,2025-07-29,20250729,Talle / compatibilidad,53.93
R0000507,OI00006810,C01484,2023-12-30,20231230,Entrega tardía,57.8
R0000508,OI00006839,C01487,2025-12-31,20251231,Talle / compatibilidad,49.56
R0000509,OI00006842,C01488,2023-05-24,20230524,Producto defectuoso,50.47
R0000510,OI00006845,C01488,2024-10-22,20241022,Producto defectuoso,43.98
R0000511,OI00006866,C01491,2024-02-17,20240217,Talle / compatibilidad,124.05
R0000512,OI00006884,C01492,2025-01-07,20250107,No era lo esperado,50.38
R0000513,OI00006886,C01492,2025-10-26,20251026,No era lo esperado,403.71
R0000514,OI00006890,C01493,2024-10-19,20241019,Entrega tardía,101.05
R0000515,OI00006896,C01494,2025-12-31,20251231,Entrega tardía,85.35
R0000516,OI00006919,C01499,2025-12-31,20251231,Entrega tardía,82.45
R0000517,OI00006926,C01501,2025-02-05,20250205,No era lo esperado,147.84
R0000518,OI00006935,C01503,2025-12-07,20251207,Entrega tardía,32.23
R0000519,OI00006944,C01505,2024-10-06,20241006,Producto defectuoso,67.77
R0000520,OI00006953,C01507,2025-12-31,20251231,No era lo esperado,122.2
R0000521,OI00007046,C01523,2024-01-02,20240102,Producto defectuoso,85.86
R0000522,OI00007063,C01526,2024-04-10,20240410,Entrega tardía,43.48
R0000523,OI00007071,C01526,2025-11-10,20251110,Producto defectuoso,57.96
R0000524,OI00007083,C01528,2024-12-31,20241231,Talle / compatibilidad,282.83
R0000525,OI00007084,C01528,2025-01-17,20250117,Talle / compatibilidad,63.44
R0000526,OI00007101,C01530,2025-11-23,20251123,Entrega tardía,129.84
R0000527,OI00007103,C01531,2023-07-20,20230720,Entrega tardía,38.23
R0000528,OI00007128,C01536,2024-05-10,20240510,Talle / compatibilidad,137.35
R0000529,OI00007152,C01538,2025-10-17,20251017,Talle / compatibilidad,1038.29
R0000530,OI00007157,C01540,2025-12-28,20251228,Talle / compatibilidad,52.19
R0000531,OI00007165,C01542,2025-12-24,20251224,Talle / compatibilidad,153.46
R0000532,OI00007172,C01544,2024-10-11,20241011,Producto defectuoso,167.9
R0000533,OI00007176,C01545,2025-12-26,20251226,Talle / compatibilidad,59.3
R0000534,OI00007194,C01551,2023-11-02,20231102,Entrega tardía,82.86
R0000535,OI00007200,C01551,2024-05-13,20240513,Producto defectuoso,134.94
R0000536,OI00007201,C01551,2024-05-29,20240529,Entrega tardía,82.68
R0000537,OI00007209,C01551,2025-08-04,20250804,Entrega tardía,115.68
R0000538,OI00007210,C01551,2025-08-17,20250817,Talle / compatibilidad,122.29
R0000539,OI00007211,C01551,2025-08-25,20250825,No era lo esperado,44.5
R0000540,OI00007214,C01551,2025-12-31,20251231,No era lo esperado,148.41
R0000541,OI00007241,C01562,2025-08-03,20250803,No era lo esperado,141.75
R0000542,OI00007275,C01571,2025-12-28,20251228,Entrega tardía,96.38
R0000543,OI00007283,C01573,2025-09-28,20250928,No era lo esperado,66.21
R0000544,OI00007286,C01574,2025-10-22,20251022,No era lo esperado,28.69
R0000545,OI00007295,C01575,2025-12-02,20251202,Talle / compatibilidad,61.79
R0000546,OI00007308,C01579,2024-06-30,20240630,Producto defectuoso,359.29
R0000547,OI00007323,C01581,2025-10-28,20251028,No era lo esperado,155.19
R0000548,OI00007325,C01581,2025-12-02,20251202,Talle / compatibilidad,155.67
R0000549,OI00007329,C01582,2025-09-28,20250928,Producto defectuoso,285.2
R0000550,OI00007340,C01586,2025-12-31,20251231,Entrega tardía,160.71
R0000551,OI00007341,C01586,2025-12-31,20251231,Talle / compatibilidad,52.57
R0000552,OI00007368,C01593,2024-08-28,20240828,Talle / compatibilidad,354.83
R0000553,OI00007374,C01595,2025-11-28,20251128,Talle / compatibilidad,81.15
R0000554,OI00007385,C01599,2025-08-25,20250825,Producto defectuoso,103.25
R0000555,OI00007394,C01601,2024-12-25,20241225,No era lo esperado,325.55
R0000556,OI00007406,C01604,2024-01-15,20240115,No era lo esperado,202.01
R0000557,OI00007414,C01604,2025-10-17,20251017,No era lo esperado,91.41
R0000558,OI00007418,C01604,2025-12-15,20251215,No era lo esperado,158.32
R0000559,OI00007457,C01615,2023-12-30,20231230,Producto defectuoso,46.98
R0000560,OI00007459,C01615,2023-12-16,20231216,No era lo esperado,71.65
R0000561,OI00007465,C01615,2025-03-19,20250319,Producto defectuoso,18.37
R0000562,OI00007467,C01615,2025-09-27,20250927,Producto defectuoso,73.08
R0000563,OI00007469,C01615,2025-10-08,20251008,No era lo esperado,56.1
R0000564,OI00007470,C01615,2025-10-12,20251012,No era lo esperado,46.32
R0000565,OI00007493,C01621,2024-06-06,20240606,No era lo esperado,94.52
R0000566,OI00007502,C01621,2025-12-26,20251226,Talle / compatibilidad,364.4
R0000567,OI00007529,C01625,2025-08-20,20250820,Talle / compatibilidad,177.8
R0000568,OI00007538,C01629,2024-10-05,20241005,No era lo esperado,52.77
R0000569,OI00007551,C01631,2024-10-03,20241003,No era lo esperado,79.35
R0000570,OI00007569,C01636,2025-12-10,20251210,Producto defectuoso,28.14
R0000571,OI00007575,C01639,2025-07-15,20250715,Talle / compatibilidad,52.3
R0000572,OI00007592,C01643,2025-07-09,20250709,Talle / compatibilidad,115.81
R0000573,OI00007614,C01647,2025-12-14,20251214,No era lo esperado,186.12
R0000574,OI00007617,C01647,2025-12-14,20251214,No era lo esperado,73.44
R0000575,OI00007621,C01648,2025-11-14,20251114,Producto defectuoso,35.46
R0000576,OI00007634,C01652,2023-07-30,20230730,Entrega tardía,87.07
R0000577,OI00007640,C01652,2024-05-31,20240531,Talle / compatibilidad,26.82
R0000578,OI00007653,C01655,2024-01-17,20240117,Talle / compatibilidad,76.47
R0000579,OI00007662,C01656,2025-07-13,20250713,Producto defectuoso,70.9
R0000580,OI00007673,C01658,2025-12-31,20251231,Talle / compatibilidad,47.05
R0000581,OI00007677,C01659,2025-08-17,20250817,No era lo esperado,31.47
R0000582,OI00007696,C01663,2024-02-01,20240201,Producto defectuoso,490.24
R0000583,OI00007701,C01663,2025-11-04,20251104,Talle / compatibilidad,105.97
R0000584,OI00007721,C01669,2025-07-09,20250709,Producto defectuoso,29.62
R0000585,OI00007724,C01669,2025-09-26,20250926,No era lo esperado,58.41
R0000586,OI00007757,C01674,2025-12-07,20251207,No era lo esperado,145.34
R0000587,OI00007763,C01675,2025-10-04,20251004,No era lo esperado,43.93
R0000588,OI00007765,C01675,2025-09-26,20250926,No era lo esperado,86.89
R0000589,OI00007774,C01677,2024-06-05,20240605,Entrega tardía,97.89
R0000590,OI00007780,C01681,2025-12-20,20251220,Producto defectuoso,85.44
R0000591,OI00007800,C01685,2024-09-06,20240906,Talle / compatibilidad,96.62
R0000592,OI00007801,C01685,2024-09-07,20240907,No era lo esperado,70.64
R0000593,OI00007807,C01685,2025-10-13,20251013,Producto defectuoso,41.71
R0000594,OI00007839,C01690,2025-12-18,20251218,No era lo esperado,71.79
R0000595,OI00007852,C01695,2024-01-05,20240105,No era lo esperado,156.82
R0000596,OI00007872,C01698,2025-03-20,20250320,Talle / compatibilidad,20.22
R0000597,OI00007893,C01701,2025-11-28,20251128,Talle / compatibilidad,55.0
R0000598,OI00007894,C01702,2024-09-21,20240921,No era lo esperado,72.64
R0000599,OI00007919,C01709,2024-06-17,20240617,Entrega tardía,76.59
R0000600,OI00007922,C01709,2024-09-11,20240911,No era lo esperado,79.74
R0000601,OI00007923,C01709,2024-09-20,20240920,No era lo esperado,288.75
R0000602,OI00007924,C01709,2024-11-22,20241122,Producto defectuoso,97.88
R0000603,OI00007925,C01709,2025-10-07,20251007,Entrega tardía,291.92
R0000604,OI00007929,C01710,2025-03-03,20250303,No era lo esperado,54.79
R0000605,OI00007936,C01710,2025-10-17,20251017,No era lo esperado,351.06
R0000606,OI00007945,C01711,2025-12-16,20251216,Producto defectuoso,23.67
R0000607,OI00007957,C01713,2025-10-29,20251029,Producto defectuoso,130.61
R0000608,OI00007958,C01713,2025-11-05,20251105,No era lo esperado,25.9
R0000609,OI00007963,C01714,2025-11-11,20251111,Talle / compatibilidad,166.42
R0000610,OI00007971,C01717,2025-08-29,20250829,Talle / compatibilidad,60.71
R0000611,OI00007972,C01717,2025-08-30,20250830,Entrega tardía,223.08
R0000612,OI00007982,C01719,2025-04-26,20250426,Producto defectuoso,145.39
R0000613,OI00007993,C01720,2025-12-31,20251231,Talle / compatibilidad,32.14
R0000614,OI00008003,C01724,2025-09-22,20250922,Talle / compatibilidad,77.74
R0000615,OI00008007,C01724,2025-12-24,20251224,Talle / compatibilidad,47.86
R0000616,OI00008025,C01730,2025-11-29,20251129,No era lo esperado,112.46
R0000617,OI00008039,C01735,2025-07-23,20250723,No era lo esperado,177.71
R0000618,OI00008044,C01736,2025-07-18,20250718,Talle / compatibilidad,63.61
R0000619,OI00008051,C01737,2025-03-21,20250321,Talle / compatibilidad,77.84
R0000620,OI00008061,C01740,2024-01-22,20240122,Talle / compatibilidad,114.87
R0000621,OI00008062,C01740,2024-01-27,20240127,Talle / compatibilidad,27.48
R0000622,OI00008085,C01747,2025-12-20,20251220,Talle / compatibilidad,74.41
R0000623,OI00008090,C01749,2025-08-21,20250821,No era lo esperado,72.0
R0000624,OI00008091,C01749,2025-12-29,20251229,Talle / compatibilidad,40.76
R0000625,OI00008092,C01750,2025-05-30,20250530,Entrega tardía,67.54
R0000626,OI00008097,C01751,2025-11-14,20251114,Talle / compatibilidad,38.92
R0000627,OI00008103,C01753,2025-04-01,20250401,Talle / compatibilidad,51.53
R0000628,OI00008111,C01754,2025-01-23,20250123,Entrega tardía,128.43
R0000629,OI00008132,C01761,2024-08-18,20240818,No era lo esperado,65.53
R0000630,OI00008166,C01766,2025-10-10,20251010,Producto defectuoso,27.83
R0000631,OI00008179,C01770,2024-08-15,20240815,Entrega tardía,77.25
R0000632,OI00008182,C01770,2025-12-27,20251227,No era lo esperado,115.19
R0000633,OI00008187,C01770,2025-12-16,20251216,Entrega tardía,114.88
R0000634,OI00008236,C01780,2025-12-31,20251231,Producto defectuoso,138.86
R0000635,OI00008238,C01781,2023-08-26,20230826,No era lo esperado,353.78
R0000636,OI00008240,C01781,2024-11-24,20241124,No era lo esperado,230.18
R0000637,OI00008260,C01784,2025-11-02,20251102,Entrega tardía,131.91
R0000638,OI00008280,C01787,2024-02-25,20240225,No era lo esperado,54.26
R0000639,OI00008281,C01787,2024-08-18,20240818,Producto defectuoso,43.8
R0000640,OI00008291,C01788,2023-09-29,20230929,Talle / compatibilidad,144.0
R0000641,OI00008332,C01796,2025-11-04,20251104,No era lo esperado,149.26
R0000642,OI00008364,C01801,2023-12-20,20231220,No era lo esperado,31.38
R0000643,OI00008377,C01804,2024-07-29,20240729,Producto defectuoso,117.55
R0000644,OI00008378,C01804,2025-12-18,20251218,No era lo esperado,73.54
R0000645,OI00008391,C01807,2023-08-27,20230827,Talle / compatibilidad,143.89
R0000646,OI00008393,C01807,2025-02-09,20250209,No era lo esperado,22.04
R0000647,OI00008412,C01812,2025-12-30,20251230,Talle / compatibilidad,92.0
R0000648,OI00008441,C01821,2025-10-09,20251009,Talle / compatibilidad,76.44
R0000649,OI00008450,C01823,2024-09-05,20240905,Talle / compatibilidad,130.82
R0000650,OI00008458,C01824,2025-09-01,20250901,No era lo esperado,176.45
R0000651,OI00008462,C01824,2025-12-23,20251223,Talle / compatibilidad,62.89
R0000652,OI00008493,C01831,2025-12-25,20251225,No era lo esperado,57.95
R0000653,OI00008509,C01836,2023-07-02,20230702,No era lo esperado,47.35
R0000654,OI00008575,C01850,2024-05-06,20240506,No era lo esperado,21.51
R0000655,OI00008578,C01850,2024-05-04,20240504,Talle / compatibilidad,89.94
R0000656,OI00008595,C01850,2025-12-07,20251207,No era lo esperado,30.36
R0000657,OI00008609,C01853,2025-09-26,20250926,No era lo esperado,64.97
R0000658,OI00008619,C01855,2023-10-25,20231025,No era lo esperado,344.25
R0000659,OI00008623,C01855,2024-11-04,20241104,Producto defectuoso,78.41
R0000660,OI00008650,C01862,2025-03-16,20250316,Talle / compatibilidad,104.18
R0000661,OI00008662,C01864,2025-12-07,20251207,Producto defectuoso,329.85
R0000662,OI00008664,C01865,2025-09-06,20250906,No era lo esperado,53.8
R0000663,OI00008665,C01865,2025-09-08,20250908,No era lo esperado,70.08
R0000664,OI00008690,C01869,2023-12-05,20231205,No era lo esperado,1074.16
R0000665,OI00008691,C01869,2024-02-19,20240219,Producto defectuoso,137.34
R0000666,OI00008692,C01869,2024-02-13,20240213,Producto defectuoso,274.27
R0000667,OI00008736,C01872,2025-12-31,20251231,Entrega tardía,72.29
R0000668,OI00008767,C01880,2024-11-24,20241124,No era lo esperado,61.05
R0000669,OI00008768,C01880,2024-11-15,20241115,No era lo esperado,73.11
R0000670,OI00008770,C01880,2025-11-04,20251104,Producto defectuoso,64.86
R0000671,OI00008839,C01896,2025-12-17,20251217,No era lo esperado,43.91
R0000672,OI00008884,C01906,2025-10-19,20251019,Producto defectuoso,114.34
R0000673,OI00008891,C01906,2025-12-10,20251210,Talle / compatibilidad,53.23
R0000674,OI00008895,C01907,2025-08-08,20250808,Talle / compatibilidad,87.99
R0000675,OI00008896,C01907,2025-08-12,20250812,No era lo esperado,69.59
R0000676,OI00008900,C01908,2025-09-26,20250926,Entrega tardía,72.41
R0000677,OI00008946,C01918,2025-11-14,20251114,Talle / compatibilidad,101.41
R0000678,OI00008953,C01920,2024-10-31,20241031,No era lo esperado,141.07
R0000679,OI00008959,C01922,2025-02-26,20250226,No era lo esperado,371.79
R0000680,OI00008972,C01923,2025-12-10,20251210,Entrega tardía,90.61
R0000681,OI00008976,C01925,2025-03-05,20250305,Producto defectuoso,158.33
R0000682,OI00009029,C01935,2024-06-02,20240602,Producto defectuoso,67.75
R0000683,OI00009042,C01936,2024-06-18,20240618,Talle / compatibilidad,343.57
R0000684,OI00009049,C01937,2025-12-31,20251231,No era lo esperado,89.03
R0000685,OI00009088,C01942,2025-12-08,20251208,Talle / compatibilidad,43.31
R0000686,OI00009101,C01944,2025-10-09,20251009,Talle / compatibilidad,36.22
R0000687,OI00009105,C01945,2025-12-31,20251231,Talle / compatibilidad,41.57
R0000688,OI00009121,C01947,2024-02-06,20240206,Entrega tardía,219.88
R0000689,OI00009122,C01947,2024-02-01,20240201,Entrega tardía,34.53
R0000690,OI00009128,C01949,2023-01-22,20230122,Talle / compatibilidad,110.98
R0000691,OI00009146,C01952,2025-07-08,20250708,Entrega tardía,55.5
R0000692,OI00009152,C01952,2025-12-31,20251231,Talle / compatibilidad,66.64
R0000693,OI00009155,C01953,2025-12-11,20251211,No era lo esperado,364.31
R0000694,OI00009167,C01957,2025-09-18,20250918,Producto defectuoso,46.01
R0000695,OI00009168,C01957,2025-09-13,20250913,No era lo esperado,69.45
R0000696,OI00009191,C01961,2025-07-07,20250707,Talle / compatibilidad,29.23
R0000697,OI00009199,C01961,2025-07-23,20250723,Producto defectuoso,23.95
R0000698,OI00009240,C01971,2025-09-10,20250910,No era lo esperado,37.92
R0000699,OI00009242,C01971,2025-11-15,20251115,No era lo esperado,297.66
R0000700,OI00009250,C01973,2025-04-13,20250413,Talle / compatibilidad,95.31
R0000701,OI00009267,C01976,2024-11-17,20241117,No era lo esperado,133.7
R0000702,OI00009276,C01978,2024-09-13,20240913,Talle / compatibilidad,30.51
R0000703,OI00009278,C01978,2025-06-21,20250621,Entrega tardía,150.93
R0000704,OI00009290,C01981,2025-10-11,20251011,No era lo esperado,88.46
R0000705,OI00009312,C01986,2025-09-15,20250915,Producto defectuoso,89.47
R0000706,OI00009333,C01989,2025-07-16,20250716,No era lo esperado,72.19
R0000707,OI00009347,C01991,2025-02-17,20250217,Producto defectuoso,320.82
R0000708,OI00009357,C01992,2025-12-16,20251216,Entrega tardía,82.04
R0000709,OI00009393,C02007,2024-08-13,20240813,Talle / compatibilidad,64.57
R0000710,OI00009402,C02009,2025-12-11,20251211,Entrega tardía,78.79
R0000711,OI00009409,C02011,2025-03-12,20250312,Talle / compatibilidad,118.87
R0000712,OI00009431,C02013,2024-12-12,20241212,Talle / compatibilidad,102.78
R0000713,OI00009442,C02015,2025-08-28,20250828,Talle / compatibilidad,71.38
R0000714,OI00009459,C02018,2025-07-30,20250730,Talle / compatibilidad,255.23
R0000715,OI00009462,C02019,2025-03-11,20250311,Entrega tardía,301.49
R0000716,OI00009473,C02021,2025-03-16,20250316,Producto defectuoso,67.43
R0000717,OI00009482,C02025,2024-12-30,20241230,No era lo esperado,450.78
R0000718,OI00009494,C02027,2024-12-06,20241206,Talle / compatibilidad,64.05
R0000719,OI00009499,C02029,2025-12-31,20251231,No era lo esperado,161.77
R0000720,OI00009508,C02032,2024-09-02,20240902,Entrega tardía,174.59
R0000721,OI00009518,C02033,2024-04-07,20240407,Entrega tardía,66.87
R0000722,OI00009525,C02034,2025-05-24,20250524,No era lo esperado,97.04
R0000723,OI00009548,C02040,2024-10-03,20241003,No era lo esperado,72.41
R0000724,OI00009550,C02040,2025-08-09,20250809,Talle / compatibilidad,40.31
R0000725,OI00009555,C02043,2025-11-29,20251129,Talle / compatibilidad,315.75
R0000726,OI00009560,C02044,2025-06-14,20250614,Talle / compatibilidad,116.67
R0000727,OI00009571,C02046,2025-12-31,20251231,Producto defectuoso,31.45
R0000728,OI00009582,C02047,2025-12-13,20251213,Talle / compatibilidad,60.19
R0000729,OI00009603,C02052,2024-03-23,20240323,No era lo esperado,318.83
R0000730,OI00009627,C02059,2024-11-07,20241107,Talle / compatibilidad,35.13
R0000731,OI00009634,C02060,2024-09-02,20240902,Talle / compatibilidad,51.56
R0000732,OI00009639,C02061,2025-08-16,20250816,Talle / compatibilidad,71.7
R0000733,OI00009649,C02063,2025-09-17,20250917,Talle / compatibilidad,95.99
R0000734,OI00009738,C02085,2025-12-08,20251208,Producto defectuoso,32.91
R0000735,OI00009748,C02089,2024-05-27,20240527,Entrega tardía,620.43
R0000736,OI00009756,C02089,2025-11-18,20251118,No era lo esperado,131.73
R0000737,OI00009786,C02094,2023-09-28,20230928,Talle / compatibilidad,142.07
R0000738,OI00009806,C02095,2025-05-17,20250517,Producto defectuoso,104.91
R0000739,OI00009809,C02097,2025-11-15,20251115,No era lo esperado,34.03
R0000740,OI00009818,C02099,2025-09-04,20250904,Producto defectuoso,66.37
R0000741,OI00009847,C02106,2025-03-04,20250304,Producto defectuoso,52.88
R0000742,OI00009856,C02108,2024-05-04,20240504,Talle / compatibilidad,82.67
R0000743,OI00009863,C02110,2024-09-16,20240916,No era lo esperado,175.99
R0000744,OI00009873,C02114,2025-09-08,20250908,Talle / compatibilidad,58.25
R0000745,OI00009884,C02117,2025-11-18,20251118,Talle / compatibilidad,91.6
R0000746,OI00009892,C02119,2025-11-04,20251104,Talle / compatibilidad,146.63
R0000747,OI00009896,C02120,2025-04-16,20250416,Talle / compatibilidad,61.76
R0000748,OI00009898,C02120,2025-08-02,20250802,Talle / compatibilidad,55.8
R0000749,OI00009919,C02125,2025-08-06,20250806,Producto defectuoso,37.47
R0000750,OI00009921,C02126,2024-03-10,20240310,No era lo esperado,558.33
R0000751,OI00009925,C02126,2024-10-01,20241001,Talle / compatibilidad,18.18
R0000752,OI00009938,C02129,2025-12-31,20251231,Producto defectuoso,65.84
R0000753,OI00009946,C02130,2024-07-24,20240724,Talle / compatibilidad,221.83
R0000754,OI00009949,C02130,2024-08-12,20240812,Producto defectuoso,68.4
R0000755,OI00009986,C02138,2024-01-29,20240129,No era lo esperado,338.09
R0000756,OI00010005,C02142,2025-08-17,20250817,Producto defectuoso,335.25
R0000757,OI00010006,C02142,2025-08-18,20250818,No era lo esperado,122.66
R0000758,OI00010019,C02145,2024-11-04,20241104,No era lo esperado,38.96
R0000759,OI00010044,C02152,2025-09-26,20250926,Talle / compatibilidad,98.58
R0000760,OI00010047,C02152,2025-11-16,20251116,No era lo esperado,50.35
R0000761,OI00010051,C02153,2025-12-06,20251206,Talle / compatibilidad,117.8
R0000762,OI00010053,C02153,2025-11-27,20251127,Entrega tardía,74.86
R0000763,OI00010076,C02166,2025-12-12,20251212,Entrega tardía,161.35
R0000764,OI00010080,C02167,2025-08-25,20250825,Producto defectuoso,202.07
R0000765,OI00010103,C02169,2025-11-04,20251104,Producto defectuoso,74.89
R0000766,OI00010131,C02175,2024-11-29,20241129,No era lo esperado,31.93
R0000767,OI00010152,C02178,2025-09-20,20250920,Producto defectuoso,51.24
R0000768,OI00010186,C02187,2024-03-29,20240329,Producto defectuoso,92.75
R0000769,OI00010209,C02192,2025-05-03,20250503,Talle / compatibilidad,74.56
R0000770,OI00010226,C02195,2025-02-03,20250203,Talle / compatibilidad,68.23
R0000771,OI00010230,C02196,2025-06-15,20250615,No era lo esperado,52.87
R0000772,OI00010250,C02199,2024-11-05,20241105,No era lo esperado,23.08
R0000773,OI00010259,C02202,2025-05-09,20250509,Producto defectuoso,221.89
R0000774,OI00010298,C02212,2025-11-17,20251117,Producto defectuoso,38.73
R0000775,OI00010316,C02216,2024-10-06,20241006,Producto defectuoso,34.44
R0000776,OI00010329,C02219,2025-01-22,20250122,Talle / compatibilidad,68.0
R0000777,OI00010336,C02222,2024-04-15,20240415,No era lo esperado,240.61
R0000778,OI00010340,C02222,2025-12-31,20251231,Producto defectuoso,51.26
R0000779,OI00010341,C02223,2023-04-28,20230428,No era lo esperado,67.27
R0000780,OI00010374,C02230,2025-12-01,20251201,No era lo esperado,60.88
R0000781,OI00010394,C02233,2025-10-20,20251020,Talle / compatibilidad,117.78
R0000782,OI00010402,C02234,2024-08-07,20240807,No era lo esperado,87.66
R0000783,OI00010425,C02238,2024-09-18,20240918,Producto defectuoso,159.55
R0000784,OI00010429,C02238,2025-02-20,20250220,Talle / compatibilidad,29.93
R0000785,OI00010430,C02238,2025-02-16,20250216,Producto defectuoso,26.43
R0000786,OI00010439,C02241,2023-12-08,20231208,Entrega tardía,122.91
R0000787,OI00010476,C02247,2025-12-17,20251217,Entrega tardía,65.98
R0000788,OI00010498,C02251,2025-04-12,20250412,Producto defectuoso,1048.85
R0000789,OI00010500,C02252,2024-12-07,20241207,Talle / compatibilidad,61.36
R0000790,OI00010501,C02252,2025-10-13,20251013,Entrega tardía,93.96
R0000791,OI00010502,C02252,2025-10-15,20251015,Entrega tardía,70.7
R0000792,OI00010519,C02255,2025-06-07,20250607,No era lo esperado,218.87
R0000793,OI00010521,C02255,2025-05-27,20250527,No era lo esperado,116.88
R0000794,OI00010547,C02261,2024-05-26,20240526,Producto defectuoso,71.99
R0000795,OI00010560,C02263,2024-02-28,20240228,No era lo esperado,142.39
R0000796,OI00010568,C02264,2024-12-24,20241224,Talle / compatibilidad,46.35
R0000797,OI00010590,C02266,2024-01-19,20240119,Entrega tardía,153.22
R0000798,OI00010617,C02272,2025-12-04,20251204,No era lo esperado,357.77
R0000799,OI00010646,C02277,2025-04-08,20250408,Producto defectuoso,59.13
R0000800,OI00010648,C02277,2025-05-12,20250512,Talle / compatibilidad,121.26
R0000801,OI00010666,C02282,2024-01-31,20240131,No era lo esperado,31.51
R0000802,OI00010667,C02282,2024-01-29,20240129,Producto defectuoso,187.31
R0000803,OI00010673,C02282,2025-12-31,20251231,Talle / compatibilidad,42.63
R0000804,OI00010676,C02282,2025-12-31,20251231,No era lo esperado,82.22
R0000805,OI00010677,C02283,2024-02-23,20240223,Talle / compatibilidad,33.99
R0000806,OI00010681,C02283,2025-06-17,20250617,Talle / compatibilidad,42.33
R0000807,OI00010692,C02284,2025-07-13,20250713,Talle / compatibilidad,56.94
R0000808,OI00010711,C02292,2024-07-16,20240716,Talle / compatibilidad,75.81
R0000809,OI00010726,C02293,2025-11-19,20251119,Producto defectuoso,78.3
R0000810,OI00010751,C02296,2025-11-28,20251128,No era lo esperado,38.71
R0000811,OI00010795,C02307,2024-06-21,20240621,No era lo esperado,163.47
R0000812,OI00010796,C02307,2024-06-21,20240621,No era lo esperado,119.2
R0000813,OI00010803,C02308,2025-12-12,20251212,Entrega tardía,33.65
R0000814,OI00010832,C02314,2023-05-21,20230521,No era lo esperado,75.55
R0000815,OI00010834,C02314,2023-08-15,20230815,Talle / compatibilidad,49.17
R0000816,OI00010838,C02315,2024-06-07,20240607,Talle / compatibilidad,371.71
R0000817,OI00010839,C02315,2024-07-21,20240721,Producto defectuoso,67.92
R0000818,OI00010848,C02316,2025-12-31,20251231,No era lo esperado,109.89
R0000819,OI00010861,C02317,2024-02-18,20240218,Producto defectuoso,44.89
R0000820,OI00010889,C02322,2025-02-13,20250213,Producto defectuoso,106.23
R0000821,OI00010917,C02327,2025-12-03,20251203,Producto defectuoso,105.33
R0000822,OI00010922,C02329,2023-10-07,20231007,Producto defectuoso,35.16
R0000823,OI00010931,C02330,2024-12-30,20241230,No era lo esperado,24.58
R0000824,OI00010948,C02333,2025-12-29,20251229,No era lo esperado,335.68
R0000825,OI00010950,C02334,2025-07-29,20250729,Producto defectuoso,59.39
R0000826,OI00010972,C02338,2025-10-07,20251007,Talle / compatibilidad,67.98
R0000827,OI00010976,C02338,2025-11-11,20251111,No era lo esperado,58.83
R0000828,OI00010978,C02338,2025-11-26,20251126,No era lo esperado,92.65
R0000829,OI00010995,C02342,2024-06-10,20240610,Entrega tardía,380.31
R0000830,OI00011014,C02345,2025-12-12,20251212,Entrega tardía,24.44
R0000831,OI00011037,C02351,2025-05-10,20250510,Talle / compatibilidad,71.84
R0000832,OI00011038,C02351,2025-05-28,20250528,Entrega tardía,39.77
R0000833,OI00011065,C02357,2025-11-04,20251104,Talle / compatibilidad,68.4
R0000834,OI00011069,C02358,2025-10-30,20251030,Entrega tardía,95.68
R0000835,OI00011078,C02360,2025-12-13,20251213,Producto defectuoso,120.71
R0000836,OI00011085,C02363,2025-12-31,20251231,Entrega tardía,139.09
R0000837,OI00011092,C02365,2025-12-04,20251204,No era lo esperado,86.17
R0000838,OI00011097,C02366,2024-11-01,20241101,Talle / compatibilidad,30.61
R0000839,OI00011123,C02371,2023-03-17,20230317,Entrega tardía,324.97
R0000840,OI00011127,C02371,2024-03-28,20240328,Talle / compatibilidad,331.48
R0000841,OI00011129,C02371,2025-11-13,20251113,Talle / compatibilidad,80.55
R0000842,OI00011132,C02372,2025-07-03,20250703,Producto defectuoso,36.57
R0000843,OI00011145,C02375,2025-12-07,20251207,Entrega tardía,163.08
R0000844,OI00011146,C02375,2025-12-12,20251212,Talle / compatibilidad,66.77
R0000845,OI00011156,C02378,2024-10-09,20241009,Entrega tardía,58.64
R0000846,OI00011158,C02378,2025-05-16,20250516,Entrega tardía,80.16
R0000847,OI00011181,C02383,2025-12-17,20251217,Talle / compatibilidad,80.14
R0000848,OI00011190,C02385,2024-08-07,20240807,Entrega tardía,36.21
R0000849,OI00011192,C02385,2025-10-11,20251011,Talle / compatibilidad,162.81
R0000850,OI00011199,C02387,2025-12-26,20251226,Producto defectuoso,57.3
R0000851,OI00011202,C02387,2025-12-28,20251228,No era lo esperado,72.59
R0000852,OI00011213,C02392,2023-10-04,20231004,No era lo esperado,83.52
R0000853,OI00011217,C02392,2023-10-27,20231027,Entrega tardía,52.9
R0000854,OI00011218,C02392,2023-10-18,20231018,Producto defectuoso,56.63
R0000855,OI00011222,C02392,2024-04-22,20240422,No era lo esperado,342.88
R0000856,OI00011248,C02396,2024-12-27,20241227,No era lo esperado,18.28
R0000857,OI00011267,C02399,2025-11-20,20251120,Talle / compatibilidad,52.27
R0000858,OI00011271,C02399,2025-12-16,20251216,No era lo esperado,30.13
R0000859,OI00011272,C02399,2025-12-21,20251221,No era lo esperado,64.21
R0000860,OI00011279,C02400,2025-10-06,20251006,Producto defectuoso,159.9
R0000861,OI00011320,C02407,2024-12-03,20241203,No era lo esperado,43.2
R0000862,OI00011330,C02409,2024-10-17,20241017,Talle / compatibilidad,58.05
R0000863,OI00011331,C02409,2024-11-01,20241101,Talle / compatibilidad,41.65
R0000864,OI00011338,C02411,2025-09-18,20250918,Producto defectuoso,70.61
R0000865,OI00011344,C02412,2024-12-20,20241220,No era lo esperado,75.35
R0000866,OI00011348,C02413,2025-10-27,20251027,Talle / compatibilidad,42.08
R0000867,OI00011399,C02425,2025-06-14,20250614,Entrega tardía,75.86
R0000868,OI00011412,C02429,2025-08-02,20250802,Talle / compatibilidad,97.58
R0000869,OI00011426,C02432,2024-07-16,20240716,Talle / compatibilidad,26.77
R0000870,OI00011430,C02432,2024-08-07,20240807,Entrega tardía,403.47
R0000871,OI00011436,C02433,2025-10-17,20251017,No era lo esperado,45.47
R0000872,OI00011437,C02433,2025-10-18,20251018,Producto defectuoso,30.62
R0000873,OI00011443,C02435,2024-08-04,20240804,Talle / compatibilidad,220.16
R0000874,OI00011445,C02436,2025-10-04,20251004,Talle / compatibilidad,173.53
R0000875,OI00011448,C02438,2025-02-08,20250208,No era lo esperado,148.85
R0000876,OI00011450,C02438,2025-02-19,20250219,Producto defectuoso,149.26
R0000877,OI00011472,C02441,2025-11-19,20251119,No era lo esperado,384.79
R0000878,OI00011475,C02442,2023-11-02,20231102,No era lo esperado,149.11
R0000879,OI00011480,C02442,2024-09-15,20240915,Entrega tardía,52.41
R0000880,OI00011510,C02448,2025-12-04,20251204,Entrega tardía,34.83
R0000881,OI00011529,C02454,2025-11-23,20251123,Producto defectuoso,139.14
R0000882,OI00011539,C02457,2025-12-31,20251231,Talle / compatibilidad,56.68
R0000883,OI00011548,C02460,2024-09-10,20240910,Talle / compatibilidad,55.51
R0000884,OI00011574,C02467,2025-05-20,20250520,Talle / compatibilidad,26.74
R0000885,OI00011582,C02469,2025-09-30,20250930,No era lo esperado,170.52
R0000886,OI00011589,C02472,2025-08-29,20250829,Talle / compatibilidad,74.75
R0000887,OI00011595,C02473,2024-08-20,20240820,Entrega tardía,375.8
R0000888,OI00011598,C02474,2024-05-18,20240518,No era lo esperado,158.33
R0000889,OI00011600,C02474,2024-05-12,20240512,Producto defectuoso,33.02
R0000890,OI00011647,C02483,2025-03-02,20250302,No era lo esperado,42.55
R0000891,OI00011664,C02487,2023-12-31,20231231,Talle / compatibilidad,193.13
R0000892,OI00011682,C02488,2024-01-24,20240124,No era lo esperado,82.92
R0000893,OI00011702,C02489,2025-10-26,20251026,Producto defectuoso,172.12
R0000894,OI00011747,C02499,2024-03-17,20240317,Entrega tardía,220.36
R0000895,OI00011760,C02501,2025-04-16,20250416,No era lo esperado,102.35
R0000896,OI00011763,C02501,2025-11-27,20251127,Producto defectuoso,77.84
R0000897,OI00011782,C02505,2024-03-28,20240328,Talle / compatibilidad,361.23
R0000898,OI00011803,C02509,2025-07-16,20250716,Talle / compatibilidad,68.93
R0000899,OI00011809,C02511,2024-10-19,20241019,Entrega tardía,42.77
R0000900,OI00011820,C02513,2025-12-21,20251221,Talle / compatibilidad,30.93
R0000901,OI00011823,C02514,2025-04-24,20250424,No era lo esperado,43.94
R0000902,OI00011845,C02518,2025-01-15,20250115,Talle / compatibilidad,262.8
R0000903,OI00011855,C02521,2024-11-12,20241112,Entrega tardía,54.02
R0000904,OI00011871,C02522,2025-07-20,20250720,Producto defectuoso,70.45
R0000905,OI00011885,C02524,2025-11-23,20251123,Entrega tardía,185.87
R0000906,OI00011900,C02526,2024-04-20,20240420,Producto defectuoso,34.5
R0000907,OI00011905,C02526,2024-07-21,20240721,Talle / compatibilidad,71.47
R0000908,OI00011908,C02526,2024-11-14,20241114,Talle / compatibilidad,75.38
R0000909,OI00011911,C02526,2025-04-17,20250417,Producto defectuoso,54.16
R0000910,OI00011918,C02526,2025-12-31,20251231,No era lo esperado,93.41
R0000911,OI00011920,C02527,2024-06-26,20240626,Entrega tardía,456.83
R0000912,OI00011923,C02527,2024-12-24,20241224,Talle / compatibilidad,155.83
R0000913,OI00011933,C02529,2025-09-10,20250910,Talle / compatibilidad,52.47
R0000914,OI00011938,C02529,2025-12-04,20251204,Producto defectuoso,178.02
R0000915,OI00011952,C02534,2024-12-01,20241201,Talle / compatibilidad,495.94
R0000916,OI00011960,C02535,2025-11-20,20251120,No era lo esperado,51.97
R0000917,OI00012024,C02553,2024-07-10,20240710,No era lo esperado,97.55
R0000918,OI00012083,C02563,2025-06-03,20250603,No era lo esperado,78.02
R0000919,OI00012085,C02563,2025-05-25,20250525,Talle / compatibilidad,42.38
R0000920,OI00012122,C02570,2025-12-29,20251229,Entrega tardía,82.89
R0000921,OI00012123,C02571,2025-10-13,20251013,Talle / compatibilidad,224.14
R0000922,OI00012130,C02573,2025-03-16,20250316,Talle / compatibilidad,89.84
R0000923,OI00012134,C02574,2024-06-25,20240625,Talle / compatibilidad,305.45
R0000924,OI00012136,C02574,2024-11-20,20241120,No era lo esperado,140.75
R0000925,OI00012137,C02574,2024-11-20,20241120,Producto defectuoso,328.87
R0000926,OI00012147,C02576,2025-10-04,20251004,No era lo esperado,393.42
R0000927,OI00012202,C02586,2025-05-14,20250514,No era lo esperado,134.79
R0000928,OI00012208,C02588,2024-07-25,20240725,Talle / compatibilidad,309.51
R0000929,OI00012231,C02592,2025-12-03,20251203,Talle / compatibilidad,148.77
R0000930,OI00012260,C02596,2025-10-13,20251013,No era lo esperado,74.78
R0000931,OI00012274,C02602,2025-08-14,20250814,Entrega tardía,18.56
R0000932,OI00012307,C02610,2025-08-11,20250811,No era lo esperado,43.98
R0000933,OI00012321,C02614,2025-12-31,20251231,No era lo esperado,79.77
R0000934,OI00012334,C02618,2023-06-10,20230610,Talle / compatibilidad,86.39
R0000935,OI00012369,C02627,2025-12-27,20251227,Talle / compatibilidad,324.11
R0000936,OI00012372,C02628,2023-04-09,20230409,No era lo esperado,145.33
R0000937,OI00012403,C02632,2025-12-31,20251231,No era lo esperado,67.45
R0000938,OI00012407,C02634,2024-12-23,20241223,Talle / compatibilidad,74.79
R0000939,OI00012421,C02636,2025-03-30,20250330,Talle / compatibilidad,54.02
R0000940,OI00012436,C02639,2024-12-26,20241226,Talle / compatibilidad,69.23
R0000941,OI00012452,C02644,2025-12-18,20251218,Producto defectuoso,113.55
R0000942,OI00012458,C02646,2023-08-13,20230813,No era lo esperado,33.35
R0000943,OI00012469,C02649,2025-12-31,20251231,No era lo esperado,48.22
R0000944,OI00012515,C02662,2025-08-18,20250818,No era lo esperado,112.14
R0000945,OI00012538,C02669,2025-02-02,20250202,Producto defectuoso,101.31
R0000946,OI00012552,C02672,2025-11-13,20251113,Talle / compatibilidad,55.54
R0000947,OI00012566,C02674,2025-06-07,20250607,No era lo esperado,29.59
R0000948,OI00012592,C02683,2024-09-28,20240928,No era lo esperado,451.52
R0000949,OI00012593,C02683,2024-10-01,20241001,No era lo esperado,38.26
R0000950,OI00012599,C02683,2025-06-19,20250619,Producto defectuoso,251.09
R0000951,OI00012623,C02686,2025-03-29,20250329,Talle / compatibilidad,280.76
R0000952,OI00012624,C02686,2025-09-15,20250915,Talle / compatibilidad,58.61
R0000953,OI00012637,C02689,2024-12-16,20241216,Talle / compatibilidad,53.79
R0000954,OI00012658,C02693,2025-11-14,20251114,Entrega tardía,39.69
R0000955,OI00012667,C02696,2024-11-11,20241111,Talle / compatibilidad,119.38
R0000956,OI00012671,C02696,2024-12-18,20241218,No era lo esperado,149.97
R0000957,OI00012683,C02699,2023-06-13,20230613,No era lo esperado,78.93
R0000958,OI00012686,C02699,2023-06-15,20230615,Talle / compatibilidad,142.61
R0000959,OI00012688,C02699,2023-06-17,20230617,Talle / compatibilidad,46.11
R0000960,OI00012695,C02699,2025-12-31,20251231,Talle / compatibilidad,95.48
R0000961,OI00012701,C02700,2024-09-08,20240908,Producto defectuoso,182.59
R0000962,OI00012743,C02711,2025-03-02,20250302,Producto defectuoso,37.81
R0000963,OI00012745,C02711,2025-03-12,20250312,Talle / compatibilidad,20.56
R0000964,OI00012748,C02711,2025-04-23,20250423,Talle / compatibilidad,81.78
R0000965,OI00012773,C02718,2025-03-22,20250322,Talle / compatibilidad,69.06
R0000966,OI00012812,C02724,2025-01-02,20250102,Producto defectuoso,170.83
R0000967,OI00012815,C02726,2024-12-30,20241230,Talle / compatibilidad,48.45
R0000968,OI00012824,C02727,2025-12-05,20251205,Talle / compatibilidad,162.48
R0000969,OI00012833,C02728,2024-10-16,20241016,No era lo esperado,76.48
R0000970,OI00012841,C02730,2024-09-07,20240907,Talle / compatibilidad,28.35
R0000971,OI00012872,C02737,2024-12-14,20241214,Producto defectuoso,73.2
R0000972,OI00012907,C02743,2024-11-30,20241130,No era lo esperado,157.55
R0000973,OI00012910,C02744,2025-11-05,20251105,No era lo esperado,59.33
R0000974,OI00012932,C02747,2025-02-21,20250221,No era lo esperado,108.19
R0000975,OI00012935,C02747,2025-09-26,20250926,No era lo esperado,47.51
R0000976,OI00012937,C02748,2025-12-03,20251203,No era lo esperado,151.51
R0000977,OI00012938,C02748,2025-11-30,20251130,Talle / compatibilidad,328.31
R0000978,OI00012939,C02748,2025-11-18,20251118,Producto defectuoso,85.39
R0000979,OI00012945,C02751,2025-05-21,20250521,Talle / compatibilidad,145.77
R0000980,OI00012950,C02752,2024-04-07,20240407,Talle / compatibilidad,61.54
R0000981,OI00012993,C02760,2024-06-12,20240612,Entrega tardía,135.42
R0000982,OI00012995,C02761,2024-03-12,20240312,No era lo esperado,26.09
R0000983,OI00013006,C02763,2024-11-26,20241126,No era lo esperado,90.91
R0000984,OI00013016,C02764,2025-10-30,20251030,Producto defectuoso,86.99
R0000985,OI00013026,C02767,2024-05-30,20240530,Talle / compatibilidad,294.04
R0000986,OI00013047,C02772,2024-09-19,20240919,Entrega tardía,124.48
R0000987,OI00013052,C02772,2025-05-30,20250530,Producto defectuoso,52.99
R0000988,OI00013053,C02772,2025-06-07,20250607,No era lo esperado,25.48
R0000989,OI00013055,C02772,2025-12-16,20251216,Talle / compatibilidad,115.89
R0000990,OI00013079,C02775,2025-02-02,20250202,Talle / compatibilidad,44.3
R0000991,OI00013082,C02775,2025-04-01,20250401,Talle / compatibilidad,72.48
R0000992,OI00013093,C02777,2025-07-07,20250707,No era lo esperado,69.6
R0000993,OI00013108,C02779,2024-11-02,20241102,Talle / compatibilidad,76.04
R0000994,OI00013115,C02779,2025-06-07,20250607,Talle / compatibilidad,701.23
R0000995,OI00013156,C02788,2024-11-23,20241123,Talle / compatibilidad,142.2
R0000996,OI00013158,C02789,2023-05-17,20230517,Talle / compatibilidad,146.19
R0000997,OI00013162,C02789,2024-07-18,20240718,Producto defectuoso,42.43
R0000998,OI00013166,C02789,2025-09-25,20250925,Talle / compatibilidad,73.68
R0000999,OI00013171,C02791,2025-10-21,20251021,No era lo esperado,145.68
R0001000,OI00013183,C02793,2025-10-19,20251019,Producto defectuoso,51.65
R0001001,OI00013187,C02794,2024-12-06,20241206,No era lo esperado,33.1
R0001002,OI00013197,C02794,2025-10-18,20251018,Talle / compatibilidad,40.26
R0001003,OI00013211,C02796,2025-12-15,20251215,Producto defectuoso,52.24
R0001004,OI00013237,C02802,2025-04-06,20250406,Talle / compatibilidad,197.66
R0001005,OI00013245,C02804,2023-07-08,20230708,No era lo esperado,205.39
R0001006,OI00013247,C02804,2024-12-20,20241220,Talle / compatibilidad,59.79
R0001007,OI00013249,C02805,2025-12-14,20251214,Talle / compatibilidad,139.3
R0001008,OI00013253,C02807,2025-10-23,20251023,Talle / compatibilidad,35.14
R0001009,OI00013261,C02810,2023-08-09,20230809,Producto defectuoso,190.17
R0001010,OI00013280,C02812,2025-08-03,20250803,No era lo esperado,140.87
R0001011,OI00013281,C02812,2025-09-23,20250923,No era lo esperado,45.61
R0001012,OI00013283,C02812,2025-11-01,20251101,Talle / compatibilidad,52.18
R0001013,OI00013303,C02816,2024-09-02,20240902,Talle / compatibilidad,172.99
R0001014,OI00013317,C02819,2024-05-13,20240513,Producto defectuoso,385.51
R0001015,OI00013318,C02819,2024-05-05,20240505,Producto defectuoso,76.07
R0001016,OI00013319,C02819,2024-05-03,20240503,Talle / compatibilidad,186.37
R0001017,OI00013336,C02823,2025-12-31,20251231,Talle / compatibilidad,47.1
R0001018,OI00013360,C02830,2025-12-31,20251231,Talle / compatibilidad,205.24
R0001019,OI00013383,C02836,2024-09-01,20240901,Entrega tardía,162.82
R0001020,OI00013397,C02839,2025-12-25,20251225,Producto defectuoso,74.7
R0001021,OI00013430,C02845,2025-09-26,20250926,No era lo esperado,23.37
R0001022,OI00013452,C02849,2024-07-15,20240715,Talle / compatibilidad,45.2
R0001023,OI00013473,C02851,2025-10-17,20251017,Producto defectuoso,78.17
R0001024,OI00013479,C02853,2025-11-18,20251118,Producto defectuoso,97.18
R0001025,OI00013506,C02863,2025-11-17,20251117,No era lo esperado,50.33
R0001026,OI00013512,C02865,2024-07-11,20240711,Talle / compatibilidad,67.73
R0001027,OI00013515,C02865,2024-10-22,20241022,No era lo esperado,97.45
R0001028,OI00013530,C02868,2024-07-16,20240716,Producto defectuoso,51.18
R0001029,OI00013535,C02868,2025-07-09,20250709,Talle / compatibilidad,23.85
R0001030,OI00013536,C02868,2025-09-26,20250926,Producto defectuoso,20.02
R0001031,OI00013539,C02869,2025-09-08,20250908,No era lo esperado,196.34
R0001032,OI00013544,C02870,2024-10-23,20241023,Producto defectuoso,168.72
R0001033,OI00013563,C02872,2025-12-25,20251225,Entrega tardía,246.72
R0001034,OI00013577,C02877,2025-04-15,20250415,No era lo esperado,195.05
R0001035,OI00013586,C02880,2025-11-16,20251116,Producto defectuoso,588.1
R0001036,OI00013598,C02883,2025-06-07,20250607,Entrega tardía,40.21
R0001037,OI00013610,C02884,2025-12-31,20251231,Producto defectuoso,63.73
R0001038,OI00013629,C02888,2025-05-13,20250513,No era lo esperado,197.88
R0001039,OI00013637,C02889,2025-12-21,20251221,Entrega tardía,262.52
R0001040,OI00013643,C02890,2025-11-20,20251120,Talle / compatibilidad,28.85
R0001041,OI00013656,C02893,2025-12-31,20251231,Talle / compatibilidad,234.29
R0001042,OI00013664,C02897,2025-09-29,20250929,Talle / compatibilidad,31.49
R0001043,OI00013683,C02904,2025-02-05,20250205,No era lo esperado,104.07
R0001044,OI00013690,C02905,2025-11-20,20251120,Producto defectuoso,502.93
R0001045,OI00013698,C02907,2025-11-26,20251126,Talle / compatibilidad,172.18
R0001046,OI00013706,C02910,2024-05-06,20240506,No era lo esperado,111.84
R0001047,OI00013709,C02910,2025-12-02,20251202,Talle / compatibilidad,103.95
R0001048,OI00013711,C02911,2024-05-21,20240521,Talle / compatibilidad,177.34
R0001049,OI00013723,C02914,2024-08-21,20240821,No era lo esperado,149.16
R0001050,OI00013724,C02914,2024-08-27,20240827,No era lo esperado,51.57
R0001051,OI00013728,C02914,2025-02-22,20250222,No era lo esperado,99.85
R0001052,OI00013731,C02914,2025-09-12,20250912,Producto defectuoso,37.81
R0001053,OI00013740,C02915,2025-09-02,20250902,No era lo esperado,28.82
R0001054,OI00013749,C02917,2024-11-21,20241121,No era lo esperado,52.29
R0001055,OI00013752,C02918,2025-11-23,20251123,Talle / compatibilidad,25.78
R0001056,OI00013757,C02919,2025-12-13,20251213,Talle / compatibilidad,43.31
R0001057,OI00013762,C02920,2025-08-02,20250802,No era lo esperado,44.79
R0001058,OI00013763,C02920,2025-12-10,20251210,Producto defectuoso,193.64
R0001059,OI00013764,C02920,2025-12-04,20251204,No era lo esperado,44.9
R0001060,OI00013806,C02929,2024-06-01,20240601,No era lo esperado,165.49
R0001061,OI00013827,C02935,2025-06-06,20250606,No era lo esperado,98.15
R0001062,OI00013828,C02935,2025-05-19,20250519,Talle / compatibilidad,170.52
R0001063,OI00013898,C02950,2025-12-03,20251203,Producto defectuoso,62.77
R0001064,OI00013926,C02955,2024-08-10,20240810,Talle / compatibilidad,29.7
R0001065,OI00013953,C02957,2025-09-30,20250930,Talle / compatibilidad,135.79
R0001066,OI00013955,C02957,2025-10-08,20251008,Producto defectuoso,80.92
R0001067,OI00013958,C02957,2025-09-29,20250929,Talle / compatibilidad,37.16
R0001068,OI00013960,C02957,2025-10-31,20251031,Entrega tardía,74.16
R0001069,OI00013965,C02958,2025-05-17,20250517,No era lo esperado,45.03
R0001070,OI00013970,C02958,2025-12-07,20251207,Producto defectuoso,307.75
R0001071,OI00013987,C02963,2025-12-31,20251231,Producto defectuoso,90.31
R0001072,OI00013991,C02964,2025-01-23,20250123,Talle / compatibilidad,66.99
R0001073,OI00014017,C02972,2024-08-20,20240820,Entrega tardía,60.48
R0001074,OI00014038,C02975,2025-10-23,20251023,No era lo esperado,73.47
R0001075,OI00014073,C02986,2025-11-18,20251118,Talle / compatibilidad,25.95
R0001076,OI00014076,C02987,2025-04-17,20250417,No era lo esperado,183.76
R0001077,OI00014082,C02987,2025-07-15,20250715,No era lo esperado,114.96
R0001078,OI00014122,C02998,2025-10-14,20251014,No era lo esperado,81.29
R0001079,OI00014134,C03002,2025-07-19,20250719,No era lo esperado,619.22
R0001080,OI00014143,C03005,2025-02-16,20250216,Talle / compatibilidad,71.99
R0001081,OI00014146,C03005,2025-04-22,20250422,Talle / compatibilidad,66.89
R0001082,OI00014152,C03005,2025-10-06,20251006,No era lo esperado,32.84
R0001083,OI00014162,C03006,2025-05-18,20250518,Talle / compatibilidad,66.11
R0001084,OI00014167,C03007,2025-03-28,20250328,Talle / compatibilidad,24.95
R0001085,OI00014190,C03013,2024-10-13,20241013,Talle / compatibilidad,72.86
R0001086,OI00014199,C03014,2025-12-13,20251213,No era lo esperado,139.36
R0001087,OI00014209,C03017,2024-09-12,20240912,No era lo esperado,31.8
R0001088,OI00014218,C03018,2025-12-08,20251208,No era lo esperado,55.94
R0001089,OI00014273,C03028,2025-10-16,20251016,Talle / compatibilidad,43.58
R0001090,OI00014292,C03033,2024-11-21,20241121,Talle / compatibilidad,442.26
R0001091,OI00014303,C03033,2025-12-21,20251221,Producto defectuoso,100.09
R0001092,OI00014310,C03034,2025-10-08,20251008,Talle / compatibilidad,186.89
R0001093,OI00014327,C03040,2024-06-02,20240602,Talle / compatibilidad,86.9
R0001094,OI00014338,C03040,2025-11-30,20251130,Entrega tardía,79.01
R0001095,OI00014347,C03041,2024-06-08,20240608,No era lo esperado,66.63
R0001096,OI00014364,C03045,2025-04-05,20250405,Producto defectuoso,75.67
R0001097,OI00014381,C03048,2025-08-25,20250825,Talle / compatibilidad,153.14
R0001098,OI00014410,C03055,2025-09-03,20250903,Talle / compatibilidad,67.22
R0001099,OI00014470,C03068,2025-05-19,20250519,No era lo esperado,109.39
R0001100,OI00014483,C03072,2025-11-17,20251117,No era lo esperado,156.58
R0001101,OI00014507,C03075,2025-12-31,20251231,Producto defectuoso,97.86
R0001102,OI00014533,C03081,2025-08-23,20250823,Producto defectuoso,70.42
R0001103,OI00014554,C03085,2025-09-30,20250930,Entrega tardía,62.5
R0001104,OI00014575,C03087,2025-02-26,20250226,Talle / compatibilidad,32.96
R0001105,OI00014592,C03091,2025-09-08,20250908,Talle / compatibilidad,80.82
R0001106,OI00014608,C03097,2025-09-23,20250923,Talle / compatibilidad,189.95
R0001107,OI00014610,C03099,2023-10-08,20231008,Entrega tardía,148.89
R0001108,OI00014627,C03103,2024-08-23,20240823,Entrega tardía,78.9
R0001109,OI00014634,C03103,2025-12-28,20251228,Entrega tardía,225.84
R0001110,OI00014635,C03103,2025-12-27,20251227,Producto defectuoso,43.14
R0001111,OI00014687,C03117,2025-11-26,20251126,Talle / compatibilidad,149.82
R0001112,OI00014712,C03123,2025-12-10,20251210,No era lo esperado,29.35
R0001113,OI00014714,C03124,2025-02-28,20250228,Talle / compatibilidad,77.04
R0001114,OI00014715,C03124,2025-02-25,20250225,Talle / compatibilidad,77.04
R0001115,OI00014716,C03124,2025-03-08,20250308,Talle / compatibilidad,123.19
R0001116,OI00014723,C03127,2025-10-06,20251006,Talle / compatibilidad,28.63
R0001117,OI00014726,C03128,2025-12-11,20251211,No era lo esperado,177.55
R0001118,OI00014730,C03129,2025-10-29,20251029,Talle / compatibilidad,107.49
R0001119,OI00014732,C03129,2025-11-03,20251103,Talle / compatibilidad,72.64
R0001120,OI00014744,C03131,2024-08-20,20240820,Talle / compatibilidad,44.57
R0001121,OI00014757,C03133,2025-07-15,20250715,Talle / compatibilidad,28.25
R0001122,OI00014815,C03145,2025-06-25,20250625,No era lo esperado,113.72
R0001123,OI00014817,C03145,2025-09-22,20250922,Producto defectuoso,70.57
R0001124,OI00014827,C03149,2025-12-14,20251214,Talle / compatibilidad,77.01
R0001125,OI00014828,C03150,2025-11-17,20251117,Producto defectuoso,162.55
R0001126,OI00014830,C03150,2025-11-27,20251127,Entrega tardía,342.57
R0001127,OI00014839,C03152,2025-02-12,20250212,Producto defectuoso,97.13
R0001128,OI00014840,C03152,2025-12-21,20251221,Talle / compatibilidad,107.19
R0001129,OI00014887,C03160,2025-11-18,20251118,No era lo esperado,71.48
R0001130,OI00014928,C03168,2025-03-08,20250308,Producto defectuoso,36.88
R0001131,OI00014935,C03169,2025-07-24,20250724,Entrega tardía,109.12
R0001132,OI00014941,C03171,2025-05-31,20250531,No era lo esperado,90.21
R0001133,OI00014978,C03174,2025-01-28,20250128,No era lo esperado,71.11
R0001134,OI00015008,C03179,2025-10-27,20251027,Entrega tardía,188.53
R0001135,OI00015009,C03179,2025-10-24,20251024,No era lo esperado,176.32
R0001136,OI00015024,C03184,2025-11-12,20251112,Talle / compatibilidad,111.16
R0001137,OI00015030,C03185,2025-12-06,20251206,Talle / compatibilidad,43.82
R0001138,OI00015047,C03189,2023-09-11,20230911,No era lo esperado,35.72
R0001139,OI00015065,C03191,2023-05-08,20230508,No era lo esperado,162.27
R0001140,OI00015071,C03191,2025-11-15,20251115,Talle / compatibilidad,144.42
R0001141,OI00015085,C03194,2024-02-25,20240225,Entrega tardía,157.02
R0001142,OI00015090,C03194,2025-04-28,20250428,Producto defectuoso,21.31
R0001143,OI00015100,C03195,2025-12-20,20251220,No era lo esperado,35.43
R0001144,OI00015103,C03197,2024-04-29,20240429,No era lo esperado,50.86
R0001145,OI00015137,C03204,2024-08-14,20240814,Producto defectuoso,66.76
R0001146,OI00015150,C03208,2025-09-05,20250905,No era lo esperado,80.63
R0001147,OI00015163,C03211,2025-11-30,20251130,Talle / compatibilidad,29.51
R0001148,OI00015167,C03211,2025-12-03,20251203,Talle / compatibilidad,36.61
R0001149,OI00015191,C03215,2024-11-25,20241125,Producto defectuoso,73.27
R0001150,OI00015201,C03216,2025-01-09,20250109,No era lo esperado,84.79
R0001151,OI00015202,C03216,2025-01-01,20250101,Producto defectuoso,310.29
R0001152,OI00015204,C03216,2025-10-04,20251004,Producto defectuoso,73.91
R0001153,OI00015206,C03216,2025-10-08,20251008,Talle / compatibilidad,134.23
R0001154,OI00015235,C03227,2025-11-28,20251128,No era lo esperado,67.56
R0001155,OI00015249,C03232,2024-12-23,20241223,Talle / compatibilidad,67.58
R0001156,OI00015260,C03236,2025-07-15,20250715,No era lo esperado,47.14
R0001157,OI00015267,C03239,2025-08-25,20250825,Producto defectuoso,94.24
R0001158,OI00015282,C03240,2025-02-20,20250220,Producto defectuoso,59.49
R0001159,OI00015283,C03240,2025-02-17,20250217,Entrega tardía,40.75
R0001160,OI00015291,C03245,2025-03-22,20250322,No era lo esperado,106.99
R0001161,OI00015325,C03251,2024-12-02,20241202,Talle / compatibilidad,73.95
R0001162,OI00015326,C03251,2025-09-25,20250925,Producto defectuoso,52.88
R0001163,OI00015340,C03253,2025-04-30,20250430,Producto defectuoso,181.48
R0001164,OI00015352,C03256,2025-11-02,20251102,Producto defectuoso,172.78
R0001165,OI00015362,C03257,2024-07-05,20240705,Talle / compatibilidad,229.79
R0001166,OI00015377,C03259,2025-08-12,20250812,Talle / compatibilidad,37.32
R0001167,OI00015398,C03264,2025-12-08,20251208,Talle / compatibilidad,56.7
R0001168,OI00015410,C03267,2025-10-25,20251025,Entrega tardía,155.04
R0001169,OI00015418,C03269,2025-01-29,20250129,No era lo esperado,50.28
R0001170,OI00015419,C03270,2025-12-31,20251231,Producto defectuoso,62.94
R0001171,OI00015420,C03270,2025-12-15,20251215,Entrega tardía,60.89
R0001172,OI00015428,C03277,2024-04-02,20240402,No era lo esperado,379.25
R0001173,OI00015437,C03278,2025-04-16,20250416,Entrega tardía,179.96
R0001174,OI00015439,C03278,2025-05-06,20250506,Entrega tardía,117.44
R0001175,OI00015507,C03290,2025-10-26,20251026,Talle / compatibilidad,78.54
R0001176,OI00015520,C03293,2025-06-16,20250616,Talle / compatibilidad,69.21
R0001177,OI00015533,C03296,2025-11-08,20251108,Talle / compatibilidad,385.36
R0001178,OI00015538,C03297,2025-11-28,20251128,Entrega tardía,52.37
R0001179,OI00015548,C03301,2025-06-18,20250618,Talle / compatibilidad,109.99
R0001180,OI00015578,C03306,2023-11-24,20231124,Talle / compatibilidad,58.94
R0001181,OI00015582,C03307,2024-05-26,20240526,Talle / compatibilidad,36.66
R0001182,OI00015586,C03308,2024-09-22,20240922,Talle / compatibilidad,213.47
R0001183,OI00015617,C03319,2025-04-02,20250402,No era lo esperado,287.17
R0001184,OI00015626,C03320,2024-10-27,20241027,No era lo esperado,23.79
R0001185,OI00015632,C03321,2024-09-04,20240904,Talle / compatibilidad,52.01
R0001186,OI00015634,C03321,2024-10-21,20241021,Producto defectuoso,138.73
R0001187,OI00015669,C03327,2025-03-23,20250323,No era lo esperado,71.89
R0001188,OI00015670,C03327,2025-11-23,20251123,Entrega tardía,92.77
R0001189,OI00015677,C03328,2025-02-25,20250225,Producto defectuoso,154.68
R0001190,OI00015681,C03328,2025-11-21,20251121,Talle / compatibilidad,40.58
R0001191,OI00015754,C03344,2025-07-19,20250719,No era lo esperado,156.67
R0001192,OI00015758,C03345,2025-12-31,20251231,No era lo esperado,69.55
R0001193,OI00015764,C03349,2024-04-21,20240421,No era lo esperado,25.22
R0001194,OI00015792,C03353,2025-11-02,20251102,No era lo esperado,154.89
R0001195,OI00015810,C03357,2024-01-21,20240121,Entrega tardía,152.67
R0001196,OI00015819,C03359,2024-07-14,20240714,Talle / compatibilidad,172.1
R0001197,OI00015859,C03363,2024-09-09,20240909,Talle / compatibilidad,34.27
R0001198,OI00015903,C03372,2025-01-09,20250109,Entrega tardía,223.75
R0001199,OI00015904,C03372,2025-10-17,20251017,No era lo esperado,104.52
R0001200,OI00015910,C03373,2025-10-13,20251013,No era lo esperado,70.94
R0001201,OI00015911,C03374,2025-10-27,20251027,Talle / compatibilidad,395.15
R0001202,OI00015919,C03376,2025-12-27,20251227,No era lo esperado,75.93
R0001203,OI00015922,C03377,2025-02-22,20250222,Talle / compatibilidad,143.97
R0001204,OI00015927,C03378,2025-02-24,20250224,Talle / compatibilidad,113.22
R0001205,OI00015932,C03380,2025-02-28,20250228,No era lo esperado,30.41
R0001206,OI00015937,C03380,2025-11-24,20251124,No era lo esperado,75.17
R0001207,OI00015944,C03383,2025-11-27,20251127,Entrega tardía,77.99
R0001208,OI00015950,C03387,2025-08-22,20250822,Producto defectuoso,144.8
R0001209,OI00015962,C03391,2024-08-10,20240810,Talle / compatibilidad,130.08
R0001210,OI00015977,C03394,2023-11-25,20231125,No era lo esperado,103.56
R0001211,OI00015993,C03399,2023-12-16,20231216,Talle / compatibilidad,42.73
R0001212,OI00016019,C03406,2024-05-07,20240507,No era lo esperado,95.05
R0001213,OI00016023,C03408,2025-05-28,20250528,Entrega tardía,30.47
R0001214,OI00016048,C03415,2025-11-10,20251110,Producto defectuoso,63.54
R0001215,OI00016049,C03415,2025-11-11,20251111,Talle / compatibilidad,39.32
R0001216,OI00016054,C03417,2025-12-09,20251209,No era lo esperado,138.13
R0001217,OI00016058,C03419,2023-05-01,20230501,No era lo esperado,176.3
R0001218,OI00016070,C03420,2025-08-12,20250812,Entrega tardía,108.43
R0001219,OI00016075,C03420,2025-12-31,20251231,Producto defectuoso,352.52
R0001220,OI00016079,C03421,2025-03-29,20250329,Entrega tardía,36.17
R0001221,OI00016101,C03428,2025-12-21,20251221,Entrega tardía,17.69
R0001222,OI00016102,C03428,2025-12-31,20251231,Producto defectuoso,65.16
R0001223,OI00016126,C03434,2024-04-19,20240419,Producto defectuoso,54.31
R0001224,OI00016133,C03435,2025-02-19,20250219,Talle / compatibilidad,72.81
R0001225,OI00016156,C03440,2025-08-17,20250817,Producto defectuoso,213.5
R0001226,OI00016157,C03440,2025-08-16,20250816,Talle / compatibilidad,124.84
R0001227,OI00016159,C03440,2025-08-18,20250818,Talle / compatibilidad,223.76
R0001228,OI00016167,C03444,2025-12-11,20251211,Entrega tardía,76.4
R0001229,OI00016169,C03445,2025-12-07,20251207,Talle / compatibilidad,331.4
R0001230,OI00016205,C03453,2025-02-19,20250219,Producto defectuoso,106.27
R0001231,OI00016210,C03454,2025-02-28,20250228,Talle / compatibilidad,163.51
R0001232,OI00016212,C03454,2025-03-21,20250321,No era lo esperado,36.67
R0001233,OI00016214,C03455,2025-06-28,20250628,Producto defectuoso,41.69
R0001234,OI00016219,C03457,2025-04-24,20250424,Entrega tardía,85.19
R0001235,OI00016233,C03458,2025-08-06,20250806,No era lo esperado,159.96
R0001236,OI00016242,C03461,2025-08-30,20250830,No era lo esperado,170.1
R0001237,OI00016243,C03461,2025-10-19,20251019,Entrega tardía,52.53
R0001238,OI00016245,C03461,2025-10-24,20251024,Producto defectuoso,227.42
R0001239,OI00016262,C03465,2025-10-03,20251003,Talle / compatibilidad,45.5
R0001240,OI00016290,C03473,2025-12-22,20251222,Talle / compatibilidad,78.74
R0001241,OI00016297,C03475,2024-08-15,20240815,Entrega tardía,78.18
R0001242,OI00016307,C03475,2025-11-29,20251129,Producto defectuoso,216.68
R0001243,OI00016309,C03475,2025-12-03,20251203,Talle / compatibilidad,64.22
R0001244,OI00016315,C03478,2025-02-18,20250218,Entrega tardía,155.65
R0001245,OI00016338,C03484,2025-12-31,20251231,Entrega tardía,65.81
R0001246,OI00016347,C03487,2025-09-22,20250922,Talle / compatibilidad,38.03
R0001247,OI00016348,C03487,2025-09-25,20250925,Producto defectuoso,135.02
R0001248,OI00016352,C03488,2025-12-31,20251231,Entrega tardía,79.01
R0001249,OI00016366,C03492,2025-04-14,20250414,No era lo esperado,209.18
R0001250,OI00016369,C03492,2025-06-08,20250608,Entrega tardía,85.36
R0001251,OI00016370,C03492,2025-06-05,20250605,Producto defectuoso,188.75
R0001252,OI00016375,C03494,2025-12-31,20251231,Talle / compatibilidad,47.99
R0001253,OI00016432,C03503,2025-10-09,20251009,Talle / compatibilidad,367.54
R0001254,OI00016447,C03507,2025-07-18,20250718,Entrega tardía,61.76
R0001255,OI00016465,C03510,2025-06-11,20250611,Entrega tardía,22.21
R0001256,OI00016470,C03511,2025-12-31,20251231,Entrega tardía,157.69
R0001257,OI00016479,C03513,2023-06-26,20230626,No era lo esperado,49.23
R0001258,OI00016492,C03515,2024-04-10,20240410,Producto defectuoso,52.37
R0001259,OI00016500,C03517,2023-10-06,20231006,No era lo esperado,426.91
R0001260,OI00016504,C03517,2024-11-25,20241125,Producto defectuoso,334.3
R0001261,OI00016519,C03520,2025-11-09,20251109,Producto defectuoso,45.1
R0001262,OI00016536,C03523,2025-09-27,20250927,Entrega tardía,87.38
R0001263,OI00016584,C03532,2025-10-07,20251007,No era lo esperado,355.2
R0001264,OI00016610,C03536,2025-11-30,20251130,Talle / compatibilidad,99.58
R0001265,OI00016623,C03539,2025-01-06,20250106,Talle / compatibilidad,99.0
R0001266,OI00016630,C03542,2024-10-03,20241003,Talle / compatibilidad,123.5
R0001267,OI00016637,C03544,2025-12-31,20251231,Talle / compatibilidad,106.85
R0001268,OI00016642,C03545,2024-03-13,20240313,Talle / compatibilidad,27.26
R0001269,OI00016643,C03545,2024-03-15,20240315,Talle / compatibilidad,33.21
R0001270,OI00016691,C03558,2024-01-31,20240131,No era lo esperado,74.01
R0001271,OI00016711,C03562,2024-01-01,20240101,No era lo esperado,55.3
R0001272,OI00016724,C03564,2025-12-22,20251222,No era lo esperado,76.39
R0001273,OI00016756,C03573,2025-10-26,20251026,Producto defectuoso,50.51
R0001274,OI00016757,C03573,2025-12-10,20251210,Talle / compatibilidad,145.98
R0001275,OI00016767,C03576,2025-10-09,20251009,Entrega tardía,93.13
R0001276,OI00016778,C03580,2023-05-20,20230520,Entrega tardía,21.42
R0001277,OI00016781,C03580,2024-12-04,20241204,Entrega tardía,45.2
R0001278,OI00016782,C03580,2024-12-02,20241202,Entrega tardía,148.56
R0001279,OI00016786,C03580,2025-04-28,20250428,No era lo esperado,138.21
R0001280,OI00016787,C03580,2025-06-10,20250610,Producto defectuoso,17.74
R0001281,OI00016789,C03581,2025-08-17,20250817,Entrega tardía,124.89
R0001282,OI00016806,C03584,2025-12-31,20251231,Talle / compatibilidad,119.08
R0001283,OI00016834,C03587,2025-01-16,20250116,No era lo esperado,99.38
R0001284,OI00016835,C03587,2025-01-19,20250119,Talle / compatibilidad,71.52
R0001285,OI00016851,C03591,2024-06-10,20240610,No era lo esperado,110.77
R0001286,OI00016859,C03592,2024-04-23,20240423,Entrega tardía,58.24
R0001287,OI00016866,C03594,2025-11-20,20251120,No era lo esperado,30.41
R0001288,OI00016867,C03594,2025-11-16,20251116,No era lo esperado,83.18
R0001289,OI00016868,C03594,2025-11-24,20251124,Entrega tardía,57.23
R0001290,OI00016894,C03601,2024-05-22,20240522,Talle / compatibilidad,169.39
R0001291,OI00016933,C03611,2025-11-16,20251116,Entrega tardía,87.87
R0001292,OI00016937,C03613,2024-10-20,20241020,Talle / compatibilidad,339.12
R0001293,OI00016940,C03613,2025-08-04,20250804,Entrega tardía,134.95
R0001294,OI00016944,C03613,2025-12-20,20251220,Entrega tardía,114.78
R0001295,OI00016957,C03615,2025-06-24,20250624,No era lo esperado,96.22
R0001296,OI00016986,C03622,2025-07-16,20250716,Talle / compatibilidad,73.23
R0001297,OI00016994,C03624,2025-11-21,20251121,Talle / compatibilidad,208.35
R0001298,OI00017014,C03631,2024-09-13,20240913,Entrega tardía,41.38
R0001299,OI00017030,C03634,2025-05-15,20250515,Entrega tardía,231.69
R0001300,OI00017031,C03634,2025-05-12,20250512,Producto defectuoso,76.43
R0001301,OI00017040,C03637,2024-11-10,20241110,No era lo esperado,33.36
R0001302,OI00017044,C03638,2024-11-11,20241111,Talle / compatibilidad,53.67
R0001303,OI00017050,C03639,2024-03-24,20240324,No era lo esperado,36.67
R0001304,OI00017065,C03641,2025-04-24,20250424,No era lo esperado,163.4
R0001305,OI00017087,C03650,2025-07-21,20250721,Entrega tardía,89.54
R0001306,OI00017094,C03651,2025-07-25,20250725,Entrega tardía,26.35
R0001307,OI00017118,C03654,2025-02-24,20250224,Entrega tardía,152.74
R0001308,OI00017122,C03654,2025-08-13,20250813,Entrega tardía,143.65
R0001309,OI00017149,C03662,2025-10-02,20251002,Talle / compatibilidad,65.62
R0001310,OI00017171,C03668,2025-09-28,20250928,No era lo esperado,74.96
R0001311,OI00017174,C03668,2025-09-27,20250927,Producto defectuoso,74.64
R0001312,OI00017176,C03669,2025-12-31,20251231,Producto defectuoso,140.18
R0001313,OI00017177,C03670,2024-05-07,20240507,Entrega tardía,23.66
R0001314,OI00017179,C03670,2024-05-02,20240502,Talle / compatibilidad,21.21
R0001315,OI00017189,C03672,2024-12-15,20241215,No era lo esperado,72.35
R0001316,OI00017193,C03674,2025-01-11,20250111,No era lo esperado,341.35
R0001317,OI00017195,C03675,2025-09-25,20250925,No era lo esperado,93.5
R0001318,OI00017201,C03676,2024-12-01,20241201,Entrega tardía,49.17
R0001319,OI00017207,C03676,2025-10-29,20251029,No era lo esperado,113.0
R0001320,OI00017209,C03678,2025-09-20,20250920,No era lo esperado,30.89
R0001321,OI00017216,C03679,2025-10-21,20251021,Talle / compatibilidad,56.28
R0001322,OI00017227,C03683,2025-07-12,20250712,Talle / compatibilidad,115.81
R0001323,OI00017238,C03686,2025-12-05,20251205,Talle / compatibilidad,24.57
R0001324,OI00017240,C03686,2025-12-09,20251209,Talle / compatibilidad,35.13
R0001325,OI00017260,C03692,2025-03-16,20250316,Talle / compatibilidad,71.43
R0001326,OI00017295,C03699,2025-03-10,20250310,No era lo esperado,60.36
R0001327,OI00017340,C03709,2024-10-04,20241004,Producto defectuoso,41.49
R0001328,OI00017341,C03709,2025-07-17,20250717,Entrega tardía,96.37
R0001329,OI00017342,C03709,2025-07-17,20250717,No era lo esperado,31.81
R0001330,OI00017399,C03716,2025-12-17,20251217,Talle / compatibilidad,54.73
R0001331,OI00017421,C03718,2025-10-10,20251010,No era lo esperado,109.01
R0001332,OI00017438,C03725,2025-11-19,20251119,No era lo esperado,152.85
R0001333,OI00017447,C03728,2025-02-11,20250211,Producto defectuoso,90.16
R0001334,OI00017465,C03731,2025-06-28,20250628,Talle / compatibilidad,71.25
R0001335,OI00017496,C03736,2025-11-20,20251120,Entrega tardía,58.46
R0001336,OI00017513,C03739,2025-12-09,20251209,Entrega tardía,137.18
R0001337,OI00017515,C03740,2025-07-18,20250718,Talle / compatibilidad,196.82
R0001338,OI00017534,C03744,2025-12-02,20251202,Talle / compatibilidad,48.35
R0001339,OI00017536,C03744,2025-12-01,20251201,Entrega tardía,26.46
R0001340,OI00017537,C03744,2025-11-16,20251116,Entrega tardía,111.84
R0001341,OI00017559,C03751,2025-04-17,20250417,Producto defectuoso,37.82
R0001342,OI00017571,C03755,2025-09-23,20250923,Talle / compatibilidad,101.97
R0001343,OI00017580,C03760,2025-12-26,20251226,No era lo esperado,60.46
R0001344,OI00017589,C03761,2025-03-15,20250315,No era lo esperado,32.2
R0001345,OI00017590,C03761,2025-04-27,20250427,Talle / compatibilidad,26.82
R0001346,OI00017599,C03764,2024-12-29,20241229,Producto defectuoso,32.83
R0001347,OI00017606,C03766,2025-08-23,20250823,Entrega tardía,94.68
R0001348,OI00017607,C03766,2025-09-25,20250925,No era lo esperado,150.1
R0001349,OI00017625,C03770,2024-07-12,20240712,No era lo esperado,67.39
R0001350,OI00017631,C03771,2025-07-14,20250714,Producto defectuoso,23.32
R0001351,OI00017653,C03775,2024-05-09,20240509,No era lo esperado,338.71
R0001352,OI00017683,C03779,2025-11-28,20251128,Talle / compatibilidad,489.95
R0001353,OI00017698,C03781,2024-09-17,20240917,Producto defectuoso,41.04
R0001354,OI00017725,C03788,2024-07-19,20240719,Producto defectuoso,77.09
R0001355,OI00017728,C03788,2024-11-05,20241105,Talle / compatibilidad,42.86
R0001356,OI00017766,C03793,2024-05-07,20240507,Producto defectuoso,33.17
R0001357,OI00017768,C03793,2024-12-08,20241208,Talle / compatibilidad,40.45
R0001358,OI00017780,C03794,2025-11-11,20251111,Talle / compatibilidad,119.14
R0001359,OI00017795,C03798,2024-01-31,20240131,No era lo esperado,218.52
R0001360,OI00017804,C03799,2024-05-01,20240501,Producto defectuoso,68.31
R0001361,OI00017836,C03805,2024-01-24,20240124,Talle / compatibilidad,90.11
R0001362,OI00017837,C03805,2024-11-22,20241122,Entrega tardía,149.5
R0001363,OI00017838,C03805,2024-11-19,20241119,No era lo esperado,80.97
R0001364,OI00017840,C03806,2025-07-09,20250709,Entrega tardía,41.24
R0001365,OI00017846,C03806,2025-10-28,20251028,Entrega tardía,75.86
R0001366,OI00017859,C03811,2023-12-31,20231231,No era lo esperado,157.13
R0001367,OI00017873,C03814,2024-06-16,20240616,Talle / compatibilidad,87.58
R0001368,OI00017881,C03816,2025-02-14,20250214,Talle / compatibilidad,393.76
R0001369,OI00017891,C03819,2025-03-25,20250325,No era lo esperado,140.64
R0001370,OI00017893,C03821,2024-01-04,20240104,Producto defectuoso,103.14
R0001371,OI00017897,C03822,2025-11-24,20251124,Producto defectuoso,409.03
R0001372,OI00017905,C03824,2024-06-23,20240623,Producto defectuoso,168.06
R0001373,OI00017907,C03824,2024-06-20,20240620,No era lo esperado,42.45
R0001374,OI00017913,C03825,2025-03-04,20250304,Producto defectuoso,94.5
R0001375,OI00017917,C03827,2025-11-22,20251122,Producto defectuoso,59.68
R0001376,OI00017938,C03833,2025-12-31,20251231,No era lo esperado,101.31
R0001377,OI00017958,C03837,2025-12-11,20251211,Entrega tardía,72.55
R0001378,OI00017963,C03839,2025-11-13,20251113,Talle / compatibilidad,68.84
R0001379,OI00017975,C03841,2025-12-13,20251213,No era lo esperado,84.05
R0001380,OI00017992,C03844,2024-12-06,20241206,Entrega tardía,161.21
R0001381,OI00017995,C03844,2025-08-18,20250818,Talle / compatibilidad,217.16
R0001382,OI00018006,C03847,2025-08-31,20250831,No era lo esperado,337.54
R0001383,OI00018012,C03848,2025-12-31,20251231,Talle / compatibilidad,64.28
R0001384,OI00018015,C03850,2023-10-25,20231025,Talle / compatibilidad,76.38
R0001385,OI00018018,C03850,2025-10-06,20251006,Talle / compatibilidad,63.05
R0001386,OI00018029,C03854,2024-10-16,20241016,Talle / compatibilidad,76.65
R0001387,OI00018044,C03856,2025-11-03,20251103,Entrega tardía,86.95
R0001388,OI00018047,C03858,2023-05-30,20230530,No era lo esperado,154.16
R0001389,OI00018050,C03858,2023-05-25,20230525,Talle / compatibilidad,75.78
R0001390,OI00018065,C03861,2025-09-25,20250925,No era lo esperado,172.43
R0001391,OI00018068,C03861,2025-09-28,20250928,No era lo esperado,40.79
R0001392,OI00018080,C03864,2025-02-09,20250209,Talle / compatibilidad,51.19
R0001393,OI00018100,C03868,2025-12-31,20251231,Talle / compatibilidad,123.21
R0001394,OI00018112,C03869,2024-05-17,20240517,Producto defectuoso,143.58
R0001395,OI00018132,C03871,2025-12-06,20251206,No era lo esperado,66.98
R0001396,OI00018136,C03873,2025-12-31,20251231,Producto defectuoso,102.43
R0001397,OI00018175,C03883,2025-12-06,20251206,No era lo esperado,67.91
R0001398,OI00018188,C03884,2025-10-02,20251002,Entrega tardía,73.9
R0001399,OI00018204,C03887,2023-07-06,20230706,Producto defectuoso,33.04
R0001400,OI00018228,C03891,2025-11-26,20251126,Producto defectuoso,52.34
R0001401,OI00018238,C03893,2024-10-23,20241023,Producto defectuoso,172.96
R0001402,OI00018245,C03894,2025-04-17,20250417,Entrega tardía,50.75
R0001403,OI00018253,C03895,2025-05-26,20250526,Producto defectuoso,68.51
R0001404,OI00018258,C03895,2025-12-08,20251208,Producto defectuoso,114.19
R0001405,OI00018298,C03904,2025-12-04,20251204,No era lo esperado,54.21
R0001406,OI00018325,C03909,2025-12-19,20251219,Talle / compatibilidad,480.74
R0001407,OI00018341,C03913,2023-10-06,20231006,Producto defectuoso,30.45
R0001408,OI00018359,C03915,2025-07-21,20250721,Talle / compatibilidad,191.73
R0001409,OI00018362,C03915,2025-08-11,20250811,Producto defectuoso,50.11
R0001410,OI00018363,C03915,2025-11-17,20251117,Talle / compatibilidad,102.34
R0001411,OI00018377,C03917,2025-06-27,20250627,No era lo esperado,478.62
R0001412,OI00018382,C03919,2023-08-09,20230809,Talle / compatibilidad,88.47
R0001413,OI00018388,C03919,2025-10-10,20251010,No era lo esperado,183.78
R0001414,OI00018391,C03919,2025-10-16,20251016,Producto defectuoso,67.62
R0001415,OI00018393,C03920,2025-06-27,20250627,Producto defectuoso,63.58
R0001416,OI00018396,C03920,2025-10-05,20251005,No era lo esperado,182.18
R0001417,OI00018407,C03923,2025-11-06,20251106,Producto defectuoso,44.25
R0001418,OI00018415,C03925,2025-03-29,20250329,No era lo esperado,405.3
R0001419,OI00018421,C03928,2023-10-24,20231024,Talle / compatibilidad,73.43
R0001420,OI00018422,C03928,2025-12-19,20251219,Producto defectuoso,40.2
R0001421,OI00018433,C03932,2025-08-19,20250819,Producto defectuoso,297.38
R0001422,OI00018438,C03932,2025-11-02,20251102,No era lo esperado,77.79
R0001423,OI00018463,C03940,2025-03-21,20250321,Entrega tardía,114.89
R0001424,OI00018487,C03942,2024-12-01,20241201,No era lo esperado,127.39
R0001425,OI00018493,C03943,2025-11-21,20251121,No era lo esperado,958.86
R0001426,OI00018499,C03946,2025-10-31,20251031,No era lo esperado,160.12
R0001427,OI00018532,C03953,2025-07-20,20250720,Talle / compatibilidad,27.36
R0001428,OI00018538,C03955,2025-03-26,20250326,Talle / compatibilidad,74.96
R0001429,OI00018553,C03959,2023-08-19,20230819,Entrega tardía,82.47
R0001430,OI00018564,C03961,2025-12-30,20251230,Entrega tardía,60.81
R0001431,OI00018588,C03967,2025-11-02,20251102,Talle / compatibilidad,92.96
R0001432,OI00018589,C03967,2025-10-28,20251028,No era lo esperado,69.99
R0001433,OI00018606,C03971,2025-12-30,20251230,Talle / compatibilidad,151.61
R0001434,OI00018620,C03975,2023-09-11,20230911,Producto defectuoso,974.72
R0001435,OI00018626,C03975,2024-05-31,20240531,No era lo esperado,163.85
R0001436,OI00018674,C03989,2024-10-15,20241015,Talle / compatibilidad,71.71
R0001437,OI00018684,C03992,2025-09-19,20250919,Producto defectuoso,153.43
R0001438,OI00018690,C03992,2025-12-31,20251231,Talle / compatibilidad,146.71
R0001439,OI00018694,C03993,2025-11-28,20251128,Talle / compatibilidad,146.58
R0001440,OI00018705,C03994,2025-07-06,20250706,Producto defectuoso,79.31
R0001441,OI00018706,C03995,2024-09-05,20240905,Talle / compatibilidad,68.95
R0001442,OI00018708,C03995,2025-12-02,20251202,Entrega tardía,74.99
R0001443,OI00018738,C04002,2025-12-31,20251231,Entrega tardía,72.67
R0001444,OI00018748,C04004,2025-12-31,20251231,Talle / compatibilidad,78.48
R0001445,OI00018767,C04008,2025-05-16,20250516,Producto defectuoso,21.67
R0001446,OI00018809,C04017,2025-10-16,20251016,Entrega tardía,179.35
R0001447,OI00018820,C04019,2024-03-26,20240326,No era lo esperado,60.35
R0001448,OI00018856,C04027,2024-01-19,20240119,No era lo esperado,134.28
R0001449,OI00018874,C04031,2024-12-27,20241227,No era lo esperado,159.29
R0001450,OI00018903,C04037,2025-04-17,20250417,No era lo esperado,195.52
R0001451,OI00018909,C04039,2025-10-15,20251015,No era lo esperado,56.48
R0001452,OI00018910,C04039,2025-12-31,20251231,Producto defectuoso,52.23
R0001453,OI00018913,C04040,2025-01-10,20250110,Talle / compatibilidad,71.46
R0001454,OI00018922,C04042,2024-12-20,20241220,Talle / compatibilidad,149.83
R0001455,OI00018934,C04044,2024-05-15,20240515,Producto defectuoso,63.83
R0001456,OI00018938,C04045,2024-10-11,20241011,No era lo esperado,70.96
R0001457,OI00018940,C04045,2024-12-30,20241230,Talle / compatibilidad,58.69
R0001458,OI00018947,C04045,2025-12-31,20251231,No era lo esperado,51.56
R0001459,OI00018950,C04046,2025-11-01,20251101,Talle / compatibilidad,42.33
R0001460,OI00018951,C04047,2025-11-16,20251116,Producto defectuoso,28.8
R0001461,OI00018954,C04048,2024-04-27,20240427,Talle / compatibilidad,42.6
R0001462,OI00018960,C04048,2025-12-31,20251231,Producto defectuoso,160.29
R0001463,OI00018963,C04049,2025-11-01,20251101,Producto defectuoso,49.91
R0001464,OI00018972,C04051,2024-09-12,20240912,No era lo esperado,48.8
R0001465,OI00018981,C04052,2024-06-05,20240605,Producto defectuoso,47.48
R0001466,OI00018985,C04052,2025-10-02,20251002,No era lo esperado,65.56
R0001467,OI00018995,C04055,2025-12-19,20251219,No era lo esperado,62.48
R0001468,OI00018998,C04056,2025-11-25,20251125,Talle / compatibilidad,24.95
R0001469,OI00019005,C04058,2025-10-21,20251021,Talle / compatibilidad,54.2
R0001470,OI00019023,C04062,2025-12-17,20251217,Talle / compatibilidad,235.9
R0001471,OI00019037,C04067,2025-12-30,20251230,Producto defectuoso,366.12
R0001472,OI00019065,C04070,2025-12-27,20251227,No era lo esperado,45.28
R0001473,OI00019067,C04071,2025-08-18,20250818,Producto defectuoso,51.63
R0001474,OI00019074,C04073,2025-07-04,20250704,Entrega tardía,19.8
R0001475,OI00019099,C04078,2025-07-26,20250726,Producto defectuoso,69.47
R0001476,OI00019101,C04078,2025-11-27,20251127,Producto defectuoso,89.15
R0001477,OI00019103,C04078,2025-12-23,20251223,No era lo esperado,50.89
R0001478,OI00019154,C04091,2025-12-20,20251220,No era lo esperado,173.84
R0001479,OI00019162,C04092,2025-12-31,20251231,Producto defectuoso,56.87
R0001480,OI00019190,C04096,2024-10-06,20241006,No era lo esperado,38.79
R0001481,OI00019196,C04097,2025-09-29,20250929,Talle / compatibilidad,42.51
R0001482,OI00019231,C04104,2025-11-28,20251128,Producto defectuoso,123.05
R0001483,OI00019236,C04105,2023-12-01,20231201,No era lo esperado,179.91
R0001484,OI00019241,C04105,2024-01-07,20240107,Entrega tardía,71.39
R0001485,OI00019244,C04105,2025-04-16,20250416,Producto defectuoso,128.28
R0001486,OI00019253,C04107,2024-08-19,20240819,Talle / compatibilidad,338.55
R0001487,OI00019263,C04107,2025-12-23,20251223,Talle / compatibilidad,108.39
R0001488,OI00019264,C04108,2025-11-10,20251110,Producto defectuoso,105.95
R0001489,OI00019271,C04110,2024-11-05,20241105,Entrega tardía,71.92
R0001490,OI00019272,C04110,2025-11-28,20251128,Producto defectuoso,18.31
R0001491,OI00019325,C04118,2023-06-19,20230619,No era lo esperado,67.76
R0001492,OI00019328,C04118,2023-11-18,20231118,Producto defectuoso,75.3
R0001493,OI00019365,C04124,2025-12-30,20251230,Talle / compatibilidad,51.91
R0001494,OI00019368,C04125,2025-12-21,20251221,Talle / compatibilidad,39.74
R0001495,OI00019370,C04126,2025-07-26,20250726,No era lo esperado,18.98
R0001496,OI00019387,C04128,2025-12-06,20251206,No era lo esperado,33.79
R0001497,OI00019407,C04133,2025-12-21,20251221,Talle / compatibilidad,332.72
R0001498,OI00019422,C04137,2025-12-31,20251231,Producto defectuoso,75.22
R0001499,OI00019423,C04137,2025-12-31,20251231,Talle / compatibilidad,146.47
R0001500,OI00019425,C04138,2024-10-16,20241016,Producto defectuoso,43.97
R0001501,OI00019437,C04139,2025-09-04,20250904,Talle / compatibilidad,155.34
R0001502,OI00019512,C04154,2025-12-06,20251206,Producto defectuoso,66.1
R0001503,OI00019527,C04158,2024-01-21,20240121,Talle / compatibilidad,24.8
R0001504,OI00019538,C04160,2024-07-10,20240710,Talle / compatibilidad,57.0
R0001505,OI00019539,C04160,2024-07-18,20240718,Entrega tardía,49.35
R0001506,OI00019542,C04161,2024-04-20,20240420,Entrega tardía,56.27
R0001507,OI00019548,C04162,2025-11-15,20251115,Producto defectuoso,79.42
R0001508,OI00019549,C04162,2025-11-22,20251122,Talle / compatibilidad,74.67
R0001509,OI00019574,C04168,2024-08-07,20240807,Talle / compatibilidad,55.3
R0001510,OI00019575,C04168,2024-10-13,20241013,Producto defectuoso,105.68
R0001511,OI00019576,C04168,2024-10-03,20241003,Talle / compatibilidad,344.19
R0001512,OI00019604,C04175,2025-11-05,20251105,No era lo esperado,56.22
R0001513,OI00019605,C04175,2025-12-30,20251230,No era lo esperado,36.74
R0001514,OI00019606,C04175,2025-12-31,20251231,Producto defectuoso,211.12
R0001515,OI00019643,C04185,2023-08-06,20230806,No era lo esperado,359.35
R0001516,OI00019644,C04185,2023-08-01,20230801,Talle / compatibilidad,360.85
R0001517,OI00019648,C04185,2024-10-21,20241021,Entrega tardía,101.07
R0001518,OI00019690,C04193,2025-10-06,20251006,No era lo esperado,132.48
R0001519,OI00019707,C04196,2025-10-05,20251005,Talle / compatibilidad,15.57
R0001520,OI00019717,C04198,2025-04-07,20250407,Talle / compatibilidad,336.39
R0001521,OI00019722,C04199,2025-12-31,20251231,Producto defectuoso,203.18
R0001522,OI00019725,C04199,2025-12-26,20251226,Talle / compatibilidad,242.71
R0001523,OI00019745,C04204,2024-12-23,20241223,No era lo esperado,53.92
R0001524,OI00019752,C04204,2025-11-23,20251123,Producto defectuoso,287.92
R0001525,OI00019754,C04204,2025-11-30,20251130,Producto defectuoso,215.06
R0001526,OI00019774,C04208,2025-12-26,20251226,No era lo esperado,91.27
R0001527,OI00019775,C04209,2023-11-25,20231125,Entrega tardía,71.91
R0001528,OI00019818,C04220,2024-02-06,20240206,No era lo esperado,143.87
R0001529,OI00019821,C04220,2024-03-23,20240323,Producto defectuoso,476.03
R0001530,OI00019842,C04225,2025-04-27,20250427,Producto defectuoso,46.57
R0001531,OI00019859,C04229,2025-09-30,20250930,Talle / compatibilidad,78.7
R0001532,OI00019873,C04231,2025-02-20,20250220,Talle / compatibilidad,73.76
R0001533,OI00019878,C04231,2025-04-12,20250412,Talle / compatibilidad,167.08
R0001534,OI00019885,C04233,2024-11-13,20241113,No era lo esperado,257.11
R0001535,OI00019888,C04234,2025-01-02,20250102,Talle / compatibilidad,57.98
R0001536,OI00019890,C04234,2025-06-04,20250604,Talle / compatibilidad,34.45
R0001537,OI00019892,C04234,2025-12-13,20251213,Talle / compatibilidad,83.27
R0001538,OI00019902,C04237,2025-10-29,20251029,No era lo esperado,62.9
R0001539,OI00019952,C04247,2025-01-05,20250105,Entrega tardía,28.38
R0001540,OI00019957,C04247,2025-11-28,20251128,Talle / compatibilidad,28.09
R0001541,OI00019965,C04248,2025-11-28,20251128,Talle / compatibilidad,290.46
R0001542,OI00019967,C04249,2025-11-22,20251122,Producto defectuoso,107.39
R0001543,OI00019998,C04257,2024-12-29,20241229,No era lo esperado,46.39
R0001544,OI00020003,C04257,2025-12-13,20251213,Talle / compatibilidad,148.35
R0001545,OI00020015,C04260,2023-07-09,20230709,No era lo esperado,37.37
R0001546,OI00020037,C04264,2025-11-28,20251128,No era lo esperado,87.28
R0001547,OI00020043,C04266,2025-12-09,20251209,No era lo esperado,66.17
R0001548,OI00020063,C04272,2025-11-11,20251111,Talle / compatibilidad,112.04
R0001549,OI00020085,C04276,2025-07-19,20250719,No era lo esperado,71.24
R0001550,OI00020089,C04276,2025-11-03,20251103,Talle / compatibilidad,98.25
R0001551,OI00020091,C04276,2025-10-26,20251026,No era lo esperado,77.56
R0001552,OI00020095,C04277,2024-08-20,20240820,Entrega tardía,51.09
R0001553,OI00020158,C04294,2025-04-24,20250424,No era lo esperado,39.15
R0001554,OI00020181,C04297,2024-07-24,20240724,Talle / compatibilidad,43.09
R0001555,OI00020196,C04300,2024-05-11,20240511,No era lo esperado,24.94
R0001556,OI00020200,C04301,2025-05-23,20250523,Talle / compatibilidad,48.97
R0001557,OI00020212,C04304,2024-01-29,20240129,No era lo esperado,71.57
R0001558,OI00020213,C04304,2025-02-01,20250201,Talle / compatibilidad,518.6
R0001559,OI00020216,C04304,2025-02-02,20250202,No era lo esperado,322.49
R0001560,OI00020226,C04306,2025-07-11,20250711,No era lo esperado,63.81
R0001561,OI00020229,C04306,2025-07-22,20250722,Talle / compatibilidad,47.85
R0001562,OI00020259,C04313,2025-01-08,20250108,No era lo esperado,43.85
R0001563,OI00020274,C04318,2024-11-10,20241110,Entrega tardía,44.28
R0001564,OI00020284,C04319,2025-08-18,20250818,Producto defectuoso,54.74
R0001565,OI00020298,C04323,2024-10-21,20241021,Talle / compatibilidad,36.64
R0001566,OI00020300,C04323,2025-10-27,20251027,No era lo esperado,225.24
R0001567,OI00020301,C04323,2025-10-22,20251022,Talle / compatibilidad,180.72
R0001568,OI00020323,C04330,2025-08-22,20250822,No era lo esperado,93.07
R0001569,OI00020325,C04330,2025-09-06,20250906,Talle / compatibilidad,61.01
R0001570,OI00020358,C04339,2025-12-10,20251210,Producto defectuoso,69.57
R0001571,OI00020374,C04342,2024-09-27,20240927,Producto defectuoso,34.41
R0001572,OI00020444,C04353,2025-09-12,20250912,Talle / compatibilidad,200.94
R0001573,OI00020448,C04354,2025-11-08,20251108,Talle / compatibilidad,61.26
R0001574,OI00020461,C04356,2025-12-19,20251219,Producto defectuoso,76.22
R0001575,OI00020478,C04364,2025-11-18,20251118,Talle / compatibilidad,75.79
R0001576,OI00020479,C04364,2025-11-05,20251105,Producto defectuoso,80.6
R0001577,OI00020492,C04367,2024-07-02,20240702,Producto defectuoso,59.21
R0001578,OI00020504,C04372,2023-07-11,20230711,Producto defectuoso,24.65
R0001579,OI00020508,C04372,2025-12-31,20251231,Talle / compatibilidad,59.53
R0001580,OI00020515,C04373,2025-12-03,20251203,Talle / compatibilidad,148.62
R0001581,OI00020516,C04373,2025-12-12,20251212,Talle / compatibilidad,107.67
R0001582,OI00020519,C04374,2025-08-15,20250815,Producto defectuoso,55.65
R0001583,OI00020531,C04378,2024-08-08,20240808,Producto defectuoso,32.35
R0001584,OI00020534,C04379,2025-10-07,20251007,No era lo esperado,20.13
R0001585,OI00020544,C04382,2024-05-28,20240528,Talle / compatibilidad,29.74
R0001586,OI00020547,C04382,2025-11-03,20251103,Talle / compatibilidad,162.51
R0001587,OI00020548,C04382,2025-11-06,20251106,Producto defectuoso,56.02
R0001588,OI00020549,C04383,2024-10-18,20241018,Producto defectuoso,45.52
R0001589,OI00020557,C04384,2024-09-21,20240921,No era lo esperado,196.76
R0001590,OI00020569,C04387,2025-01-15,20250115,Producto defectuoso,282.58
R0001591,OI00020570,C04387,2025-01-09,20250109,No era lo esperado,158.7
R0001592,OI00020625,C04398,2025-12-31,20251231,Producto defectuoso,72.8
R0001593,OI00020634,C04401,2025-11-12,20251112,Talle / compatibilidad,79.89
R0001594,OI00020647,C04402,2025-12-31,20251231,Entrega tardía,158.16
R0001595,OI00020656,C04405,2024-03-31,20240331,Talle / compatibilidad,57.16
R0001596,OI00020680,C04408,2023-10-29,20231029,Talle / compatibilidad,42.6
R0001597,OI00020694,C04410,2025-08-16,20250816,Entrega tardía,77.03
R0001598,OI00020706,C04413,2025-05-27,20250527,No era lo esperado,293.8
R0001599,OI00020714,C04416,2024-09-23,20240923,Producto defectuoso,67.22
R0001600,OI00020717,C04417,2024-06-04,20240604,No era lo esperado,96.93
R0001601,OI00020790,C04435,2025-08-01,20250801,No era lo esperado,24.6
R0001602,OI00020791,C04435,2025-10-28,20251028,No era lo esperado,84.53
R0001603,OI00020792,C04436,2025-12-31,20251231,Talle / compatibilidad,169.47
R0001604,OI00020803,C04440,2025-04-21,20250421,Producto defectuoso,79.45
R0001605,OI00020830,C04443,2025-09-09,20250909,No era lo esperado,41.6
R0001606,OI00020839,C04446,2024-05-17,20240517,Talle / compatibilidad,30.52
R0001607,OI00020850,C04449,2025-12-11,20251211,No era lo esperado,100.35
R0001608,OI00020873,C04454,2025-12-17,20251217,Entrega tardía,191.53
R0001609,OI00020874,C04454,2025-12-31,20251231,Talle / compatibilidad,419.7
R0001610,OI00020877,C04455,2025-07-12,20250712,Talle / compatibilidad,64.14
R0001611,OI00020880,C04455,2025-11-09,20251109,Talle / compatibilidad,138.72
R0001612,OI00020885,C04456,2024-08-02,20240802,No era lo esperado,21.21
R0001613,OI00020903,C04459,2025-07-03,20250703,Entrega tardía,495.81
R0001614,OI00020929,C04461,2025-05-02,20250502,Talle / compatibilidad,27.1
R0001615,OI00020934,C04461,2025-12-02,20251202,No era lo esperado,161.53
R0001616,OI00020974,C04471,2025-06-21,20250621,Entrega tardía,46.07
R0001617,OI00020978,C04472,2025-09-21,20250921,Entrega tardía,343.85
R0001618,OI00020996,C04477,2025-12-31,20251231,Talle / compatibilidad,68.53
R0001619,OI00021009,C04479,2025-10-08,20251008,No era lo esperado,18.37
R0001620,OI00021068,C04492,2024-11-01,20241101,Entrega tardía,47.95
R0001621,OI00021077,C04495,2024-06-08,20240608,Entrega tardía,228.22
R0001622,OI00021079,C04495,2024-05-23,20240523,Entrega tardía,78.31
R0001623,OI00021113,C04504,2025-08-07,20250807,Talle / compatibilidad,65.46
R0001624,OI00021124,C04506,2025-12-18,20251218,Producto defectuoso,74.69
R0001625,OI00021149,C04514,2025-11-06,20251106,Producto defectuoso,64.46
R0001626,OI00021152,C04515,2025-12-27,20251227,Entrega tardía,101.96
R0001627,OI00021157,C04517,2024-06-25,20240625,No era lo esperado,60.06
R0001628,OI00021165,C04518,2023-07-29,20230729,Entrega tardía,68.84
R0001629,OI00021166,C04518,2023-07-20,20230720,No era lo esperado,70.9
R0001630,OI00021167,C04518,2024-08-23,20240823,No era lo esperado,64.32
R0001631,OI00021173,C04519,2025-03-21,20250321,Talle / compatibilidad,219.31
R0001632,OI00021174,C04519,2025-09-05,20250905,Talle / compatibilidad,160.92
R0001633,OI00021189,C04525,2025-10-13,20251013,Talle / compatibilidad,73.53
R0001634,OI00021193,C04526,2024-09-10,20240910,Producto defectuoso,57.59
R0001635,OI00021196,C04526,2025-12-31,20251231,Producto defectuoso,95.49
R0001636,OI00021201,C04527,2023-09-14,20230914,Talle / compatibilidad,990.29
R0001637,OI00021204,C04527,2023-12-09,20231209,Producto defectuoso,52.21
R0001638,OI00021206,C04527,2025-06-09,20250609,Talle / compatibilidad,77.98
R0001639,OI00021216,C04528,2024-08-23,20240823,Talle / compatibilidad,81.4
R0001640,OI00021227,C04531,2023-03-02,20230302,Talle / compatibilidad,36.03
R0001641,OI00021244,C04531,2025-02-01,20250201,Talle / compatibilidad,67.49
R0001642,OI00021256,C04533,2025-06-13,20250613,Talle / compatibilidad,66.26
R0001643,OI00021269,C04536,2025-03-30,20250330,No era lo esperado,46.11
R0001644,OI00021288,C04541,2025-03-16,20250316,Producto defectuoso,60.09
R0001645,OI00021294,C04542,2025-12-21,20251221,Entrega tardía,103.1
R0001646,OI00021321,C04549,2025-09-26,20250926,Entrega tardía,20.83
R0001647,OI00021325,C04551,2025-09-05,20250905,No era lo esperado,165.79
R0001648,OI00021357,C04554,2025-10-20,20251020,Talle / compatibilidad,101.77
R0001649,OI00021358,C04555,2025-02-25,20250225,Talle / compatibilidad,174.42
R0001650,OI00021360,C04555,2025-03-02,20250302,Talle / compatibilidad,219.13
R0001651,OI00021367,C04555,2025-03-20,20250320,No era lo esperado,159.36
R0001652,OI00021369,C04555,2025-03-20,20250320,No era lo esperado,186.09
R0001653,OI00021375,C04557,2025-12-12,20251212,Producto defectuoso,71.95
R0001654,OI00021382,C04560,2025-12-18,20251218,Entrega tardía,34.5
R0001655,OI00021393,C04564,2024-06-04,20240604,Entrega tardía,156.12
R0001656,OI00021408,C04567,2025-02-24,20250224,Producto defectuoso,35.97
R0001657,OI00021412,C04567,2025-06-15,20250615,Talle / compatibilidad,44.85
R0001658,OI00021434,C04570,2025-02-23,20250223,Talle / compatibilidad,178.73
R0001659,OI00021435,C04570,2025-04-05,20250405,Entrega tardía,980.77
R0001660,OI00021447,C04572,2024-12-25,20241225,No era lo esperado,238.39
R0001661,OI00021490,C04581,2025-08-10,20250810,Talle / compatibilidad,166.19
R0001662,OI00021498,C04584,2025-05-31,20250531,Talle / compatibilidad,81.52
R0001663,OI00021507,C04587,2025-12-05,20251205,Talle / compatibilidad,37.66
R0001664,OI00021529,C04593,2024-03-29,20240329,Talle / compatibilidad,76.75
R0001665,OI00021557,C04601,2025-12-31,20251231,Talle / compatibilidad,147.58
R0001666,OI00021590,C04611,2024-04-30,20240430,No era lo esperado,70.03
R0001667,OI00021620,C04618,2025-03-14,20250314,No era lo esperado,249.47
R0001668,OI00021637,C04621,2025-04-08,20250408,Producto defectuoso,161.9
R0001669,OI00021644,C04623,2025-07-11,20250711,No era lo esperado,166.51
R0001670,OI00021653,C04624,2025-12-31,20251231,Talle / compatibilidad,479.01
R0001671,OI00021654,C04624,2025-12-26,20251226,Producto defectuoso,39.86
R0001672,OI00021691,C04631,2024-06-14,20240614,No era lo esperado,196.17
R0001673,OI00021692,C04631,2024-06-10,20240610,Talle / compatibilidad,158.29
R0001674,OI00021695,C04631,2024-12-30,20241230,Talle / compatibilidad,277.83
R0001675,OI00021701,C04632,2024-01-29,20240129,No era lo esperado,73.15
R0001676,OI00021719,C04634,2024-09-19,20240919,Talle / compatibilidad,31.67
R0001677,OI00021720,C04634,2024-09-14,20240914,No era lo esperado,271.12
R0001678,OI00021724,C04635,2023-08-09,20230809,No era lo esperado,236.6
R0001679,OI00021725,C04635,2023-10-21,20231021,Producto defectuoso,78.54
R0001680,OI00021750,C04642,2024-11-04,20241104,Talle / compatibilidad,156.21
R0001681,OI00021760,C04644,2023-10-22,20231022,No era lo esperado,31.31
R0001682,OI00021761,C04644,2024-06-14,20240614,Talle / compatibilidad,162.95
R0001683,OI00021763,C04645,2023-09-04,20230904,Entrega tardía,86.97
R0001684,OI00021781,C04648,2024-10-15,20241015,Producto defectuoso,148.63
R0001685,OI00021789,C04651,2025-02-03,20250203,No era lo esperado,54.5
R0001686,OI00021813,C04656,2024-03-14,20240314,No era lo esperado,179.49
R0001687,OI00021822,C04659,2025-01-14,20250114,No era lo esperado,36.41
R0001688,OI00021827,C04659,2025-06-20,20250620,Producto defectuoso,46.26
R0001689,OI00021830,C04659,2025-08-02,20250802,No era lo esperado,31.04
R0001690,OI00021863,C04664,2025-07-15,20250715,No era lo esperado,148.33
R0001691,OI00021869,C04665,2024-09-30,20240930,Producto defectuoso,184.78
R0001692,OI00021876,C04665,2025-12-18,20251218,No era lo esperado,98.4
R0001693,OI00021880,C04666,2025-11-01,20251101,Producto defectuoso,47.0
R0001694,OI00021884,C04666,2025-12-17,20251217,Talle / compatibilidad,35.84
R0001695,OI00021889,C04667,2024-08-08,20240808,Producto defectuoso,24.68
R0001696,OI00021909,C04670,2025-06-19,20250619,Talle / compatibilidad,262.72
R0001697,OI00021910,C04670,2025-09-07,20250907,Talle / compatibilidad,229.26
R0001698,OI00021911,C04670,2025-09-02,20250902,Producto defectuoso,43.23
R0001699,OI00021915,C04670,2025-12-12,20251212,Talle / compatibilidad,43.03
R0001700,OI00021917,C04670,2025-12-24,20251224,No era lo esperado,28.66
R0001701,OI00021918,C04670,2025-12-26,20251226,No era lo esperado,17.82
R0001702,OI00021927,C04672,2025-01-30,20250130,No era lo esperado,92.74
R0001703,OI00021934,C04672,2025-04-04,20250404,Talle / compatibilidad,48.98
R0001704,OI00021946,C04674,2025-09-28,20250928,Talle / compatibilidad,43.63
R0001705,OI00021957,C04676,2025-01-10,20250110,Talle / compatibilidad,22.97
R0001706,OI00021961,C04677,2025-06-11,20250611,Producto defectuoso,161.01
R0001707,OI00021968,C04680,2023-06-11,20230611,Producto defectuoso,115.58
R0001708,OI00021989,C04684,2023-06-09,20230609,Producto defectuoso,110.26
R0001709,OI00021997,C04684,2025-03-27,20250327,Producto defectuoso,90.32
R0001710,OI00022003,C04685,2025-12-21,20251221,Talle / compatibilidad,126.51
R0001711,OI00022011,C04687,2025-12-04,20251204,Talle / compatibilidad,77.54
R0001712,OI00022063,C04700,2025-10-18,20251018,Entrega tardía,361.79
R0001713,OI00022069,C04702,2023-10-17,20231017,No era lo esperado,75.03
R0001714,OI00022072,C04702,2024-09-02,20240902,Producto defectuoso,72.51
R0001715,OI00022076,C04703,2025-07-11,20250711,Entrega tardía,56.32
R0001716,OI00022129,C04718,2025-12-14,20251214,Producto defectuoso,39.27
R0001717,OI00022134,C04718,2025-12-18,20251218,Entrega tardía,43.6
R0001718,OI00022162,C04725,2024-10-27,20241027,Talle / compatibilidad,186.29
R0001719,OI00022169,C04726,2025-12-31,20251231,Talle / compatibilidad,104.1
R0001720,OI00022188,C04733,2025-07-19,20250719,Producto defectuoso,229.83
R0001721,OI00022190,C04733,2025-12-31,20251231,No era lo esperado,211.87
R0001722,OI00022211,C04738,2024-09-28,20240928,No era lo esperado,59.24
R0001723,OI00022219,C04741,2025-10-03,20251003,Talle / compatibilidad,34.65
R0001724,OI00022229,C04744,2024-06-01,20240601,No era lo esperado,77.64
R0001725,OI00022240,C04745,2025-11-15,20251115,No era lo esperado,31.52
R0001726,OI00022243,C04747,2025-05-07,20250507,Producto defectuoso,28.87
R0001727,OI00022244,C04747,2025-05-06,20250506,Producto defectuoso,29.67
R0001728,OI00022247,C04748,2023-12-21,20231221,Producto defectuoso,702.5
R0001729,OI00022252,C04748,2025-10-20,20251020,Talle / compatibilidad,73.25
R0001730,OI00022321,C04764,2025-01-03,20250103,Entrega tardía,97.12
R0001731,OI00022333,C04767,2024-11-09,20241109,Talle / compatibilidad,315.66
R0001732,OI00022336,C04768,2024-07-01,20240701,No era lo esperado,70.4
R0001733,OI00022340,C04768,2024-08-22,20240822,Talle / compatibilidad,220.38
R0001734,OI00022374,C04772,2025-12-02,20251202,Talle / compatibilidad,29.67
R0001735,OI00022375,C04773,2024-04-12,20240412,Entrega tardía,72.81
R0001736,OI00022382,C04773,2025-08-13,20250813,Entrega tardía,52.88
R0001737,OI00022388,C04774,2025-12-31,20251231,Talle / compatibilidad,101.08
R0001738,OI00022394,C04776,2024-07-22,20240722,No era lo esperado,37.88
R0001739,OI00022421,C04779,2023-05-24,20230524,No era lo esperado,36.54
R0001740,OI00022422,C04779,2023-06-06,20230606,No era lo esperado,74.19
R0001741,OI00022430,C04780,2024-03-03,20240303,Entrega tardía,79.38
R0001742,OI00022444,C04780,2025-11-29,20251129,Talle / compatibilidad,98.16
R0001743,OI00022458,C04788,2024-03-06,20240306,Talle / compatibilidad,131.19
R0001744,OI00022465,C04789,2025-10-25,20251025,No era lo esperado,124.01
R0001745,OI00022478,C04791,2025-06-23,20250623,No era lo esperado,106.65
R0001746,OI00022485,C04793,2025-12-20,20251220,No era lo esperado,163.99
R0001747,OI00022491,C04797,2025-04-25,20250425,Entrega tardía,69.44
R0001748,OI00022499,C04798,2023-11-24,20231124,Producto defectuoso,59.24
R0001749,OI00022579,C04816,2024-02-25,20240225,Producto defectuoso,89.72
R0001750,OI00022580,C04816,2024-10-28,20241028,No era lo esperado,61.49
R0001751,OI00022598,C04821,2025-03-17,20250317,No era lo esperado,30.43
R0001752,OI00022604,C04821,2025-08-23,20250823,Producto defectuoso,17.8
R0001753,OI00022606,C04821,2025-10-16,20251016,Talle / compatibilidad,32.76
R0001754,OI00022621,C04826,2025-04-06,20250406,No era lo esperado,110.55
R0001755,OI00022629,C04827,2025-12-11,20251211,Producto defectuoso,86.22
R0001756,OI00022631,C04828,2025-05-20,20250520,Producto defectuoso,122.28
R0001757,OI00022639,C04830,2025-06-10,20250610,Producto defectuoso,70.96
R0001758,OI00022674,C04838,2023-05-27,20230527,No era lo esperado,164.39
R0001759,OI00022677,C04838,2024-03-23,20240323,Entrega tardía,44.82
R0001760,OI00022680,C04838,2025-05-31,20250531,No era lo esperado,30.7
R0001761,OI00022681,C04838,2025-05-16,20250516,Talle / compatibilidad,58.87
R0001762,OI00022682,C04838,2025-10-15,20251015,No era lo esperado,120.36
R0001763,OI00022704,C04842,2024-11-10,20241110,No era lo esperado,35.1
R0001764,OI00022713,C04843,2024-08-28,20240828,No era lo esperado,155.57
R0001765,OI00022729,C04849,2024-07-29,20240729,No era lo esperado,414.94
R0001766,OI00022730,C04849,2024-08-14,20240814,Talle / compatibilidad,190.13
R0001767,OI00022732,C04849,2025-06-29,20250629,Producto defectuoso,49.81
R0001768,OI00022765,C04855,2025-01-13,20250113,Talle / compatibilidad,139.99
R0001769,OI00022769,C04856,2025-04-19,20250419,No era lo esperado,72.38
R0001770,OI00022787,C04859,2025-02-27,20250227,No era lo esperado,55.59
R0001771,OI00022794,C04861,2025-11-19,20251119,Producto defectuoso,52.56
R0001772,OI00022798,C04862,2025-10-18,20251018,Talle / compatibilidad,100.23
R0001773,OI00022834,C04869,2025-11-22,20251122,Producto defectuoso,59.21
R0001774,OI00022836,C04870,2025-01-25,20250125,Talle / compatibilidad,288.23
R0001775,OI00022837,C04870,2025-12-01,20251201,Producto defectuoso,167.46
R0001776,OI00022844,C04871,2025-04-27,20250427,Producto defectuoso,78.79
R0001777,OI00022847,C04871,2025-10-29,20251029,Talle / compatibilidad,46.14
R0001778,OI00022858,C04873,2025-07-07,20250707,Entrega tardía,509.77
R0001779,OI00022888,C04879,2025-09-26,20250926,Entrega tardía,69.34
R0001780,OI00022890,C04879,2025-10-04,20251004,Producto defectuoso,55.41
R0001781,OI00022911,C04886,2024-02-24,20240224,Talle / compatibilidad,292.39
R0001782,OI00022914,C04886,2024-02-23,20240223,Talle / compatibilidad,87.04
R0001783,OI00022916,C04886,2024-02-10,20240210,No era lo esperado,71.67
R0001784,OI00022922,C04888,2025-12-04,20251204,Talle / compatibilidad,103.92
R0001785,OI00022923,C04888,2025-11-16,20251116,Entrega tardía,80.86
R0001786,OI00022932,C04889,2025-12-18,20251218,Producto defectuoso,223.29
R0001787,OI00022965,C04898,2025-05-11,20250511,Producto defectuoso,66.96
R0001788,OI00022973,C04902,2024-12-31,20241231,Talle / compatibilidad,188.62
R0001789,OI00022977,C04902,2025-07-25,20250725,Talle / compatibilidad,214.18
R0001790,OI00022981,C04902,2025-08-13,20250813,Entrega tardía,378.68
R0001791,OI00022983,C04902,2025-11-12,20251112,No era lo esperado,126.0
R0001792,OI00022985,C04902,2025-11-16,20251116,Talle / compatibilidad,45.33
R0001793,OI00022989,C04903,2025-12-20,20251220,No era lo esperado,54.2
R0001794,OI00023026,C04910,2025-01-20,20250120,Talle / compatibilidad,144.1
R0001795,OI00023049,C04916,2025-08-09,20250809,Talle / compatibilidad,71.71
R0001796,OI00023078,C04924,2025-10-20,20251020,No era lo esperado,52.41
R0001797,OI00023080,C04924,2025-12-18,20251218,No era lo esperado,55.44
R0001798,OI00023094,C04925,2025-11-15,20251115,Talle / compatibilidad,75.9
R0001799,OI00023101,C04927,2025-12-31,20251231,No era lo esperado,84.97
R0001800,OI00023119,C04933,2025-11-05,20251105,Talle / compatibilidad,201.62
R0001801,OI00023126,C04935,2024-07-25,20240725,Talle / compatibilidad,31.32
R0001802,OI00023129,C04935,2024-11-23,20241123,Talle / compatibilidad,199.08
R0001803,OI00023169,C04942,2024-06-02,20240602,Entrega tardía,18.18
R0001804,OI00023182,C04946,2025-09-09,20250909,No era lo esperado,34.57
R0001805,OI00023183,C04947,2025-12-20,20251220,No era lo esperado,52.53
R0001806,OI00023186,C04948,2025-12-16,20251216,Producto defectuoso,98.31
R0001807,OI00023205,C04952,2024-08-03,20240803,Talle / compatibilidad,98.62
R0001808,OI00023210,C04955,2024-03-06,20240306,Talle / compatibilidad,37.57
R0001809,OI00023230,C04957,2025-03-30,20250330,Talle / compatibilidad,68.54
R0001810,OI00023231,C04957,2025-04-08,20250408,Producto defectuoso,96.77
R0001811,OI00023241,C04958,2024-09-30,20240930,Producto defectuoso,79.4
R0001812,OI00023243,C04958,2025-05-04,20250504,Talle / compatibilidad,70.59
R0001813,OI00023257,C04961,2024-05-25,20240525,No era lo esperado,60.95
R0001814,OI00023260,C04961,2024-05-26,20240526,Producto defectuoso,40.28
R0001815,OI00023262,C04961,2024-06-07,20240607,No era lo esperado,34.94
R0001816,OI00023287,C04966,2024-02-11,20240211,Talle / compatibilidad,82.81
R0001817,OI00023329,C04971,2025-12-17,20251217,Talle / compatibilidad,69.91
R0001818,OI00023366,C04983,2025-07-04,20250704,No era lo esperado,71.96
R0001819,OI00023389,C04986,2025-11-17,20251117,Producto defectuoso,78.01
R0001820,OI00023412,C04994,2024-12-31,20241231,No era lo esperado,58.83
R0001821,OI00023421,C04996,2024-01-03,20240103,No era lo esperado,36.69
R0001822,OI00023422,C04996,2024-01-24,20240124,Producto defectuoso,50.27
R0001823,OI00023432,C05000,2025-12-06,20251206,Entrega tardía,50.14
R0001824,OI00023445,C05002,2023-12-19,20231219,No era lo esperado,144.95
R0001825,OI00023446,C05002,2024-05-04,20240504,No era lo esperado,121.61
R0001826,OI00023447,C05002,2024-05-14,20240514,No era lo esperado,45.11
R0001827,OI00023453,C05004,2025-10-10,20251010,Talle / compatibilidad,197.1
R0001828,OI00023461,C05005,2025-07-22,20250722,Talle / compatibilidad,46.88
R0001829,OI00023464,C05005,2025-12-31,20251231,Talle / compatibilidad,68.97
R0001830,OI00023493,C05015,2025-06-29,20250629,Entrega tardía,34.33
R0001831,OI00023497,C05015,2025-06-23,20250623,Talle / compatibilidad,60.16
R0001832,OI00023507,C05018,2024-12-07,20241207,Producto defectuoso,31.33
R0001833,OI00023551,C05027,2024-09-27,20240927,Entrega tardía,52.62
R0001834,OI00023552,C05027,2025-05-19,20250519,No era lo esperado,140.96
R0001835,OI00023563,C05028,2024-06-18,20240618,No era lo esperado,19.41
R0001836,OI00023622,C05041,2025-08-03,20250803,Producto defectuoso,42.28
R0001837,OI00023624,C05042,2024-01-07,20240107,No era lo esperado,76.05
R0001838,OI00023627,C05042,2025-03-16,20250316,Talle / compatibilidad,85.16
R0001839,OI00023651,C05045,2025-07-21,20250721,Talle / compatibilidad,170.24
R0001840,OI00023680,C05053,2025-12-05,20251205,No era lo esperado,31.59
R0001841,OI00023692,C05056,2025-11-16,20251116,No era lo esperado,77.51
R0001842,OI00023709,C05061,2025-08-03,20250803,No era lo esperado,79.84
R0001843,OI00023713,C05062,2024-12-07,20241207,Talle / compatibilidad,63.38
R0001844,OI00023716,C05062,2024-12-01,20241201,Talle / compatibilidad,49.75
R0001845,OI00023769,C05070,2025-12-21,20251221,Producto defectuoso,46.08
R0001846,OI00023795,C05076,2025-06-07,20250607,Talle / compatibilidad,113.73
R0001847,OI00023821,C05082,2025-11-28,20251128,No era lo esperado,732.82
R0001848,OI00023833,C05084,2024-08-14,20240814,Producto defectuoso,75.32
R0001849,OI00023840,C05088,2025-12-31,20251231,No era lo esperado,112.18
R0001850,OI00023861,C05095,2024-09-14,20240914,Producto defectuoso,25.2
R0001851,OI00023867,C05095,2025-12-31,20251231,No era lo esperado,139.77
R0001852,OI00023894,C05099,2025-10-21,20251021,Talle / compatibilidad,39.14
R0001853,OI00023898,C05100,2023-12-06,20231206,Talle / compatibilidad,154.65
R0001854,OI00023909,C05103,2024-01-03,20240103,No era lo esperado,198.87
R0001855,OI00023927,C05105,2023-10-11,20231011,Entrega tardía,41.72
R0001856,OI00023941,C05106,2025-12-28,20251228,Talle / compatibilidad,94.4
R0001857,OI00023984,C05111,2025-12-31,20251231,Producto defectuoso,18.48
R0001858,OI00023986,C05112,2025-12-31,20251231,Entrega tardía,196.41
R0001859,OI00024002,C05116,2025-07-09,20250709,No era lo esperado,90.28
R0001860,OI00024003,C05116,2025-07-10,20250710,Entrega tardía,60.64
R0001861,OI00024005,C05116,2025-12-04,20251204,Talle / compatibilidad,32.73
R0001862,OI00024012,C05119,2025-08-04,20250804,No era lo esperado,89.7
R0001863,OI00024016,C05120,2023-06-30,20230630,Talle / compatibilidad,108.73
R0001864,OI00024051,C05126,2025-09-27,20250927,Talle / compatibilidad,129.78
R0001865,OI00024058,C05127,2023-12-24,20231224,Producto defectuoso,223.54
R0001866,OI00024063,C05127,2025-10-14,20251014,Talle / compatibilidad,78.49
R0001867,OI00024074,C05130,2025-06-19,20250619,Talle / compatibilidad,44.64
R0001868,OI00024076,C05131,2024-12-27,20241227,No era lo esperado,81.12
R0001869,OI00024079,C05131,2025-03-24,20250324,Talle / compatibilidad,77.22
R0001870,OI00024084,C05132,2024-10-16,20241016,Talle / compatibilidad,129.45
R0001871,OI00024089,C05132,2025-07-02,20250702,Entrega tardía,184.6
R0001872,OI00024102,C05134,2023-12-13,20231213,Talle / compatibilidad,121.68
R0001873,OI00024106,C05135,2025-12-05,20251205,Entrega tardía,38.49
R0001874,OI00024107,C05136,2023-08-24,20230824,No era lo esperado,62.32
R0001875,OI00024109,C05136,2024-10-28,20241028,Producto defectuoso,64.6
R0001876,OI00024110,C05136,2024-12-10,20241210,Talle / compatibilidad,87.92
R0001877,OI00024116,C05136,2025-11-03,20251103,Talle / compatibilidad,40.74
R0001878,OI00024120,C05136,2025-12-31,20251231,No era lo esperado,208.95
R0001879,OI00024135,C05139,2025-11-19,20251119,Entrega tardía,40.91
R0001880,OI00024153,C05144,2025-10-12,20251012,No era lo esperado,46.55
R0001881,OI00024172,C05149,2025-08-12,20250812,Producto defectuoso,60.8
R0001882,OI00024180,C05151,2024-12-08,20241208,Talle / compatibilidad,38.97
R0001883,OI00024184,C05151,2025-11-26,20251126,No era lo esperado,66.1
R0001884,OI00024211,C05155,2025-08-10,20250810,Talle / compatibilidad,200.01
R0001885,OI00024223,C05157,2025-11-16,20251116,Talle / compatibilidad,147.49
R0001886,OI00024239,C05159,2024-12-30,20241230,Entrega tardía,68.02
R0001887,OI00024242,C05159,2025-12-29,20251229,No era lo esperado,179.03
R0001888,OI00024244,C05159,2025-12-24,20251224,Producto defectuoso,307.69
R0001889,OI00024248,C05161,2024-04-05,20240405,Talle / compatibilidad,50.77
R0001890,OI00024256,C05162,2023-04-09,20230409,No era lo esperado,71.63
R0001891,OI00024258,C05162,2025-03-09,20250309,Entrega tardía,115.18
R0001892,OI00024264,C05165,2025-12-31,20251231,Producto defectuoso,345.43
R0001893,OI00024276,C05168,2025-12-22,20251222,Producto defectuoso,168.88
R0001894,OI00024295,C05173,2025-10-10,20251010,Entrega tardía,409.98
R0001895,OI00024300,C05175,2025-02-11,20250211,Talle / compatibilidad,104.01
R0001896,OI00024316,C05178,2024-09-10,20240910,Producto defectuoso,51.39
R0001897,OI00024319,C05179,2024-03-27,20240327,No era lo esperado,61.66
R0001898,OI00024329,C05180,2025-05-09,20250509,Producto defectuoso,182.29
R0001899,OI00024331,C05182,2025-04-26,20250426,No era lo esperado,37.42
R0001900,OI00024348,C05185,2025-12-22,20251222,Talle / compatibilidad,147.63
R0001901,OI00024359,C05188,2025-11-01,20251101,Entrega tardía,70.48
R0001902,OI00024369,C05190,2024-07-07,20240707,Producto defectuoso,35.59
R0001903,OI00024392,C05193,2025-11-25,20251125,Producto defectuoso,98.59
R0001904,OI00024419,C05199,2025-11-09,20251109,Producto defectuoso,51.74
R0001905,OI00024423,C05200,2025-11-18,20251118,Talle / compatibilidad,341.6
R0001906,OI00024432,C05201,2024-07-28,20240728,No era lo esperado,90.43
R0001907,OI00024440,C05203,2025-06-20,20250620,No era lo esperado,19.17
R0001908,OI00024441,C05203,2025-06-21,20250621,No era lo esperado,24.67
R0001909,OI00024452,C05204,2025-08-10,20250810,No era lo esperado,42.39
R0001910,OI00024458,C05204,2025-09-16,20250916,No era lo esperado,97.16
R0001911,OI00024477,C05205,2025-12-04,20251204,Entrega tardía,132.02
R0001912,OI00024480,C05206,2025-11-20,20251120,Talle / compatibilidad,53.44
R0001913,OI00024482,C05207,2025-02-15,20250215,No era lo esperado,70.55
R0001914,OI00024490,C05209,2025-12-31,20251231,Talle / compatibilidad,227.2
R0001915,OI00024510,C05218,2025-09-17,20250917,Entrega tardía,217.86
R0001916,OI00024516,C05219,2024-06-15,20240615,Talle / compatibilidad,203.97
R0001917,OI00024517,C05219,2024-06-11,20240611,Talle / compatibilidad,55.09
R0001918,OI00024601,C05240,2025-09-24,20250924,Talle / compatibilidad,363.72
R0001919,OI00024610,C05242,2025-12-27,20251227,No era lo esperado,182.96
R0001920,OI00024619,C05244,2025-12-31,20251231,Talle / compatibilidad,52.83
R0001921,OI00024629,C05247,2025-12-31,20251231,Producto defectuoso,73.84
R0001922,OI00024634,C05249,2025-12-31,20251231,Talle / compatibilidad,50.46
R0001923,OI00024671,C05257,2025-05-09,20250509,Producto defectuoso,179.78
R0001924,OI00024673,C05257,2025-12-11,20251211,Talle / compatibilidad,70.18
R0001925,OI00024687,C05261,2025-12-04,20251204,Talle / compatibilidad,200.38
R0001926,OI00024692,C05262,2024-03-09,20240309,No era lo esperado,49.3
R0001927,OI00024694,C05262,2024-03-25,20240325,Producto defectuoso,43.06
R0001928,OI00024703,C05264,2025-06-24,20250624,Talle / compatibilidad,141.44
R0001929,OI00024711,C05267,2025-10-08,20251008,Producto defectuoso,34.86
R0001930,OI00024722,C05270,2025-09-26,20250926,Entrega tardía,361.0
R0001931,OI00024723,C05270,2025-10-01,20251001,Entrega tardía,42.36
R0001932,OI00024748,C05276,2023-10-21,20231021,Entrega tardía,205.07
R0001933,OI00024760,C05277,2023-11-10,20231110,No era lo esperado,83.51
R0001934,OI00024767,C05277,2024-08-16,20240816,Producto defectuoso,472.18
R0001935,OI00024770,C05277,2025-09-15,20250915,Entrega tardía,153.96
R0001936,OI00024777,C05279,2024-02-26,20240226,Talle / compatibilidad,99.31
R0001937,OI00024797,C05283,2025-07-01,20250701,No era lo esperado,105.21
R0001938,OI00024819,C05289,2025-05-03,20250503,Talle / compatibilidad,119.48
R0001939,OI00024822,C05290,2024-03-04,20240304,Talle / compatibilidad,67.8
R0001940,OI00024823,C05290,2024-02-26,20240226,Talle / compatibilidad,155.88
R0001941,OI00024824,C05290,2025-02-12,20250212,Producto defectuoso,73.6
R0001942,OI00024828,C05290,2025-11-05,20251105,Producto defectuoso,60.71
R0001943,OI00024830,C05291,2025-07-26,20250726,No era lo esperado,995.72
R0001944,OI00024868,C05299,2025-11-30,20251130,No era lo esperado,45.37
R0001945,OI00024903,C05307,2024-06-26,20240626,No era lo esperado,47.39
R0001946,OI00024911,C05308,2025-07-14,20250714,Producto defectuoso,116.09
R0001947,OI00024942,C05315,2024-12-26,20241226,No era lo esperado,33.8
R0001948,OI00024944,C05316,2024-09-01,20240901,No era lo esperado,179.93
R0001949,OI00024949,C05317,2025-08-24,20250824,Producto defectuoso,140.94
R0001950,OI00024976,C05322,2025-12-31,20251231,Producto defectuoso,41.84
R0001951,OI00024979,C05324,2024-07-18,20240718,No era lo esperado,371.19
R0001952,OI00025010,C05328,2024-09-12,20240912,Entrega tardía,74.41
R0001953,OI00025034,C05333,2024-04-05,20240405,Talle / compatibilidad,148.5
R0001954,OI00025037,C05333,2024-04-09,20240409,Entrega tardía,98.13
R0001955,OI00025043,C05335,2025-05-24,20250524,Producto defectuoso,42.83
R0001956,OI00025052,C05336,2024-10-03,20241003,Talle / compatibilidad,93.24
R0001957,OI00025054,C05337,2025-12-02,20251202,Producto defectuoso,36.53
R0001958,OI00025089,C05346,2024-05-03,20240503,Producto defectuoso,95.56
R0001959,OI00025109,C05350,2024-11-18,20241118,No era lo esperado,98.93
R0001960,OI00025113,C05350,2024-12-28,20241228,Producto defectuoso,167.2
R0001961,OI00025114,C05350,2024-12-22,20241222,Talle / compatibilidad,196.79
R0001962,OI00025136,C05355,2025-08-02,20250802,Producto defectuoso,56.87
R0001963,OI00025145,C05358,2025-11-22,20251122,Producto defectuoso,31.31
R0001964,OI00025149,C05359,2024-09-28,20240928,Talle / compatibilidad,146.3
R0001965,OI00025154,C05360,2025-11-15,20251115,Producto defectuoso,73.27
R0001966,OI00025160,C05361,2025-05-19,20250519,Producto defectuoso,103.66
R0001967,OI00025165,C05362,2025-07-12,20250712,Entrega tardía,359.55
R0001968,OI00025197,C05367,2024-07-12,20240712,Talle / compatibilidad,46.21
R0001969,OI00025198,C05368,2025-12-19,20251219,No era lo esperado,33.08
R0001970,OI00025210,C05370,2025-12-31,20251231,Producto defectuoso,71.49
R0001971,OI00025214,C05373,2025-04-02,20250402,Talle / compatibilidad,22.73
R0001972,OI00025223,C05377,2025-04-26,20250426,Talle / compatibilidad,49.24
R0001973,OI00025229,C05379,2025-03-22,20250322,Entrega tardía,167.9
R0001974,OI00025231,C05379,2025-04-12,20250412,No era lo esperado,102.77
R0001975,OI00025236,C05380,2025-03-10,20250310,Entrega tardía,80.45
R0001976,OI00025258,C05384,2024-10-11,20241011,Talle / compatibilidad,93.85
R0001977,OI00025267,C05386,2025-07-28,20250728,Talle / compatibilidad,95.66
R0001978,OI00025289,C05391,2025-11-05,20251105,Entrega tardía,44.41
R0001979,OI00025294,C05392,2024-06-26,20240626,Entrega tardía,62.93
R0001980,OI00025324,C05400,2025-11-20,20251120,No era lo esperado,808.56
R0001981,OI00025331,C05403,2025-07-27,20250727,No era lo esperado,659.3
R0001982,OI00025335,C05404,2025-11-17,20251117,Talle / compatibilidad,142.82
R0001983,OI00025347,C05407,2025-05-19,20250519,No era lo esperado,38.02
R0001984,OI00025353,C05408,2025-10-28,20251028,Talle / compatibilidad,355.47
R0001985,OI00025374,C05413,2025-09-13,20250913,No era lo esperado,109.09
R0001986,OI00025406,C05422,2025-11-15,20251115,No era lo esperado,153.42
R0001987,OI00025410,C05422,2025-11-16,20251116,Talle / compatibilidad,45.92
R0001988,OI00025434,C05427,2025-12-23,20251223,No era lo esperado,115.56
R0001989,OI00025436,C05429,2023-09-01,20230901,No era lo esperado,70.52
R0001990,OI00025443,C05430,2025-07-21,20250721,Talle / compatibilidad,39.54
R0001991,OI00025458,C05432,2025-12-31,20251231,No era lo esperado,300.11
R0001992,OI00025484,C05439,2025-03-20,20250320,Talle / compatibilidad,63.19
R0001993,OI00025490,C05439,2025-11-28,20251128,No era lo esperado,200.99
R0001994,OI00025492,C05439,2025-12-22,20251222,No era lo esperado,141.14
R0001995,OI00025497,C05440,2024-12-09,20241209,No era lo esperado,92.08
R0001996,OI00025530,C05446,2024-11-26,20241126,Talle / compatibilidad,71.76
R0001997,OI00025538,C05446,2025-11-26,20251126,Entrega tardía,47.5
R0001998,OI00025539,C05446,2025-11-20,20251120,Entrega tardía,64.66
R0001999,OI00025545,C05447,2025-07-24,20250724,Producto defectuoso,74.58
R0002000,OI00025548,C05447,2025-07-19,20250719,No era lo esperado,143.77
R0002001,OI00025562,C05451,2024-06-03,20240603,Producto defectuoso,76.39
R0002002,OI00025570,C05452,2025-04-30,20250430,No era lo esperado,36.08
R0002003,OI00025588,C05456,2025-07-24,20250724,Talle / compatibilidad,262.67
R0002004,OI00025590,C05456,2025-11-27,20251127,No era lo esperado,154.28
R0002005,OI00025591,C05456,2025-11-12,20251112,Talle / compatibilidad,330.62
R0002006,OI00025614,C05459,2025-07-10,20250710,Producto defectuoso,40.65
R0002007,OI00025637,C05465,2025-03-31,20250331,Talle / compatibilidad,170.85
R0002008,OI00025650,C05468,2024-08-12,20240812,Producto defectuoso,149.79
R0002009,OI00025652,C05468,2024-08-20,20240820,No era lo esperado,24.28
R0002010,OI00025681,C05475,2025-12-31,20251231,No era lo esperado,46.91
R0002011,OI00025696,C05478,2025-06-04,20250604,Talle / compatibilidad,126.65
R0002012,OI00025704,C05479,2024-09-07,20240907,Talle / compatibilidad,131.05
R0002013,OI00025708,C05479,2024-12-08,20241208,No era lo esperado,176.31
R0002014,OI00025712,C05480,2025-09-14,20250914,Talle / compatibilidad,31.37
R0002015,OI00025714,C05480,2025-12-30,20251230,Producto defectuoso,379.3
R0002016,OI00025724,C05484,2025-12-09,20251209,No era lo esperado,372.08
R0002017,OI00025726,C05485,2025-10-12,20251012,Producto defectuoso,487.09
R0002018,OI00025739,C05488,2025-08-08,20250808,Producto defectuoso,74.37
R0002019,OI00025744,C05490,2024-04-28,20240428,Talle / compatibilidad,201.22
R0002020,OI00025757,C05492,2025-11-23,20251123,Talle / compatibilidad,31.37
R0002021,OI00025759,C05493,2023-08-07,20230807,Producto defectuoso,160.76
R0002022,OI00025795,C05497,2025-11-16,20251116,Talle / compatibilidad,116.89
R0002023,OI00025796,C05497,2025-11-30,20251130,No era lo esperado,146.89
R0002024,OI00025811,C05502,2024-08-13,20240813,No era lo esperado,528.89
R0002025,OI00025820,C05503,2023-05-30,20230530,Entrega tardía,76.25
R0002026,OI00025839,C05508,2024-12-14,20241214,No era lo esperado,185.11
R0002027,OI00025848,C05509,2025-12-31,20251231,Talle / compatibilidad,46.73
R0002028,OI00025859,C05512,2025-07-24,20250724,Entrega tardía,35.87
R0002029,OI00025861,C05512,2025-08-02,20250802,No era lo esperado,101.86
R0002030,OI00025884,C05516,2025-10-22,20251022,Talle / compatibilidad,83.72
R0002031,OI00025900,C05521,2024-12-11,20241211,Talle / compatibilidad,70.52
R0002032,OI00025902,C05522,2025-12-10,20251210,No era lo esperado,18.21
R0002033,OI00025910,C05525,2024-11-09,20241109,Talle / compatibilidad,354.85
R0002034,OI00025918,C05526,2025-06-02,20250602,Talle / compatibilidad,183.13
R0002035,OI00025938,C05528,2024-04-25,20240425,No era lo esperado,696.82
R0002036,OI00025943,C05529,2025-01-27,20250127,Talle / compatibilidad,95.91
R0002037,OI00025954,C05531,2024-11-20,20241120,Entrega tardía,25.31
R0002038,OI00025965,C05533,2025-12-04,20251204,No era lo esperado,113.9
R0002039,OI00025968,C05534,2024-09-30,20240930,Producto defectuoso,38.28
R0002040,OI00025970,C05534,2025-10-24,20251024,Producto defectuoso,27.61
R0002041,OI00025982,C05536,2025-04-21,20250421,Talle / compatibilidad,25.66
R0002042,OI00026008,C05542,2024-05-18,20240518,No era lo esperado,60.03
R0002043,OI00026064,C05549,2024-05-09,20240509,Talle / compatibilidad,39.46
R0002044,OI00026078,C05552,2024-11-30,20241130,Talle / compatibilidad,423.42
R0002045,OI00026091,C05554,2025-10-13,20251013,Entrega tardía,76.69
R0002046,OI00026099,C05555,2025-04-20,20250420,Entrega tardía,36.5
R0002047,OI00026135,C05564,2024-11-26,20241126,No era lo esperado,499.36
R0002048,OI00026143,C05565,2024-02-07,20240207,Entrega tardía,96.55
R0002049,OI00026173,C05569,2024-10-03,20241003,Producto defectuoso,43.51
R0002050,OI00026184,C05570,2025-10-28,20251028,Talle / compatibilidad,39.32
R0002051,OI00026185,C05570,2025-10-16,20251016,Producto defectuoso,23.16
R0002052,OI00026192,C05573,2025-12-09,20251209,Talle / compatibilidad,64.68
R0002053,OI00026198,C05574,2025-11-29,20251129,No era lo esperado,186.66
R0002054,OI00026199,C05575,2025-04-04,20250404,Producto defectuoso,324.52
R0002055,OI00026211,C05578,2025-12-06,20251206,No era lo esperado,172.74
R0002056,OI00026225,C05582,2025-11-24,20251124,Producto defectuoso,45.42
R0002057,OI00026233,C05584,2024-09-30,20240930,Entrega tardía,150.77
R0002058,OI00026254,C05587,2025-11-16,20251116,Talle / compatibilidad,47.24
R0002059,OI00026261,C05588,2025-12-31,20251231,Entrega tardía,81.56
R0002060,OI00026305,C05601,2025-03-19,20250319,Producto defectuoso,275.98
R0002061,OI00026316,C05604,2025-10-06,20251006,Talle / compatibilidad,174.43
R0002062,OI00026323,C05606,2025-09-06,20250906,Entrega tardía,160.72
R0002063,OI00026330,C05608,2024-10-22,20241022,Entrega tardía,98.32
R0002064,OI00026335,C05608,2024-12-03,20241203,Talle / compatibilidad,226.08
R0002065,OI00026340,C05609,2025-05-21,20250521,Talle / compatibilidad,39.11
R0002066,OI00026344,C05609,2025-11-27,20251127,Entrega tardía,303.48
R0002067,OI00026354,C05611,2024-04-23,20240423,Talle / compatibilidad,71.91
R0002068,OI00026368,C05614,2024-11-09,20241109,No era lo esperado,98.03
R0002069,OI00026373,C05615,2025-08-06,20250806,Entrega tardía,38.35
R0002070,OI00026380,C05618,2025-04-28,20250428,Talle / compatibilidad,50.72
R0002071,OI00026384,C05619,2025-09-16,20250916,Talle / compatibilidad,71.33
R0002072,OI00026402,C05620,2025-10-23,20251023,Talle / compatibilidad,51.0
R0002073,OI00026407,C05620,2025-11-17,20251117,Talle / compatibilidad,33.21
R0002074,OI00026411,C05621,2025-11-03,20251103,Producto defectuoso,41.72
R0002075,OI00026429,C05625,2025-08-03,20250803,Talle / compatibilidad,70.23
R0002076,OI00026446,C05630,2025-12-26,20251226,Talle / compatibilidad,72.27
R0002077,OI00026448,C05631,2025-12-08,20251208,No era lo esperado,152.6
R0002078,OI00026450,C05631,2025-12-15,20251215,Entrega tardía,116.68
R0002079,OI00026466,C05634,2024-11-08,20241108,Talle / compatibilidad,163.45
R0002080,OI00026483,C05639,2025-11-27,20251127,Entrega tardía,420.82
R0002081,OI00026538,C05654,2025-07-10,20250710,Talle / compatibilidad,77.87
R0002082,OI00026543,C05655,2024-04-28,20240428,No era lo esperado,52.42
R0002083,OI00026544,C05655,2024-05-08,20240508,No era lo esperado,97.34
R0002084,OI00026564,C05659,2024-11-02,20241102,Entrega tardía,431.95
R0002085,OI00026569,C05660,2025-10-27,20251027,No era lo esperado,68.5
R0002086,OI00026577,C05662,2025-09-24,20250924,Talle / compatibilidad,77.93
R0002087,OI00026617,C05671,2025-11-30,20251130,Producto defectuoso,139.98
R0002088,OI00026630,C05674,2025-01-21,20250121,No era lo esperado,69.09
R0002089,OI00026631,C05674,2025-01-21,20250121,Talle / compatibilidad,361.03
R0002090,OI00026632,C05674,2025-04-14,20250414,No era lo esperado,170.16
R0002091,OI00026640,C05674,2025-12-31,20251231,Producto defectuoso,295.17
R0002092,OI00026685,C05684,2025-05-20,20250520,Producto defectuoso,182.51
R0002093,OI00026709,C05691,2024-06-17,20240617,Talle / compatibilidad,88.01
R0002094,OI00026719,C05693,2025-12-20,20251220,Producto defectuoso,45.0
R0002095,OI00026734,C05696,2023-09-15,20230915,Talle / compatibilidad,43.36
R0002096,OI00026758,C05701,2025-11-29,20251129,Entrega tardía,144.76
R0002097,OI00026824,C05719,2023-12-15,20231215,Talle / compatibilidad,26.5
R0002098,OI00026849,C05724,2025-11-23,20251123,No era lo esperado,325.38
R0002099,OI00026860,C05726,2025-12-31,20251231,No era lo esperado,229.83
R0002100,OI00026895,C05730,2024-08-10,20240810,Producto defectuoso,57.71
R0002101,OI00026897,C05730,2024-08-26,20240826,No era lo esperado,89.09
R0002102,OI00026940,C05742,2025-05-27,20250527,Talle / compatibilidad,148.89
R0002103,OI00026985,C05749,2025-12-10,20251210,No era lo esperado,279.85
R0002104,OI00027023,C05757,2025-04-06,20250406,No era lo esperado,238.59
R0002105,OI00027036,C05760,2023-09-30,20230930,Producto defectuoso,68.6
R0002106,OI00027037,C05760,2023-10-16,20231016,No era lo esperado,328.9
R0002107,OI00027041,C05760,2023-10-20,20231020,No era lo esperado,68.04
R0002108,OI00027046,C05760,2025-04-18,20250418,No era lo esperado,85.56
R0002109,OI00027047,C05760,2025-05-04,20250504,Entrega tardía,81.45
R0002110,OI00027055,C05762,2025-10-03,20251003,No era lo esperado,242.92
R0002111,OI00027056,C05762,2025-10-04,20251004,Entrega tardía,158.6
R0002112,OI00027067,C05764,2024-11-28,20241128,Producto defectuoso,87.14
R0002113,OI00027125,C05777,2025-08-04,20250804,No era lo esperado,213.1
R0002114,OI00027174,C05785,2025-11-11,20251111,Talle / compatibilidad,214.04
R0002115,OI00027175,C05785,2025-11-04,20251104,Talle / compatibilidad,112.0
R0002116,OI00027193,C05791,2025-12-19,20251219,No era lo esperado,73.53
R0002117,OI00027204,C05794,2025-12-28,20251228,Talle / compatibilidad,68.59
R0002118,OI00027219,C05801,2024-11-29,20241129,Talle / compatibilidad,66.75
R0002119,OI00027223,C05801,2025-01-29,20250129,No era lo esperado,71.65
R0002120,OI00027267,C05809,2024-08-20,20240820,No era lo esperado,19.98
R0002121,OI00027274,C05809,2025-11-21,20251121,No era lo esperado,26.76
R0002122,OI00027287,C05812,2025-08-21,20250821,Producto defectuoso,51.15
R0002123,OI00027293,C05814,2025-11-28,20251128,Entrega tardía,38.05
R0002124,OI00027299,C05815,2025-11-12,20251112,No era lo esperado,100.02
R0002125,OI00027309,C05816,2024-12-13,20241213,Entrega tardía,37.86
R0002126,OI00027324,C05819,2025-11-25,20251125,Producto defectuoso,85.98
R0002127,OI00027335,C05821,2025-11-12,20251112,No era lo esperado,194.55
R0002128,OI00027340,C05822,2025-07-31,20250731,Producto defectuoso,34.55
R0002129,OI00027349,C05823,2025-11-17,20251117,No era lo esperado,87.96
R0002130,OI00027350,C05824,2025-12-01,20251201,Talle / compatibilidad,78.14
R0002131,OI00027358,C05827,2025-04-27,20250427,Talle / compatibilidad,153.01
R0002132,OI00027374,C05831,2025-10-03,20251003,Talle / compatibilidad,74.0
R0002133,OI00027419,C05845,2025-12-14,20251214,No era lo esperado,72.55
R0002134,OI00027439,C05849,2025-09-03,20250903,Talle / compatibilidad,149.97
R0002135,OI00027457,C05853,2024-10-13,20241013,No era lo esperado,48.93
R0002136,OI00027468,C05855,2025-04-22,20250422,Talle / compatibilidad,18.08
R0002137,OI00027503,C05864,2024-04-23,20240423,Talle / compatibilidad,45.96
R0002138,OI00027511,C05864,2025-12-12,20251212,Talle / compatibilidad,49.5
R0002139,OI00027520,C05868,2025-08-22,20250822,Producto defectuoso,139.1
R0002140,OI00027539,C05874,2024-04-26,20240426,Producto defectuoso,41.31
R0002141,OI00027551,C05876,2025-08-02,20250802,No era lo esperado,35.96
R0002142,OI00027580,C05883,2025-07-06,20250706,No era lo esperado,122.9
R0002143,OI00027586,C05884,2025-04-09,20250409,Entrega tardía,55.44
R0002144,OI00027592,C05885,2025-06-27,20250627,Entrega tardía,145.46
R0002145,OI00027593,C05885,2025-06-13,20250613,No era lo esperado,489.25
R0002146,OI00027594,C05885,2025-06-30,20250630,No era lo esperado,151.2
R0002147,OI00027604,C05886,2025-11-20,20251120,Producto defectuoso,60.23
R0002148,OI00027607,C05887,2025-12-31,20251231,Entrega tardía,45.71
R0002149,OI00027619,C05889,2025-04-06,20250406,No era lo esperado,374.42
R0002150,OI00027621,C05889,2025-11-27,20251127,Talle / compatibilidad,102.26
R0002151,OI00027631,C05892,2025-12-09,20251209,Talle / compatibilidad,31.34
R0002152,OI00027639,C05893,2025-08-20,20250820,Talle / compatibilidad,69.37
R0002153,OI00027658,C05897,2023-06-11,20230611,Talle / compatibilidad,57.91
R0002154,OI00027667,C05899,2025-09-30,20250930,Talle / compatibilidad,138.13
R0002155,OI00027670,C05900,2025-08-24,20250824,Entrega tardía,186.35
R0002156,OI00027672,C05902,2025-04-07,20250407,No era lo esperado,28.31
R0002157,OI00027696,C05907,2024-09-11,20240911,Talle / compatibilidad,190.47
R0002158,OI00027697,C05907,2024-09-13,20240913,Talle / compatibilidad,372.15
R0002159,OI00027702,C05907,2025-12-31,20251231,Producto defectuoso,69.84
R0002160,OI00027712,C05910,2025-09-07,20250907,Talle / compatibilidad,83.86
R0002161,OI00027737,C05915,2025-12-29,20251229,Entrega tardía,181.26
R0002162,OI00027759,C05922,2025-10-18,20251018,Talle / compatibilidad,66.52
R0002163,OI00027770,C05924,2025-11-05,20251105,No era lo esperado,35.41
R0002164,OI00027772,C05925,2025-09-11,20250911,Producto defectuoso,60.75
R0002165,OI00027784,C05929,2023-09-04,20230904,No era lo esperado,23.83
R0002166,OI00027789,C05930,2024-01-15,20240115,Talle / compatibilidad,109.0
R0002167,OI00027796,C05931,2025-12-25,20251225,Talle / compatibilidad,124.02
R0002168,OI00027802,C05933,2025-12-30,20251230,No era lo esperado,145.09
R0002169,OI00027813,C05936,2023-12-22,20231222,Talle / compatibilidad,50.18
R0002170,OI00027819,C05936,2024-07-17,20240717,Producto defectuoso,93.08
R0002171,OI00027823,C05936,2025-04-09,20250409,No era lo esperado,24.31
R0002172,OI00027831,C05939,2025-12-11,20251211,Talle / compatibilidad,265.7
R0002173,OI00027847,C05941,2024-12-21,20241221,Talle / compatibilidad,318.56
R0002174,OI00027875,C05947,2025-06-15,20250615,Producto defectuoso,109.58
R0002175,OI00027878,C05947,2025-11-05,20251105,Producto defectuoso,51.44
R0002176,OI00027900,C05952,2025-12-05,20251205,Entrega tardía,147.09
R0002177,OI00027904,C05953,2023-12-13,20231213,No era lo esperado,210.76
R0002178,OI00027923,C05958,2025-12-01,20251201,No era lo esperado,158.46
R0002179,OI00027925,C05958,2025-12-07,20251207,Talle / compatibilidad,30.75
R0002180,OI00027946,C05964,2024-07-21,20240721,Entrega tardía,90.97
R0002181,OI00027947,C05964,2024-08-03,20240803,No era lo esperado,160.76
R0002182,OI00027969,C05968,2025-10-26,20251026,Entrega tardía,107.74
R0002183,OI00027978,C05971,2025-12-22,20251222,Talle / compatibilidad,52.24
R0002184,OI00027992,C05974,2024-05-17,20240517,Talle / compatibilidad,158.88
R0002185,OI00028004,C05974,2025-08-13,20250813,Talle / compatibilidad,168.27
R0002186,OI00028010,C05975,2025-12-04,20251204,No era lo esperado,148.55
R0002187,OI00028040,C05981,2024-12-23,20241223,No era lo esperado,186.33
R0002188,OI00028071,C05987,2025-10-25,20251025,Producto defectuoso,35.58
R0002189,OI00028075,C05988,2024-10-04,20241004,Talle / compatibilidad,154.79
R0002190,OI00028081,C05989,2025-09-06,20250906,No era lo esperado,178.86
R0002191,OI00028100,C05994,2025-03-02,20250302,Entrega tardía,76.51
R0002192,OI00028118,C05996,2024-12-31,20241231,Talle / compatibilidad,60.83
R0002193,OI00028121,C05996,2025-12-21,20251221,Talle / compatibilidad,168.82
R0002194,OI00028126,C06000,2024-11-03,20241103,No era lo esperado,83.51
R0002195,OI00028129,C06000,2025-06-08,20250608,No era lo esperado,25.36
R0002196,OI00028141,C06004,2025-04-06,20250406,Talle / compatibilidad,185.95
R0002197,OI00028143,C06004,2025-12-21,20251221,Talle / compatibilidad,400.16
R0002198,OI00028153,C06008,2025-11-18,20251118,No era lo esperado,162.54
R0002199,OI00028181,C06014,2025-07-26,20250726,No era lo esperado,128.81
R0002200,OI00028195,C06017,2024-04-10,20240410,No era lo esperado,82.61
R0002201,OI00028210,C06018,2023-05-27,20230527,Talle / compatibilidad,74.55
R0002202,OI00028213,C06018,2024-06-12,20240612,No era lo esperado,558.81
R0002203,OI00028219,C06021,2025-08-21,20250821,Producto defectuoso,70.4
R0002204,OI00028220,C06021,2025-08-13,20250813,Producto defectuoso,67.52
R0002205,OI00028221,C06021,2025-10-16,20251016,No era lo esperado,106.82
R0002206,OI00028234,C06025,2024-09-22,20240922,Producto defectuoso,147.1
R0002207,OI00028239,C06025,2025-06-04,20250604,Entrega tardía,127.8
R0002208,OI00028240,C06025,2025-06-15,20250615,Entrega tardía,88.84
R0002209,OI00028256,C06029,2024-11-28,20241128,Entrega tardía,59.37
R0002210,OI00028269,C06031,2025-12-31,20251231,No era lo esperado,55.59
R0002211,OI00028285,C06036,2025-11-22,20251122,No era lo esperado,21.47
R0002212,OI00028292,C06038,2025-02-12,20250212,Talle / compatibilidad,37.7
R0002213,OI00028299,C06041,2024-05-24,20240524,No era lo esperado,69.29
R0002214,OI00028302,C06041,2025-07-09,20250709,Talle / compatibilidad,67.49
R0002215,OI00028318,C06045,2025-06-17,20250617,Talle / compatibilidad,52.18
R0002216,OI00028384,C06059,2025-08-03,20250803,Talle / compatibilidad,49.47
R0002217,OI00028424,C06065,2025-10-09,20251009,Talle / compatibilidad,33.68
R0002218,OI00028430,C06068,2023-10-12,20231012,Talle / compatibilidad,72.49
R0002219,OI00028439,C06068,2024-11-07,20241107,Talle / compatibilidad,72.71
R0002220,OI00028440,C06068,2024-11-27,20241127,Talle / compatibilidad,497.8
R0002221,OI00028442,C06068,2024-12-09,20241209,Talle / compatibilidad,70.46
R0002222,OI00028458,C06069,2025-12-22,20251222,No era lo esperado,70.88
R0002223,OI00028459,C06070,2025-12-31,20251231,Talle / compatibilidad,95.63
R0002224,OI00028467,C06075,2025-09-02,20250902,Entrega tardía,131.8
R0002225,OI00028469,C06075,2025-09-05,20250905,No era lo esperado,69.86
R0002226,OI00028516,C06083,2025-02-17,20250217,Talle / compatibilidad,75.4
R0002227,OI00028523,C06083,2025-10-22,20251022,Talle / compatibilidad,97.47
R0002228,OI00028525,C06083,2025-11-23,20251123,No era lo esperado,59.96
R0002229,OI00028530,C06085,2025-01-21,20250121,Talle / compatibilidad,43.2
R0002230,OI00028538,C06086,2025-12-19,20251219,No era lo esperado,110.4
R0002231,OI00028539,C06087,2025-03-09,20250309,Entrega tardía,52.95
R0002232,OI00028540,C06087,2025-03-17,20250317,No era lo esperado,53.95
R0002233,OI00028554,C06090,2025-08-29,20250829,Talle / compatibilidad,35.12
R0002234,OI00028591,C06096,2024-12-26,20241226,Entrega tardía,35.57
R0002235,OI00028602,C06100,2024-12-11,20241211,No era lo esperado,60.01
R0002236,OI00028628,C06106,2025-03-27,20250327,No era lo esperado,170.13
R0002237,OI00028631,C06106,2025-04-02,20250402,Entrega tardía,76.99
R0002238,OI00028635,C06106,2025-04-20,20250420,Entrega tardía,20.09
R0002239,OI00028660,C06111,2025-10-05,20251005,No era lo esperado,83.79
R0002240,OI00028668,C06112,2025-11-18,20251118,Entrega tardía,147.54
R0002241,OI00028689,C06114,2025-12-12,20251212,Talle / compatibilidad,59.66
R0002242,OI00028705,C06116,2025-12-31,20251231,No era lo esperado,103.93
R0002243,OI00028712,C06119,2025-09-28,20250928,Entrega tardía,100.54
R0002244,OI00028723,C06122,2024-10-23,20241023,Producto defectuoso,86.42
R0002245,OI00028733,C06125,2024-06-26,20240626,Talle / compatibilidad,19.78
R0002246,OI00028734,C06125,2024-07-04,20240704,No era lo esperado,51.52
R0002247,OI00028735,C06125,2024-06-29,20240629,Producto defectuoso,45.4
R0002248,OI00028750,C06126,2024-11-23,20241123,Talle / compatibilidad,29.28
R0002249,OI00028771,C06131,2023-11-22,20231122,No era lo esperado,151.07
R0002250,OI00028782,C06132,2024-11-11,20241111,Entrega tardía,38.08
R0002251,OI00028798,C06135,2025-01-28,20250128,Talle / compatibilidad,185.94
R0002252,OI00028817,C06137,2023-11-17,20231117,Talle / compatibilidad,68.8
R0002253,OI00028832,C06139,2025-02-21,20250221,Talle / compatibilidad,65.85
R0002254,OI00028868,C06144,2025-12-28,20251228,No era lo esperado,386.58
R0002255,OI00028880,C06146,2025-12-04,20251204,Entrega tardía,150.89
R0002256,OI00028911,C06154,2025-10-19,20251019,No era lo esperado,74.22
R0002257,OI00028928,C06159,2025-08-22,20250822,No era lo esperado,137.18
R0002258,OI00028957,C06163,2024-02-24,20240224,Entrega tardía,141.29
R0002259,OI00028967,C06164,2023-10-18,20231018,Talle / compatibilidad,103.69
R0002260,OI00028978,C06165,2025-03-01,20250301,Producto defectuoso,624.35
R0002261,OI00029011,C06172,2024-03-19,20240319,No era lo esperado,54.03
R0002262,OI00029022,C06175,2025-03-21,20250321,Producto defectuoso,139.03
R0002263,OI00029024,C06175,2025-12-07,20251207,Talle / compatibilidad,99.0
R0002264,OI00029035,C06176,2025-10-10,20251010,No era lo esperado,78.61
R0002265,OI00029038,C06176,2025-09-30,20250930,No era lo esperado,76.47
R0002266,OI00029065,C06183,2025-11-07,20251107,Talle / compatibilidad,67.51
R0002267,OI00029092,C06187,2025-02-15,20250215,Talle / compatibilidad,71.0
R0002268,OI00029117,C06192,2023-07-18,20230718,No era lo esperado,22.53
R0002269,OI00029146,C06194,2024-05-19,20240519,Talle / compatibilidad,69.33
R0002270,OI00029162,C06199,2023-07-09,20230709,Talle / compatibilidad,67.08
R0002271,OI00029200,C06204,2024-03-20,20240320,No era lo esperado,71.65
R0002272,OI00029223,C06210,2025-12-21,20251221,No era lo esperado,268.02
R0002273,OI00029233,C06212,2025-03-27,20250327,Entrega tardía,68.5
R0002274,OI00029237,C06213,2025-12-30,20251230,No era lo esperado,625.96
R0002275,OI00029239,C06214,2025-03-18,20250318,No era lo esperado,136.41
R0002276,OI00029240,C06214,2025-03-12,20250312,Talle / compatibilidad,161.86
R0002277,OI00029261,C06219,2025-11-15,20251115,Talle / compatibilidad,65.98
R0002278,OI00029269,C06221,2025-05-08,20250508,Entrega tardía,71.44
R0002279,OI00029275,C06222,2025-10-19,20251019,Talle / compatibilidad,36.33
R0002280,OI00029278,C06223,2025-08-30,20250830,No era lo esperado,144.42
R0002281,OI00029293,C06226,2025-10-24,20251024,No era lo esperado,64.22
R0002282,OI00029294,C06226,2025-11-08,20251108,No era lo esperado,68.29
R0002283,OI00029297,C06226,2025-12-12,20251212,Talle / compatibilidad,63.91
R0002284,OI00029302,C06227,2025-12-22,20251222,Talle / compatibilidad,182.41
R0002285,OI00029304,C06229,2023-04-29,20230429,No era lo esperado,51.6
R0002286,OI00029306,C06229,2024-12-27,20241227,Talle / compatibilidad,87.86
R0002287,OI00029332,C06233,2025-12-04,20251204,Entrega tardía,65.97
R0002288,OI00029334,C06233,2025-12-04,20251204,Talle / compatibilidad,244.41
R0002289,OI00029335,C06233,2025-12-07,20251207,Talle / compatibilidad,65.35
R0002290,OI00029357,C06237,2025-11-08,20251108,Entrega tardía,23.12
R0002291,OI00029378,C06244,2025-12-27,20251227,No era lo esperado,233.43
R0002292,OI00029391,C06249,2025-03-13,20250313,Entrega tardía,87.4
R0002293,OI00029397,C06250,2025-03-20,20250320,Talle / compatibilidad,149.28
R0002294,OI00029407,C06253,2024-11-02,20241102,Entrega tardía,93.19
R0002295,OI00029415,C06255,2024-04-11,20240411,No era lo esperado,43.28
R0002296,OI00029418,C06256,2023-08-17,20230817,No era lo esperado,389.5
R0002297,OI00029420,C06256,2024-07-05,20240705,No era lo esperado,160.34
R0002298,OI00029465,C06263,2024-08-15,20240815,Entrega tardía,288.73
R0002299,OI00029481,C06268,2024-08-01,20240801,Producto defectuoso,43.85
R0002300,OI00029484,C06268,2025-11-16,20251116,No era lo esperado,58.91
R0002301,OI00029503,C06273,2025-09-11,20250911,Talle / compatibilidad,78.62
R0002302,OI00029523,C06277,2025-11-04,20251104,Producto defectuoso,76.08
R0002303,OI00029528,C06279,2024-04-16,20240416,Producto defectuoso,62.66
R0002304,OI00029533,C06279,2025-12-25,20251225,Entrega tardía,145.97
R0002305,OI00029537,C06280,2024-12-11,20241211,Talle / compatibilidad,71.59
R0002306,OI00029538,C06280,2025-08-19,20250819,Producto defectuoso,142.19
R0002307,OI00029544,C06281,2023-08-08,20230808,Entrega tardía,67.43
R0002308,OI00029551,C06282,2025-08-16,20250816,Entrega tardía,73.7
R0002309,OI00029572,C06285,2024-06-05,20240605,No era lo esperado,72.81
R0002310,OI00029583,C06286,2025-12-22,20251222,Producto defectuoso,49.56
R0002311,OI00029586,C06287,2024-09-11,20240911,No era lo esperado,381.3
R0002312,OI00029613,C06288,2024-12-11,20241211,No era lo esperado,331.15
R0002313,OI00029632,C06294,2025-11-22,20251122,Talle / compatibilidad,277.62
R0002314,OI00029637,C06295,2024-04-20,20240420,Producto defectuoso,57.08
R0002315,OI00029641,C06295,2025-08-01,20250801,No era lo esperado,28.12
R0002316,OI00029654,C06298,2025-11-09,20251109,No era lo esperado,84.65
R0002317,OI00029668,C06301,2025-09-21,20250921,No era lo esperado,28.26
R0002318,OI00029671,C06302,2024-01-01,20240101,No era lo esperado,90.48
R0002319,OI00029674,C06302,2024-01-08,20240108,Talle / compatibilidad,33.0
R0002320,OI00029677,C06302,2024-06-23,20240623,Talle / compatibilidad,28.01
R0002321,OI00029679,C06302,2025-12-07,20251207,Talle / compatibilidad,31.5
R0002322,OI00029701,C06304,2025-08-17,20250817,No era lo esperado,78.15
R0002323,OI00029703,C06304,2025-12-30,20251230,No era lo esperado,97.76
R0002324,OI00029723,C06307,2025-12-31,20251231,Talle / compatibilidad,108.26
R0002325,OI00029741,C06311,2025-11-19,20251119,Talle / compatibilidad,41.72
R0002326,OI00029746,C06312,2024-02-11,20240211,Producto defectuoso,48.71
R0002327,OI00029749,C06312,2024-05-23,20240523,Talle / compatibilidad,58.8
R0002328,OI00029753,C06312,2025-10-10,20251010,Entrega tardía,70.71
R0002329,OI00029779,C06320,2025-07-17,20250717,No era lo esperado,76.66
R0002330,OI00029780,C06320,2025-07-10,20250710,Talle / compatibilidad,136.08
R0002331,OI00029791,C06324,2025-11-27,20251127,Producto defectuoso,369.67
R0002332,OI00029811,C06328,2025-08-20,20250820,Talle / compatibilidad,101.92
R0002333,OI00029821,C06331,2023-09-02,20230902,Entrega tardía,207.01
R0002334,OI00029825,C06332,2025-11-30,20251130,Producto defectuoso,79.77
R0002335,OI00029849,C06335,2025-10-27,20251027,No era lo esperado,69.11
R0002336,OI00029855,C06336,2023-12-14,20231214,Talle / compatibilidad,246.61
R0002337,OI00029857,C06336,2024-07-18,20240718,No era lo esperado,144.93
R0002338,OI00029864,C06337,2025-09-13,20250913,No era lo esperado,133.64
R0002339,OI00029885,C06345,2024-05-17,20240517,No era lo esperado,48.76
R0002340,OI00029920,C06356,2024-05-11,20240511,No era lo esperado,73.21
R0002341,OI00029923,C06356,2024-05-25,20240525,Entrega tardía,54.58
R0002342,OI00029927,C06356,2024-08-25,20240825,Producto defectuoso,71.17
R0002343,OI00029946,C06362,2025-10-09,20251009,Entrega tardía,79.13
R0002344,OI00029957,C06365,2025-06-12,20250612,No era lo esperado,100.6
R0002345,OI00029958,C06365,2025-06-20,20250620,Talle / compatibilidad,211.45
R0002346,OI00029974,C06368,2024-02-10,20240210,Entrega tardía,32.08
R0002347,OI00029987,C06369,2023-06-13,20230613,Talle / compatibilidad,35.99
R0002348,OI00030008,C06370,2024-04-07,20240407,Producto defectuoso,91.66
R0002349,OI00030044,C06379,2025-03-29,20250329,No era lo esperado,61.12
R0002350,OI00030053,C06381,2025-12-19,20251219,Entrega tardía,122.42
R0002351,OI00030054,C06381,2025-12-30,20251230,No era lo esperado,66.71
R0002352,OI00030067,C06382,2025-10-23,20251023,No era lo esperado,77.42
R0002353,OI00030068,C06383,2025-03-15,20250315,No era lo esperado,156.93
R0002354,OI00030069,C06383,2025-03-24,20250324,No era lo esperado,32.65
R0002355,OI00030075,C06384,2025-11-25,20251125,Entrega tardía,54.34
R0002356,OI00030098,C06390,2025-02-17,20250217,Producto defectuoso,183.41
R0002357,OI00030107,C06391,2025-12-02,20251202,Talle / compatibilidad,85.27
R0002358,OI00030114,C06394,2025-11-24,20251124,Producto defectuoso,162.98
R0002359,OI00030152,C06404,2025-12-31,20251231,Producto defectuoso,74.19
R0002360,OI00030153,C06404,2025-12-28,20251228,Talle / compatibilidad,56.71
R0002361,OI00030157,C06405,2025-05-31,20250531,Talle / compatibilidad,192.55
R0002362,OI00030176,C06408,2025-07-05,20250705,Talle / compatibilidad,71.16
R0002363,OI00030182,C06410,2025-12-11,20251211,Producto defectuoso,184.96
R0002364,OI00030222,C06418,2025-09-01,20250901,No era lo esperado,56.05
R0002365,OI00030227,C06419,2025-12-09,20251209,No era lo esperado,64.94
R0002366,OI00030228,C06419,2025-11-21,20251121,No era lo esperado,102.43
R0002367,OI00030237,C06421,2024-12-09,20241209,Talle / compatibilidad,69.12
R0002368,OI00030242,C06423,2024-07-11,20240711,Producto defectuoso,63.01
R0002369,OI00030243,C06423,2024-07-24,20240724,No era lo esperado,148.38
R0002370,OI00030259,C06428,2025-10-30,20251030,Talle / compatibilidad,72.15
R0002371,OI00030261,C06429,2025-11-27,20251127,No era lo esperado,31.33
R0002372,OI00030274,C06433,2025-11-07,20251107,No era lo esperado,33.47
R0002373,OI00030283,C06435,2025-08-15,20250815,Producto defectuoso,231.22
R0002374,OI00030295,C06437,2025-09-03,20250903,Entrega tardía,26.7
R0002375,OI00030310,C06440,2024-08-27,20240827,Producto defectuoso,188.44
R0002376,OI00030314,C06441,2025-08-02,20250802,No era lo esperado,139.4
R0002377,OI00030328,C06445,2024-07-23,20240723,Entrega tardía,90.8
R0002378,OI00030331,C06445,2024-07-28,20240728,No era lo esperado,1135.43
R0002379,OI00030343,C06448,2025-04-05,20250405,Talle / compatibilidad,35.71
R0002380,OI00030349,C06449,2024-05-13,20240513,Producto defectuoso,42.64
R0002381,OI00030351,C06449,2024-05-31,20240531,Talle / compatibilidad,74.89
R0002382,OI00030369,C06450,2025-03-18,20250318,No era lo esperado,21.71
R0002383,OI00030379,C06452,2025-10-03,20251003,Producto defectuoso,30.93
R0002384,OI00030382,C06454,2025-03-12,20250312,Producto defectuoso,43.89
R0002385,OI00030385,C06454,2025-07-17,20250717,No era lo esperado,33.78
R0002386,OI00030393,C06456,2024-07-24,20240724,Producto defectuoso,45.1
R0002387,OI00030400,C06457,2025-05-02,20250502,Talle / compatibilidad,48.73
R0002388,OI00030419,C06462,2024-10-26,20241026,Talle / compatibilidad,65.97
R0002389,OI00030420,C06462,2025-12-31,20251231,Talle / compatibilidad,76.07
R0002390,OI00030426,C06463,2025-12-31,20251231,Talle / compatibilidad,144.3
R0002391,OI00030436,C06464,2025-12-24,20251224,No era lo esperado,71.99
R0002392,OI00030503,C06477,2025-06-09,20250609,No era lo esperado,28.9
R0002393,OI00030509,C06478,2024-06-16,20240616,Talle / compatibilidad,42.74
R0002394,OI00030582,C06493,2024-05-31,20240531,Talle / compatibilidad,76.11
R0002395,OI00030590,C06493,2025-10-16,20251016,Talle / compatibilidad,194.85
R0002396,OI00030596,C06494,2025-10-30,20251030,Entrega tardía,155.72
R0002397,OI00030598,C06495,2024-05-31,20240531,No era lo esperado,390.27
R0002398,OI00030604,C06496,2025-06-25,20250625,Talle / compatibilidad,112.56
R0002399,OI00030618,C06499,2025-01-01,20250101,Producto defectuoso,71.64
R0002400,OI00030624,C06500,2025-10-07,20251007,No era lo esperado,56.15
R0002401,OI00030637,C06504,2025-09-29,20250929,Talle / compatibilidad,57.74
R0002402,OI00030642,C06508,2025-04-28,20250428,Producto defectuoso,173.94
R0002403,OI00030650,C06509,2025-03-29,20250329,Talle / compatibilidad,148.68
R0002404,OI00030654,C06510,2024-07-21,20240721,Talle / compatibilidad,94.44
R0002405,OI00030655,C06511,2024-04-22,20240422,Producto defectuoso,308.37
R0002406,OI00030657,C06511,2024-11-18,20241118,Talle / compatibilidad,125.17
R0002407,OI00030659,C06511,2024-12-30,20241230,No era lo esperado,92.77
R0002408,OI00030660,C06511,2025-01-08,20250108,No era lo esperado,56.99
R0002409,OI00030676,C06513,2023-09-27,20230927,Talle / compatibilidad,71.77
R0002410,OI00030679,C06513,2023-10-10,20231010,Entrega tardía,55.18
R0002411,OI00030703,C06516,2025-05-27,20250527,Producto defectuoso,151.31
R0002412,OI00030713,C06519,2025-11-27,20251127,Producto defectuoso,65.56
R0002413,OI00030715,C06520,2024-09-14,20240914,No era lo esperado,90.41
R0002414,OI00030725,C06521,2025-11-17,20251117,Producto defectuoso,29.71
R0002415,OI00030728,C06522,2024-02-09,20240209,Talle / compatibilidad,59.18
R0002416,OI00030729,C06522,2024-02-10,20240210,Entrega tardía,137.4
R0002417,OI00030731,C06522,2024-07-12,20240712,No era lo esperado,52.08
R0002418,OI00030750,C06525,2024-01-23,20240123,Entrega tardía,56.18
R0002419,OI00030760,C06526,2024-04-09,20240409,Talle / compatibilidad,62.81
R0002420,OI00030781,C06529,2025-09-03,20250903,Producto defectuoso,333.19
R0002421,OI00030807,C06534,2025-12-06,20251206,Entrega tardía,32.8
R0002422,OI00030832,C06542,2025-11-17,20251117,Producto defectuoso,113.45
R0002423,OI00030842,C06543,2025-12-09,20251209,Talle / compatibilidad,72.54
R0002424,OI00030851,C06544,2025-07-23,20250723,Talle / compatibilidad,49.69
R0002425,OI00030878,C06552,2025-09-12,20250912,No era lo esperado,44.8
R0002426,OI00030909,C06558,2025-09-11,20250911,Talle / compatibilidad,95.92
R0002427,OI00030911,C06558,2025-09-02,20250902,No era lo esperado,86.89
R0002428,OI00030943,C06563,2025-08-15,20250815,No era lo esperado,110.11
R0002429,OI00030957,C06565,2025-11-21,20251121,Producto defectuoso,58.33
R0002430,OI00030959,C06565,2025-11-21,20251121,Producto defectuoso,64.1
R0002431,OI00030961,C06566,2025-02-11,20250211,No era lo esperado,101.53
R0002432,OI00030962,C06566,2025-02-25,20250225,Entrega tardía,138.27
R0002433,OI00030969,C06567,2024-11-25,20241125,Producto defectuoso,143.82
R0002434,OI00030970,C06567,2024-11-23,20241123,Entrega tardía,101.03
R0002435,OI00031013,C06577,2024-04-30,20240430,Entrega tardía,72.61
R0002436,OI00031038,C06580,2024-10-18,20241018,Talle / compatibilidad,67.42
R0002437,OI00031042,C06580,2025-10-20,20251020,No era lo esperado,114.48
R0002438,OI00031048,C06582,2025-12-22,20251222,Entrega tardía,45.89
R0002439,OI00031049,C06583,2025-12-28,20251228,Talle / compatibilidad,204.73
R0002440,OI00031055,C06585,2025-12-27,20251227,Producto defectuoso,69.67
R0002441,OI00031108,C06593,2024-12-09,20241209,Talle / compatibilidad,50.94
R0002442,OI00031128,C06599,2024-10-22,20241022,Producto defectuoso,74.27
R0002443,OI00031138,C06600,2023-10-15,20231015,No era lo esperado,34.96
R0002444,OI00031161,C06601,2025-11-04,20251104,No era lo esperado,80.81
R0002445,OI00031165,C06602,2025-10-15,20251015,Entrega tardía,61.27
R0002446,OI00031184,C06606,2023-11-08,20231108,Talle / compatibilidad,103.23
R0002447,OI00031206,C06609,2023-12-25,20231225,Talle / compatibilidad,39.12
R0002448,OI00031208,C06609,2024-01-10,20240110,No era lo esperado,36.28
R0002449,OI00031210,C06609,2024-03-28,20240328,No era lo esperado,58.44
R0002450,OI00031232,C06612,2024-10-04,20241004,Talle / compatibilidad,157.43
R0002451,OI00031250,C06615,2024-04-05,20240405,No era lo esperado,72.68
R0002452,OI00031269,C06619,2024-02-07,20240207,Talle / compatibilidad,72.86
R0002453,OI00031312,C06632,2023-07-15,20230715,Talle / compatibilidad,70.71
R0002454,OI00031322,C06633,2025-01-17,20250117,Talle / compatibilidad,69.2
R0002455,OI00031323,C06634,2025-10-26,20251026,No era lo esperado,23.98
R0002456,OI00031324,C06634,2025-11-03,20251103,Producto defectuoso,51.83
R0002457,OI00031336,C06637,2023-12-02,20231202,No era lo esperado,54.45
R0002458,OI00031338,C06637,2025-12-31,20251231,Talle / compatibilidad,164.35
R0002459,OI00031346,C06638,2025-11-16,20251116,Talle / compatibilidad,361.26
R0002460,OI00031383,C06648,2025-06-29,20250629,Entrega tardía,253.81
R0002461,OI00031387,C06649,2025-11-10,20251110,No era lo esperado,75.44
R0002462,OI00031394,C06650,2025-01-31,20250131,Talle / compatibilidad,63.96
R0002463,OI00031438,C06660,2025-11-26,20251126,No era lo esperado,31.78
R0002464,OI00031441,C06661,2025-06-09,20250609,Talle / compatibilidad,159.47
R0002465,OI00031454,C06663,2025-11-23,20251123,Entrega tardía,118.96
R0002466,OI00031459,C06667,2023-06-12,20230612,Talle / compatibilidad,74.75
R0002467,OI00031465,C06667,2024-08-24,20240824,Talle / compatibilidad,40.91
R0002468,OI00031470,C06668,2023-11-02,20231102,No era lo esperado,119.79
R0002469,OI00031561,C06686,2023-09-08,20230908,Talle / compatibilidad,42.43
R0002470,OI00031578,C06686,2024-08-30,20240830,Entrega tardía,165.76
R0002471,OI00031594,C06689,2025-10-14,20251014,Talle / compatibilidad,269.54
R0002472,OI00031646,C06702,2025-11-22,20251122,Entrega tardía,484.64
R0002473,OI00031659,C06705,2025-12-14,20251214,No era lo esperado,18.1
R0002474,OI00031675,C06707,2025-05-22,20250522,Entrega tardía,113.58
R0002475,OI00031684,C06708,2025-10-09,20251009,No era lo esperado,156.87
R0002476,OI00031689,C06708,2025-10-29,20251029,No era lo esperado,70.19
R0002477,OI00031692,C06709,2024-01-14,20240114,Talle / compatibilidad,71.93
R0002478,OI00031731,C06712,2025-07-27,20250727,No era lo esperado,342.47
R0002479,OI00031760,C06719,2024-11-08,20241108,No era lo esperado,32.26
R0002480,OI00031779,C06724,2025-01-25,20250125,Entrega tardía,194.75
R0002481,OI00031803,C06729,2024-06-08,20240608,No era lo esperado,61.56
R0002482,OI00031826,C06736,2024-12-08,20241208,Producto defectuoso,41.1
R0002483,OI00031840,C06738,2025-08-23,20250823,Talle / compatibilidad,147.11
R0002484,OI00031872,C06744,2024-11-05,20241105,No era lo esperado,162.76
R0002485,OI00031873,C06745,2025-08-15,20250815,No era lo esperado,104.69
R0002486,OI00031915,C06753,2025-03-19,20250319,Talle / compatibilidad,56.67
R0002487,OI00031931,C06755,2024-12-31,20241231,Talle / compatibilidad,93.6
R0002488,OI00032002,C06774,2025-10-28,20251028,Talle / compatibilidad,78.67
R0002489,OI00032050,C06779,2025-02-28,20250228,Talle / compatibilidad,311.21
R0002490,OI00032052,C06779,2025-06-05,20250605,Talle / compatibilidad,50.3
R0002491,OI00032058,C06781,2025-11-13,20251113,Entrega tardía,54.42
R0002492,OI00032063,C06782,2025-01-25,20250125,Talle / compatibilidad,80.68
R0002493,OI00032070,C06783,2024-11-26,20241126,No era lo esperado,121.65
R0002494,OI00032100,C06790,2025-12-31,20251231,Producto defectuoso,339.78
R0002495,OI00032102,C06791,2025-09-29,20250929,Talle / compatibilidad,87.91
R0002496,OI00032132,C06796,2025-11-18,20251118,Talle / compatibilidad,70.56
R0002497,OI00032135,C06797,2025-11-28,20251128,Talle / compatibilidad,188.31
R0002498,OI00032139,C06798,2025-02-07,20250207,Entrega tardía,79.2
R0002499,OI00032140,C06799,2025-01-04,20250104,No era lo esperado,29.17
R0002500,OI00032152,C06802,2023-10-16,20231016,Talle / compatibilidad,37.86
R0002501,OI00032153,C06802,2023-10-11,20231011,Talle / compatibilidad,107.47
R0002502,OI00032156,C06802,2025-05-23,20250523,Talle / compatibilidad,59.81
R0002503,OI00032160,C06802,2025-11-29,20251129,No era lo esperado,57.01
R0002504,OI00032166,C06803,2024-10-11,20241011,Talle / compatibilidad,30.19
R0002505,OI00032175,C06805,2024-05-31,20240531,Producto defectuoso,65.41
R0002506,OI00032192,C06809,2025-02-24,20250224,Entrega tardía,63.97
R0002507,OI00032207,C06812,2025-10-13,20251013,No era lo esperado,67.51
R0002508,OI00032211,C06813,2024-12-25,20241225,Talle / compatibilidad,60.4
R0002509,OI00032212,C06813,2024-12-17,20241217,Producto defectuoso,132.81
R0002510,OI00032223,C06815,2025-03-19,20250319,Talle / compatibilidad,209.4
R0002511,OI00032228,C06815,2025-05-23,20250523,Producto defectuoso,113.2
R0002512,OI00032245,C06820,2023-05-21,20230521,Talle / compatibilidad,146.29
R0002513,OI00032264,C06824,2024-06-06,20240606,Talle / compatibilidad,77.04
R0002514,OI00032271,C06825,2025-10-11,20251011,No era lo esperado,25.98
R0002515,OI00032277,C06827,2025-12-19,20251219,Entrega tardía,76.95
R0002516,OI00032284,C06828,2023-07-25,20230725,Entrega tardía,155.19
R0002517,OI00032294,C06830,2025-01-28,20250128,Talle / compatibilidad,160.61
R0002518,OI00032298,C06830,2025-02-02,20250202,Talle / compatibilidad,169.48
R0002519,OI00032302,C06830,2025-02-24,20250224,Talle / compatibilidad,174.84
R0002520,OI00032304,C06830,2025-03-20,20250320,Talle / compatibilidad,72.93
R0002521,OI00032341,C06838,2024-03-27,20240327,Talle / compatibilidad,137.34
R0002522,OI00032347,C06838,2025-12-15,20251215,Entrega tardía,327.46
R0002523,OI00032386,C06845,2024-09-14,20240914,Talle / compatibilidad,76.05
R0002524,OI00032391,C06845,2024-10-16,20241016,No era lo esperado,55.36
R0002525,OI00032432,C06854,2025-03-02,20250302,No era lo esperado,139.82
R0002526,OI00032446,C06858,2025-12-31,20251231,No era lo esperado,138.63
R0002527,OI00032447,C06858,2025-12-31,20251231,Producto defectuoso,60.99
R0002528,OI00032461,C06860,2025-09-15,20250915,No era lo esperado,231.58
R0002529,OI00032469,C06862,2025-01-31,20250131,No era lo esperado,117.8
R0002530,OI00032479,C06863,2025-11-22,20251122,Entrega tardía,71.54
R0002531,OI00032490,C06867,2025-12-24,20251224,Talle / compatibilidad,329.21
R0002532,OI00032496,C06868,2024-08-09,20240809,No era lo esperado,746.47
R0002533,OI00032505,C06870,2024-11-22,20241122,Entrega tardía,157.36
R0002534,OI00032516,C06871,2025-06-20,20250620,No era lo esperado,335.41
R0002535,OI00032524,C06872,2025-12-22,20251222,No era lo esperado,46.1
R0002536,OI00032544,C06877,2024-06-17,20240617,Talle / compatibilidad,144.71
R0002537,OI00032557,C06881,2025-12-22,20251222,Talle / compatibilidad,69.2
R0002538,OI00032584,C06889,2025-03-12,20250312,Producto defectuoso,357.86
R0002539,OI00032585,C06889,2025-06-24,20250624,Producto defectuoso,1341.94
R0002540,OI00032598,C06891,2024-03-08,20240308,No era lo esperado,54.43
R0002541,OI00032608,C06891,2025-12-11,20251211,Producto defectuoso,94.76
R0002542,OI00032610,C06891,2025-11-30,20251130,Talle / compatibilidad,86.17
R0002543,OI00032618,C06895,2025-04-07,20250407,Talle / compatibilidad,98.24
R0002544,OI00032626,C06896,2025-05-29,20250529,Talle / compatibilidad,179.47
R0002545,OI00032630,C06897,2024-08-06,20240806,Talle / compatibilidad,332.24
R0002546,OI00032635,C06898,2025-08-28,20250828,Talle / compatibilidad,19.0
R0002547,OI00032646,C06901,2025-11-14,20251114,Talle / compatibilidad,150.6
R0002548,OI00032663,C06904,2025-12-13,20251213,Producto defectuoso,51.41
R0002549,OI00032669,C06907,2024-11-09,20241109,No era lo esperado,69.4
R0002550,OI00032672,C06908,2024-05-07,20240507,Producto defectuoso,414.69
R0002551,OI00032691,C06910,2025-12-31,20251231,No era lo esperado,50.75
R0002552,OI00032698,C06912,2025-08-23,20250823,No era lo esperado,505.27
R0002553,OI00032704,C06914,2025-12-03,20251203,Talle / compatibilidad,50.88
R0002554,OI00032710,C06915,2025-11-17,20251117,Talle / compatibilidad,32.36
R0002555,OI00032720,C06918,2025-11-18,20251118,Producto defectuoso,45.98
R0002556,OI00032730,C06920,2025-10-05,20251005,No era lo esperado,71.51
R0002557,OI00032750,C06923,2025-11-28,20251128,Producto defectuoso,469.66
R0002558,OI00032773,C06929,2025-12-09,20251209,Talle / compatibilidad,48.5
R0002559,OI00032783,C06933,2023-11-19,20231119,Talle / compatibilidad,68.46
R0002560,OI00032786,C06933,2025-06-07,20250607,Entrega tardía,521.41
R0002561,OI00032792,C06934,2025-12-31,20251231,No era lo esperado,75.27
R0002562,OI00032801,C06936,2025-11-06,20251106,Entrega tardía,184.61
R0002563,OI00032805,C06936,2025-11-28,20251128,Producto defectuoso,34.69
R0002564,OI00032821,C06939,2025-07-04,20250704,Talle / compatibilidad,155.2
R0002565,OI00032824,C06939,2025-09-15,20250915,Producto defectuoso,157.87
R0002566,OI00032832,C06940,2025-12-25,20251225,Producto defectuoso,40.42
R0002567,OI00032848,C06944,2025-12-28,20251228,No era lo esperado,113.19
R0002568,OI00032892,C06958,2025-12-08,20251208,Producto defectuoso,63.84
R0002569,OI00032896,C06959,2024-06-02,20240602,Producto defectuoso,159.22
R0002570,OI00032955,C06969,2025-03-30,20250330,Talle / compatibilidad,33.35
R0002571,OI00032960,C06970,2025-09-29,20250929,Entrega tardía,38.08
R0002572,OI00032976,C06973,2024-12-11,20241211,Talle / compatibilidad,154.32
R0002573,OI00032977,C06973,2024-12-17,20241217,Entrega tardía,97.28
R0002574,OI00032983,C06974,2025-10-08,20251008,Entrega tardía,130.07
R0002575,OI00033004,C06981,2025-06-03,20250603,No era lo esperado,72.21
R0002576,OI00033005,C06981,2025-06-28,20250628,Talle / compatibilidad,64.72
R0002577,OI00033011,C06983,2025-12-31,20251231,Talle / compatibilidad,67.89
R0002578,OI00033092,C07000,2025-10-15,20251015,No era lo esperado,46.34
R0002579,OI00033115,C07003,2025-11-17,20251117,No era lo esperado,153.97
R0002580,OI00033130,C07006,2023-04-08,20230408,No era lo esperado,51.45
R0002581,OI00033142,C07008,2025-11-27,20251127,No era lo esperado,71.73
R0002582,OI00033146,C07009,2025-12-13,20251213,No era lo esperado,67.81
R0002583,OI00033154,C07011,2024-04-26,20240426,Entrega tardía,128.62
R0002584,OI00033180,C07014,2025-11-10,20251110,Producto defectuoso,125.37
R0002585,OI00033192,C07017,2025-04-02,20250402,Talle / compatibilidad,186.87
R0002586,OI00033201,C07018,2025-04-15,20250415,No era lo esperado,55.26
R0002587,OI00033224,C07023,2024-11-23,20241123,Entrega tardía,31.88
R0002588,OI00033229,C07024,2025-12-31,20251231,Talle / compatibilidad,271.7
R0002589,OI00033230,C07024,2025-12-31,20251231,Producto defectuoso,146.14
R0002590,OI00033257,C07034,2025-12-12,20251212,Talle / compatibilidad,33.93
R0002591,OI00033287,C07040,2025-09-10,20250910,Talle / compatibilidad,95.89
R0002592,OI00033298,C07044,2025-07-26,20250726,No era lo esperado,389.82
R0002593,OI00033309,C07046,2025-12-28,20251228,Producto defectuoso,168.09
R0002594,OI00033312,C07048,2025-06-12,20250612,No era lo esperado,685.82
R0002595,OI00033323,C07051,2025-11-30,20251130,Entrega tardía,83.24
R0002596,OI00033327,C07052,2024-06-21,20240621,Talle / compatibilidad,46.05
R0002597,OI00033331,C07053,2025-06-03,20250603,Entrega tardía,32.71
R0002598,OI00033334,C07054,2025-09-10,20250910,Producto defectuoso,76.07
R0002599,OI00033367,C07058,2025-12-31,20251231,Talle / compatibilidad,111.9
R0002600,OI00033374,C07061,2025-08-29,20250829,Talle / compatibilidad,32.42
R0002601,OI00033381,C07062,2024-06-08,20240608,Entrega tardía,168.78
R0002602,OI00033393,C07064,2024-09-08,20240908,Entrega tardía,43.24
R0002603,OI00033396,C07064,2025-11-25,20251125,No era lo esperado,41.77
R0002604,OI00033418,C07070,2025-11-26,20251126,Talle / compatibilidad,183.79
R0002605,OI00033421,C07070,2025-11-20,20251120,Talle / compatibilidad,100.02
R0002606,OI00033423,C07070,2025-11-29,20251129,No era lo esperado,59.84
R0002607,OI00033438,C07075,2025-06-22,20250622,Producto defectuoso,86.17
R0002608,OI00033461,C07079,2024-12-18,20241218,Producto defectuoso,39.01
R0002609,OI00033479,C07083,2025-11-19,20251119,No era lo esperado,159.05
R0002610,OI00033487,C07085,2025-11-26,20251126,No era lo esperado,48.08
R0002611,OI00033514,C07091,2025-12-31,20251231,Talle / compatibilidad,43.0
R0002612,OI00033534,C07095,2025-11-15,20251115,No era lo esperado,79.68
R0002613,OI00033542,C07097,2025-11-11,20251111,No era lo esperado,139.35
R0002614,OI00033554,C07100,2025-07-23,20250723,Producto defectuoso,71.78
R0002615,OI00033560,C07102,2025-09-27,20250927,Producto defectuoso,62.73
R0002616,OI00033562,C07102,2025-10-05,20251005,Talle / compatibilidad,148.13
R0002617,OI00033566,C07103,2025-04-14,20250414,Entrega tardía,48.63
R0002618,OI00033568,C07103,2025-07-18,20250718,No era lo esperado,73.7
R0002619,OI00033573,C07104,2025-01-16,20250116,No era lo esperado,32.71
R0002620,OI00033577,C07106,2024-04-30,20240430,Entrega tardía,62.44
R0002621,OI00033583,C07107,2025-11-24,20251124,Entrega tardía,295.04
R0002622,OI00033584,C07107,2025-12-09,20251209,Entrega tardía,331.91
R0002623,OI00033588,C07109,2024-09-13,20240913,Talle / compatibilidad,57.65
R0002624,OI00033590,C07109,2025-09-25,20250925,Entrega tardía,68.39
R0002625,OI00033592,C07109,2025-12-01,20251201,Talle / compatibilidad,32.76
R0002626,OI00033604,C07111,2025-03-02,20250302,Producto defectuoso,152.21
R0002627,OI00033653,C07121,2024-08-18,20240818,Entrega tardía,1505.25
R0002628,OI00033656,C07121,2025-07-08,20250708,No era lo esperado,212.49
R0002629,OI00033658,C07121,2025-09-19,20250919,Talle / compatibilidad,374.94
R0002630,OI00033665,C07122,2025-08-21,20250821,Talle / compatibilidad,109.97
R0002631,OI00033667,C07123,2024-12-02,20241202,No era lo esperado,151.03
R0002632,OI00033695,C07128,2025-12-10,20251210,Talle / compatibilidad,160.07
R0002633,OI00033726,C07136,2024-11-01,20241101,No era lo esperado,58.69
R0002634,OI00033740,C07139,2025-12-02,20251202,Entrega tardía,84.66
R0002635,OI00033741,C07140,2024-06-06,20240606,Talle / compatibilidad,89.23
R0002636,OI00033767,C07145,2025-01-02,20250102,Producto defectuoso,48.85
R0002637,OI00033795,C07153,2023-10-22,20231022,No era lo esperado,50.37
R0002638,OI00033803,C07154,2025-08-17,20250817,No era lo esperado,201.98
R0002639,OI00033812,C07157,2025-04-03,20250403,Talle / compatibilidad,55.15
R0002640,OI00033826,C07161,2025-01-14,20250114,Entrega tardía,59.14
R0002641,OI00033827,C07161,2025-01-10,20250110,No era lo esperado,155.04
R0002642,OI00033835,C07162,2025-12-31,20251231,Entrega tardía,90.64
R0002643,OI00033870,C07173,2025-12-31,20251231,Producto defectuoso,122.77
R0002644,OI00033883,C07175,2024-11-07,20241107,Entrega tardía,53.53
R0002645,OI00033911,C07185,2025-03-19,20250319,Entrega tardía,72.13
R0002646,OI00033923,C07188,2024-04-03,20240403,No era lo esperado,85.87
R0002647,OI00033925,C07188,2024-10-17,20241017,No era lo esperado,70.11
R0002648,OI00033934,C07189,2025-01-02,20250102,Producto defectuoso,51.87
R0002649,OI00033953,C07192,2025-12-05,20251205,No era lo esperado,333.3
R0002650,OI00033959,C07194,2025-11-22,20251122,Producto defectuoso,472.94
R0002651,OI00033971,C07196,2025-10-21,20251021,Producto defectuoso,64.78
R0002652,OI00033982,C07197,2025-12-31,20251231,No era lo esperado,53.51
R0002653,OI00033989,C07200,2025-08-29,20250829,Entrega tardía,151.95
R0002654,OI00033993,C07201,2025-01-18,20250118,Producto defectuoso,315.3
R0002655,OI00034005,C07204,2023-06-24,20230624,Talle / compatibilidad,41.85
R0002656,OI00034009,C07204,2024-08-11,20240811,Talle / compatibilidad,68.69
R0002657,OI00034021,C07206,2025-12-23,20251223,No era lo esperado,49.58
R0002658,OI00034024,C07207,2025-12-31,20251231,Entrega tardía,188.47
R0002659,OI00034081,C07216,2024-12-20,20241220,Producto defectuoso,50.93
R0002660,OI00034087,C07218,2024-08-16,20240816,Talle / compatibilidad,45.1
R0002661,OI00034093,C07219,2024-06-05,20240605,Talle / compatibilidad,155.56
R0002662,OI00034098,C07219,2025-12-04,20251204,No era lo esperado,163.07
R0002663,OI00034109,C07222,2025-12-31,20251231,No era lo esperado,31.81
R0002664,OI00034126,C07225,2025-02-23,20250223,Entrega tardía,204.19
R0002665,OI00034140,C07227,2023-04-10,20230410,Talle / compatibilidad,98.1
R0002666,OI00034155,C07227,2024-05-08,20240508,Producto defectuoso,57.62
R0002667,OI00034162,C07227,2025-11-23,20251123,Talle / compatibilidad,80.95
R0002668,OI00034194,C07234,2025-09-22,20250922,Producto defectuoso,64.98
R0002669,OI00034221,C07239,2023-12-19,20231219,Talle / compatibilidad,176.21
R0002670,OI00034227,C07239,2025-10-30,20251030,Producto defectuoso,129.67
R0002671,OI00034228,C07239,2025-11-02,20251102,Entrega tardía,30.41
R0002672,OI00034247,C07243,2024-09-02,20240902,Entrega tardía,71.73
R0002673,OI00034253,C07243,2025-12-25,20251225,Producto defectuoso,46.07
R0002674,OI00034281,C07250,2025-07-01,20250701,Talle / compatibilidad,35.02
R0002675,OI00034290,C07252,2025-11-09,20251109,Entrega tardía,46.58
R0002676,OI00034304,C07258,2025-12-31,20251231,No era lo esperado,48.37
R0002677,OI00034311,C07259,2024-04-24,20240424,No era lo esperado,89.2
R0002678,OI00034314,C07259,2024-06-30,20240630,Entrega tardía,41.06
R0002679,OI00034315,C07259,2024-07-07,20240707,Entrega tardía,30.28
R0002680,OI00034329,C07263,2025-11-21,20251121,Talle / compatibilidad,74.14
R0002681,OI00034340,C07267,2025-10-11,20251011,Talle / compatibilidad,352.79
R0002682,OI00034368,C07272,2025-08-05,20250805,Entrega tardía,42.85
R0002683,OI00034377,C07275,2025-12-13,20251213,No era lo esperado,217.99
R0002684,OI00034378,C07275,2025-12-11,20251211,No era lo esperado,76.17
R0002685,OI00034383,C07278,2025-12-11,20251211,No era lo esperado,37.5
R0002686,OI00034389,C07278,2025-12-31,20251231,Talle / compatibilidad,18.6
R0002687,OI00034433,C07286,2025-08-08,20250808,Talle / compatibilidad,55.7
R0002688,OI00034441,C07288,2024-07-10,20240710,Entrega tardía,160.19
R0002689,OI00034451,C07289,2025-05-11,20250511,Talle / compatibilidad,256.53
R0002690,OI00034470,C07293,2024-05-18,20240518,Talle / compatibilidad,67.66
R0002691,OI00034479,C07295,2024-06-27,20240627,No era lo esperado,87.86
R0002692,OI00034483,C07296,2025-07-23,20250723,No era lo esperado,59.35
R0002693,OI00034511,C07300,2025-08-22,20250822,Producto defectuoso,38.22
R0002694,OI00034538,C07306,2025-05-17,20250517,Producto defectuoso,101.76
R0002695,OI00034555,C07308,2025-08-19,20250819,Talle / compatibilidad,37.7
R0002696,OI00034562,C07309,2025-10-24,20251024,Talle / compatibilidad,81.92
R0002697,OI00034578,C07310,2025-12-04,20251204,Talle / compatibilidad,32.46
R0002698,OI00034582,C07312,2023-06-06,20230606,Producto defectuoso,369.61
R0002699,OI00034644,C07324,2025-12-27,20251227,Talle / compatibilidad,71.53
R0002700,OI00034661,C07329,2025-06-08,20250608,No era lo esperado,242.25
R0002701,OI00034665,C07330,2024-05-04,20240504,Producto defectuoso,60.97
R0002702,OI00034685,C07332,2025-12-09,20251209,Producto defectuoso,162.51
R0002703,OI00034691,C07334,2024-03-31,20240331,No era lo esperado,23.14
R0002704,OI00034696,C07334,2025-05-27,20250527,No era lo esperado,310.32
R0002705,OI00034701,C07334,2025-07-24,20250724,Producto defectuoso,91.86
R0002706,OI00034714,C07335,2025-01-20,20250120,Entrega tardía,97.43
R0002707,OI00034733,C07339,2024-09-29,20240929,Talle / compatibilidad,80.27
R0002708,OI00034750,C07343,2025-07-25,20250725,Talle / compatibilidad,74.43
R0002709,OI00034771,C07348,2025-12-22,20251222,Talle / compatibilidad,27.11
R0002710,OI00034779,C07351,2025-11-30,20251130,Talle / compatibilidad,74.92
R0002711,OI00034789,C07354,2024-10-06,20241006,Talle / compatibilidad,180.2
R0002712,OI00034795,C07354,2025-07-02,20250702,Talle / compatibilidad,142.71
R0002713,OI00034817,C07357,2025-12-16,20251216,Producto defectuoso,76.06
R0002714,OI00034826,C07360,2023-11-01,20231101,Talle / compatibilidad,92.39
R0002715,OI00034885,C07373,2025-07-28,20250728,No era lo esperado,123.39
R0002716,OI00034895,C07375,2025-12-25,20251225,Entrega tardía,36.28
R0002717,OI00034902,C07376,2025-11-30,20251130,No era lo esperado,18.25
R0002718,OI00034904,C07377,2024-12-05,20241205,Producto defectuoso,121.1
R0002719,OI00034925,C07383,2024-03-07,20240307,Producto defectuoso,123.16
R0002720,OI00034933,C07385,2024-11-26,20241126,No era lo esperado,78.7
R0002721,OI00034950,C07389,2025-11-08,20251108,No era lo esperado,47.08
R0002722,OI00034951,C07389,2025-11-17,20251117,Talle / compatibilidad,59.91
R0002723,OI00034954,C07389,2025-12-23,20251223,Talle / compatibilidad,68.26
R0002724,OI00034966,C07394,2025-12-24,20251224,Talle / compatibilidad,23.39
R0002725,OI00034980,C07396,2024-08-02,20240802,No era lo esperado,35.1
R0002726,OI00035002,C07400,2025-08-28,20250828,No era lo esperado,39.23
R0002727,OI00035038,C07409,2025-12-03,20251203,Producto defectuoso,140.23
R0002728,OI00035049,C07411,2025-10-03,20251003,Talle / compatibilidad,147.18
R0002729,OI00035067,C07413,2025-11-10,20251110,Entrega tardía,27.05
R0002730,OI00035072,C07414,2024-01-06,20240106,Entrega tardía,199.23
R0002731,OI00035083,C07415,2025-11-29,20251129,Talle / compatibilidad,366.01
R0002732,OI00035085,C07416,2025-12-31,20251231,Producto defectuoso,161.05
R0002733,OI00035094,C07418,2024-04-19,20240419,No era lo esperado,139.36
R0002734,OI00035097,C07418,2025-01-17,20250117,Talle / compatibilidad,164.98
R0002735,OI00035119,C07425,2025-12-22,20251222,No era lo esperado,29.59
R0002736,OI00035147,C07428,2025-06-19,20250619,Talle / compatibilidad,52.6
R0002737,OI00035149,C07428,2025-07-10,20250710,Producto defectuoso,17.83
R0002738,OI00035150,C07428,2025-09-19,20250919,Entrega tardía,44.79
R0002739,OI00035160,C07430,2025-11-17,20251117,No era lo esperado,61.92
R0002740,OI00035168,C07432,2025-12-07,20251207,No era lo esperado,154.38
R0002741,OI00035186,C07437,2025-12-09,20251209,No era lo esperado,43.82
R0002742,OI00035187,C07438,2025-10-12,20251012,Entrega tardía,260.42
R0002743,OI00035192,C07439,2025-08-08,20250808,Producto defectuoso,159.28
R0002744,OI00035219,C07445,2025-03-25,20250325,Talle / compatibilidad,52.27
R0002745,OI00035252,C07449,2025-06-27,20250627,Producto defectuoso,143.81
R0002746,OI00035279,C07455,2025-03-31,20250331,Entrega tardía,191.39
R0002747,OI00035312,C07463,2024-10-22,20241022,No era lo esperado,77.09
R0002748,OI00035325,C07467,2025-10-04,20251004,Talle / compatibilidad,148.42
R0002749,OI00035335,C07468,2025-11-20,20251120,No era lo esperado,80.99
R0002750,OI00035368,C07473,2024-01-05,20240105,No era lo esperado,32.52
R0002751,OI00035376,C07474,2025-10-30,20251030,Talle / compatibilidad,67.3
R0002752,OI00035425,C07487,2025-11-14,20251114,No era lo esperado,58.64
R0002753,OI00035434,C07488,2025-06-25,20250625,Producto defectuoso,71.9
R0002754,OI00035439,C07489,2025-04-20,20250420,Entrega tardía,161.89
R0002755,OI00035452,C07493,2024-05-21,20240521,Producto defectuoso,136.54
R0002756,OI00035469,C07498,2025-12-31,20251231,Talle / compatibilidad,74.61
R0002757,OI00035493,C07503,2025-11-30,20251130,Talle / compatibilidad,69.63
R0002758,OI00035494,C07503,2025-12-19,20251219,Talle / compatibilidad,36.15
R0002759,OI00035519,C07507,2025-12-27,20251227,No era lo esperado,150.18
R0002760,OI00035521,C07507,2025-12-22,20251222,Talle / compatibilidad,148.03
R0002761,OI00035546,C07512,2024-07-24,20240724,Entrega tardía,216.32
R0002762,OI00035548,C07512,2024-08-03,20240803,No era lo esperado,354.81
R0002763,OI00035553,C07513,2025-09-27,20250927,Producto defectuoso,35.57
R0002764,OI00035572,C07520,2025-12-10,20251210,Producto defectuoso,401.13
R0002765,OI00035576,C07521,2024-01-04,20240104,Entrega tardía,149.55
R0002766,OI00035577,C07521,2024-08-16,20240816,Entrega tardía,85.28
R0002767,OI00035603,C07526,2025-12-30,20251230,No era lo esperado,38.07
R0002768,OI00035613,C07529,2025-09-03,20250903,Talle / compatibilidad,81.97
R0002769,OI00035622,C07530,2024-12-12,20241212,Entrega tardía,43.43
R0002770,OI00035624,C07530,2024-12-26,20241226,No era lo esperado,468.75
R0002771,OI00035631,C07533,2025-12-31,20251231,Entrega tardía,95.03
R0002772,OI00035673,C07542,2025-11-08,20251108,Producto defectuoso,152.48
R0002773,OI00035674,C07542,2025-11-12,20251112,Talle / compatibilidad,99.59
R0002774,OI00035717,C07556,2025-01-01,20250101,No era lo esperado,77.55
R0002775,OI00035732,C07559,2025-11-10,20251110,No era lo esperado,35.24
R0002776,OI00035751,C07564,2025-08-19,20250819,Talle / compatibilidad,48.48
R0002777,OI00035773,C07567,2024-08-24,20240824,Entrega tardía,38.19
R0002778,OI00035774,C07567,2024-08-29,20240829,Talle / compatibilidad,35.12
R0002779,OI00035782,C07567,2024-11-27,20241127,Producto defectuoso,48.37
R0002780,OI00035832,C07575,2025-06-29,20250629,Producto defectuoso,112.03
R0002781,OI00035835,C07575,2025-11-21,20251121,No era lo esperado,69.07
R0002782,OI00035839,C07576,2025-12-08,20251208,Talle / compatibilidad,153.82
R0002783,OI00035845,C07578,2024-06-09,20240609,No era lo esperado,41.03
R0002784,OI00035859,C07582,2025-01-17,20250117,No era lo esperado,32.29
R0002785,OI00035865,C07585,2023-05-16,20230516,No era lo esperado,48.53
R0002786,OI00035866,C07585,2024-06-06,20240606,No era lo esperado,119.49
R0002787,OI00035869,C07585,2024-07-31,20240731,No era lo esperado,175.73
R0002788,OI00035892,C07589,2024-08-29,20240829,Talle / compatibilidad,57.39
R0002789,OI00035911,C07595,2024-10-24,20241024,Entrega tardía,191.53
R0002790,OI00035919,C07597,2025-12-20,20251220,Entrega tardía,321.85
R0002791,OI00035921,C07598,2024-05-18,20240518,Talle / compatibilidad,35.64
R0002792,OI00035929,C07600,2025-01-20,20250120,Entrega tardía,375.69
R0002793,OI00035959,C07604,2025-03-04,20250304,No era lo esperado,103.31
R0002794,OI00035964,C07606,2024-09-17,20240917,No era lo esperado,171.99
R0002795,OI00035984,C07608,2025-10-31,20251031,Talle / compatibilidad,42.83
R0002796,OI00036045,C07619,2024-09-12,20240912,Entrega tardía,105.17
R0002797,OI00036069,C07627,2025-05-12,20250512,No era lo esperado,69.8
R0002798,OI00036070,C07627,2025-05-05,20250505,Talle / compatibilidad,68.03
R0002799,OI00036093,C07635,2024-01-01,20240101,Entrega tardía,105.23
R0002800,OI00036101,C07636,2024-11-10,20241110,Talle / compatibilidad,101.99
R0002801,OI00036104,C07636,2025-06-08,20250608,Talle / compatibilidad,102.95
R0002802,OI00036106,C07636,2025-10-05,20251005,Producto defectuoso,161.09
R0002803,OI00036126,C07641,2025-07-29,20250729,No era lo esperado,306.8
R0002804,OI00036127,C07641,2025-07-29,20250729,Talle / compatibilidad,78.18
R0002805,OI00036134,C07642,2025-08-04,20250804,Entrega tardía,99.74
R0002806,OI00036135,C07642,2025-07-19,20250719,Talle / compatibilidad,84.71
R0002807,OI00036136,C07643,2024-09-03,20240903,Producto defectuoso,43.65
R0002808,OI00036147,C07645,2023-07-18,20230718,Producto defectuoso,47.02
R0002809,OI00036172,C07648,2023-09-26,20230926,Producto defectuoso,123.55
R0002810,OI00036181,C07650,2025-09-06,20250906,Producto defectuoso,33.68
R0002811,OI00036220,C07660,2024-12-03,20241203,No era lo esperado,54.56
R0002812,OI00036244,C07663,2024-10-18,20241018,No era lo esperado,47.47
R0002813,OI00036253,C07666,2024-06-16,20240616,No era lo esperado,50.06
R0002814,OI00036261,C07668,2025-11-05,20251105,Producto defectuoso,51.66
R0002815,OI00036288,C07672,2024-08-02,20240802,Talle / compatibilidad,53.77
R0002816,OI00036305,C07676,2023-09-15,20230915,No era lo esperado,15.93
R0002817,OI00036310,C07676,2025-11-25,20251125,Entrega tardía,64.06
R0002818,OI00036316,C07679,2024-05-06,20240506,Producto defectuoso,75.02
R0002819,OI00036339,C07682,2025-07-17,20250717,No era lo esperado,36.01
R0002820,OI00036340,C07682,2025-09-26,20250926,Entrega tardía,58.43
R0002821,OI00036371,C07688,2024-12-05,20241205,Producto defectuoso,89.12
R0002822,OI00036375,C07690,2025-10-25,20251025,Producto defectuoso,42.63
R0002823,OI00036381,C07690,2025-11-17,20251117,Talle / compatibilidad,203.47
R0002824,OI00036383,C07690,2025-11-23,20251123,Talle / compatibilidad,49.96
R0002825,OI00036390,C07692,2025-03-28,20250328,No era lo esperado,32.35
R0002826,OI00036394,C07693,2025-09-25,20250925,Producto defectuoso,32.81
R0002827,OI00036401,C07695,2025-08-03,20250803,Talle / compatibilidad,246.05
R0002828,OI00036432,C07702,2025-05-04,20250504,Entrega tardía,220.61
R0002829,OI00036435,C07703,2024-07-05,20240705,No era lo esperado,142.73
R0002830,OI00036493,C07713,2024-06-18,20240618,Producto defectuoso,79.74
R0002831,OI00036521,C07720,2025-01-21,20250121,No era lo esperado,396.57
R0002832,OI00036522,C07721,2023-09-15,20230915,Talle / compatibilidad,158.95
R0002833,OI00036525,C07721,2023-09-21,20230921,Producto defectuoso,364.12
R0002834,OI00036530,C07721,2024-06-02,20240602,No era lo esperado,85.9
R0002835,OI00036535,C07723,2025-07-30,20250730,No era lo esperado,76.12
R0002836,OI00036536,C07723,2025-08-01,20250801,No era lo esperado,76.67
R0002837,OI00036541,C07723,2025-11-21,20251121,Producto defectuoso,24.23
R0002838,OI00036542,C07724,2023-05-19,20230519,No era lo esperado,180.92
R0002839,OI00036543,C07724,2023-05-13,20230513,No era lo esperado,66.2
R0002840,OI00036545,C07724,2024-04-24,20240424,Talle / compatibilidad,42.47
R0002841,OI00036568,C07729,2025-11-17,20251117,Talle / compatibilidad,82.29
R0002842,OI00036589,C07734,2025-11-10,20251110,Talle / compatibilidad,50.38
R0002843,OI00036595,C07735,2024-07-23,20240723,No era lo esperado,26.92
R0002844,OI00036611,C07736,2024-08-21,20240821,No era lo esperado,56.25
R0002845,OI00036621,C07737,2025-11-13,20251113,Talle / compatibilidad,52.42
R0002846,OI00036624,C07738,2024-11-25,20241125,No era lo esperado,55.17
R0002847,OI00036638,C07738,2025-01-20,20250120,No era lo esperado,74.25
R0002848,OI00036648,C07740,2025-12-31,20251231,Talle / compatibilidad,36.24
R0002849,OI00036706,C07754,2023-12-08,20231208,Entrega tardía,39.6
R0002850,OI00036723,C07755,2025-01-30,20250130,Talle / compatibilidad,163.17
R0002851,OI00036737,C07758,2025-08-06,20250806,Entrega tardía,71.96
R0002852,OI00036738,C07759,2025-08-05,20250805,No era lo esperado,64.91
R0002853,OI00036751,C07762,2025-03-18,20250318,No era lo esperado,80.53
R0002854,OI00036756,C07763,2025-09-25,20250925,Producto defectuoso,155.81
R0002855,OI00036780,C07769,2024-04-28,20240428,Producto defectuoso,206.93
R0002856,OI00036782,C07769,2024-07-30,20240730,No era lo esperado,172.66
R0002857,OI00036790,C07772,2024-03-07,20240307,No era lo esperado,75.32
R0002858,OI00036792,C07772,2024-04-24,20240424,No era lo esperado,79.99
R0002859,OI00036798,C07772,2025-10-04,20251004,Producto defectuoso,49.01
R0002860,OI00036811,C07776,2025-10-17,20251017,Talle / compatibilidad,403.8
R0002861,OI00036817,C07778,2025-09-30,20250930,No era lo esperado,61.52
R0002862,OI00036821,C07778,2025-10-06,20251006,No era lo esperado,49.96
R0002863,OI00036825,C07780,2024-01-06,20240106,No era lo esperado,192.36
R0002864,OI00036840,C07783,2025-10-15,20251015,Talle / compatibilidad,62.66
R0002865,OI00036843,C07785,2025-01-11,20250111,Talle / compatibilidad,115.25
R0002866,OI00036844,C07785,2025-01-03,20250103,No era lo esperado,163.13
R0002867,OI00036851,C07787,2025-12-31,20251231,Entrega tardía,189.0
R0002868,OI00036862,C07792,2025-11-09,20251109,No era lo esperado,31.34
R0002869,OI00036866,C07793,2025-03-20,20250320,Entrega tardía,32.12
R0002870,OI00036872,C07793,2025-07-22,20250722,No era lo esperado,30.86
R0002871,OI00036877,C07793,2025-12-16,20251216,Entrega tardía,32.69
R0002872,OI00036881,C07795,2023-04-26,20230426,Entrega tardía,81.39
R0002873,OI00036884,C07795,2023-12-10,20231210,No era lo esperado,595.89
R0002874,OI00036885,C07795,2023-12-13,20231213,Talle / compatibilidad,302.95
R0002875,OI00036887,C07795,2023-12-11,20231211,Talle / compatibilidad,32.85
R0002876,OI00036888,C07795,2023-12-09,20231209,Talle / compatibilidad,169.6
R0002877,OI00036890,C07795,2025-12-15,20251215,No era lo esperado,157.06
R0002878,OI00036898,C07796,2025-11-30,20251130,Entrega tardía,170.46
R0002879,OI00036900,C07797,2025-08-31,20250831,Producto defectuoso,145.05
R0002880,OI00036906,C07798,2024-02-19,20240219,Producto defectuoso,102.97
R0002881,OI00036908,C07798,2025-02-04,20250204,Talle / compatibilidad,188.07
R0002882,OI00036913,C07799,2025-11-09,20251109,No era lo esperado,128.71
R0002883,OI00036917,C07800,2025-12-08,20251208,No era lo esperado,117.18
R0002884,OI00036930,C07804,2025-07-06,20250706,No era lo esperado,23.38
R0002885,OI00036941,C07807,2023-11-14,20231114,No era lo esperado,294.35
R0002886,OI00036963,C07813,2025-12-17,20251217,Producto defectuoso,313.17
R0002887,OI00036965,C07813,2025-12-18,20251218,Talle / compatibilidad,124.2
R0002888,OI00036974,C07816,2025-10-21,20251021,Producto defectuoso,139.24
R0002889,OI00036988,C07821,2024-12-25,20241225,Producto defectuoso,89.86
R0002890,OI00036989,C07821,2024-12-12,20241212,No era lo esperado,140.48
R0002891,OI00037012,C07825,2025-11-08,20251108,Talle / compatibilidad,80.91
R0002892,OI00037019,C07827,2025-09-22,20250922,Producto defectuoso,36.51
R0002893,OI00037029,C07831,2025-03-04,20250304,Talle / compatibilidad,62.33
R0002894,OI00037040,C07832,2025-09-02,20250902,No era lo esperado,18.5
R0002895,OI00037045,C07832,2025-11-11,20251111,Entrega tardía,83.47
R0002896,OI00037053,C07834,2025-12-10,20251210,No era lo esperado,371.81
R0002897,OI00037069,C07838,2025-05-13,20250513,No era lo esperado,162.1
R0002898,OI00037070,C07838,2025-05-08,20250508,Talle / compatibilidad,414.52
R0002899,OI00037075,C07838,2025-10-22,20251022,Producto defectuoso,139.9
R0002900,OI00037085,C07841,2025-03-26,20250326,Producto defectuoso,57.04
R0002901,OI00037109,C07845,2025-05-31,20250531,Producto defectuoso,332.69
R0002902,OI00037121,C07849,2025-11-25,20251125,Producto defectuoso,61.25
R0002903,OI00037127,C07850,2024-10-16,20241016,No era lo esperado,72.17
R0002904,OI00037145,C07852,2025-12-05,20251205,Talle / compatibilidad,40.19
R0002905,OI00037155,C07856,2025-09-17,20250917,No era lo esperado,38.48
R0002906,OI00037163,C07857,2023-11-28,20231128,No era lo esperado,80.14
R0002907,OI00037168,C07857,2025-05-27,20250527,No era lo esperado,65.34
R0002908,OI00037175,C07858,2025-11-22,20251122,Talle / compatibilidad,75.93
R0002909,OI00037180,C07859,2023-09-24,20230924,Talle / compatibilidad,373.01
R0002910,OI00037209,C07867,2025-12-31,20251231,Entrega tardía,77.43
R0002911,OI00037221,C07870,2024-12-20,20241220,Producto defectuoso,163.39
R0002912,OI00037224,C07871,2025-03-29,20250329,Producto defectuoso,159.85
R0002913,OI00037280,C07884,2025-12-21,20251221,Entrega tardía,49.78
R0002914,OI00037282,C07885,2025-10-01,20251001,No era lo esperado,56.54
R0002915,OI00037296,C07887,2025-04-07,20250407,No era lo esperado,386.54
R0002916,OI00037306,C07889,2025-12-31,20251231,No era lo esperado,52.57
R0002917,OI00037321,C07893,2025-12-07,20251207,Producto defectuoso,158.35
R0002918,OI00037335,C07896,2024-08-31,20240831,Talle / compatibilidad,217.27
R0002919,OI00037337,C07896,2025-11-15,20251115,Entrega tardía,221.25
R0002920,OI00037354,C07901,2023-10-09,20231009,No era lo esperado,77.53
R0002921,OI00037358,C07901,2025-05-20,20250520,Producto defectuoso,82.91
R0002922,OI00037364,C07901,2025-12-24,20251224,Producto defectuoso,51.18
R0002923,OI00037366,C07902,2024-07-31,20240731,Entrega tardía,81.11
R0002924,OI00037371,C07904,2025-11-09,20251109,No era lo esperado,50.23
R0002925,OI00037387,C07907,2025-09-17,20250917,No era lo esperado,49.9
R0002926,OI00037388,C07907,2025-09-11,20250911,No era lo esperado,38.11
R0002927,OI00037419,C07913,2025-03-02,20250302,No era lo esperado,48.63
R0002928,OI00037420,C07913,2025-12-10,20251210,Talle / compatibilidad,38.44
R0002929,OI00037428,C07916,2025-12-20,20251220,Talle / compatibilidad,31.64
R0002930,OI00037488,C07926,2025-10-04,20251004,No era lo esperado,30.56
R0002931,OI00037507,C07932,2025-12-18,20251218,Talle / compatibilidad,46.44
R0002932,OI00037553,C07939,2025-04-16,20250416,No era lo esperado,262.53
R0002933,OI00037559,C07940,2025-09-01,20250901,Producto defectuoso,59.4
R0002934,OI00037567,C07941,2025-01-07,20250107,Talle / compatibilidad,79.78
R0002935,OI00037571,C07942,2025-11-08,20251108,No era lo esperado,30.48
R0002936,OI00037584,C07944,2023-08-01,20230801,Talle / compatibilidad,65.34
R0002937,OI00037601,C07947,2025-12-12,20251212,Producto defectuoso,100.66
R0002938,OI00037617,C07950,2024-10-14,20241014,Producto defectuoso,54.67
R0002939,OI00037626,C07952,2025-05-26,20250526,Talle / compatibilidad,36.88
R0002940,OI00037628,C07953,2025-12-09,20251209,Producto defectuoso,82.01
R0002941,OI00037648,C07957,2025-04-14,20250414,No era lo esperado,353.78
R0002942,OI00037658,C07960,2025-12-01,20251201,Entrega tardía,29.57
R0002943,OI00037689,C07966,2025-12-31,20251231,Talle / compatibilidad,72.3
R0002944,OI00037704,C07970,2024-08-01,20240801,Entrega tardía,81.78
R0002945,OI00037715,C07971,2025-09-28,20250928,Producto defectuoso,43.35
R0002946,OI00037717,C07972,2023-05-28,20230528,Entrega tardía,28.94
R0002947,OI00037722,C07973,2025-05-12,20250512,No era lo esperado,153.32
R0002948,OI00037734,C07975,2025-12-31,20251231,Talle / compatibilidad,137.8
R0002949,OI00037735,C07976,2024-11-29,20241129,Talle / compatibilidad,337.14
R0002950,OI00037765,C07988,2025-02-21,20250221,Talle / compatibilidad,159.23
R0002951,OI00037771,C07988,2025-09-05,20250905,Talle / compatibilidad,410.72
R0002952,OI00037790,C07992,2023-02-13,20230213,Producto defectuoso,371.28
R0002953,OI00037822,C07996,2025-05-18,20250518,No era lo esperado,178.53
R0002954,OI00037832,C07997,2025-06-25,20250625,Producto defectuoso,109.97
R0002955,OI00037840,C07998,2025-12-31,20251231,Producto defectuoso,66.64
