customer_id,customer_name,signup_date,segment,region,acquisition_channel,plan_name,monthly_revenue,status,churn_reason,ticket_count,avg_satisfaction,risk_level
1,Cliente 0001,2026-07-18,Emprendedor,AMBA,Paid Social,Premium,69.0,Active,,0,,Low
2,Cliente 0002,2026-02-07,Emprendedor,NEA,Paid Social,Basic,19.0,Active,,0,,Low
3,Cliente 0003,2026-01-02,Emprendedor,Centro,Evento,Standard,39.0,Active,,1,3.0,Medium
4,Cliente 0004,2024-11-01,B2C,Centro,Evento,Premium,69.0,Active,,0,,Low
5,Cliente 0005,2024-09-06,B2C,Centro,Orgánico,Standard,39.0,Active,,2,3.0,Medium
6,Cliente 0006,2023-10-21,B2C,Centro,Referido,Business,119.0,Active,,1,2.0,Medium
7,Cliente 0007,2026-08-27,B2C,AMBA,Referido,Basic,19.0,Active,,2,4.0,Medium
8,Cliente 0008,2024-11-04,Emprendedor,Cuyo,Orgánico,Basic,19.0,Active,,0,,Low
9,Cliente 0009,2025-06-10,B2C,NOA,Referido,Basic,19.0,Active,,1,1.0,Medium
10,Cliente 0010,2025-08-26,Emprendedor,NEA,Partner,Standard,39.0,Active,,0,,Low
11,Cliente 0011,2025-05-03,PyME,Patagonia,Paid Social,Standard,39.0,Active,,0,,Low
12,Cliente 0012,2025-09-01,B2C,Centro,Paid Social,Basic,19.0,Active,,3,3.33,Medium
13,Cliente 0013,2024-12-25,B2C,Patagonia,Referido,Business,119.0,Churned,Funcionalidades,1,3.0,No action
14,Cliente 0014,2024-08-07,Emprendedor,AMBA,Evento,Basic,19.0,Active,,0,,Low
15,Cliente 0015,2023-12-24,Emprendedor,NOA,Paid Social,Premium,69.0,Active,,0,,Low
16,Cliente 0016,2024-05-08,B2C,Cuyo,Orgánico,Premium,69.0,Active,,1,5.0,Low
17,Cliente 0017,2024-04-02,B2C,NEA,Evento,Basic,19.0,Active,,1,3.0,Medium
18,Cliente 0018,2025-07-01,B2C,AMBA,Evento,Basic,19.0,Active,,1,2.0,Medium
19,Cliente 0019,2024-11-07,B2C,Patagonia,Referido,Standard,39.0,Active,,0,,Low
20,Cliente 0020,2026-06-02,B2C,AMBA,Paid Social,Basic,19.0,Active,,0,,Low
21,Cliente 0021,2025-12-07,B2C,Patagonia,Referido,Basic,19.0,Active,,1,3.0,Medium
22,Cliente 0022,2025-02-07,B2C,Patagonia,Evento,Business,119.0,Active,,2,3.0,Medium
23,Cliente 0023,2026-08-21,Emprendedor,Cuyo,Paid Social,Standard,39.0,Active,,0,,Low
24,Cliente 0024,2024-11-14,PyME,AMBA,Evento,Basic,19.0,Active,,3,3.0,Medium
25,Cliente 0025,2025-10-12,B2C,AMBA,Orgánico,Basic,19.0,Churned,Bajo uso,0,,No action
26,Cliente 0026,2024-08-09,PyME,AMBA,Evento,Premium,69.0,Active,,0,,Low
27,Cliente 0027,2023-12-21,B2C,NOA,Paid Social,Standard,39.0,Active,,0,,Low
28,Cliente 0028,2025-05-19,B2C,Patagonia,Evento,Basic,19.0,Active,,3,3.0,Medium
29,Cliente 0029,2026-05-20,B2C,NEA,Partner,Basic,19.0,Active,,1,4.0,Low
30,Cliente 0030,2024-05-22,B2C,Patagonia,Referido,Premium,69.0,Active,,0,,Low
31,Cliente 0031,2023-11-06,B2C,NOA,Orgánico,Basic,19.0,Active,,0,,Low
32,Cliente 0032,2024-11-22,B2C,NOA,Partner,Basic,19.0,Active,,0,,Low
33,Cliente 0033,2024-09-30,B2C,NOA,Referido,Basic,19.0,Active,,0,,Low
34,Cliente 0034,2026-09-05,B2C,Patagonia,Partner,Basic,19.0,Active,,2,3.5,Medium
35,Cliente 0035,2025-03-17,B2C,NOA,Orgánico,Basic,19.0,Active,,1,5.0,Low
36,Cliente 0036,2026-02-15,B2C,NOA,Evento,Basic,19.0,Active,,0,,Low
37,Cliente 0037,2026-01-15,B2C,NEA,Paid Social,Basic,19.0,Active,,3,3.0,Medium
38,Cliente 0038,2023-11-20,Emprendedor,NEA,Paid Social,Basic,19.0,Active,,1,4.0,Low
39,Cliente 0039,2025-02-05,PyME,NOA,Evento,Basic,19.0,Active,,0,,Low
40,Cliente 0040,2026-07-17,B2C,NOA,Referido,Basic,19.0,Churned,Soporte,4,3.0,No action
41,Cliente 0041,2024-04-03,PyME,Centro,Partner,Basic,19.0,Active,,0,,Low
42,Cliente 0042,2024-11-22,B2C,Cuyo,Referido,Standard,39.0,Active,,3,5.0,Medium
43,Cliente 0043,2025-01-02,B2C,NOA,Partner,Basic,19.0,Active,,2,2.0,Medium
44,Cliente 0044,2024-08-15,B2C,Cuyo,Paid Social,Business,119.0,Active,,2,3.5,Medium
45,Cliente 0045,2024-11-17,Emprendedor,Centro,Evento,Standard,39.0,Active,,1,5.0,Low
46,Cliente 0046,2024-08-22,Emprendedor,Centro,Orgánico,Basic,19.0,Active,,1,5.0,Low
47,Cliente 0047,2025-01-10,B2C,Centro,Referido,Basic,19.0,Active,,2,3.5,Medium
48,Cliente 0048,2025-03-05,PyME,Centro,Orgánico,Standard,39.0,Active,,2,3.5,Medium
49,Cliente 0049,2025-05-25,Emprendedor,Cuyo,Referido,Premium,69.0,Active,,1,4.0,Low
50,Cliente 0050,2026-06-20,B2C,Centro,Paid Social,Basic,19.0,Active,,0,,Low
51,Cliente 0051,2025-03-09,B2C,Cuyo,Referido,Basic,19.0,Churned,Funcionalidades,3,3.67,No action
52,Cliente 0052,2024-07-07,B2C,Centro,Paid Social,Basic,19.0,Churned,Soporte,1,4.0,No action
53,Cliente 0053,2024-01-05,B2C,NEA,Paid Social,Basic,19.0,Active,,0,,Low
54,Cliente 0054,2026-04-12,PyME,Cuyo,Evento,Basic,19.0,Active,,0,,Low
55,Cliente 0055,2025-10-28,Emprendedor,NEA,Paid Social,Premium,69.0,Active,,0,,Low
56,Cliente 0056,2025-06-06,B2C,AMBA,Orgánico,Basic,19.0,Active,,1,4.0,Low
57,Cliente 0057,2024-12-16,B2C,AMBA,Partner,Basic,19.0,Active,,0,,Low
58,Cliente 0058,2025-02-12,B2C,AMBA,Evento,Standard,39.0,Active,,0,,Low
59,Cliente 0059,2025-03-13,PyME,NEA,Evento,Premium,69.0,Active,,0,,Low
60,Cliente 0060,2026-06-25,Emprendedor,NOA,Partner,Standard,39.0,Active,,0,,Low
61,Cliente 0061,2025-02-17,B2C,Cuyo,Paid Social,Standard,39.0,Churned,Funcionalidades,2,3.5,No action
62,Cliente 0062,2024-12-07,PyME,NEA,Referido,Basic,19.0,Active,,3,3.0,Medium
63,Cliente 0063,2026-05-17,PyME,Cuyo,Orgánico,Basic,19.0,Active,,1,4.0,Low
64,Cliente 0064,2026-03-01,B2C,NOA,Evento,Basic,19.0,Churned,Soporte,3,2.0,No action
65,Cliente 0065,2026-07-19,B2C,NEA,Evento,Business,119.0,Active,,0,,Low
66,Cliente 0066,2025-12-12,B2C,NEA,Partner,Standard,39.0,Active,,0,,Low
67,Cliente 0067,2025-08-21,Emprendedor,AMBA,Partner,Standard,39.0,Active,,0,,Low
68,Cliente 0068,2026-09-11,B2C,Patagonia,Orgánico,Basic,19.0,Churned,Precio,1,1.0,No action
69,Cliente 0069,2024-12-17,B2C,NOA,Referido,Standard,39.0,Active,,1,3.0,Medium
70,Cliente 0070,2025-06-09,PyME,NOA,Evento,Basic,19.0,Active,,2,4.5,Medium
71,Cliente 0071,2026-05-04,Emprendedor,NEA,Partner,Basic,19.0,Active,,0,,Low
72,Cliente 0072,2025-07-19,B2C,Cuyo,Partner,Premium,69.0,Active,,2,4.5,Medium
73,Cliente 0073,2024-03-16,PyME,NOA,Partner,Basic,19.0,Active,,3,5.0,Medium
74,Cliente 0074,2025-11-25,B2C,Cuyo,Paid Social,Standard,39.0,Active,,0,,Low
75,Cliente 0075,2024-12-05,B2C,AMBA,Partner,Basic,19.0,Active,,1,5.0,Low
76,Cliente 0076,2024-07-07,Emprendedor,NOA,Partner,Premium,69.0,Active,,2,3.0,Medium
77,Cliente 0077,2026-01-17,Emprendedor,AMBA,Evento,Premium,69.0,Active,,2,3.0,Medium
78,Cliente 0078,2024-07-02,B2C,NOA,Partner,Standard,39.0,Active,,3,3.33,Medium
79,Cliente 0079,2024-07-27,Emprendedor,Patagonia,Evento,Premium,69.0,Active,,0,,Low
80,Cliente 0080,2024-05-17,PyME,AMBA,Partner,Standard,39.0,Active,,1,4.0,Low
81,Cliente 0081,2025-05-12,B2C,AMBA,Partner,Business,119.0,Active,,3,4.0,Medium
82,Cliente 0082,2025-06-10,Emprendedor,AMBA,Referido,Standard,39.0,Active,,1,4.0,Low
83,Cliente 0083,2024-10-26,B2C,Centro,Partner,Standard,39.0,Active,,2,4.5,Medium
84,Cliente 0084,2024-04-28,PyME,Patagonia,Partner,Basic,19.0,Active,,0,,Low
85,Cliente 0085,2025-01-22,B2C,NEA,Referido,Basic,19.0,Active,,2,3.0,Medium
86,Cliente 0086,2025-03-24,Emprendedor,NOA,Paid Social,Standard,39.0,Active,,1,1.0,Medium
87,Cliente 0087,2026-04-15,PyME,AMBA,Paid Social,Standard,39.0,Active,,3,2.33,High
88,Cliente 0088,2025-02-03,Emprendedor,Patagonia,Partner,Premium,69.0,Active,,1,3.0,Medium
89,Cliente 0089,2023-11-14,B2C,Cuyo,Referido,Basic,19.0,Churned,Bajo uso,3,3.67,No action
90,Cliente 0090,2026-08-16,Emprendedor,NOA,Referido,Premium,69.0,Active,,1,4.0,Low
91,Cliente 0091,2025-07-01,PyME,AMBA,Partner,Basic,19.0,Active,,2,3.5,Medium
92,Cliente 0092,2025-11-30,B2C,NEA,Paid Social,Basic,19.0,Active,,0,,Low
93,Cliente 0093,2024-11-02,B2C,Cuyo,Paid Social,Basic,19.0,Active,,0,,Low
94,Cliente 0094,2024-04-10,B2C,Patagonia,Paid Social,Basic,19.0,Active,,0,,Low
95,Cliente 0095,2025-01-15,B2C,Patagonia,Evento,Basic,19.0,Active,,0,,Low
96,Cliente 0096,2025-07-10,B2C,AMBA,Evento,Standard,39.0,Active,,0,,Low
97,Cliente 0097,2024-05-08,B2C,Centro,Paid Social,Standard,39.0,Active,,0,,Low
98,Cliente 0098,2024-03-10,B2C,NOA,Orgánico,Standard,39.0,Active,,0,,Low
99,Cliente 0099,2025-01-08,B2C,AMBA,Paid Social,Standard,39.0,Active,,1,5.0,Low
100,Cliente 0100,2024-07-28,Emprendedor,Cuyo,Evento,Standard,39.0,Active,,1,5.0,Low
101,Cliente 0101,2023-12-21,B2C,Cuyo,Partner,Basic,19.0,Active,,2,4.5,Medium
102,Cliente 0102,2025-04-25,Emprendedor,NEA,Referido,Basic,19.0,Active,,0,,Low
103,Cliente 0103,2024-12-03,B2C,NEA,Paid Social,Standard,39.0,Active,,2,4.0,Medium
104,Cliente 0104,2025-02-20,Emprendedor,NOA,Partner,Business,119.0,Active,,1,5.0,Low
105,Cliente 0105,2025-08-23,B2C,NOA,Evento,Premium,69.0,Active,,0,,Low
106,Cliente 0106,2025-08-10,Emprendedor,Centro,Evento,Premium,69.0,Active,,2,3.0,Medium
107,Cliente 0107,2024-11-04,Emprendedor,AMBA,Paid Social,Standard,39.0,Active,,1,3.0,Medium
108,Cliente 0108,2024-09-03,B2C,NOA,Partner,Standard,39.0,Active,,3,4.33,Medium
109,Cliente 0109,2026-05-06,B2C,NOA,Paid Social,Premium,69.0,Active,,0,,Low
110,Cliente 0110,2024-09-18,B2C,Cuyo,Paid Social,Basic,19.0,Active,,3,3.67,Medium
111,Cliente 0111,2024-09-08,Emprendedor,Centro,Partner,Basic,19.0,Active,,3,4.33,Medium
112,Cliente 0112,2026-05-30,B2C,AMBA,Orgánico,Premium,69.0,Active,,0,,Low
113,Cliente 0113,2025-11-24,B2C,Cuyo,Referido,Standard,39.0,Active,,0,,Low
114,Cliente 0114,2023-11-19,B2C,NOA,Partner,Standard,39.0,Active,,1,4.0,Low
115,Cliente 0115,2024-10-15,B2C,Cuyo,Paid Social,Basic,19.0,Active,,0,,Low
116,Cliente 0116,2024-11-03,B2C,NEA,Orgánico,Standard,39.0,Active,,2,2.5,Medium
117,Cliente 0117,2026-04-18,B2C,Centro,Orgánico,Premium,69.0,Active,,0,,Low
118,Cliente 0118,2024-11-11,PyME,NEA,Orgánico,Basic,19.0,Active,,1,5.0,Low
119,Cliente 0119,2024-06-29,B2C,Patagonia,Evento,Basic,19.0,Active,,1,5.0,Low
120,Cliente 0120,2024-01-25,Emprendedor,Cuyo,Paid Social,Basic,19.0,Active,,0,,Low
121,Cliente 0121,2026-02-09,PyME,Patagonia,Paid Social,Standard,39.0,Active,,1,4.0,Low
122,Cliente 0122,2024-08-22,B2C,NOA,Referido,Standard,39.0,Active,,0,,Low
123,Cliente 0123,2024-08-15,B2C,AMBA,Partner,Basic,19.0,Churned,Funcionalidades,2,3.5,No action
124,Cliente 0124,2024-11-04,B2C,Patagonia,Orgánico,Basic,19.0,Active,,1,4.0,Low
125,Cliente 0125,2025-07-25,PyME,NOA,Referido,Standard,39.0,Active,,0,,Low
126,Cliente 0126,2024-12-24,B2C,NOA,Partner,Basic,19.0,Active,,0,,Low
127,Cliente 0127,2025-02-05,B2C,NEA,Partner,Basic,19.0,Active,,1,4.0,Low
128,Cliente 0128,2024-01-01,Emprendedor,Cuyo,Orgánico,Business,119.0,Active,,1,5.0,Low
129,Cliente 0129,2024-04-21,PyME,AMBA,Referido,Business,119.0,Active,,0,,Low
130,Cliente 0130,2025-07-17,B2C,Centro,Partner,Basic,19.0,Active,,2,3.0,Medium
131,Cliente 0131,2025-03-09,B2C,Patagonia,Evento,Basic,19.0,Active,,0,,Low
132,Cliente 0132,2026-06-04,B2C,Cuyo,Paid Social,Standard,39.0,Active,,1,3.0,Medium
133,Cliente 0133,2025-04-23,Emprendedor,NEA,Partner,Standard,39.0,Active,,3,3.33,Medium
134,Cliente 0134,2023-12-26,Emprendedor,Centro,Referido,Business,119.0,Active,,2,4.0,Medium
135,Cliente 0135,2024-09-17,Emprendedor,Cuyo,Orgánico,Business,119.0,Churned,Funcionalidades,2,4.0,No action
136,Cliente 0136,2026-09-10,B2C,NEA,Partner,Standard,39.0,Active,,0,,Low
137,Cliente 0137,2025-11-10,Emprendedor,NOA,Evento,Basic,19.0,Churned,Funcionalidades,2,3.0,No action
138,Cliente 0138,2024-12-06,Emprendedor,Centro,Paid Social,Standard,39.0,Active,,1,4.0,Low
139,Cliente 0139,2025-07-02,PyME,NEA,Referido,Basic,19.0,Active,,1,1.0,Medium
140,Cliente 0140,2025-12-19,B2C,Cuyo,Referido,Standard,39.0,Active,,0,,Low
141,Cliente 0141,2026-06-22,B2C,AMBA,Paid Social,Basic,19.0,Active,,0,,Low
142,Cliente 0142,2024-11-25,B2C,Patagonia,Referido,Standard,39.0,Active,,1,1.0,Medium
143,Cliente 0143,2024-12-04,B2C,Patagonia,Partner,Standard,39.0,Churned,Bajo uso,3,3.0,No action
144,Cliente 0144,2026-05-09,Emprendedor,Cuyo,Paid Social,Basic,19.0,Active,,0,,Low
145,Cliente 0145,2025-05-17,Emprendedor,Patagonia,Evento,Business,119.0,Active,,0,,Low
146,Cliente 0146,2026-08-06,B2C,Patagonia,Referido,Standard,39.0,Active,,0,,Low
147,Cliente 0147,2024-09-02,B2C,AMBA,Orgánico,Premium,69.0,Churned,Competencia,0,,No action
148,Cliente 0148,2024-05-30,B2C,Centro,Partner,Standard,39.0,Churned,Precio,3,3.33,No action
149,Cliente 0149,2026-01-12,PyME,Patagonia,Partner,Standard,39.0,Active,,1,2.0,Medium
150,Cliente 0150,2026-03-01,B2C,AMBA,Evento,Basic,19.0,Active,,2,5.0,Medium
151,Cliente 0151,2025-01-09,Emprendedor,NOA,Referido,Basic,19.0,Active,,1,4.0,Low
152,Cliente 0152,2026-04-06,B2C,NEA,Orgánico,Business,119.0,Active,,0,,Low
153,Cliente 0153,2023-11-15,B2C,NEA,Referido,Basic,19.0,Active,,1,5.0,Low
154,Cliente 0154,2024-07-29,Emprendedor,AMBA,Partner,Standard,39.0,Active,,0,,Low
155,Cliente 0155,2026-08-06,Emprendedor,NOA,Partner,Standard,39.0,Active,,0,,Low
156,Cliente 0156,2025-11-08,B2C,Patagonia,Orgánico,Premium,69.0,Active,,1,4.0,Low
157,Cliente 0157,2025-12-01,B2C,Patagonia,Orgánico,Standard,39.0,Active,,0,,Low
158,Cliente 0158,2026-07-22,Emprendedor,NEA,Paid Social,Business,119.0,Active,,2,4.5,Medium
159,Cliente 0159,2024-01-25,PyME,Cuyo,Referido,Business,119.0,Active,,0,,Low
160,Cliente 0160,2025-05-23,B2C,Centro,Orgánico,Basic,19.0,Churned,Bajo uso,0,,No action
161,Cliente 0161,2025-06-24,B2C,AMBA,Paid Social,Standard,39.0,Active,,0,,Low
162,Cliente 0162,2025-05-13,B2C,Centro,Evento,Basic,19.0,Active,,0,,Low
163,Cliente 0163,2025-01-30,B2C,NEA,Referido,Basic,19.0,Active,,0,,Low
164,Cliente 0164,2025-05-08,B2C,NOA,Evento,Basic,19.0,Active,,0,,Low
165,Cliente 0165,2024-06-04,PyME,AMBA,Referido,Standard,39.0,Active,,2,3.5,Medium
166,Cliente 0166,2025-02-07,B2C,Patagonia,Partner,Standard,39.0,Active,,0,,Low
167,Cliente 0167,2024-08-25,B2C,NOA,Referido,Standard,39.0,Active,,2,4.5,Medium
168,Cliente 0168,2025-06-05,Emprendedor,NOA,Referido,Premium,69.0,Active,,2,4.0,Medium
169,Cliente 0169,2025-04-25,B2C,Cuyo,Referido,Standard,39.0,Active,,1,3.0,Medium
170,Cliente 0170,2024-08-06,B2C,NOA,Referido,Standard,39.0,Active,,0,,Low
171,Cliente 0171,2024-09-13,PyME,NEA,Evento,Standard,39.0,Active,,2,2.0,Medium
172,Cliente 0172,2025-02-24,B2C,NEA,Referido,Business,119.0,Active,,3,3.33,Medium
173,Cliente 0173,2024-06-03,Emprendedor,Cuyo,Partner,Standard,39.0,Active,,2,3.5,Medium
174,Cliente 0174,2024-08-10,B2C,Patagonia,Referido,Premium,69.0,Churned,Competencia,2,2.5,No action
175,Cliente 0175,2025-05-23,Emprendedor,NOA,Orgánico,Business,119.0,Active,,3,4.33,Medium
176,Cliente 0176,2025-12-30,Emprendedor,NEA,Referido,Standard,39.0,Active,,1,3.0,Medium
177,Cliente 0177,2025-12-20,B2C,Patagonia,Paid Social,Standard,39.0,Active,,0,,Low
178,Cliente 0178,2023-11-16,PyME,NOA,Partner,Basic,19.0,Active,,2,3.5,Medium
179,Cliente 0179,2025-02-13,B2C,Centro,Partner,Basic,19.0,Active,,0,,Low
180,Cliente 0180,2024-08-09,B2C,AMBA,Referido,Standard,39.0,Active,,0,,Low
181,Cliente 0181,2023-11-19,B2C,Centro,Referido,Standard,39.0,Active,,2,2.5,Medium
182,Cliente 0182,2024-01-20,B2C,Patagonia,Partner,Standard,39.0,Active,,0,,Low
183,Cliente 0183,2024-05-08,B2C,NEA,Orgánico,Basic,19.0,Active,,0,,Low
184,Cliente 0184,2026-04-05,B2C,NOA,Evento,Standard,39.0,Active,,0,,Low
185,Cliente 0185,2024-02-28,B2C,NEA,Referido,Premium,69.0,Active,,1,4.0,Low
186,Cliente 0186,2026-02-08,B2C,Centro,Paid Social,Premium,69.0,Active,,2,4.5,Medium
187,Cliente 0187,2024-01-10,Emprendedor,NEA,Evento,Standard,39.0,Active,,1,4.0,Low
188,Cliente 0188,2026-08-14,B2C,AMBA,Orgánico,Standard,39.0,Churned,Precio,2,2.5,No action
189,Cliente 0189,2024-01-23,Emprendedor,NOA,Partner,Basic,19.0,Churned,Funcionalidades,2,3.0,No action
190,Cliente 0190,2024-04-29,B2C,NEA,Partner,Basic,19.0,Active,,2,3.5,Medium
191,Cliente 0191,2024-01-04,Emprendedor,NEA,Paid Social,Basic,19.0,Churned,Soporte,4,3.75,No action
192,Cliente 0192,2024-12-18,B2C,NEA,Partner,Standard,39.0,Active,,3,4.0,Medium
193,Cliente 0193,2026-05-01,B2C,NOA,Referido,Standard,39.0,Active,,0,,Low
194,Cliente 0194,2023-12-20,B2C,NOA,Partner,Basic,19.0,Active,,0,,Low
195,Cliente 0195,2025-09-21,B2C,AMBA,Evento,Standard,39.0,Active,,1,4.0,Low
196,Cliente 0196,2025-03-09,B2C,NEA,Evento,Basic,19.0,Active,,0,,Low
197,Cliente 0197,2026-09-10,B2C,NOA,Orgánico,Standard,39.0,Churned,Funcionalidades,1,2.0,No action
198,Cliente 0198,2025-08-06,Emprendedor,NOA,Referido,Basic,19.0,Active,,0,,Low
199,Cliente 0199,2024-11-20,B2C,AMBA,Orgánico,Basic,19.0,Active,,0,,Low
200,Cliente 0200,2025-12-19,B2C,Patagonia,Orgánico,Standard,39.0,Active,,0,,Low
201,Cliente 0201,2026-04-18,PyME,NOA,Evento,Premium,69.0,Active,,2,4.0,Medium
202,Cliente 0202,2025-08-13,Emprendedor,Patagonia,Referido,Basic,19.0,Active,,2,3.0,Medium
203,Cliente 0203,2024-09-24,Emprendedor,Cuyo,Partner,Standard,39.0,Active,,2,4.5,Medium
204,Cliente 0204,2024-01-05,B2C,Centro,Evento,Standard,39.0,Active,,0,,Low
205,Cliente 0205,2024-10-08,PyME,AMBA,Partner,Basic,19.0,Active,,1,5.0,Low
206,Cliente 0206,2025-12-31,Emprendedor,NOA,Paid Social,Business,119.0,Active,,1,5.0,Low
207,Cliente 0207,2024-07-19,Emprendedor,Patagonia,Referido,Basic,19.0,Active,,1,3.0,Medium
208,Cliente 0208,2024-08-21,PyME,Centro,Evento,Business,119.0,Active,,2,3.0,Medium
209,Cliente 0209,2026-04-05,B2C,NEA,Paid Social,Premium,69.0,Active,,2,3.0,Medium
210,Cliente 0210,2026-04-02,PyME,Patagonia,Evento,Basic,19.0,Active,,1,4.0,Low
211,Cliente 0211,2025-09-24,B2C,Cuyo,Evento,Business,119.0,Active,,1,2.0,Medium
212,Cliente 0212,2025-07-19,PyME,Cuyo,Evento,Basic,19.0,Active,,2,3.0,Medium
213,Cliente 0213,2026-09-02,B2C,NOA,Orgánico,Standard,39.0,Active,,0,,Low
214,Cliente 0214,2024-02-01,B2C,NEA,Evento,Basic,19.0,Active,,2,3.0,Medium
215,Cliente 0215,2026-04-30,PyME,NOA,Evento,Basic,19.0,Active,,0,,Low
216,Cliente 0216,2025-10-09,B2C,Patagonia,Partner,Basic,19.0,Active,,1,3.0,Medium
217,Cliente 0217,2024-03-01,B2C,NOA,Orgánico,Standard,39.0,Active,,3,2.33,High
218,Cliente 0218,2025-06-13,Emprendedor,AMBA,Referido,Basic,19.0,Active,,0,,Low
219,Cliente 0219,2024-04-17,B2C,Centro,Partner,Business,119.0,Active,,2,1.5,Medium
220,Cliente 0220,2024-05-17,PyME,Centro,Evento,Standard,39.0,Active,,3,4.0,Medium
221,Cliente 0221,2026-08-12,Emprendedor,Patagonia,Partner,Standard,39.0,Active,,1,4.0,Low
222,Cliente 0222,2024-09-11,B2C,Cuyo,Orgánico,Basic,19.0,Active,,0,,Low
223,Cliente 0223,2024-07-28,Emprendedor,AMBA,Evento,Premium,69.0,Active,,0,,Low
224,Cliente 0224,2025-07-30,B2C,Cuyo,Paid Social,Basic,19.0,Active,,2,2.5,Medium
225,Cliente 0225,2025-09-02,B2C,AMBA,Evento,Basic,19.0,Active,,0,,Low
226,Cliente 0226,2026-06-30,Emprendedor,NOA,Orgánico,Basic,19.0,Churned,Bajo uso,0,,No action
227,Cliente 0227,2024-01-16,B2C,Cuyo,Evento,Standard,39.0,Active,,1,3.0,Medium
228,Cliente 0228,2026-06-08,B2C,NOA,Evento,Standard,39.0,Churned,Bajo uso,3,4.0,No action
229,Cliente 0229,2024-03-14,Emprendedor,NOA,Partner,Premium,69.0,Active,,1,3.0,Medium
230,Cliente 0230,2025-02-19,Emprendedor,NEA,Referido,Standard,39.0,Active,,1,5.0,Low
231,Cliente 0231,2025-03-22,PyME,Patagonia,Evento,Premium,69.0,Churned,Competencia,2,2.0,No action
232,Cliente 0232,2024-05-15,B2C,NEA,Orgánico,Premium,69.0,Active,,1,4.0,Low
233,Cliente 0233,2025-09-27,B2C,NEA,Partner,Basic,19.0,Active,,1,3.0,Medium
234,Cliente 0234,2025-05-31,Emprendedor,Patagonia,Referido,Standard,39.0,Churned,Soporte,2,3.0,No action
235,Cliente 0235,2026-07-11,B2C,Centro,Partner,Standard,39.0,Active,,0,,Low
236,Cliente 0236,2024-01-12,B2C,Patagonia,Paid Social,Standard,39.0,Active,,0,,Low
237,Cliente 0237,2026-06-02,B2C,Cuyo,Paid Social,Standard,39.0,Active,,2,3.5,Medium
238,Cliente 0238,2024-04-18,PyME,NOA,Referido,Standard,39.0,Active,,1,4.0,Low
239,Cliente 0239,2025-04-22,B2C,Cuyo,Partner,Standard,39.0,Active,,3,4.33,Medium
240,Cliente 0240,2026-02-04,B2C,NEA,Evento,Basic,19.0,Active,,0,,Low
241,Cliente 0241,2025-06-05,B2C,Patagonia,Referido,Premium,69.0,Active,,1,3.0,Medium
242,Cliente 0242,2026-03-20,B2C,Centro,Referido,Basic,19.0,Active,,1,3.0,Medium
243,Cliente 0243,2025-05-07,PyME,AMBA,Orgánico,Basic,19.0,Active,,0,,Low
244,Cliente 0244,2024-09-07,B2C,AMBA,Orgánico,Premium,69.0,Active,,2,3.5,Medium
245,Cliente 0245,2026-06-07,B2C,Patagonia,Referido,Basic,19.0,Active,,0,,Low
246,Cliente 0246,2026-05-26,B2C,Patagonia,Paid Social,Standard,39.0,Active,,1,5.0,Low
247,Cliente 0247,2026-08-01,B2C,NEA,Evento,Standard,39.0,Churned,Competencia,5,2.6,No action
248,Cliente 0248,2024-08-08,PyME,NOA,Evento,Premium,69.0,Active,,0,,Low
249,Cliente 0249,2023-12-23,B2C,Patagonia,Paid Social,Basic,19.0,Active,,1,3.0,Medium
250,Cliente 0250,2023-12-13,B2C,NOA,Referido,Basic,19.0,Active,,0,,Low
251,Cliente 0251,2025-11-07,Emprendedor,Cuyo,Paid Social,Basic,19.0,Active,,1,5.0,Low
252,Cliente 0252,2025-10-02,B2C,Patagonia,Evento,Basic,19.0,Active,,0,,Low
253,Cliente 0253,2025-07-26,B2C,Centro,Paid Social,Standard,39.0,Active,,1,3.0,Medium
254,Cliente 0254,2026-07-03,B2C,Centro,Partner,Basic,19.0,Active,,0,,Low
255,Cliente 0255,2024-07-12,PyME,NEA,Partner,Premium,69.0,Active,,1,4.0,Low
256,Cliente 0256,2026-05-31,B2C,Cuyo,Partner,Premium,69.0,Active,,1,5.0,Low
257,Cliente 0257,2025-10-08,B2C,Centro,Paid Social,Basic,19.0,Churned,Funcionalidades,2,3.0,No action
258,Cliente 0258,2025-01-17,B2C,Centro,Evento,Business,119.0,Active,,0,,Low
259,Cliente 0259,2024-10-18,B2C,NEA,Orgánico,Basic,19.0,Active,,0,,Low
260,Cliente 0260,2024-10-25,B2C,Patagonia,Evento,Basic,19.0,Active,,3,3.67,Medium
261,Cliente 0261,2024-11-16,Emprendedor,Centro,Referido,Premium,69.0,Churned,Soporte,2,3.0,No action
262,Cliente 0262,2024-12-25,B2C,AMBA,Orgánico,Premium,69.0,Active,,3,4.67,Medium
263,Cliente 0263,2023-11-17,B2C,Centro,Paid Social,Premium,69.0,Active,,1,4.0,Low
264,Cliente 0264,2024-03-12,Emprendedor,Cuyo,Referido,Basic,19.0,Active,,0,,Low
265,Cliente 0265,2025-12-10,B2C,AMBA,Orgánico,Basic,19.0,Active,,0,,Low
266,Cliente 0266,2025-04-22,Emprendedor,Patagonia,Evento,Premium,69.0,Active,,1,5.0,Low
267,Cliente 0267,2024-05-23,PyME,Centro,Paid Social,Standard,39.0,Active,,1,3.0,Medium
268,Cliente 0268,2024-10-18,B2C,NEA,Partner,Basic,19.0,Active,,0,,Low
269,Cliente 0269,2024-09-07,Emprendedor,NOA,Orgánico,Basic,19.0,Churned,Bajo uso,0,,No action
270,Cliente 0270,2025-11-27,B2C,Patagonia,Orgánico,Basic,19.0,Active,,1,3.0,Medium
271,Cliente 0271,2025-10-14,B2C,Patagonia,Referido,Standard,39.0,Active,,0,,Low
272,Cliente 0272,2025-06-20,Emprendedor,Patagonia,Referido,Business,119.0,Active,,1,4.0,Low
273,Cliente 0273,2024-05-10,PyME,AMBA,Referido,Standard,39.0,Active,,1,5.0,Low
274,Cliente 0274,2025-07-26,PyME,Patagonia,Partner,Basic,19.0,Active,,1,3.0,Medium
275,Cliente 0275,2024-01-17,PyME,NEA,Referido,Standard,39.0,Active,,3,3.0,Medium
276,Cliente 0276,2025-04-08,Emprendedor,NOA,Orgánico,Basic,19.0,Active,,0,,Low
277,Cliente 0277,2025-07-14,B2C,Centro,Partner,Standard,39.0,Active,,3,4.0,Medium
278,Cliente 0278,2025-12-13,B2C,Cuyo,Partner,Basic,19.0,Active,,0,,Low
279,Cliente 0279,2026-02-22,PyME,Centro,Referido,Premium,69.0,Active,,1,3.0,Medium
280,Cliente 0280,2026-05-11,B2C,Patagonia,Partner,Premium,69.0,Active,,2,3.0,Medium
281,Cliente 0281,2024-02-10,B2C,AMBA,Partner,Basic,19.0,Churned,Competencia,2,1.0,No action
282,Cliente 0282,2024-08-09,B2C,Cuyo,Evento,Premium,69.0,Active,,1,3.0,Medium
283,Cliente 0283,2023-10-25,B2C,NOA,Orgánico,Standard,39.0,Active,,0,,Low
284,Cliente 0284,2025-08-21,PyME,Patagonia,Paid Social,Standard,39.0,Active,,1,4.0,Low
285,Cliente 0285,2023-11-29,B2C,NOA,Paid Social,Basic,19.0,Active,,2,4.5,Medium
286,Cliente 0286,2025-07-12,Emprendedor,NOA,Partner,Standard,39.0,Churned,Competencia,2,3.5,No action
287,Cliente 0287,2025-04-29,Emprendedor,NOA,Partner,Standard,39.0,Active,,2,4.5,Medium
288,Cliente 0288,2024-09-08,Emprendedor,Centro,Referido,Premium,69.0,Active,,3,4.33,Medium
289,Cliente 0289,2024-06-17,PyME,NOA,Evento,Basic,19.0,Active,,2,4.0,Medium
290,Cliente 0290,2025-02-23,B2C,NOA,Paid Social,Standard,39.0,Churned,Soporte,4,2.75,No action
291,Cliente 0291,2025-06-03,PyME,NEA,Partner,Basic,19.0,Active,,0,,Low
292,Cliente 0292,2023-10-23,B2C,NEA,Partner,Standard,39.0,Active,,0,,Low
293,Cliente 0293,2025-01-31,B2C,Centro,Orgánico,Premium,69.0,Churned,Funcionalidades,2,3.0,No action
294,Cliente 0294,2026-04-26,B2C,Centro,Paid Social,Premium,69.0,Active,,3,3.0,Medium
295,Cliente 0295,2024-07-28,B2C,NEA,Partner,Premium,69.0,Active,,0,,Low
296,Cliente 0296,2026-04-04,B2C,NOA,Partner,Basic,19.0,Active,,1,4.0,Low
297,Cliente 0297,2024-07-24,Emprendedor,Centro,Paid Social,Premium,69.0,Active,,1,4.0,Low
298,Cliente 0298,2026-01-08,B2C,NEA,Partner,Premium,69.0,Active,,1,3.0,Medium
299,Cliente 0299,2024-05-24,B2C,AMBA,Orgánico,Standard,39.0,Active,,2,5.0,Medium
300,Cliente 0300,2026-02-18,B2C,Centro,Paid Social,Business,119.0,Churned,Bajo uso,1,2.0,No action
301,Cliente 0301,2025-12-23,B2C,Centro,Referido,Premium,69.0,Active,,1,5.0,Low
302,Cliente 0302,2024-08-15,Emprendedor,AMBA,Partner,Standard,39.0,Active,,0,,Low
303,Cliente 0303,2026-03-29,B2C,AMBA,Referido,Premium,69.0,Active,,1,5.0,Low
304,Cliente 0304,2026-07-21,B2C,Patagonia,Partner,Business,119.0,Active,,3,3.33,Medium
305,Cliente 0305,2026-03-16,Emprendedor,NOA,Partner,Premium,69.0,Active,,1,4.0,Low
306,Cliente 0306,2024-07-17,Emprendedor,NEA,Partner,Basic,19.0,Active,,2,3.5,Medium
307,Cliente 0307,2026-02-26,PyME,Patagonia,Partner,Basic,19.0,Active,,1,3.0,Medium
308,Cliente 0308,2024-11-15,Emprendedor,Cuyo,Evento,Basic,19.0,Active,,0,,Low
309,Cliente 0309,2025-06-25,B2C,AMBA,Paid Social,Premium,69.0,Active,,0,,Low
310,Cliente 0310,2025-09-17,PyME,Cuyo,Paid Social,Standard,39.0,Active,,1,4.0,Low
311,Cliente 0311,2026-02-19,B2C,Patagonia,Referido,Standard,39.0,Active,,3,4.0,Medium
312,Cliente 0312,2026-08-27,B2C,AMBA,Evento,Standard,39.0,Active,,3,2.33,High
313,Cliente 0313,2024-11-08,B2C,NEA,Partner,Business,119.0,Active,,2,5.0,Medium
314,Cliente 0314,2026-05-05,B2C,NOA,Partner,Standard,39.0,Active,,0,,Low
315,Cliente 0315,2024-08-19,PyME,AMBA,Paid Social,Basic,19.0,Churned,Competencia,4,3.0,No action
316,Cliente 0316,2024-03-20,B2C,Centro,Evento,Basic,19.0,Churned,Soporte,1,4.0,No action
317,Cliente 0317,2025-05-14,PyME,NEA,Paid Social,Basic,19.0,Active,,0,,Low
318,Cliente 0318,2026-04-04,Emprendedor,NEA,Paid Social,Basic,19.0,Active,,1,5.0,Low
319,Cliente 0319,2026-02-01,Emprendedor,NEA,Orgánico,Standard,39.0,Active,,3,2.0,High
320,Cliente 0320,2026-06-10,Emprendedor,NOA,Referido,Premium,69.0,Active,,1,3.0,Medium
321,Cliente 0321,2023-11-12,B2C,AMBA,Partner,Basic,19.0,Active,,1,3.0,Medium
322,Cliente 0322,2025-07-23,B2C,Centro,Partner,Basic,19.0,Active,,2,4.5,Medium
323,Cliente 0323,2024-03-10,B2C,Centro,Orgánico,Standard,39.0,Active,,2,4.5,Medium
324,Cliente 0324,2025-07-19,B2C,NOA,Referido,Standard,39.0,Active,,1,4.0,Low
325,Cliente 0325,2025-09-23,Emprendedor,Cuyo,Paid Social,Basic,19.0,Active,,2,4.0,Medium
326,Cliente 0326,2024-05-30,B2C,Cuyo,Paid Social,Basic,19.0,Active,,0,,Low
327,Cliente 0327,2025-11-29,PyME,NEA,Referido,Premium,69.0,Active,,1,3.0,Medium
328,Cliente 0328,2024-06-25,B2C,NEA,Evento,Standard,39.0,Active,,0,,Low
329,Cliente 0329,2025-11-30,Emprendedor,Centro,Orgánico,Basic,19.0,Active,,1,5.0,Low
330,Cliente 0330,2026-07-13,B2C,Cuyo,Referido,Standard,39.0,Churned,Precio,2,4.5,No action
331,Cliente 0331,2024-11-03,B2C,NOA,Referido,Basic,19.0,Active,,2,2.0,Medium
332,Cliente 0332,2025-09-15,B2C,Patagonia,Evento,Standard,39.0,Active,,1,3.0,Medium
333,Cliente 0333,2023-12-17,PyME,Cuyo,Evento,Standard,39.0,Churned,Funcionalidades,1,3.0,No action
334,Cliente 0334,2025-07-01,B2C,NOA,Partner,Basic,19.0,Active,,1,5.0,Low
335,Cliente 0335,2025-08-07,PyME,NEA,Referido,Premium,69.0,Churned,Competencia,0,,No action
336,Cliente 0336,2024-07-27,Emprendedor,NEA,Orgánico,Basic,19.0,Active,,0,,Low
337,Cliente 0337,2026-09-10,PyME,AMBA,Orgánico,Standard,39.0,Active,,1,4.0,Low
338,Cliente 0338,2024-01-19,B2C,Cuyo,Paid Social,Standard,39.0,Churned,Funcionalidades,1,1.0,No action
339,Cliente 0339,2026-08-23,PyME,Centro,Orgánico,Premium,69.0,Active,,1,4.0,Low
340,Cliente 0340,2026-02-08,Emprendedor,NEA,Evento,Premium,69.0,Churned,Soporte,0,,No action
341,Cliente 0341,2023-12-19,Emprendedor,AMBA,Partner,Basic,19.0,Churned,Precio,1,5.0,No action
342,Cliente 0342,2025-07-04,Emprendedor,Centro,Orgánico,Basic,19.0,Active,,1,5.0,Low
343,Cliente 0343,2024-08-16,B2C,NEA,Evento,Standard,39.0,Active,,0,,Low
344,Cliente 0344,2025-12-26,B2C,NOA,Orgánico,Standard,39.0,Churned,Precio,4,2.75,No action
345,Cliente 0345,2024-05-24,B2C,Centro,Paid Social,Basic,19.0,Active,,2,3.5,Medium
346,Cliente 0346,2026-02-09,PyME,Centro,Orgánico,Standard,39.0,Active,,1,4.0,Low
347,Cliente 0347,2024-10-09,Emprendedor,Patagonia,Referido,Standard,39.0,Active,,0,,Low
348,Cliente 0348,2025-10-17,PyME,NOA,Paid Social,Basic,19.0,Churned,Bajo uso,0,,No action
349,Cliente 0349,2026-07-07,B2C,AMBA,Evento,Premium,69.0,Active,,0,,Low
350,Cliente 0350,2025-07-10,B2C,Centro,Partner,Premium,69.0,Active,,1,4.0,Low
351,Cliente 0351,2025-08-16,B2C,NOA,Evento,Basic,19.0,Active,,2,4.5,Medium
352,Cliente 0352,2024-05-20,B2C,Patagonia,Evento,Basic,19.0,Active,,0,,Low
353,Cliente 0353,2025-11-19,B2C,Centro,Evento,Basic,19.0,Active,,2,4.0,Medium
354,Cliente 0354,2026-04-07,B2C,NOA,Paid Social,Basic,19.0,Churned,Funcionalidades,3,3.0,No action
355,Cliente 0355,2024-07-24,Emprendedor,Patagonia,Evento,Standard,39.0,Active,,0,,Low
356,Cliente 0356,2025-04-29,Emprendedor,Cuyo,Referido,Premium,69.0,Active,,1,4.0,Low
357,Cliente 0357,2024-02-01,B2C,Patagonia,Orgánico,Basic,19.0,Active,,2,4.5,Medium
358,Cliente 0358,2025-01-15,B2C,NEA,Paid Social,Basic,19.0,Active,,0,,Low
359,Cliente 0359,2026-06-27,B2C,Cuyo,Paid Social,Standard,39.0,Churned,Funcionalidades,1,3.0,No action
360,Cliente 0360,2026-08-05,B2C,AMBA,Referido,Premium,69.0,Active,,1,5.0,Low
361,Cliente 0361,2026-04-13,PyME,Centro,Paid Social,Basic,19.0,Active,,0,,Low
362,Cliente 0362,2023-12-28,PyME,NOA,Evento,Premium,69.0,Active,,1,3.0,Medium
363,Cliente 0363,2026-03-13,B2C,Cuyo,Orgánico,Standard,39.0,Active,,0,,Low
364,Cliente 0364,2023-11-29,PyME,Cuyo,Orgánico,Standard,39.0,Active,,0,,Low
365,Cliente 0365,2026-01-04,Emprendedor,NOA,Referido,Standard,39.0,Active,,1,3.0,Medium
366,Cliente 0366,2026-01-01,Emprendedor,AMBA,Paid Social,Standard,39.0,Active,,2,3.0,Medium
367,Cliente 0367,2024-05-31,B2C,Patagonia,Evento,Basic,19.0,Active,,0,,Low
368,Cliente 0368,2025-12-30,B2C,NOA,Partner,Basic,19.0,Active,,1,3.0,Medium
369,Cliente 0369,2025-02-12,Emprendedor,Centro,Referido,Premium,69.0,Churned,Precio,1,2.0,No action
370,Cliente 0370,2024-04-29,B2C,AMBA,Orgánico,Basic,19.0,Churned,Soporte,4,3.0,No action
371,Cliente 0371,2025-08-22,B2C,NEA,Evento,Standard,39.0,Active,,1,5.0,Low
372,Cliente 0372,2026-06-07,B2C,NOA,Paid Social,Premium,69.0,Churned,Bajo uso,2,2.5,No action
373,Cliente 0373,2026-01-06,B2C,Cuyo,Paid Social,Standard,39.0,Active,,1,4.0,Low
374,Cliente 0374,2024-01-24,Emprendedor,Centro,Referido,Basic,19.0,Active,,1,5.0,Low
375,Cliente 0375,2026-05-09,B2C,Patagonia,Paid Social,Basic,19.0,Active,,2,4.5,Medium
376,Cliente 0376,2025-11-24,PyME,Patagonia,Paid Social,Premium,69.0,Active,,0,,Low
377,Cliente 0377,2026-04-17,B2C,NOA,Evento,Premium,69.0,Active,,1,4.0,Low
378,Cliente 0378,2024-02-26,B2C,Centro,Partner,Premium,69.0,Active,,0,,Low
379,Cliente 0379,2025-04-12,B2C,NEA,Paid Social,Premium,69.0,Active,,2,2.5,Medium
380,Cliente 0380,2023-12-10,B2C,NOA,Paid Social,Basic,19.0,Active,,2,4.5,Medium
381,Cliente 0381,2024-07-07,B2C,Patagonia,Partner,Basic,19.0,Active,,0,,Low
382,Cliente 0382,2026-06-11,B2C,Patagonia,Paid Social,Premium,69.0,Churned,Precio,3,2.33,No action
383,Cliente 0383,2025-09-26,PyME,AMBA,Partner,Basic,19.0,Active,,3,5.0,Medium
384,Cliente 0384,2025-12-18,B2C,NEA,Referido,Standard,39.0,Active,,3,4.0,Medium
385,Cliente 0385,2025-11-24,Emprendedor,NEA,Referido,Business,119.0,Active,,0,,Low
386,Cliente 0386,2025-01-20,PyME,NEA,Paid Social,Standard,39.0,Churned,Competencia,1,4.0,No action
387,Cliente 0387,2025-06-19,B2C,NOA,Partner,Business,119.0,Active,,2,3.0,Medium
388,Cliente 0388,2025-08-24,B2C,Patagonia,Referido,Basic,19.0,Active,,1,3.0,Medium
389,Cliente 0389,2025-01-21,B2C,NEA,Orgánico,Business,119.0,Active,,1,5.0,Low
390,Cliente 0390,2024-11-27,B2C,NOA,Referido,Standard,39.0,Active,,0,,Low
391,Cliente 0391,2024-12-19,Emprendedor,AMBA,Evento,Basic,19.0,Active,,0,,Low
392,Cliente 0392,2025-09-11,Emprendedor,Centro,Paid Social,Premium,69.0,Active,,1,3.0,Medium
393,Cliente 0393,2024-02-18,B2C,Patagonia,Paid Social,Standard,39.0,Active,,1,4.0,Low
394,Cliente 0394,2024-10-18,Emprendedor,Cuyo,Referido,Basic,19.0,Active,,3,4.33,Medium
395,Cliente 0395,2024-05-07,B2C,Patagonia,Evento,Premium,69.0,Active,,0,,Low
396,Cliente 0396,2026-01-16,Emprendedor,Patagonia,Orgánico,Premium,69.0,Active,,0,,Low
397,Cliente 0397,2026-06-04,PyME,Cuyo,Referido,Basic,19.0,Active,,2,4.5,Medium
398,Cliente 0398,2025-05-16,Emprendedor,Cuyo,Paid Social,Standard,39.0,Active,,2,4.5,Medium
399,Cliente 0399,2025-08-31,B2C,Cuyo,Partner,Basic,19.0,Active,,2,5.0,Medium
400,Cliente 0400,2024-03-10,B2C,AMBA,Partner,Business,119.0,Active,,2,4.0,Medium
401,Cliente 0401,2025-06-12,B2C,AMBA,Partner,Business,119.0,Active,,0,,Low
402,Cliente 0402,2023-11-29,B2C,Centro,Paid Social,Standard,39.0,Active,,2,4.0,Medium
403,Cliente 0403,2025-11-21,PyME,AMBA,Paid Social,Basic,19.0,Active,,1,3.0,Medium
404,Cliente 0404,2026-06-28,B2C,AMBA,Orgánico,Basic,19.0,Active,,0,,Low
405,Cliente 0405,2023-11-26,B2C,Centro,Orgánico,Basic,19.0,Churned,Bajo uso,2,3.0,No action
406,Cliente 0406,2023-11-08,PyME,Patagonia,Partner,Standard,39.0,Active,,3,3.33,Medium
407,Cliente 0407,2025-09-07,PyME,AMBA,Referido,Basic,19.0,Active,,0,,Low
408,Cliente 0408,2026-04-19,B2C,Patagonia,Referido,Business,119.0,Active,,0,,Low
409,Cliente 0409,2025-04-02,B2C,Cuyo,Partner,Basic,19.0,Churned,Bajo uso,1,5.0,No action
410,Cliente 0410,2024-07-03,B2C,NEA,Orgánico,Standard,39.0,Active,,3,4.67,Medium
411,Cliente 0411,2026-05-19,B2C,Centro,Referido,Basic,19.0,Active,,0,,Low
412,Cliente 0412,2026-01-02,B2C,Cuyo,Evento,Basic,19.0,Active,,2,4.5,Medium
413,Cliente 0413,2025-05-27,Emprendedor,Patagonia,Evento,Basic,19.0,Active,,3,3.33,Medium
414,Cliente 0414,2026-05-18,PyME,Patagonia,Evento,Business,119.0,Active,,1,4.0,Low
415,Cliente 0415,2024-05-22,B2C,NEA,Referido,Premium,69.0,Active,,1,4.0,Low
416,Cliente 0416,2025-03-13,PyME,NOA,Paid Social,Basic,19.0,Active,,3,4.0,Medium
417,Cliente 0417,2024-12-22,PyME,Cuyo,Partner,Basic,19.0,Active,,2,4.5,Medium
418,Cliente 0418,2025-04-10,Emprendedor,Cuyo,Referido,Premium,69.0,Active,,2,3.5,Medium
419,Cliente 0419,2024-09-28,Emprendedor,Centro,Referido,Basic,19.0,Active,,1,1.0,Medium
420,Cliente 0420,2025-02-09,B2C,NEA,Orgánico,Basic,19.0,Active,,1,4.0,Low
421,Cliente 0421,2023-12-24,B2C,NOA,Evento,Basic,19.0,Active,,0,,Low
422,Cliente 0422,2024-04-06,Emprendedor,Patagonia,Orgánico,Basic,19.0,Active,,0,,Low
423,Cliente 0423,2026-08-27,B2C,Cuyo,Paid Social,Standard,39.0,Active,,1,3.0,Medium
424,Cliente 0424,2025-10-11,B2C,NOA,Orgánico,Basic,19.0,Active,,0,,Low
425,Cliente 0425,2026-06-18,PyME,Cuyo,Partner,Business,119.0,Active,,2,3.0,Medium
426,Cliente 0426,2024-06-19,Emprendedor,AMBA,Referido,Basic,19.0,Churned,Funcionalidades,0,,No action
427,Cliente 0427,2025-01-26,B2C,AMBA,Paid Social,Basic,19.0,Active,,1,3.0,Medium
428,Cliente 0428,2026-07-08,Emprendedor,Patagonia,Paid Social,Standard,39.0,Active,,2,4.0,Medium
429,Cliente 0429,2025-06-29,Emprendedor,Centro,Referido,Standard,39.0,Active,,1,5.0,Low
430,Cliente 0430,2025-01-28,B2C,NEA,Referido,Standard,39.0,Churned,Funcionalidades,1,3.0,No action
431,Cliente 0431,2025-03-28,Emprendedor,NOA,Paid Social,Standard,39.0,Active,,2,5.0,Medium
432,Cliente 0432,2024-01-25,PyME,NEA,Partner,Standard,39.0,Churned,Soporte,0,,No action
433,Cliente 0433,2024-10-10,B2C,NEA,Paid Social,Standard,39.0,Active,,1,3.0,Medium
434,Cliente 0434,2026-04-10,B2C,Centro,Paid Social,Standard,39.0,Churned,Precio,0,,No action
435,Cliente 0435,2024-05-26,Emprendedor,Cuyo,Referido,Business,119.0,Active,,1,5.0,Low
436,Cliente 0436,2026-02-11,PyME,NEA,Referido,Standard,39.0,Churned,Competencia,1,3.0,No action
437,Cliente 0437,2025-08-03,B2C,Centro,Orgánico,Basic,19.0,Active,,0,,Low
438,Cliente 0438,2025-03-20,PyME,Patagonia,Referido,Standard,39.0,Active,,0,,Low
439,Cliente 0439,2025-09-15,Emprendedor,Centro,Referido,Premium,69.0,Active,,0,,Low
440,Cliente 0440,2024-04-29,Emprendedor,Cuyo,Referido,Standard,39.0,Churned,Precio,3,4.67,No action
441,Cliente 0441,2025-03-05,PyME,Centro,Paid Social,Standard,39.0,Active,,2,2.5,Medium
442,Cliente 0442,2026-05-01,B2C,AMBA,Orgánico,Basic,19.0,Active,,1,5.0,Low
443,Cliente 0443,2025-06-25,PyME,NEA,Evento,Standard,39.0,Churned,Competencia,2,3.5,No action
444,Cliente 0444,2024-05-17,Emprendedor,Centro,Paid Social,Basic,19.0,Active,,0,,Low
445,Cliente 0445,2025-10-10,Emprendedor,AMBA,Partner,Premium,69.0,Active,,2,4.0,Medium
446,Cliente 0446,2024-07-06,B2C,Cuyo,Evento,Standard,39.0,Active,,3,4.67,Medium
447,Cliente 0447,2025-08-21,Emprendedor,NOA,Partner,Standard,39.0,Active,,2,3.5,Medium
448,Cliente 0448,2024-03-31,Emprendedor,NEA,Partner,Standard,39.0,Churned,Funcionalidades,0,,No action
449,Cliente 0449,2024-04-09,B2C,NEA,Orgánico,Business,119.0,Churned,Funcionalidades,1,1.0,No action
450,Cliente 0450,2024-01-16,Emprendedor,Cuyo,Referido,Basic,19.0,Active,,0,,Low
451,Cliente 0451,2025-04-26,B2C,Patagonia,Orgánico,Standard,39.0,Active,,1,5.0,Low
452,Cliente 0452,2026-07-25,B2C,Centro,Evento,Standard,39.0,Active,,0,,Low
453,Cliente 0453,2025-02-11,B2C,AMBA,Partner,Standard,39.0,Churned,Bajo uso,0,,No action
454,Cliente 0454,2024-08-15,Emprendedor,Cuyo,Referido,Basic,19.0,Active,,2,4.0,Medium
455,Cliente 0455,2025-04-16,B2C,AMBA,Partner,Basic,19.0,Active,,1,3.0,Medium
456,Cliente 0456,2025-06-28,B2C,Centro,Orgánico,Standard,39.0,Active,,3,3.33,Medium
457,Cliente 0457,2026-07-28,B2C,Patagonia,Orgánico,Standard,39.0,Active,,0,,Low
458,Cliente 0458,2024-11-29,PyME,Cuyo,Orgánico,Business,119.0,Active,,1,2.0,Medium
459,Cliente 0459,2024-02-26,B2C,Centro,Referido,Standard,39.0,Active,,3,4.33,Medium
460,Cliente 0460,2024-07-27,PyME,Patagonia,Paid Social,Business,119.0,Active,,0,,Low
461,Cliente 0461,2024-03-05,B2C,NOA,Paid Social,Standard,39.0,Active,,1,4.0,Low
462,Cliente 0462,2024-08-04,Emprendedor,Centro,Evento,Standard,39.0,Active,,0,,Low
463,Cliente 0463,2026-02-05,B2C,Patagonia,Partner,Standard,39.0,Active,,2,4.0,Medium
464,Cliente 0464,2023-12-26,Emprendedor,NEA,Orgánico,Business,119.0,Active,,1,4.0,Low
465,Cliente 0465,2024-09-25,Emprendedor,Centro,Partner,Basic,19.0,Active,,2,4.0,Medium
466,Cliente 0466,2025-05-07,Emprendedor,NOA,Partner,Basic,19.0,Active,,0,,Low
467,Cliente 0467,2023-12-03,B2C,NOA,Orgánico,Premium,69.0,Active,,1,4.0,Low
468,Cliente 0468,2023-12-16,Emprendedor,NOA,Partner,Standard,39.0,Active,,2,4.5,Medium
469,Cliente 0469,2025-05-13,B2C,NOA,Partner,Premium,69.0,Active,,0,,Low
470,Cliente 0470,2025-08-20,B2C,Cuyo,Orgánico,Standard,39.0,Active,,0,,Low
471,Cliente 0471,2026-01-14,B2C,NOA,Referido,Standard,39.0,Active,,0,,Low
472,Cliente 0472,2026-06-12,B2C,Centro,Evento,Basic,19.0,Active,,0,,Low
473,Cliente 0473,2026-01-21,Emprendedor,NEA,Partner,Standard,39.0,Active,,0,,Low
474,Cliente 0474,2024-07-27,B2C,NOA,Orgánico,Standard,39.0,Active,,2,4.0,Medium
475,Cliente 0475,2025-04-21,Emprendedor,Centro,Referido,Premium,69.0,Active,,2,4.5,Medium
476,Cliente 0476,2025-09-26,B2C,Cuyo,Referido,Premium,69.0,Active,,2,4.0,Medium
477,Cliente 0477,2026-05-10,B2C,Cuyo,Referido,Basic,19.0,Active,,1,5.0,Low
478,Cliente 0478,2026-01-24,Emprendedor,Patagonia,Paid Social,Standard,39.0,Active,,1,4.0,Low
479,Cliente 0479,2025-05-24,B2C,Patagonia,Referido,Standard,39.0,Churned,Soporte,2,2.5,No action
480,Cliente 0480,2025-05-03,Emprendedor,NOA,Referido,Standard,39.0,Active,,0,,Low
481,Cliente 0481,2024-12-23,B2C,Centro,Evento,Premium,69.0,Active,,2,3.0,Medium
482,Cliente 0482,2025-02-05,B2C,Centro,Evento,Basic,19.0,Active,,3,3.67,Medium
483,Cliente 0483,2026-02-15,B2C,AMBA,Orgánico,Premium,69.0,Active,,0,,Low
484,Cliente 0484,2026-05-31,Emprendedor,Patagonia,Referido,Standard,39.0,Active,,1,5.0,Low
485,Cliente 0485,2024-09-10,B2C,NEA,Referido,Standard,39.0,Active,,2,3.5,Medium
486,Cliente 0486,2024-12-24,B2C,AMBA,Evento,Standard,39.0,Active,,0,,Low
487,Cliente 0487,2026-08-26,B2C,Centro,Evento,Basic,19.0,Active,,0,,Low
488,Cliente 0488,2025-01-07,Emprendedor,Cuyo,Orgánico,Standard,39.0,Active,,0,,Low
489,Cliente 0489,2025-02-22,B2C,Centro,Referido,Premium,69.0,Active,,0,,Low
490,Cliente 0490,2024-03-23,Emprendedor,Centro,Orgánico,Standard,39.0,Active,,3,4.33,Medium
491,Cliente 0491,2026-01-04,Emprendedor,Cuyo,Paid Social,Premium,69.0,Active,,2,4.0,Medium
492,Cliente 0492,2025-12-06,B2C,NOA,Referido,Basic,19.0,Churned,Soporte,0,,No action
493,Cliente 0493,2024-01-18,B2C,Centro,Referido,Basic,19.0,Churned,Funcionalidades,1,2.0,No action
494,Cliente 0494,2026-05-24,B2C,NEA,Evento,Premium,69.0,Active,,2,4.0,Medium
495,Cliente 0495,2025-10-28,B2C,Cuyo,Referido,Basic,19.0,Active,,2,3.0,Medium
496,Cliente 0496,2024-01-18,B2C,Patagonia,Paid Social,Basic,19.0,Active,,3,4.0,Medium
497,Cliente 0497,2024-12-19,Emprendedor,Patagonia,Evento,Basic,19.0,Churned,Funcionalidades,2,2.5,No action
498,Cliente 0498,2024-03-27,B2C,Patagonia,Paid Social,Standard,39.0,Active,,1,4.0,Low
499,Cliente 0499,2025-01-25,B2C,AMBA,Evento,Premium,69.0,Active,,0,,Low
500,Cliente 0500,2023-10-27,B2C,NEA,Partner,Standard,39.0,Active,,1,4.0,Low
501,Cliente 0501,2025-01-30,B2C,Cuyo,Partner,Basic,19.0,Active,,2,4.0,Medium
502,Cliente 0502,2024-04-01,PyME,AMBA,Partner,Basic,19.0,Active,,3,4.33,Medium
503,Cliente 0503,2023-12-11,B2C,Patagonia,Evento,Premium,69.0,Churned,Bajo uso,2,2.0,No action
504,Cliente 0504,2024-10-14,B2C,Centro,Orgánico,Business,119.0,Churned,Bajo uso,0,,No action
505,Cliente 0505,2024-04-15,Emprendedor,Patagonia,Paid Social,Standard,39.0,Active,,0,,Low
506,Cliente 0506,2024-06-08,B2C,Patagonia,Orgánico,Basic,19.0,Churned,Competencia,2,3.0,No action
507,Cliente 0507,2024-04-25,B2C,Centro,Referido,Standard,39.0,Active,,0,,Low
508,Cliente 0508,2024-06-28,B2C,NOA,Partner,Standard,39.0,Active,,0,,Low
509,Cliente 0509,2025-07-26,PyME,Centro,Referido,Basic,19.0,Active,,2,4.5,Medium
510,Cliente 0510,2024-07-13,Emprendedor,NOA,Evento,Premium,69.0,Active,,0,,Low
511,Cliente 0511,2026-09-09,Emprendedor,Cuyo,Orgánico,Business,119.0,Active,,2,2.0,Medium
512,Cliente 0512,2024-04-16,Emprendedor,Cuyo,Paid Social,Premium,69.0,Churned,Bajo uso,0,,No action
513,Cliente 0513,2025-10-14,B2C,AMBA,Orgánico,Standard,39.0,Active,,2,5.0,Medium
514,Cliente 0514,2025-06-10,PyME,NEA,Paid Social,Standard,39.0,Active,,3,3.33,Medium
515,Cliente 0515,2024-05-24,B2C,Centro,Paid Social,Basic,19.0,Active,,1,4.0,Low
516,Cliente 0516,2024-11-21,B2C,NEA,Paid Social,Premium,69.0,Active,,2,3.5,Medium
517,Cliente 0517,2025-11-13,B2C,Cuyo,Evento,Basic,19.0,Active,,2,4.0,Medium
518,Cliente 0518,2024-02-19,B2C,Patagonia,Orgánico,Basic,19.0,Active,,1,1.0,Medium
519,Cliente 0519,2024-08-10,B2C,Centro,Referido,Basic,19.0,Active,,2,4.5,Medium
520,Cliente 0520,2025-03-15,Emprendedor,Cuyo,Referido,Basic,19.0,Churned,Soporte,0,,No action
521,Cliente 0521,2026-06-13,PyME,Centro,Paid Social,Basic,19.0,Churned,Soporte,3,4.0,No action
522,Cliente 0522,2024-05-07,B2C,Centro,Orgánico,Standard,39.0,Active,,1,4.0,Low
523,Cliente 0523,2026-06-04,B2C,AMBA,Partner,Premium,69.0,Active,,0,,Low
524,Cliente 0524,2025-03-18,B2C,Cuyo,Partner,Standard,39.0,Active,,0,,Low
525,Cliente 0525,2025-09-08,B2C,Centro,Paid Social,Basic,19.0,Active,,0,,Low
526,Cliente 0526,2024-03-01,B2C,NEA,Evento,Business,119.0,Active,,2,5.0,Medium
527,Cliente 0527,2024-10-30,B2C,Centro,Paid Social,Standard,39.0,Active,,0,,Low
528,Cliente 0528,2024-03-29,Emprendedor,NOA,Partner,Premium,69.0,Active,,2,3.0,Medium
529,Cliente 0529,2024-11-17,B2C,Cuyo,Referido,Basic,19.0,Active,,0,,Low
530,Cliente 0530,2026-01-15,PyME,Patagonia,Evento,Standard,39.0,Churned,Funcionalidades,2,3.0,No action
531,Cliente 0531,2024-10-09,PyME,NEA,Partner,Premium,69.0,Active,,1,4.0,Low
532,Cliente 0532,2025-04-11,B2C,Cuyo,Partner,Premium,69.0,Active,,1,4.0,Low
533,Cliente 0533,2024-02-28,Emprendedor,AMBA,Partner,Premium,69.0,Churned,Bajo uso,1,5.0,No action
534,Cliente 0534,2024-05-28,PyME,Centro,Paid Social,Standard,39.0,Active,,3,4.0,Medium
535,Cliente 0535,2025-01-26,B2C,NEA,Evento,Standard,39.0,Active,,1,4.0,Low
536,Cliente 0536,2026-01-30,B2C,NOA,Evento,Premium,69.0,Churned,Competencia,0,,No action
537,Cliente 0537,2026-03-18,PyME,Centro,Paid Social,Basic,19.0,Active,,1,3.0,Medium
538,Cliente 0538,2026-04-19,B2C,NOA,Evento,Standard,39.0,Active,,1,3.0,Medium
539,Cliente 0539,2026-08-11,B2C,NEA,Partner,Premium,69.0,Active,,0,,Low
540,Cliente 0540,2024-05-19,B2C,Centro,Partner,Business,119.0,Active,,1,4.0,Low
541,Cliente 0541,2024-04-13,PyME,Centro,Referido,Standard,39.0,Active,,3,3.67,Medium
542,Cliente 0542,2025-03-11,B2C,NEA,Orgánico,Basic,19.0,Active,,1,5.0,Low
543,Cliente 0543,2025-07-20,PyME,AMBA,Evento,Basic,19.0,Active,,2,4.5,Medium
544,Cliente 0544,2024-01-20,Emprendedor,Patagonia,Partner,Basic,19.0,Active,,0,,Low
545,Cliente 0545,2025-01-18,B2C,Patagonia,Partner,Standard,39.0,Active,,0,,Low
546,Cliente 0546,2025-09-26,B2C,Patagonia,Partner,Premium,69.0,Active,,2,4.5,Medium
547,Cliente 0547,2024-02-23,B2C,Cuyo,Orgánico,Premium,69.0,Active,,0,,Low
548,Cliente 0548,2023-11-10,B2C,AMBA,Partner,Premium,69.0,Churned,Bajo uso,0,,No action
549,Cliente 0549,2026-02-28,B2C,NEA,Paid Social,Basic,19.0,Active,,2,4.5,Medium
550,Cliente 0550,2026-07-11,PyME,NEA,Referido,Basic,19.0,Churned,Precio,1,1.0,No action
551,Cliente 0551,2025-03-11,B2C,AMBA,Referido,Basic,19.0,Active,,2,4.0,Medium
552,Cliente 0552,2023-11-11,PyME,Cuyo,Evento,Business,119.0,Active,,1,4.0,Low
553,Cliente 0553,2026-04-11,B2C,Centro,Paid Social,Business,119.0,Active,,0,,Low
554,Cliente 0554,2026-04-24,PyME,Patagonia,Partner,Premium,69.0,Active,,0,,Low
555,Cliente 0555,2024-09-23,B2C,AMBA,Referido,Basic,19.0,Churned,Precio,3,2.33,No action
556,Cliente 0556,2025-04-16,Emprendedor,Centro,Paid Social,Premium,69.0,Active,,1,3.0,Medium
557,Cliente 0557,2026-08-04,Emprendedor,NOA,Partner,Basic,19.0,Active,,2,4.0,Medium
558,Cliente 0558,2024-06-14,B2C,Centro,Evento,Basic,19.0,Active,,0,,Low
559,Cliente 0559,2024-04-13,B2C,Cuyo,Evento,Basic,19.0,Active,,1,4.0,Low
560,Cliente 0560,2025-10-04,B2C,Centro,Orgánico,Basic,19.0,Active,,1,4.0,Low
561,Cliente 0561,2025-11-04,B2C,Centro,Partner,Basic,19.0,Active,,3,4.33,Medium
562,Cliente 0562,2024-03-17,B2C,Centro,Orgánico,Business,119.0,Active,,0,,Low
563,Cliente 0563,2026-08-06,B2C,Centro,Partner,Basic,19.0,Active,,1,1.0,Medium
564,Cliente 0564,2025-08-04,Emprendedor,NEA,Orgánico,Basic,19.0,Active,,2,5.0,Medium
565,Cliente 0565,2023-11-22,B2C,AMBA,Referido,Premium,69.0,Active,,1,3.0,Medium
566,Cliente 0566,2025-07-06,B2C,AMBA,Paid Social,Premium,69.0,Active,,0,,Low
567,Cliente 0567,2023-12-16,Emprendedor,AMBA,Orgánico,Business,119.0,Active,,1,4.0,Low
568,Cliente 0568,2025-04-24,Emprendedor,NOA,Referido,Premium,69.0,Active,,1,1.0,Medium
569,Cliente 0569,2025-01-20,B2C,AMBA,Evento,Premium,69.0,Active,,3,4.0,Medium
570,Cliente 0570,2024-01-01,B2C,NEA,Partner,Standard,39.0,Active,,2,3.0,Medium
571,Cliente 0571,2024-12-02,B2C,NOA,Orgánico,Basic,19.0,Active,,0,,Low
572,Cliente 0572,2023-12-01,B2C,AMBA,Orgánico,Basic,19.0,Active,,0,,Low
573,Cliente 0573,2025-06-16,PyME,NEA,Referido,Basic,19.0,Active,,1,3.0,Medium
574,Cliente 0574,2026-08-04,Emprendedor,NEA,Partner,Basic,19.0,Churned,Competencia,0,,No action
575,Cliente 0575,2026-01-09,Emprendedor,Patagonia,Partner,Basic,19.0,Active,,2,4.0,Medium
576,Cliente 0576,2024-11-01,PyME,NEA,Orgánico,Standard,39.0,Active,,0,,Low
577,Cliente 0577,2024-07-16,B2C,Cuyo,Evento,Basic,19.0,Active,,3,4.0,Medium
578,Cliente 0578,2023-10-21,PyME,Patagonia,Evento,Basic,19.0,Active,,1,4.0,Low
579,Cliente 0579,2024-09-12,B2C,AMBA,Referido,Basic,19.0,Active,,2,4.5,Medium
580,Cliente 0580,2025-11-27,B2C,NEA,Referido,Premium,69.0,Active,,2,3.0,Medium
581,Cliente 0581,2025-02-27,B2C,Patagonia,Paid Social,Business,119.0,Active,,2,3.5,Medium
582,Cliente 0582,2025-08-16,Emprendedor,Centro,Evento,Basic,19.0,Active,,2,3.5,Medium
583,Cliente 0583,2024-10-24,B2C,Centro,Partner,Premium,69.0,Active,,0,,Low
584,Cliente 0584,2026-01-13,B2C,NOA,Evento,Basic,19.0,Churned,Bajo uso,1,2.0,No action
585,Cliente 0585,2024-03-09,Emprendedor,NOA,Partner,Premium,69.0,Active,,3,3.33,Medium
586,Cliente 0586,2023-11-08,B2C,AMBA,Evento,Standard,39.0,Active,,0,,Low
587,Cliente 0587,2025-04-22,B2C,NOA,Orgánico,Standard,39.0,Churned,Funcionalidades,1,3.0,No action
588,Cliente 0588,2025-01-06,PyME,Patagonia,Partner,Business,119.0,Active,,1,3.0,Medium
589,Cliente 0589,2024-07-19,Emprendedor,AMBA,Orgánico,Basic,19.0,Active,,0,,Low
590,Cliente 0590,2024-04-23,B2C,Centro,Partner,Standard,39.0,Active,,2,3.5,Medium
591,Cliente 0591,2024-08-09,Emprendedor,NEA,Paid Social,Standard,39.0,Active,,0,,Low
592,Cliente 0592,2024-06-04,B2C,NEA,Evento,Basic,19.0,Active,,0,,Low
593,Cliente 0593,2026-06-17,B2C,NEA,Evento,Basic,19.0,Active,,1,5.0,Low
594,Cliente 0594,2025-10-11,B2C,Patagonia,Orgánico,Basic,19.0,Active,,0,,Low
595,Cliente 0595,2025-04-02,B2C,AMBA,Paid Social,Basic,19.0,Active,,0,,Low
596,Cliente 0596,2024-09-09,PyME,Cuyo,Partner,Standard,39.0,Active,,1,4.0,Low
597,Cliente 0597,2024-09-08,Emprendedor,Cuyo,Evento,Premium,69.0,Active,,0,,Low
598,Cliente 0598,2024-02-18,Emprendedor,NOA,Referido,Standard,39.0,Active,,3,4.33,Medium
599,Cliente 0599,2024-12-03,Emprendedor,AMBA,Orgánico,Standard,39.0,Active,,3,2.67,Medium
600,Cliente 0600,2024-07-20,Emprendedor,NEA,Paid Social,Standard,39.0,Active,,0,,Low
601,Cliente 0601,2026-02-25,Emprendedor,NEA,Evento,Standard,39.0,Active,,3,4.33,Medium
602,Cliente 0602,2025-05-29,PyME,Patagonia,Partner,Standard,39.0,Active,,3,2.33,High
603,Cliente 0603,2026-02-04,B2C,NOA,Orgánico,Premium,69.0,Active,,0,,Low
604,Cliente 0604,2025-03-04,B2C,Patagonia,Orgánico,Basic,19.0,Active,,0,,Low
605,Cliente 0605,2025-11-23,B2C,AMBA,Referido,Standard,39.0,Active,,1,3.0,Medium
606,Cliente 0606,2024-03-04,B2C,Centro,Partner,Standard,39.0,Active,,1,3.0,Medium
607,Cliente 0607,2025-05-27,B2C,Patagonia,Paid Social,Premium,69.0,Active,,0,,Low
608,Cliente 0608,2024-07-31,B2C,Cuyo,Evento,Standard,39.0,Active,,3,4.0,Medium
609,Cliente 0609,2026-06-11,B2C,Patagonia,Paid Social,Standard,39.0,Churned,Bajo uso,0,,No action
610,Cliente 0610,2025-11-05,B2C,NOA,Referido,Standard,39.0,Active,,3,3.0,Medium
611,Cliente 0611,2025-05-25,B2C,NOA,Partner,Standard,39.0,Active,,3,4.0,Medium
612,Cliente 0612,2025-11-19,B2C,Centro,Paid Social,Standard,39.0,Active,,1,2.0,Medium
613,Cliente 0613,2025-08-20,B2C,NEA,Partner,Premium,69.0,Active,,0,,Low
614,Cliente 0614,2025-05-08,Emprendedor,NEA,Paid Social,Premium,69.0,Active,,0,,Low
615,Cliente 0615,2024-08-17,B2C,AMBA,Partner,Standard,39.0,Churned,Bajo uso,0,,No action
616,Cliente 0616,2024-09-22,B2C,AMBA,Paid Social,Basic,19.0,Active,,1,4.0,Low
617,Cliente 0617,2024-04-18,Emprendedor,Cuyo,Evento,Standard,39.0,Active,,1,3.0,Medium
618,Cliente 0618,2024-04-05,B2C,NOA,Referido,Basic,19.0,Active,,3,4.67,Medium
619,Cliente 0619,2025-12-08,PyME,AMBA,Partner,Basic,19.0,Churned,Competencia,3,2.67,No action
620,Cliente 0620,2026-07-24,B2C,AMBA,Paid Social,Basic,19.0,Active,,0,,Low
621,Cliente 0621,2025-07-27,B2C,AMBA,Partner,Basic,19.0,Active,,1,3.0,Medium
622,Cliente 0622,2024-05-10,B2C,Cuyo,Orgánico,Standard,39.0,Active,,0,,Low
623,Cliente 0623,2025-03-20,B2C,NEA,Paid Social,Premium,69.0,Active,,3,3.0,Medium
624,Cliente 0624,2025-02-04,B2C,AMBA,Partner,Standard,39.0,Active,,0,,Low
625,Cliente 0625,2025-06-03,B2C,Centro,Partner,Business,119.0,Churned,Bajo uso,4,3.25,No action
626,Cliente 0626,2024-07-08,B2C,Centro,Referido,Premium,69.0,Active,,0,,Low
627,Cliente 0627,2026-05-30,Emprendedor,Cuyo,Referido,Premium,69.0,Active,,1,5.0,Low
628,Cliente 0628,2025-09-04,B2C,NEA,Referido,Premium,69.0,Active,,1,2.0,Medium
629,Cliente 0629,2025-06-11,Emprendedor,AMBA,Paid Social,Basic,19.0,Active,,2,4.5,Medium
630,Cliente 0630,2025-01-08,PyME,AMBA,Evento,Standard,39.0,Active,,2,5.0,Medium
631,Cliente 0631,2025-03-21,B2C,Cuyo,Referido,Standard,39.0,Active,,1,3.0,Medium
632,Cliente 0632,2025-08-16,PyME,Cuyo,Referido,Standard,39.0,Active,,1,4.0,Low
633,Cliente 0633,2023-10-23,B2C,AMBA,Referido,Standard,39.0,Active,,0,,Low
634,Cliente 0634,2025-08-04,Emprendedor,Centro,Paid Social,Standard,39.0,Active,,0,,Low
635,Cliente 0635,2025-02-11,B2C,Patagonia,Paid Social,Standard,39.0,Churned,Soporte,2,3.0,No action
636,Cliente 0636,2024-09-06,PyME,NEA,Referido,Basic,19.0,Active,,0,,Low
637,Cliente 0637,2025-04-10,PyME,Patagonia,Orgánico,Standard,39.0,Active,,3,4.67,Medium
638,Cliente 0638,2025-11-12,B2C,NOA,Partner,Basic,19.0,Active,,1,5.0,Low
639,Cliente 0639,2026-03-05,PyME,Cuyo,Evento,Standard,39.0,Active,,0,,Low
640,Cliente 0640,2024-05-23,B2C,Cuyo,Referido,Standard,39.0,Active,,0,,Low
641,Cliente 0641,2024-09-18,PyME,NOA,Orgánico,Standard,39.0,Active,,1,5.0,Low
642,Cliente 0642,2025-02-20,B2C,AMBA,Partner,Business,119.0,Active,,2,5.0,Medium
643,Cliente 0643,2026-08-21,Emprendedor,Centro,Orgánico,Premium,69.0,Active,,1,4.0,Low
644,Cliente 0644,2026-02-17,PyME,NOA,Evento,Basic,19.0,Active,,1,4.0,Low
645,Cliente 0645,2025-10-13,B2C,Cuyo,Paid Social,Basic,19.0,Active,,1,4.0,Low
646,Cliente 0646,2025-06-12,PyME,Cuyo,Orgánico,Standard,39.0,Active,,0,,Low
647,Cliente 0647,2026-03-19,Emprendedor,Patagonia,Evento,Basic,19.0,Active,,0,,Low
648,Cliente 0648,2024-01-01,B2C,Cuyo,Referido,Basic,19.0,Active,,0,,Low
649,Cliente 0649,2023-11-12,B2C,NOA,Paid Social,Basic,19.0,Active,,1,4.0,Low
650,Cliente 0650,2024-06-23,B2C,NOA,Orgánico,Business,119.0,Active,,1,3.0,Medium
651,Cliente 0651,2024-09-22,Emprendedor,Patagonia,Partner,Standard,39.0,Active,,3,3.67,Medium
652,Cliente 0652,2024-11-18,Emprendedor,Cuyo,Evento,Premium,69.0,Churned,Precio,5,1.8,No action
653,Cliente 0653,2026-06-29,Emprendedor,AMBA,Paid Social,Business,119.0,Active,,0,,Low
654,Cliente 0654,2024-12-02,B2C,Patagonia,Orgánico,Basic,19.0,Active,,0,,Low
655,Cliente 0655,2024-06-08,PyME,Centro,Partner,Basic,19.0,Active,,0,,Low
656,Cliente 0656,2025-06-24,B2C,AMBA,Evento,Basic,19.0,Churned,Funcionalidades,0,,No action
657,Cliente 0657,2025-02-27,PyME,Patagonia,Partner,Standard,39.0,Active,,1,3.0,Medium
658,Cliente 0658,2025-07-24,PyME,NOA,Orgánico,Standard,39.0,Active,,0,,Low
659,Cliente 0659,2024-05-08,Emprendedor,NOA,Referido,Basic,19.0,Active,,1,5.0,Low
660,Cliente 0660,2025-10-11,Emprendedor,NOA,Evento,Standard,39.0,Active,,0,,Low
661,Cliente 0661,2024-05-20,B2C,AMBA,Orgánico,Basic,19.0,Active,,3,3.33,Medium
662,Cliente 0662,2024-10-15,PyME,Patagonia,Evento,Standard,39.0,Active,,0,,Low
663,Cliente 0663,2026-02-16,Emprendedor,Cuyo,Evento,Premium,69.0,Active,,0,,Low
664,Cliente 0664,2025-11-01,Emprendedor,AMBA,Orgánico,Premium,69.0,Active,,0,,Low
665,Cliente 0665,2026-06-30,Emprendedor,AMBA,Orgánico,Basic,19.0,Active,,2,4.5,Medium
666,Cliente 0666,2024-05-23,PyME,Cuyo,Orgánico,Business,119.0,Active,,2,5.0,Medium
667,Cliente 0667,2024-01-16,B2C,NOA,Orgánico,Basic,19.0,Churned,Bajo uso,0,,No action
668,Cliente 0668,2024-06-07,B2C,Patagonia,Referido,Business,119.0,Active,,3,4.0,Medium
669,Cliente 0669,2025-03-26,B2C,NOA,Partner,Basic,19.0,Active,,0,,Low
670,Cliente 0670,2024-06-15,B2C,Patagonia,Evento,Standard,39.0,Active,,0,,Low
671,Cliente 0671,2026-08-26,B2C,AMBA,Orgánico,Standard,39.0,Active,,2,3.0,Medium
672,Cliente 0672,2025-04-25,PyME,NOA,Referido,Premium,69.0,Active,,2,5.0,Medium
673,Cliente 0673,2025-10-20,B2C,AMBA,Paid Social,Standard,39.0,Active,,2,4.0,Medium
674,Cliente 0674,2026-01-17,PyME,NEA,Referido,Basic,19.0,Active,,1,4.0,Low
675,Cliente 0675,2026-02-14,Emprendedor,Cuyo,Evento,Business,119.0,Active,,3,3.0,Medium
676,Cliente 0676,2026-07-01,B2C,Centro,Evento,Premium,69.0,Churned,Soporte,0,,No action
677,Cliente 0677,2024-04-14,B2C,Centro,Paid Social,Basic,19.0,Active,,3,4.0,Medium
678,Cliente 0678,2023-12-30,PyME,Centro,Orgánico,Basic,19.0,Active,,0,,Low
679,Cliente 0679,2025-12-18,B2C,Centro,Orgánico,Basic,19.0,Active,,1,5.0,Low
680,Cliente 0680,2026-08-16,B2C,AMBA,Referido,Basic,19.0,Active,,0,,Low
681,Cliente 0681,2025-11-30,B2C,Patagonia,Orgánico,Premium,69.0,Active,,1,4.0,Low
682,Cliente 0682,2025-12-10,PyME,Centro,Evento,Standard,39.0,Active,,2,4.0,Medium
683,Cliente 0683,2026-01-23,B2C,NEA,Paid Social,Basic,19.0,Churned,Soporte,2,2.5,No action
684,Cliente 0684,2024-11-06,B2C,NOA,Evento,Standard,39.0,Churned,Soporte,2,2.5,No action
685,Cliente 0685,2024-05-23,Emprendedor,NEA,Paid Social,Basic,19.0,Active,,3,4.0,Medium
686,Cliente 0686,2026-08-18,B2C,NEA,Referido,Standard,39.0,Active,,3,4.33,Medium
687,Cliente 0687,2026-06-11,PyME,Patagonia,Paid Social,Basic,19.0,Active,,2,3.5,Medium
688,Cliente 0688,2024-01-02,Emprendedor,Patagonia,Orgánico,Standard,39.0,Active,,0,,Low
689,Cliente 0689,2024-04-16,B2C,Patagonia,Orgánico,Standard,39.0,Active,,1,4.0,Low
690,Cliente 0690,2023-10-24,B2C,NEA,Referido,Basic,19.0,Active,,0,,Low
691,Cliente 0691,2025-11-14,B2C,Patagonia,Paid Social,Basic,19.0,Active,,1,5.0,Low
692,Cliente 0692,2025-02-26,B2C,NEA,Orgánico,Basic,19.0,Active,,0,,Low
693,Cliente 0693,2025-06-24,B2C,NOA,Partner,Basic,19.0,Active,,1,3.0,Medium
694,Cliente 0694,2026-07-12,Emprendedor,NOA,Partner,Basic,19.0,Active,,0,,Low
695,Cliente 0695,2025-04-22,B2C,AMBA,Evento,Basic,19.0,Churned,Bajo uso,0,,No action
696,Cliente 0696,2024-11-20,B2C,Cuyo,Evento,Business,119.0,Active,,2,4.5,Medium
697,Cliente 0697,2024-03-29,PyME,AMBA,Referido,Premium,69.0,Active,,1,3.0,Medium
698,Cliente 0698,2025-11-17,PyME,Patagonia,Partner,Standard,39.0,Active,,2,4.0,Medium
699,Cliente 0699,2025-01-01,B2C,NOA,Evento,Business,119.0,Active,,1,5.0,Low
700,Cliente 0700,2023-11-28,Emprendedor,Patagonia,Paid Social,Standard,39.0,Active,,0,,Low
701,Cliente 0701,2026-05-25,B2C,Cuyo,Referido,Standard,39.0,Churned,Precio,0,,No action
702,Cliente 0702,2025-08-24,Emprendedor,Cuyo,Referido,Standard,39.0,Active,,0,,Low
703,Cliente 0703,2025-06-25,B2C,Cuyo,Referido,Standard,39.0,Churned,Precio,0,,No action
704,Cliente 0704,2023-12-11,Emprendedor,Patagonia,Orgánico,Basic,19.0,Active,,0,,Low
705,Cliente 0705,2026-07-19,Emprendedor,NOA,Evento,Standard,39.0,Active,,1,3.0,Medium
706,Cliente 0706,2024-12-01,PyME,NOA,Evento,Premium,69.0,Active,,0,,Low
707,Cliente 0707,2025-12-17,PyME,AMBA,Evento,Basic,19.0,Active,,0,,Low
708,Cliente 0708,2026-06-14,Emprendedor,Cuyo,Referido,Basic,19.0,Active,,2,3.5,Medium
709,Cliente 0709,2024-02-20,Emprendedor,NEA,Orgánico,Premium,69.0,Active,,1,1.0,Medium
710,Cliente 0710,2023-11-26,B2C,AMBA,Referido,Standard,39.0,Churned,Competencia,0,,No action
711,Cliente 0711,2024-09-24,B2C,NEA,Partner,Standard,39.0,Active,,0,,Low
712,Cliente 0712,2024-01-18,PyME,NEA,Partner,Premium,69.0,Active,,2,4.0,Medium
713,Cliente 0713,2024-05-23,B2C,Cuyo,Evento,Basic,19.0,Active,,2,4.5,Medium
714,Cliente 0714,2025-09-16,Emprendedor,NEA,Partner,Standard,39.0,Active,,2,4.0,Medium
715,Cliente 0715,2026-06-09,Emprendedor,NEA,Referido,Basic,19.0,Active,,2,4.5,Medium
716,Cliente 0716,2025-05-24,PyME,NOA,Evento,Standard,39.0,Active,,2,4.0,Medium
717,Cliente 0717,2025-12-12,B2C,NOA,Paid Social,Standard,39.0,Active,,0,,Low
718,Cliente 0718,2024-07-22,B2C,AMBA,Orgánico,Standard,39.0,Active,,0,,Low
719,Cliente 0719,2026-07-29,B2C,Cuyo,Evento,Basic,19.0,Active,,0,,Low
720,Cliente 0720,2024-01-13,Emprendedor,NEA,Partner,Basic,19.0,Active,,2,4.5,Medium
721,Cliente 0721,2025-02-20,PyME,Cuyo,Evento,Standard,39.0,Churned,Competencia,1,1.0,No action
722,Cliente 0722,2026-03-25,B2C,Centro,Evento,Standard,39.0,Active,,0,,Low
723,Cliente 0723,2024-08-05,Emprendedor,Cuyo,Evento,Standard,39.0,Active,,1,5.0,Low
724,Cliente 0724,2025-09-14,B2C,AMBA,Partner,Premium,69.0,Active,,1,3.0,Medium
725,Cliente 0725,2025-11-19,B2C,AMBA,Paid Social,Basic,19.0,Active,,0,,Low
726,Cliente 0726,2026-07-10,B2C,Patagonia,Orgánico,Standard,39.0,Active,,1,3.0,Medium
727,Cliente 0727,2024-03-01,B2C,Patagonia,Partner,Premium,69.0,Active,,0,,Low
728,Cliente 0728,2026-09-01,B2C,AMBA,Orgánico,Basic,19.0,Active,,0,,Low
729,Cliente 0729,2026-03-18,B2C,Centro,Partner,Basic,19.0,Active,,2,3.5,Medium
730,Cliente 0730,2025-09-09,Emprendedor,Patagonia,Paid Social,Standard,39.0,Churned,Competencia,5,2.4,No action
731,Cliente 0731,2024-01-29,PyME,Patagonia,Partner,Basic,19.0,Active,,2,4.0,Medium
732,Cliente 0732,2024-03-20,B2C,AMBA,Evento,Standard,39.0,Active,,3,4.33,Medium
733,Cliente 0733,2025-11-22,PyME,NOA,Paid Social,Standard,39.0,Active,,0,,Low
734,Cliente 0734,2024-11-09,PyME,AMBA,Paid Social,Standard,39.0,Active,,3,3.0,Medium
735,Cliente 0735,2024-09-22,B2C,NOA,Paid Social,Premium,69.0,Active,,3,3.33,Medium
736,Cliente 0736,2025-09-29,B2C,NOA,Partner,Standard,39.0,Active,,0,,Low
737,Cliente 0737,2026-03-27,B2C,Centro,Partner,Standard,39.0,Active,,2,3.0,Medium
738,Cliente 0738,2025-03-04,PyME,Cuyo,Evento,Premium,69.0,Active,,0,,Low
739,Cliente 0739,2026-05-14,Emprendedor,Cuyo,Paid Social,Premium,69.0,Active,,0,,Low
740,Cliente 0740,2025-05-19,B2C,Centro,Orgánico,Standard,39.0,Active,,1,5.0,Low
741,Cliente 0741,2025-04-14,B2C,NEA,Paid Social,Standard,39.0,Active,,0,,Low
742,Cliente 0742,2026-08-20,B2C,Centro,Partner,Standard,39.0,Churned,Precio,3,3.67,No action
743,Cliente 0743,2025-03-22,PyME,Centro,Orgánico,Basic,19.0,Active,,1,3.0,Medium
744,Cliente 0744,2025-01-16,B2C,Patagonia,Orgánico,Standard,39.0,Active,,0,,Low
745,Cliente 0745,2026-02-03,B2C,NEA,Partner,Basic,19.0,Active,,1,5.0,Low
746,Cliente 0746,2024-01-20,PyME,AMBA,Evento,Premium,69.0,Active,,0,,Low
747,Cliente 0747,2025-11-16,B2C,Centro,Evento,Basic,19.0,Active,,1,3.0,Medium
748,Cliente 0748,2025-02-04,Emprendedor,AMBA,Evento,Business,119.0,Churned,Precio,4,3.0,No action
749,Cliente 0749,2024-02-23,Emprendedor,Cuyo,Paid Social,Premium,69.0,Active,,1,2.0,Medium
750,Cliente 0750,2026-08-02,PyME,NEA,Referido,Standard,39.0,Active,,0,,Low
751,Cliente 0751,2025-05-04,B2C,AMBA,Orgánico,Business,119.0,Active,,0,,Low
752,Cliente 0752,2026-05-06,Emprendedor,Cuyo,Partner,Business,119.0,Active,,3,4.0,Medium
753,Cliente 0753,2024-08-10,PyME,AMBA,Partner,Standard,39.0,Active,,0,,Low
754,Cliente 0754,2024-04-05,B2C,Cuyo,Paid Social,Standard,39.0,Active,,3,2.67,Medium
755,Cliente 0755,2024-11-29,B2C,Patagonia,Evento,Basic,19.0,Active,,2,4.5,Medium
756,Cliente 0756,2024-08-29,B2C,NEA,Partner,Basic,19.0,Active,,1,5.0,Low
757,Cliente 0757,2025-02-10,Emprendedor,AMBA,Referido,Basic,19.0,Active,,3,3.33,Medium
758,Cliente 0758,2025-10-28,Emprendedor,Cuyo,Partner,Basic,19.0,Active,,2,3.5,Medium
759,Cliente 0759,2025-10-02,B2C,NOA,Paid Social,Basic,19.0,Active,,1,4.0,Low
760,Cliente 0760,2025-09-06,B2C,Patagonia,Referido,Premium,69.0,Churned,Bajo uso,0,,No action
761,Cliente 0761,2026-09-08,B2C,AMBA,Referido,Basic,19.0,Active,,3,4.67,Medium
762,Cliente 0762,2025-06-04,PyME,Cuyo,Evento,Basic,19.0,Active,,0,,Low
763,Cliente 0763,2025-02-08,Emprendedor,NEA,Paid Social,Standard,39.0,Active,,2,2.5,Medium
764,Cliente 0764,2026-02-16,Emprendedor,Centro,Orgánico,Premium,69.0,Active,,1,4.0,Low
765,Cliente 0765,2023-12-26,B2C,AMBA,Paid Social,Standard,39.0,Active,,1,3.0,Medium
766,Cliente 0766,2025-05-15,PyME,NOA,Orgánico,Standard,39.0,Active,,1,5.0,Low
767,Cliente 0767,2026-02-18,Emprendedor,NEA,Orgánico,Standard,39.0,Active,,0,,Low
768,Cliente 0768,2023-12-31,B2C,Cuyo,Orgánico,Standard,39.0,Active,,2,4.5,Medium
769,Cliente 0769,2024-10-28,B2C,NEA,Evento,Business,119.0,Active,,0,,Low
770,Cliente 0770,2024-11-28,PyME,NOA,Paid Social,Business,119.0,Active,,1,4.0,Low
771,Cliente 0771,2025-01-06,B2C,AMBA,Orgánico,Basic,19.0,Active,,0,,Low
772,Cliente 0772,2025-02-27,PyME,AMBA,Orgánico,Premium,69.0,Active,,1,1.0,Medium
773,Cliente 0773,2026-01-13,B2C,NOA,Paid Social,Basic,19.0,Active,,0,,Low
774,Cliente 0774,2026-02-18,B2C,NEA,Evento,Basic,19.0,Churned,Funcionalidades,4,3.0,No action
775,Cliente 0775,2025-09-21,B2C,NEA,Partner,Premium,69.0,Active,,1,4.0,Low
776,Cliente 0776,2026-08-22,B2C,Cuyo,Paid Social,Standard,39.0,Churned,Funcionalidades,0,,No action
777,Cliente 0777,2024-04-30,B2C,NEA,Orgánico,Basic,19.0,Active,,0,,Low
778,Cliente 0778,2026-03-02,B2C,Cuyo,Partner,Premium,69.0,Active,,1,3.0,Medium
779,Cliente 0779,2024-04-01,B2C,Patagonia,Orgánico,Standard,39.0,Active,,2,4.0,Medium
780,Cliente 0780,2025-12-11,PyME,NOA,Orgánico,Standard,39.0,Active,,2,3.5,Medium
781,Cliente 0781,2024-03-23,PyME,Patagonia,Paid Social,Basic,19.0,Churned,Funcionalidades,4,2.0,No action
782,Cliente 0782,2025-06-23,Emprendedor,NEA,Evento,Basic,19.0,Active,,0,,Low
783,Cliente 0783,2025-04-12,B2C,NEA,Partner,Standard,39.0,Active,,0,,Low
784,Cliente 0784,2024-03-06,B2C,AMBA,Referido,Standard,39.0,Active,,0,,Low
785,Cliente 0785,2024-04-07,B2C,NOA,Evento,Premium,69.0,Active,,1,1.0,Medium
786,Cliente 0786,2026-07-30,Emprendedor,NOA,Paid Social,Standard,39.0,Active,,0,,Low
787,Cliente 0787,2026-08-20,B2C,Cuyo,Paid Social,Basic,19.0,Active,,2,4.5,Medium
788,Cliente 0788,2025-07-16,Emprendedor,Patagonia,Partner,Standard,39.0,Active,,2,4.5,Medium
789,Cliente 0789,2025-08-14,PyME,AMBA,Evento,Standard,39.0,Active,,1,3.0,Medium
790,Cliente 0790,2026-04-15,PyME,Centro,Orgánico,Basic,19.0,Active,,1,4.0,Low
791,Cliente 0791,2025-10-06,B2C,Cuyo,Evento,Premium,69.0,Active,,2,3.5,Medium
792,Cliente 0792,2024-02-10,PyME,AMBA,Evento,Premium,69.0,Active,,1,3.0,Medium
793,Cliente 0793,2024-07-07,B2C,AMBA,Evento,Basic,19.0,Active,,0,,Low
794,Cliente 0794,2026-04-19,B2C,Patagonia,Orgánico,Premium,69.0,Active,,2,2.5,Medium
795,Cliente 0795,2023-12-25,B2C,NOA,Paid Social,Standard,39.0,Active,,0,,Low
796,Cliente 0796,2024-10-11,B2C,AMBA,Referido,Basic,19.0,Active,,0,,Low
797,Cliente 0797,2025-03-12,PyME,NOA,Orgánico,Standard,39.0,Active,,0,,Low
798,Cliente 0798,2025-08-21,B2C,Centro,Orgánico,Premium,69.0,Active,,1,3.0,Medium
799,Cliente 0799,2024-01-16,B2C,NOA,Paid Social,Basic,19.0,Active,,1,3.0,Medium
800,Cliente 0800,2026-06-29,Emprendedor,Centro,Evento,Standard,39.0,Active,,0,,Low
801,Cliente 0801,2025-03-07,PyME,Patagonia,Referido,Business,119.0,Active,,0,,Low
802,Cliente 0802,2025-05-25,B2C,Patagonia,Orgánico,Basic,19.0,Active,,3,3.0,Medium
803,Cliente 0803,2025-02-01,B2C,NOA,Paid Social,Standard,39.0,Active,,0,,Low
804,Cliente 0804,2024-11-17,PyME,NOA,Referido,Basic,19.0,Active,,0,,Low
805,Cliente 0805,2026-02-19,B2C,Cuyo,Partner,Standard,39.0,Active,,0,,Low
806,Cliente 0806,2023-11-11,B2C,NEA,Evento,Standard,39.0,Active,,2,3.5,Medium
807,Cliente 0807,2024-03-11,B2C,AMBA,Referido,Premium,69.0,Active,,0,,Low
808,Cliente 0808,2025-10-08,PyME,AMBA,Orgánico,Standard,39.0,Active,,0,,Low
809,Cliente 0809,2026-06-11,B2C,Cuyo,Evento,Basic,19.0,Active,,1,3.0,Medium
810,Cliente 0810,2024-12-28,B2C,NOA,Orgánico,Premium,69.0,Active,,2,4.5,Medium
811,Cliente 0811,2026-04-22,Emprendedor,Cuyo,Partner,Standard,39.0,Active,,2,5.0,Medium
812,Cliente 0812,2025-05-14,Emprendedor,Centro,Paid Social,Standard,39.0,Active,,0,,Low
813,Cliente 0813,2025-10-06,B2C,NOA,Partner,Basic,19.0,Active,,1,4.0,Low
814,Cliente 0814,2026-05-14,Emprendedor,Cuyo,Orgánico,Premium,69.0,Active,,0,,Low
815,Cliente 0815,2025-03-12,PyME,Patagonia,Partner,Premium,69.0,Active,,0,,Low
816,Cliente 0816,2024-01-18,B2C,Cuyo,Paid Social,Standard,39.0,Active,,0,,Low
817,Cliente 0817,2026-04-15,PyME,AMBA,Orgánico,Standard,39.0,Active,,2,4.5,Medium
818,Cliente 0818,2026-08-29,PyME,AMBA,Evento,Standard,39.0,Active,,0,,Low
819,Cliente 0819,2024-05-04,B2C,NOA,Orgánico,Premium,69.0,Active,,2,3.5,Medium
820,Cliente 0820,2026-05-30,B2C,Centro,Partner,Premium,69.0,Active,,3,3.67,Medium
821,Cliente 0821,2024-05-03,B2C,NEA,Orgánico,Basic,19.0,Active,,2,2.5,Medium
822,Cliente 0822,2023-12-29,Emprendedor,NOA,Orgánico,Basic,19.0,Active,,0,,Low
823,Cliente 0823,2025-04-13,B2C,Centro,Paid Social,Standard,39.0,Active,,2,3.5,Medium
824,Cliente 0824,2025-04-23,B2C,Patagonia,Referido,Standard,39.0,Active,,1,2.0,Medium
825,Cliente 0825,2024-07-20,B2C,NOA,Orgánico,Standard,39.0,Active,,1,5.0,Low
826,Cliente 0826,2025-09-23,Emprendedor,NOA,Referido,Standard,39.0,Active,,0,,Low
827,Cliente 0827,2024-05-02,B2C,AMBA,Orgánico,Premium,69.0,Active,,2,3.0,Medium
828,Cliente 0828,2024-05-28,B2C,AMBA,Orgánico,Basic,19.0,Active,,1,2.0,Medium
829,Cliente 0829,2024-09-01,PyME,NOA,Referido,Basic,19.0,Active,,0,,Low
830,Cliente 0830,2026-03-08,PyME,AMBA,Referido,Standard,39.0,Active,,3,4.33,Medium
831,Cliente 0831,2024-11-19,B2C,Patagonia,Referido,Business,119.0,Churned,Bajo uso,3,2.0,No action
832,Cliente 0832,2025-09-04,Emprendedor,NOA,Orgánico,Basic,19.0,Active,,0,,Low
833,Cliente 0833,2024-07-06,B2C,Cuyo,Paid Social,Standard,39.0,Active,,3,4.33,Medium
834,Cliente 0834,2026-08-04,B2C,AMBA,Paid Social,Standard,39.0,Active,,1,3.0,Medium
835,Cliente 0835,2023-11-08,B2C,NOA,Orgánico,Standard,39.0,Active,,2,4.5,Medium
836,Cliente 0836,2024-01-24,PyME,Centro,Paid Social,Premium,69.0,Active,,1,4.0,Low
837,Cliente 0837,2024-09-01,B2C,NOA,Orgánico,Basic,19.0,Active,,1,2.0,Medium
838,Cliente 0838,2023-10-28,Emprendedor,NEA,Referido,Standard,39.0,Active,,0,,Low
839,Cliente 0839,2026-04-18,B2C,NEA,Paid Social,Standard,39.0,Churned,Funcionalidades,3,1.67,No action
840,Cliente 0840,2024-10-16,Emprendedor,Centro,Evento,Premium,69.0,Active,,1,5.0,Low
841,Cliente 0841,2025-05-08,B2C,NOA,Referido,Premium,69.0,Active,,0,,Low
842,Cliente 0842,2025-07-01,PyME,Cuyo,Orgánico,Basic,19.0,Churned,Soporte,0,,No action
843,Cliente 0843,2025-04-13,Emprendedor,Centro,Partner,Standard,39.0,Active,,1,4.0,Low
844,Cliente 0844,2024-09-23,PyME,AMBA,Partner,Basic,19.0,Active,,1,4.0,Low
845,Cliente 0845,2025-11-07,Emprendedor,NEA,Evento,Standard,39.0,Active,,1,4.0,Low
846,Cliente 0846,2026-08-14,PyME,NOA,Orgánico,Business,119.0,Active,,1,4.0,Low
847,Cliente 0847,2024-03-15,Emprendedor,Centro,Partner,Basic,19.0,Churned,Soporte,0,,No action
848,Cliente 0848,2026-01-03,B2C,Centro,Partner,Standard,39.0,Active,,2,4.5,Medium
849,Cliente 0849,2025-10-17,B2C,Patagonia,Orgánico,Basic,19.0,Active,,0,,Low
850,Cliente 0850,2024-08-15,B2C,Cuyo,Partner,Basic,19.0,Active,,0,,Low
851,Cliente 0851,2024-11-22,Emprendedor,Centro,Evento,Basic,19.0,Active,,1,5.0,Low
852,Cliente 0852,2025-01-15,Emprendedor,Patagonia,Paid Social,Standard,39.0,Active,,0,,Low
853,Cliente 0853,2025-02-23,B2C,NEA,Partner,Standard,39.0,Active,,2,4.0,Medium
854,Cliente 0854,2024-08-15,PyME,NEA,Evento,Basic,19.0,Churned,Bajo uso,1,4.0,No action
855,Cliente 0855,2025-07-12,Emprendedor,Patagonia,Orgánico,Premium,69.0,Active,,0,,Low
856,Cliente 0856,2024-07-05,B2C,Centro,Evento,Premium,69.0,Active,,1,5.0,Low
857,Cliente 0857,2025-04-09,B2C,NEA,Referido,Basic,19.0,Churned,Soporte,0,,No action
858,Cliente 0858,2024-01-03,B2C,NOA,Referido,Premium,69.0,Active,,0,,Low
859,Cliente 0859,2025-03-07,B2C,AMBA,Evento,Premium,69.0,Active,,0,,Low
860,Cliente 0860,2025-07-27,Emprendedor,AMBA,Orgánico,Basic,19.0,Active,,0,,Low
861,Cliente 0861,2026-01-02,B2C,NEA,Evento,Standard,39.0,Active,,3,3.0,Medium
862,Cliente 0862,2026-02-28,B2C,NOA,Orgánico,Premium,69.0,Active,,0,,Low
863,Cliente 0863,2026-08-11,B2C,Patagonia,Paid Social,Standard,39.0,Active,,1,5.0,Low
864,Cliente 0864,2026-08-29,B2C,Patagonia,Paid Social,Standard,39.0,Active,,2,4.0,Medium
865,Cliente 0865,2026-09-11,B2C,NOA,Evento,Premium,69.0,Churned,Precio,3,3.0,No action
866,Cliente 0866,2025-12-23,Emprendedor,Cuyo,Orgánico,Standard,39.0,Active,,0,,Low
867,Cliente 0867,2024-10-29,PyME,Cuyo,Paid Social,Premium,69.0,Active,,1,4.0,Low
868,Cliente 0868,2024-05-28,B2C,NEA,Evento,Basic,19.0,Active,,0,,Low
869,Cliente 0869,2026-07-30,PyME,Centro,Orgánico,Standard,39.0,Active,,0,,Low
870,Cliente 0870,2025-04-01,Emprendedor,NOA,Partner,Premium,69.0,Active,,1,5.0,Low
871,Cliente 0871,2025-08-12,PyME,AMBA,Paid Social,Premium,69.0,Active,,2,5.0,Medium
872,Cliente 0872,2024-02-12,B2C,NEA,Partner,Standard,39.0,Active,,0,,Low
873,Cliente 0873,2024-04-03,B2C,AMBA,Referido,Basic,19.0,Churned,Bajo uso,0,,No action
874,Cliente 0874,2025-01-31,B2C,Cuyo,Partner,Standard,39.0,Active,,0,,Low
875,Cliente 0875,2024-12-04,B2C,Cuyo,Partner,Standard,39.0,Active,,0,,Low
876,Cliente 0876,2026-03-06,B2C,Centro,Evento,Premium,69.0,Active,,1,3.0,Medium
877,Cliente 0877,2023-11-25,PyME,NOA,Referido,Standard,39.0,Active,,0,,Low
878,Cliente 0878,2024-01-03,B2C,Centro,Orgánico,Basic,19.0,Active,,0,,Low
879,Cliente 0879,2024-04-04,B2C,Centro,Partner,Standard,39.0,Active,,0,,Low
880,Cliente 0880,2025-11-15,B2C,NEA,Orgánico,Basic,19.0,Active,,0,,Low
881,Cliente 0881,2025-01-13,Emprendedor,NEA,Partner,Basic,19.0,Active,,0,,Low
882,Cliente 0882,2024-12-13,Emprendedor,AMBA,Partner,Standard,39.0,Active,,0,,Low
883,Cliente 0883,2026-03-15,PyME,Centro,Evento,Premium,69.0,Active,,1,3.0,Medium
884,Cliente 0884,2026-06-04,Emprendedor,NOA,Paid Social,Basic,19.0,Churned,Precio,1,2.0,No action
885,Cliente 0885,2025-01-31,B2C,NEA,Referido,Standard,39.0,Active,,1,5.0,Low
886,Cliente 0886,2026-08-29,B2C,NEA,Partner,Standard,39.0,Active,,1,4.0,Low
887,Cliente 0887,2024-03-21,B2C,Centro,Evento,Premium,69.0,Active,,0,,Low
888,Cliente 0888,2026-09-09,Emprendedor,Centro,Partner,Business,119.0,Active,,0,,Low
889,Cliente 0889,2025-08-01,PyME,Cuyo,Referido,Standard,39.0,Active,,1,5.0,Low
890,Cliente 0890,2025-03-11,B2C,Patagonia,Referido,Premium,69.0,Churned,Funcionalidades,4,3.5,No action
891,Cliente 0891,2025-06-10,Emprendedor,NEA,Referido,Business,119.0,Active,,3,3.0,Medium
892,Cliente 0892,2025-02-13,B2C,AMBA,Referido,Standard,39.0,Active,,2,3.0,Medium
893,Cliente 0893,2025-09-15,PyME,AMBA,Orgánico,Basic,19.0,Active,,0,,Low
894,Cliente 0894,2025-02-14,B2C,NEA,Orgánico,Standard,39.0,Active,,1,4.0,Low
895,Cliente 0895,2025-05-01,PyME,AMBA,Evento,Premium,69.0,Active,,3,3.67,Medium
896,Cliente 0896,2025-07-04,PyME,NEA,Paid Social,Standard,39.0,Active,,0,,Low
897,Cliente 0897,2025-01-06,B2C,NOA,Partner,Basic,19.0,Active,,0,,Low
898,Cliente 0898,2026-02-26,Emprendedor,NOA,Paid Social,Standard,39.0,Active,,0,,Low
899,Cliente 0899,2026-01-09,B2C,AMBA,Paid Social,Business,119.0,Active,,1,5.0,Low
900,Cliente 0900,2026-03-19,B2C,AMBA,Orgánico,Standard,39.0,Active,,3,2.33,High
901,Cliente 0901,2024-10-09,B2C,NOA,Partner,Basic,19.0,Churned,Soporte,4,3.75,No action
902,Cliente 0902,2024-11-20,B2C,AMBA,Partner,Premium,69.0,Active,,1,4.0,Low
903,Cliente 0903,2026-04-26,B2C,NOA,Evento,Standard,39.0,Active,,2,3.5,Medium
904,Cliente 0904,2025-10-30,Emprendedor,NOA,Referido,Premium,69.0,Active,,1,2.0,Medium
905,Cliente 0905,2025-03-30,B2C,Cuyo,Orgánico,Basic,19.0,Active,,1,2.0,Medium
906,Cliente 0906,2024-01-18,Emprendedor,NEA,Orgánico,Basic,19.0,Churned,Competencia,1,4.0,No action
907,Cliente 0907,2026-01-09,B2C,NEA,Evento,Business,119.0,Active,,1,4.0,Low
908,Cliente 0908,2025-07-11,B2C,Patagonia,Partner,Basic,19.0,Churned,Bajo uso,0,,No action
909,Cliente 0909,2024-06-21,B2C,Patagonia,Evento,Standard,39.0,Active,,0,,Low
910,Cliente 0910,2024-07-13,PyME,Cuyo,Evento,Basic,19.0,Active,,2,3.5,Medium
911,Cliente 0911,2025-08-18,B2C,NOA,Referido,Standard,39.0,Active,,0,,Low
912,Cliente 0912,2024-11-27,B2C,NOA,Evento,Basic,19.0,Active,,2,4.0,Medium
913,Cliente 0913,2025-11-25,PyME,NEA,Orgánico,Basic,19.0,Active,,1,4.0,Low
914,Cliente 0914,2025-12-29,B2C,NOA,Paid Social,Basic,19.0,Active,,3,3.67,Medium
915,Cliente 0915,2026-08-22,B2C,Centro,Evento,Basic,19.0,Churned,Bajo uso,0,,No action
916,Cliente 0916,2025-01-11,B2C,NOA,Paid Social,Standard,39.0,Active,,0,,Low
917,Cliente 0917,2025-10-14,B2C,AMBA,Paid Social,Standard,39.0,Active,,3,4.67,Medium
918,Cliente 0918,2023-12-08,Emprendedor,Centro,Partner,Basic,19.0,Active,,0,,Low
919,Cliente 0919,2025-01-03,B2C,AMBA,Paid Social,Basic,19.0,Churned,Precio,2,3.0,No action
920,Cliente 0920,2026-02-07,B2C,AMBA,Paid Social,Business,119.0,Active,,0,,Low
921,Cliente 0921,2025-11-08,PyME,Centro,Evento,Basic,19.0,Active,,1,4.0,Low
922,Cliente 0922,2024-03-15,B2C,AMBA,Paid Social,Basic,19.0,Active,,2,3.0,Medium
923,Cliente 0923,2025-07-18,B2C,Patagonia,Partner,Standard,39.0,Churned,Competencia,1,1.0,No action
924,Cliente 0924,2024-02-01,Emprendedor,NEA,Partner,Standard,39.0,Active,,2,5.0,Medium
925,Cliente 0925,2025-11-09,B2C,AMBA,Partner,Standard,39.0,Active,,3,4.67,Medium
926,Cliente 0926,2026-03-19,B2C,Centro,Partner,Standard,39.0,Active,,0,,Low
927,Cliente 0927,2025-07-17,Emprendedor,NEA,Evento,Business,119.0,Active,,1,4.0,Low
928,Cliente 0928,2023-10-24,PyME,Centro,Orgánico,Premium,69.0,Active,,1,4.0,Low
929,Cliente 0929,2024-11-05,B2C,Cuyo,Orgánico,Basic,19.0,Active,,0,,Low
930,Cliente 0930,2025-02-05,PyME,Centro,Referido,Business,119.0,Active,,2,3.0,Medium
931,Cliente 0931,2024-10-25,B2C,NOA,Partner,Premium,69.0,Active,,1,3.0,Medium
932,Cliente 0932,2024-07-03,B2C,NEA,Partner,Premium,69.0,Active,,0,,Low
933,Cliente 0933,2026-07-09,Emprendedor,Centro,Paid Social,Premium,69.0,Active,,0,,Low
934,Cliente 0934,2024-03-15,B2C,NOA,Referido,Premium,69.0,Active,,0,,Low
935,Cliente 0935,2025-04-08,B2C,NOA,Orgánico,Standard,39.0,Active,,0,,Low
936,Cliente 0936,2024-04-06,PyME,Patagonia,Orgánico,Premium,69.0,Active,,0,,Low
937,Cliente 0937,2024-03-09,PyME,NEA,Evento,Premium,69.0,Active,,2,4.5,Medium
938,Cliente 0938,2024-04-29,B2C,Centro,Evento,Premium,69.0,Active,,0,,Low
939,Cliente 0939,2026-03-13,B2C,Patagonia,Paid Social,Standard,39.0,Churned,Competencia,1,4.0,No action
940,Cliente 0940,2025-06-25,B2C,AMBA,Referido,Premium,69.0,Churned,Funcionalidades,0,,No action
941,Cliente 0941,2024-11-22,B2C,AMBA,Partner,Basic,19.0,Active,,0,,Low
942,Cliente 0942,2026-02-11,Emprendedor,Cuyo,Referido,Business,119.0,Active,,0,,Low
943,Cliente 0943,2026-04-23,Emprendedor,Cuyo,Partner,Business,119.0,Active,,1,4.0,Low
944,Cliente 0944,2026-07-04,Emprendedor,AMBA,Evento,Basic,19.0,Active,,0,,Low
945,Cliente 0945,2025-10-13,B2C,AMBA,Referido,Basic,19.0,Churned,Soporte,1,2.0,No action
946,Cliente 0946,2026-01-05,PyME,AMBA,Paid Social,Premium,69.0,Active,,3,3.67,Medium
947,Cliente 0947,2024-06-05,B2C,Patagonia,Partner,Premium,69.0,Active,,0,,Low
948,Cliente 0948,2025-11-23,PyME,Centro,Orgánico,Basic,19.0,Churned,Bajo uso,3,3.0,No action
949,Cliente 0949,2024-11-06,B2C,Centro,Orgánico,Basic,19.0,Active,,0,,Low
950,Cliente 0950,2024-04-25,B2C,Cuyo,Evento,Standard,39.0,Churned,Soporte,3,2.33,No action
951,Cliente 0951,2024-07-03,PyME,NEA,Evento,Standard,39.0,Active,,1,4.0,Low
952,Cliente 0952,2024-10-15,B2C,NOA,Evento,Premium,69.0,Active,,0,,Low
953,Cliente 0953,2025-08-27,Emprendedor,Cuyo,Evento,Standard,39.0,Active,,0,,Low
954,Cliente 0954,2025-07-10,B2C,AMBA,Orgánico,Basic,19.0,Active,,0,,Low
955,Cliente 0955,2024-07-16,B2C,NOA,Partner,Premium,69.0,Active,,0,,Low
956,Cliente 0956,2024-02-19,B2C,AMBA,Orgánico,Business,119.0,Active,,0,,Low
957,Cliente 0957,2025-10-15,PyME,Cuyo,Orgánico,Basic,19.0,Active,,0,,Low
958,Cliente 0958,2025-03-03,PyME,Patagonia,Paid Social,Standard,39.0,Active,,0,,Low
959,Cliente 0959,2024-02-24,B2C,Cuyo,Paid Social,Basic,19.0,Active,,0,,Low
960,Cliente 0960,2026-02-14,Emprendedor,AMBA,Partner,Business,119.0,Churned,Precio,0,,No action
961,Cliente 0961,2024-11-24,B2C,Centro,Evento,Basic,19.0,Active,,0,,Low
962,Cliente 0962,2025-11-13,Emprendedor,NEA,Evento,Basic,19.0,Active,,1,3.0,Medium
963,Cliente 0963,2025-08-08,PyME,Cuyo,Evento,Standard,39.0,Active,,1,3.0,Medium
964,Cliente 0964,2024-05-19,Emprendedor,AMBA,Partner,Basic,19.0,Active,,1,3.0,Medium
965,Cliente 0965,2025-12-15,B2C,Centro,Orgánico,Standard,39.0,Active,,2,4.0,Medium
966,Cliente 0966,2024-01-07,B2C,Centro,Paid Social,Premium,69.0,Active,,1,5.0,Low
967,Cliente 0967,2025-08-25,Emprendedor,NEA,Paid Social,Basic,19.0,Active,,0,,Low
968,Cliente 0968,2026-06-20,B2C,Patagonia,Evento,Premium,69.0,Active,,0,,Low
969,Cliente 0969,2025-04-23,B2C,NOA,Paid Social,Standard,39.0,Active,,0,,Low
970,Cliente 0970,2025-06-01,PyME,Centro,Partner,Standard,39.0,Churned,Bajo uso,0,,No action
971,Cliente 0971,2025-05-06,B2C,NOA,Paid Social,Basic,19.0,Active,,0,,Low
972,Cliente 0972,2024-09-23,PyME,Patagonia,Orgánico,Standard,39.0,Active,,1,4.0,Low
973,Cliente 0973,2026-06-20,Emprendedor,AMBA,Evento,Standard,39.0,Active,,1,5.0,Low
974,Cliente 0974,2025-09-15,B2C,AMBA,Orgánico,Basic,19.0,Active,,3,4.67,Medium
975,Cliente 0975,2024-03-06,B2C,Cuyo,Orgánico,Basic,19.0,Active,,0,,Low
976,Cliente 0976,2024-07-13,B2C,Patagonia,Orgánico,Standard,39.0,Active,,1,1.0,Medium
977,Cliente 0977,2024-03-10,Emprendedor,Patagonia,Partner,Standard,39.0,Active,,0,,Low
978,Cliente 0978,2024-09-26,Emprendedor,Patagonia,Evento,Business,119.0,Active,,3,4.33,Medium
979,Cliente 0979,2024-12-22,B2C,AMBA,Orgánico,Standard,39.0,Churned,Funcionalidades,1,5.0,No action
980,Cliente 0980,2026-01-29,B2C,Centro,Partner,Basic,19.0,Active,,3,2.67,Medium
981,Cliente 0981,2025-07-27,B2C,AMBA,Partner,Basic,19.0,Active,,0,,Low
982,Cliente 0982,2026-04-01,B2C,Patagonia,Partner,Standard,39.0,Active,,0,,Low
983,Cliente 0983,2025-09-04,Emprendedor,NEA,Referido,Basic,19.0,Active,,0,,Low
984,Cliente 0984,2025-11-21,PyME,AMBA,Evento,Standard,39.0,Active,,0,,Low
985,Cliente 0985,2024-12-09,Emprendedor,NOA,Referido,Premium,69.0,Churned,Competencia,5,3.2,No action
986,Cliente 0986,2024-03-08,B2C,Centro,Referido,Standard,39.0,Active,,1,3.0,Medium
987,Cliente 0987,2025-01-25,PyME,Patagonia,Orgánico,Business,119.0,Active,,2,2.0,Medium
988,Cliente 0988,2023-10-23,B2C,Patagonia,Partner,Premium,69.0,Active,,0,,Low
989,Cliente 0989,2025-08-24,Emprendedor,NOA,Partner,Basic,19.0,Active,,1,3.0,Medium
990,Cliente 0990,2024-07-08,B2C,AMBA,Orgánico,Basic,19.0,Active,,3,4.33,Medium
991,Cliente 0991,2024-07-20,PyME,NOA,Referido,Basic,19.0,Active,,3,4.67,Medium
992,Cliente 0992,2026-04-06,Emprendedor,Cuyo,Referido,Standard,39.0,Active,,2,5.0,Medium
993,Cliente 0993,2024-02-19,B2C,Centro,Orgánico,Business,119.0,Active,,1,5.0,Low
994,Cliente 0994,2025-04-28,B2C,NOA,Paid Social,Basic,19.0,Active,,1,3.0,Medium
995,Cliente 0995,2025-11-17,B2C,AMBA,Evento,Basic,19.0,Active,,3,2.67,Medium
996,Cliente 0996,2026-04-28,B2C,Cuyo,Referido,Premium,69.0,Active,,3,2.67,Medium
997,Cliente 0997,2026-05-03,B2C,Cuyo,Referido,Basic,19.0,Active,,0,,Low
998,Cliente 0998,2025-08-30,B2C,NEA,Partner,Standard,39.0,Active,,1,3.0,Medium
999,Cliente 0999,2024-07-13,Emprendedor,AMBA,Partner,Premium,69.0,Active,,3,4.0,Medium
1000,Cliente 1000,2026-02-27,B2C,NOA,Referido,Basic,19.0,Active,,1,5.0,Low
1001,Cliente 1001,2024-06-06,PyME,NOA,Paid Social,Standard,39.0,Active,,1,3.0,Medium
1002,Cliente 1002,2025-02-19,Emprendedor,AMBA,Referido,Basic,19.0,Active,,0,,Low
1003,Cliente 1003,2023-11-16,B2C,Patagonia,Orgánico,Basic,19.0,Active,,2,4.0,Medium
1004,Cliente 1004,2023-12-14,B2C,AMBA,Orgánico,Standard,39.0,Active,,1,5.0,Low
1005,Cliente 1005,2026-09-11,B2C,AMBA,Referido,Business,119.0,Active,,0,,Low
1006,Cliente 1006,2026-05-12,Emprendedor,Patagonia,Referido,Premium,69.0,Active,,1,4.0,Low
1007,Cliente 1007,2025-05-27,PyME,AMBA,Referido,Business,119.0,Active,,1,4.0,Low
1008,Cliente 1008,2025-12-31,B2C,Patagonia,Evento,Standard,39.0,Active,,1,5.0,Low
1009,Cliente 1009,2026-04-22,B2C,Centro,Orgánico,Premium,69.0,Active,,1,4.0,Low
1010,Cliente 1010,2025-05-04,B2C,NOA,Paid Social,Basic,19.0,Active,,3,3.67,Medium
1011,Cliente 1011,2024-08-31,PyME,AMBA,Paid Social,Standard,39.0,Active,,2,5.0,Medium
1012,Cliente 1012,2026-01-06,B2C,Centro,Referido,Standard,39.0,Active,,0,,Low
1013,Cliente 1013,2026-04-02,B2C,Cuyo,Evento,Standard,39.0,Active,,1,5.0,Low
1014,Cliente 1014,2025-08-30,B2C,Cuyo,Paid Social,Standard,39.0,Active,,1,4.0,Low
1015,Cliente 1015,2026-04-15,B2C,AMBA,Referido,Business,119.0,Active,,0,,Low
1016,Cliente 1016,2025-07-05,B2C,NOA,Orgánico,Standard,39.0,Active,,0,,Low
1017,Cliente 1017,2023-12-24,B2C,AMBA,Orgánico,Standard,39.0,Active,,0,,Low
1018,Cliente 1018,2025-03-31,B2C,NOA,Evento,Standard,39.0,Active,,1,4.0,Low
1019,Cliente 1019,2024-04-25,B2C,Cuyo,Orgánico,Business,119.0,Active,,1,4.0,Low
1020,Cliente 1020,2026-07-22,Emprendedor,Cuyo,Evento,Standard,39.0,Active,,2,4.5,Medium
1021,Cliente 1021,2025-01-08,B2C,Cuyo,Evento,Standard,39.0,Active,,1,3.0,Medium
1022,Cliente 1022,2026-01-08,B2C,AMBA,Referido,Premium,69.0,Active,,1,5.0,Low
1023,Cliente 1023,2026-04-08,Emprendedor,AMBA,Orgánico,Premium,69.0,Active,,0,,Low
1024,Cliente 1024,2026-06-03,PyME,Cuyo,Evento,Basic,19.0,Churned,Precio,0,,No action
1025,Cliente 1025,2026-08-06,Emprendedor,Centro,Evento,Basic,19.0,Active,,1,4.0,Low
1026,Cliente 1026,2026-07-30,PyME,AMBA,Paid Social,Standard,39.0,Active,,0,,Low
1027,Cliente 1027,2024-07-04,Emprendedor,NOA,Partner,Standard,39.0,Active,,0,,Low
1028,Cliente 1028,2025-05-13,B2C,NOA,Orgánico,Standard,39.0,Active,,1,5.0,Low
1029,Cliente 1029,2025-10-25,B2C,NOA,Orgánico,Standard,39.0,Active,,1,5.0,Low
1030,Cliente 1030,2025-01-14,Emprendedor,NOA,Orgánico,Basic,19.0,Active,,0,,Low
1031,Cliente 1031,2023-12-22,Emprendedor,NEA,Referido,Basic,19.0,Active,,0,,Low
1032,Cliente 1032,2024-02-09,B2C,NOA,Evento,Basic,19.0,Active,,2,3.5,Medium
1033,Cliente 1033,2024-12-04,PyME,Centro,Partner,Basic,19.0,Active,,3,4.33,Medium
1034,Cliente 1034,2026-01-27,Emprendedor,NOA,Evento,Premium,69.0,Active,,2,3.0,Medium
1035,Cliente 1035,2025-02-05,B2C,Centro,Partner,Premium,69.0,Active,,0,,Low
1036,Cliente 1036,2023-12-22,B2C,Cuyo,Paid Social,Standard,39.0,Active,,1,4.0,Low
1037,Cliente 1037,2026-08-12,PyME,Centro,Partner,Basic,19.0,Active,,0,,Low
1038,Cliente 1038,2024-08-28,B2C,Patagonia,Partner,Basic,19.0,Active,,2,3.0,Medium
1039,Cliente 1039,2026-05-07,Emprendedor,AMBA,Partner,Standard,39.0,Active,,0,,Low
1040,Cliente 1040,2025-10-31,PyME,NOA,Referido,Premium,69.0,Active,,0,,Low
1041,Cliente 1041,2024-09-12,B2C,NOA,Referido,Standard,39.0,Active,,1,5.0,Low
1042,Cliente 1042,2024-07-21,Emprendedor,Centro,Orgánico,Standard,39.0,Active,,0,,Low
1043,Cliente 1043,2024-04-29,B2C,Patagonia,Referido,Premium,69.0,Active,,0,,Low
1044,Cliente 1044,2025-08-03,Emprendedor,Centro,Orgánico,Standard,39.0,Active,,0,,Low
1045,Cliente 1045,2026-01-22,B2C,NOA,Evento,Basic,19.0,Active,,1,4.0,Low
1046,Cliente 1046,2025-03-01,Emprendedor,NEA,Paid Social,Basic,19.0,Active,,0,,Low
1047,Cliente 1047,2026-06-29,B2C,Patagonia,Paid Social,Standard,39.0,Churned,Precio,1,3.0,No action
1048,Cliente 1048,2024-03-28,B2C,Centro,Partner,Standard,39.0,Active,,0,,Low
1049,Cliente 1049,2024-11-27,Emprendedor,NOA,Paid Social,Standard,39.0,Active,,1,2.0,Medium
1050,Cliente 1050,2025-10-15,Emprendedor,NEA,Referido,Standard,39.0,Churned,Precio,1,1.0,No action
1051,Cliente 1051,2025-07-14,Emprendedor,NEA,Partner,Business,119.0,Active,,0,,Low
1052,Cliente 1052,2024-07-01,Emprendedor,Cuyo,Paid Social,Business,119.0,Active,,0,,Low
1053,Cliente 1053,2024-09-04,B2C,Cuyo,Partner,Basic,19.0,Active,,1,2.0,Medium
1054,Cliente 1054,2025-01-24,B2C,AMBA,Evento,Standard,39.0,Active,,0,,Low
1055,Cliente 1055,2026-03-15,Emprendedor,Patagonia,Referido,Business,119.0,Active,,0,,Low
1056,Cliente 1056,2025-09-28,B2C,NEA,Partner,Basic,19.0,Active,,3,3.67,Medium
1057,Cliente 1057,2026-01-19,B2C,Centro,Orgánico,Premium,69.0,Active,,0,,Low
1058,Cliente 1058,2025-11-28,B2C,Patagonia,Paid Social,Basic,19.0,Churned,Bajo uso,2,4.5,No action
1059,Cliente 1059,2025-10-15,B2C,NEA,Partner,Premium,69.0,Active,,1,4.0,Low
1060,Cliente 1060,2026-05-06,B2C,AMBA,Referido,Standard,39.0,Active,,0,,Low
1061,Cliente 1061,2025-10-23,B2C,Centro,Evento,Business,119.0,Churned,Funcionalidades,0,,No action
1062,Cliente 1062,2024-12-22,B2C,Centro,Paid Social,Standard,39.0,Active,,2,5.0,Medium
1063,Cliente 1063,2025-07-31,Emprendedor,Cuyo,Paid Social,Business,119.0,Churned,Competencia,4,3.0,No action
1064,Cliente 1064,2026-02-08,Emprendedor,NOA,Orgánico,Standard,39.0,Active,,0,,Low
1065,Cliente 1065,2026-07-20,B2C,NEA,Referido,Premium,69.0,Active,,1,5.0,Low
1066,Cliente 1066,2024-03-02,B2C,NEA,Referido,Basic,19.0,Active,,2,5.0,Medium
1067,Cliente 1067,2026-04-13,PyME,NEA,Orgánico,Basic,19.0,Active,,2,4.5,Medium
1068,Cliente 1068,2025-08-01,B2C,Centro,Partner,Premium,69.0,Active,,2,3.0,Medium
1069,Cliente 1069,2025-04-27,B2C,NOA,Evento,Premium,69.0,Active,,3,4.67,Medium
1070,Cliente 1070,2024-12-07,Emprendedor,Centro,Partner,Basic,19.0,Active,,1,2.0,Medium
1071,Cliente 1071,2025-06-24,Emprendedor,AMBA,Orgánico,Standard,39.0,Active,,1,4.0,Low
1072,Cliente 1072,2024-06-01,PyME,Centro,Referido,Standard,39.0,Active,,3,4.0,Medium
1073,Cliente 1073,2024-06-25,Emprendedor,Centro,Paid Social,Standard,39.0,Active,,0,,Low
1074,Cliente 1074,2023-12-20,Emprendedor,Patagonia,Referido,Basic,19.0,Active,,0,,Low
1075,Cliente 1075,2024-12-02,Emprendedor,Cuyo,Paid Social,Business,119.0,Active,,0,,Low
1076,Cliente 1076,2025-08-09,B2C,AMBA,Referido,Basic,19.0,Active,,1,4.0,Low
1077,Cliente 1077,2025-12-19,B2C,Patagonia,Evento,Basic,19.0,Active,,1,4.0,Low
1078,Cliente 1078,2024-02-04,Emprendedor,Centro,Paid Social,Basic,19.0,Active,,1,5.0,Low
1079,Cliente 1079,2026-01-04,B2C,AMBA,Orgánico,Standard,39.0,Active,,2,4.0,Medium
1080,Cliente 1080,2024-05-31,B2C,AMBA,Orgánico,Basic,19.0,Churned,Competencia,2,2.5,No action
1081,Cliente 1081,2025-04-18,Emprendedor,Cuyo,Partner,Standard,39.0,Active,,0,,Low
1082,Cliente 1082,2024-06-23,B2C,Cuyo,Referido,Standard,39.0,Active,,1,1.0,Medium
1083,Cliente 1083,2026-05-31,Emprendedor,AMBA,Orgánico,Standard,39.0,Active,,0,,Low
1084,Cliente 1084,2024-10-04,B2C,AMBA,Partner,Standard,39.0,Active,,0,,Low
1085,Cliente 1085,2024-02-03,B2C,Patagonia,Orgánico,Standard,39.0,Active,,1,2.0,Medium
1086,Cliente 1086,2023-10-25,B2C,Cuyo,Evento,Basic,19.0,Active,,0,,Low
1087,Cliente 1087,2024-01-17,Emprendedor,NEA,Orgánico,Standard,39.0,Active,,0,,Low
1088,Cliente 1088,2026-09-09,Emprendedor,NOA,Referido,Premium,69.0,Active,,0,,Low
1089,Cliente 1089,2024-12-02,Emprendedor,Centro,Orgánico,Business,119.0,Active,,0,,Low
1090,Cliente 1090,2026-07-29,PyME,NEA,Partner,Standard,39.0,Active,,3,4.33,Medium
1091,Cliente 1091,2023-12-14,Emprendedor,NOA,Referido,Basic,19.0,Active,,2,3.0,Medium
1092,Cliente 1092,2023-10-20,PyME,NEA,Paid Social,Standard,39.0,Active,,0,,Low
1093,Cliente 1093,2024-06-02,PyME,AMBA,Orgánico,Basic,19.0,Active,,0,,Low
1094,Cliente 1094,2025-08-25,B2C,NOA,Referido,Standard,39.0,Active,,0,,Low
1095,Cliente 1095,2025-11-27,B2C,Centro,Orgánico,Basic,19.0,Active,,2,3.5,Medium
1096,Cliente 1096,2024-12-13,Emprendedor,Patagonia,Paid Social,Standard,39.0,Active,,2,4.5,Medium
1097,Cliente 1097,2023-11-16,B2C,Centro,Paid Social,Premium,69.0,Churned,Competencia,0,,No action
1098,Cliente 1098,2025-05-14,B2C,NEA,Paid Social,Business,119.0,Active,,0,,Low
1099,Cliente 1099,2024-11-10,Emprendedor,Cuyo,Partner,Standard,39.0,Churned,Competencia,1,4.0,No action
1100,Cliente 1100,2025-09-14,B2C,Patagonia,Referido,Premium,69.0,Active,,2,4.0,Medium
1101,Cliente 1101,2024-11-21,Emprendedor,Cuyo,Referido,Standard,39.0,Active,,3,3.0,Medium
1102,Cliente 1102,2024-07-11,B2C,Patagonia,Partner,Basic,19.0,Active,,2,4.5,Medium
1103,Cliente 1103,2026-04-23,B2C,Patagonia,Paid Social,Basic,19.0,Active,,2,3.5,Medium
1104,Cliente 1104,2024-02-03,Emprendedor,NEA,Referido,Standard,39.0,Churned,Competencia,3,3.33,No action
1105,Cliente 1105,2026-06-08,PyME,AMBA,Paid Social,Basic,19.0,Active,,1,5.0,Low
1106,Cliente 1106,2024-02-18,B2C,AMBA,Orgánico,Premium,69.0,Active,,2,5.0,Medium
1107,Cliente 1107,2024-01-29,B2C,AMBA,Orgánico,Basic,19.0,Active,,0,,Low
1108,Cliente 1108,2026-04-23,Emprendedor,Centro,Referido,Standard,39.0,Active,,0,,Low
1109,Cliente 1109,2026-06-11,Emprendedor,Patagonia,Partner,Standard,39.0,Active,,2,3.0,Medium
1110,Cliente 1110,2026-04-26,B2C,Patagonia,Referido,Basic,19.0,Active,,3,3.67,Medium
1111,Cliente 1111,2024-09-05,Emprendedor,Patagonia,Paid Social,Basic,19.0,Active,,0,,Low
1112,Cliente 1112,2024-05-20,PyME,AMBA,Partner,Standard,39.0,Active,,3,4.0,Medium
1113,Cliente 1113,2026-09-11,PyME,NEA,Partner,Standard,39.0,Active,,0,,Low
1114,Cliente 1114,2024-09-25,PyME,Centro,Evento,Basic,19.0,Active,,0,,Low
1115,Cliente 1115,2025-03-19,PyME,Patagonia,Partner,Basic,19.0,Active,,1,5.0,Low
1116,Cliente 1116,2025-06-30,B2C,Centro,Evento,Standard,39.0,Active,,0,,Low
1117,Cliente 1117,2024-07-21,B2C,AMBA,Evento,Basic,19.0,Active,,2,3.5,Medium
1118,Cliente 1118,2024-11-07,PyME,NOA,Partner,Basic,19.0,Churned,Bajo uso,3,5.0,No action
1119,Cliente 1119,2024-08-05,Emprendedor,Cuyo,Partner,Premium,69.0,Active,,1,4.0,Low
1120,Cliente 1120,2024-01-19,B2C,Cuyo,Partner,Basic,19.0,Active,,2,4.0,Medium
1121,Cliente 1121,2026-08-27,Emprendedor,NOA,Referido,Standard,39.0,Churned,Soporte,2,3.5,No action
1122,Cliente 1122,2025-06-24,B2C,Centro,Paid Social,Basic,19.0,Active,,0,,Low
1123,Cliente 1123,2024-09-01,B2C,Centro,Partner,Basic,19.0,Active,,0,,Low
1124,Cliente 1124,2025-01-25,B2C,Patagonia,Partner,Basic,19.0,Active,,0,,Low
1125,Cliente 1125,2024-09-15,Emprendedor,NEA,Evento,Standard,39.0,Active,,0,,Low
1126,Cliente 1126,2025-03-25,PyME,NOA,Referido,Basic,19.0,Active,,2,4.0,Medium
1127,Cliente 1127,2025-02-24,PyME,AMBA,Paid Social,Premium,69.0,Active,,2,3.0,Medium
1128,Cliente 1128,2026-02-08,B2C,NOA,Evento,Business,119.0,Active,,2,2.5,Medium
1129,Cliente 1129,2024-05-22,B2C,NOA,Referido,Basic,19.0,Active,,1,5.0,Low
1130,Cliente 1130,2026-02-17,B2C,NOA,Paid Social,Standard,39.0,Active,,1,2.0,Medium
1131,Cliente 1131,2025-04-17,PyME,Cuyo,Evento,Basic,19.0,Active,,1,5.0,Low
1132,Cliente 1132,2025-09-20,PyME,NEA,Orgánico,Standard,39.0,Active,,0,,Low
1133,Cliente 1133,2025-11-30,Emprendedor,NEA,Paid Social,Standard,39.0,Churned,Funcionalidades,0,,No action
1134,Cliente 1134,2026-05-04,B2C,NEA,Evento,Basic,19.0,Churned,Bajo uso,3,3.67,No action
1135,Cliente 1135,2025-05-26,PyME,NEA,Partner,Standard,39.0,Churned,Bajo uso,0,,No action
1136,Cliente 1136,2025-06-19,B2C,NEA,Partner,Premium,69.0,Active,,1,3.0,Medium
1137,Cliente 1137,2024-09-22,B2C,NEA,Orgánico,Basic,19.0,Active,,1,4.0,Low
1138,Cliente 1138,2026-08-16,Emprendedor,Cuyo,Referido,Basic,19.0,Churned,Soporte,0,,No action
1139,Cliente 1139,2026-02-22,B2C,Patagonia,Partner,Standard,39.0,Active,,1,3.0,Medium
1140,Cliente 1140,2025-06-01,Emprendedor,Centro,Partner,Basic,19.0,Active,,1,4.0,Low
1141,Cliente 1141,2025-10-13,B2C,NOA,Referido,Basic,19.0,Churned,Competencia,3,3.0,No action
1142,Cliente 1142,2024-12-13,B2C,Cuyo,Partner,Basic,19.0,Active,,1,5.0,Low
1143,Cliente 1143,2024-10-22,B2C,AMBA,Evento,Standard,39.0,Active,,0,,Low
1144,Cliente 1144,2026-02-13,Emprendedor,AMBA,Evento,Premium,69.0,Active,,0,,Low
1145,Cliente 1145,2025-07-06,PyME,Patagonia,Paid Social,Standard,39.0,Active,,0,,Low
1146,Cliente 1146,2024-09-08,B2C,NEA,Orgánico,Basic,19.0,Active,,0,,Low
1147,Cliente 1147,2025-09-20,PyME,AMBA,Referido,Standard,39.0,Active,,2,3.5,Medium
1148,Cliente 1148,2024-07-27,B2C,NEA,Paid Social,Basic,19.0,Active,,0,,Low
1149,Cliente 1149,2024-06-27,B2C,Patagonia,Paid Social,Basic,19.0,Active,,2,4.5,Medium
1150,Cliente 1150,2024-01-04,B2C,Cuyo,Referido,Standard,39.0,Active,,0,,Low
1151,Cliente 1151,2025-03-25,B2C,Centro,Partner,Basic,19.0,Active,,0,,Low
1152,Cliente 1152,2024-12-07,PyME,Centro,Referido,Basic,19.0,Churned,Competencia,1,4.0,No action
1153,Cliente 1153,2026-01-21,Emprendedor,AMBA,Evento,Business,119.0,Active,,2,4.5,Medium
1154,Cliente 1154,2023-12-14,Emprendedor,NEA,Evento,Standard,39.0,Active,,0,,Low
1155,Cliente 1155,2025-10-23,B2C,Centro,Orgánico,Business,119.0,Active,,3,4.33,Medium
1156,Cliente 1156,2025-01-17,PyME,NEA,Partner,Basic,19.0,Active,,2,3.0,Medium
1157,Cliente 1157,2026-08-10,B2C,AMBA,Orgánico,Premium,69.0,Churned,Competencia,0,,No action
1158,Cliente 1158,2025-12-24,B2C,AMBA,Referido,Basic,19.0,Churned,Funcionalidades,1,4.0,No action
1159,Cliente 1159,2023-11-14,PyME,Patagonia,Paid Social,Basic,19.0,Active,,0,,Low
1160,Cliente 1160,2024-08-10,B2C,NEA,Paid Social,Standard,39.0,Active,,0,,Low
1161,Cliente 1161,2024-05-07,B2C,NEA,Orgánico,Standard,39.0,Active,,0,,Low
1162,Cliente 1162,2024-07-15,Emprendedor,NOA,Partner,Standard,39.0,Active,,0,,Low
1163,Cliente 1163,2024-01-09,B2C,AMBA,Referido,Standard,39.0,Active,,0,,Low
1164,Cliente 1164,2023-12-11,B2C,NOA,Partner,Basic,19.0,Active,,2,4.5,Medium
1165,Cliente 1165,2024-01-18,B2C,AMBA,Partner,Standard,39.0,Active,,1,5.0,Low
1166,Cliente 1166,2026-06-25,B2C,NOA,Paid Social,Business,119.0,Churned,Precio,0,,No action
1167,Cliente 1167,2025-07-16,Emprendedor,NEA,Partner,Basic,19.0,Churned,Soporte,4,3.25,No action
1168,Cliente 1168,2024-03-16,B2C,NEA,Partner,Basic,19.0,Churned,Bajo uso,0,,No action
1169,Cliente 1169,2026-02-10,Emprendedor,Centro,Evento,Standard,39.0,Active,,1,3.0,Medium
1170,Cliente 1170,2026-02-12,Emprendedor,NOA,Partner,Basic,19.0,Active,,3,4.0,Medium
1171,Cliente 1171,2024-08-21,B2C,NOA,Partner,Standard,39.0,Active,,3,4.33,Medium
1172,Cliente 1172,2025-10-09,PyME,Centro,Referido,Standard,39.0,Active,,1,3.0,Medium
1173,Cliente 1173,2026-07-03,PyME,NOA,Paid Social,Standard,39.0,Active,,0,,Low
1174,Cliente 1174,2023-12-09,B2C,AMBA,Orgánico,Standard,39.0,Active,,0,,Low
1175,Cliente 1175,2025-10-02,Emprendedor,Centro,Referido,Premium,69.0,Active,,2,3.5,Medium
1176,Cliente 1176,2025-10-05,PyME,Cuyo,Partner,Basic,19.0,Active,,0,,Low
1177,Cliente 1177,2024-07-18,B2C,Patagonia,Referido,Standard,39.0,Active,,3,3.33,Medium
1178,Cliente 1178,2024-10-18,PyME,NEA,Evento,Basic,19.0,Active,,3,4.0,Medium
1179,Cliente 1179,2025-11-14,B2C,Patagonia,Paid Social,Standard,39.0,Active,,3,3.33,Medium
1180,Cliente 1180,2025-09-22,B2C,NOA,Evento,Standard,39.0,Active,,0,,Low
1181,Cliente 1181,2024-09-18,B2C,Cuyo,Orgánico,Standard,39.0,Active,,0,,Low
1182,Cliente 1182,2026-08-02,B2C,NOA,Partner,Premium,69.0,Churned,Funcionalidades,4,3.0,No action
1183,Cliente 1183,2025-05-06,Emprendedor,NEA,Orgánico,Premium,69.0,Active,,1,5.0,Low
1184,Cliente 1184,2024-06-10,Emprendedor,Patagonia,Paid Social,Basic,19.0,Active,,3,4.67,Medium
1185,Cliente 1185,2023-11-08,PyME,Cuyo,Partner,Standard,39.0,Active,,3,2.0,High
1186,Cliente 1186,2025-11-13,Emprendedor,NOA,Paid Social,Premium,69.0,Active,,3,3.33,Medium
1187,Cliente 1187,2025-07-14,B2C,AMBA,Orgánico,Premium,69.0,Active,,2,3.5,Medium
1188,Cliente 1188,2024-11-22,Emprendedor,Centro,Paid Social,Standard,39.0,Active,,0,,Low
1189,Cliente 1189,2024-08-24,B2C,NOA,Orgánico,Premium,69.0,Active,,2,3.0,Medium
1190,Cliente 1190,2026-07-20,PyME,Centro,Referido,Standard,39.0,Active,,0,,Low
1191,Cliente 1191,2025-03-07,PyME,Cuyo,Referido,Standard,39.0,Active,,1,4.0,Low
1192,Cliente 1192,2025-03-19,Emprendedor,Cuyo,Partner,Premium,69.0,Active,,0,,Low
1193,Cliente 1193,2023-11-12,PyME,Patagonia,Paid Social,Basic,19.0,Active,,0,,Low
1194,Cliente 1194,2023-10-30,B2C,NOA,Partner,Basic,19.0,Active,,1,3.0,Medium
1195,Cliente 1195,2026-06-20,B2C,Patagonia,Orgánico,Premium,69.0,Active,,3,2.33,High
1196,Cliente 1196,2026-07-16,B2C,AMBA,Partner,Basic,19.0,Churned,Competencia,4,1.75,No action
1197,Cliente 1197,2025-03-22,B2C,NOA,Paid Social,Business,119.0,Active,,1,4.0,Low
1198,Cliente 1198,2024-03-30,B2C,NEA,Partner,Standard,39.0,Active,,0,,Low
1199,Cliente 1199,2025-01-20,B2C,Patagonia,Orgánico,Premium,69.0,Active,,0,,Low
1200,Cliente 1200,2025-10-18,Emprendedor,Patagonia,Orgánico,Standard,39.0,Active,,1,5.0,Low
1201,Cliente 1201,2025-09-25,Emprendedor,NOA,Evento,Standard,39.0,Active,,1,5.0,Low
1202,Cliente 1202,2024-01-12,B2C,Patagonia,Orgánico,Basic,19.0,Active,,0,,Low
1203,Cliente 1203,2024-02-09,Emprendedor,Centro,Evento,Basic,19.0,Active,,0,,Low
1204,Cliente 1204,2025-02-28,B2C,AMBA,Orgánico,Basic,19.0,Active,,1,4.0,Low
1205,Cliente 1205,2025-01-10,B2C,Cuyo,Paid Social,Premium,69.0,Churned,Bajo uso,2,2.5,No action
1206,Cliente 1206,2023-12-30,B2C,AMBA,Partner,Standard,39.0,Active,,0,,Low
1207,Cliente 1207,2024-02-29,PyME,Centro,Partner,Standard,39.0,Active,,1,2.0,Medium
1208,Cliente 1208,2024-08-04,PyME,NOA,Paid Social,Premium,69.0,Churned,Soporte,0,,No action
1209,Cliente 1209,2025-06-28,B2C,Centro,Partner,Premium,69.0,Active,,0,,Low
1210,Cliente 1210,2025-12-19,B2C,NOA,Referido,Standard,39.0,Churned,Soporte,0,,No action
1211,Cliente 1211,2026-02-15,B2C,NEA,Paid Social,Premium,69.0,Active,,0,,Low
1212,Cliente 1212,2026-08-31,B2C,Centro,Paid Social,Basic,19.0,Active,,1,4.0,Low
1213,Cliente 1213,2024-09-03,Emprendedor,Centro,Paid Social,Basic,19.0,Active,,0,,Low
1214,Cliente 1214,2024-06-24,Emprendedor,Centro,Orgánico,Business,119.0,Active,,0,,Low
1215,Cliente 1215,2025-08-22,B2C,NEA,Orgánico,Standard,39.0,Active,,1,5.0,Low
1216,Cliente 1216,2025-08-29,Emprendedor,Centro,Evento,Standard,39.0,Active,,1,2.0,Medium
1217,Cliente 1217,2025-01-17,B2C,Patagonia,Orgánico,Premium,69.0,Active,,1,5.0,Low
1218,Cliente 1218,2025-02-13,B2C,NOA,Evento,Basic,19.0,Active,,2,2.5,Medium
1219,Cliente 1219,2026-08-10,B2C,Cuyo,Evento,Standard,39.0,Active,,0,,Low
1220,Cliente 1220,2024-11-23,B2C,Centro,Orgánico,Standard,39.0,Active,,2,3.5,Medium
1221,Cliente 1221,2025-09-05,B2C,Centro,Referido,Standard,39.0,Churned,Soporte,4,3.5,No action
1222,Cliente 1222,2025-03-03,B2C,NEA,Paid Social,Basic,19.0,Active,,1,4.0,Low
1223,Cliente 1223,2026-01-23,B2C,NEA,Paid Social,Standard,39.0,Active,,0,,Low
1224,Cliente 1224,2024-02-02,B2C,NOA,Referido,Business,119.0,Churned,Competencia,4,2.5,No action
1225,Cliente 1225,2025-03-12,Emprendedor,NOA,Orgánico,Standard,39.0,Active,,0,,Low
1226,Cliente 1226,2026-08-17,PyME,Patagonia,Paid Social,Business,119.0,Churned,Soporte,0,,No action
1227,Cliente 1227,2024-03-29,B2C,NOA,Orgánico,Standard,39.0,Active,,0,,Low
1228,Cliente 1228,2025-01-20,Emprendedor,Cuyo,Orgánico,Basic,19.0,Active,,0,,Low
1229,Cliente 1229,2025-08-21,PyME,Centro,Evento,Standard,39.0,Active,,3,4.0,Medium
1230,Cliente 1230,2024-08-22,B2C,NOA,Partner,Standard,39.0,Active,,0,,Low
1231,Cliente 1231,2025-06-03,Emprendedor,NOA,Partner,Basic,19.0,Active,,0,,Low
1232,Cliente 1232,2024-11-29,PyME,Centro,Partner,Basic,19.0,Active,,3,4.0,Medium
1233,Cliente 1233,2025-09-28,PyME,AMBA,Evento,Standard,39.0,Active,,3,4.0,Medium
1234,Cliente 1234,2025-03-19,PyME,Centro,Referido,Basic,19.0,Active,,1,4.0,Low
1235,Cliente 1235,2024-01-21,PyME,NOA,Orgánico,Premium,69.0,Active,,3,3.33,Medium
1236,Cliente 1236,2025-01-05,B2C,AMBA,Evento,Standard,39.0,Active,,0,,Low
1237,Cliente 1237,2024-10-19,Emprendedor,Cuyo,Evento,Basic,19.0,Active,,0,,Low
1238,Cliente 1238,2024-01-10,Emprendedor,Centro,Partner,Standard,39.0,Active,,1,4.0,Low
1239,Cliente 1239,2024-05-11,B2C,Centro,Referido,Basic,19.0,Active,,0,,Low
1240,Cliente 1240,2025-01-27,B2C,NEA,Evento,Basic,19.0,Active,,2,3.5,Medium
1241,Cliente 1241,2023-11-01,PyME,Patagonia,Orgánico,Basic,19.0,Active,,0,,Low
1242,Cliente 1242,2025-10-04,B2C,NOA,Referido,Basic,19.0,Churned,Precio,1,3.0,No action
1243,Cliente 1243,2025-04-03,B2C,NOA,Referido,Standard,39.0,Active,,1,4.0,Low
1244,Cliente 1244,2024-08-07,B2C,Patagonia,Partner,Standard,39.0,Active,,1,5.0,Low
1245,Cliente 1245,2025-12-22,Emprendedor,Centro,Referido,Standard,39.0,Active,,1,4.0,Low
1246,Cliente 1246,2025-04-03,B2C,Patagonia,Orgánico,Standard,39.0,Active,,0,,Low
1247,Cliente 1247,2025-04-19,PyME,NOA,Evento,Standard,39.0,Active,,0,,Low
1248,Cliente 1248,2024-05-26,PyME,NEA,Partner,Premium,69.0,Active,,1,4.0,Low
1249,Cliente 1249,2026-02-09,B2C,NEA,Referido,Premium,69.0,Active,,1,5.0,Low
1250,Cliente 1250,2025-09-16,Emprendedor,Cuyo,Paid Social,Premium,69.0,Active,,1,4.0,Low
1251,Cliente 1251,2026-05-15,B2C,AMBA,Paid Social,Standard,39.0,Active,,0,,Low
1252,Cliente 1252,2024-08-13,PyME,NEA,Referido,Premium,69.0,Active,,2,4.5,Medium
1253,Cliente 1253,2024-02-06,Emprendedor,AMBA,Referido,Standard,39.0,Active,,0,,Low
1254,Cliente 1254,2024-11-14,B2C,Centro,Paid Social,Standard,39.0,Active,,1,4.0,Low
1255,Cliente 1255,2026-04-10,Emprendedor,Centro,Orgánico,Standard,39.0,Active,,0,,Low
1256,Cliente 1256,2025-09-09,B2C,Cuyo,Evento,Premium,69.0,Active,,3,2.0,High
1257,Cliente 1257,2025-01-13,B2C,Cuyo,Referido,Basic,19.0,Active,,1,4.0,Low
1258,Cliente 1258,2025-07-16,B2C,Centro,Orgánico,Standard,39.0,Active,,3,3.0,Medium
1259,Cliente 1259,2026-03-15,B2C,Patagonia,Evento,Premium,69.0,Active,,3,4.33,Medium
1260,Cliente 1260,2026-08-15,PyME,NEA,Referido,Basic,19.0,Active,,1,4.0,Low
1261,Cliente 1261,2025-10-03,B2C,NOA,Partner,Basic,19.0,Churned,Competencia,0,,No action
1262,Cliente 1262,2024-06-03,B2C,AMBA,Paid Social,Basic,19.0,Churned,Precio,2,3.0,No action
1263,Cliente 1263,2025-03-19,B2C,Cuyo,Partner,Basic,19.0,Active,,1,5.0,Low
1264,Cliente 1264,2026-03-24,B2C,AMBA,Referido,Premium,69.0,Active,,0,,Low
1265,Cliente 1265,2025-04-19,B2C,NEA,Paid Social,Basic,19.0,Active,,1,3.0,Medium
1266,Cliente 1266,2025-02-05,B2C,Cuyo,Orgánico,Basic,19.0,Active,,3,4.33,Medium
1267,Cliente 1267,2024-12-13,B2C,Centro,Paid Social,Standard,39.0,Active,,1,3.0,Medium
1268,Cliente 1268,2025-12-22,B2C,Centro,Evento,Standard,39.0,Active,,2,4.5,Medium
1269,Cliente 1269,2025-06-14,B2C,AMBA,Orgánico,Basic,19.0,Active,,0,,Low
1270,Cliente 1270,2024-05-16,B2C,NEA,Referido,Basic,19.0,Active,,0,,Low
1271,Cliente 1271,2025-03-03,B2C,Centro,Orgánico,Basic,19.0,Active,,0,,Low
1272,Cliente 1272,2026-05-12,B2C,NEA,Orgánico,Standard,39.0,Active,,1,5.0,Low
1273,Cliente 1273,2024-04-13,B2C,Patagonia,Referido,Standard,39.0,Active,,2,4.5,Medium
1274,Cliente 1274,2025-07-09,Emprendedor,Cuyo,Evento,Premium,69.0,Active,,1,2.0,Medium
1275,Cliente 1275,2026-02-13,B2C,NEA,Paid Social,Standard,39.0,Active,,3,4.33,Medium
1276,Cliente 1276,2024-03-04,Emprendedor,NOA,Orgánico,Business,119.0,Active,,0,,Low
1277,Cliente 1277,2025-06-24,PyME,AMBA,Evento,Basic,19.0,Churned,Funcionalidades,2,3.5,No action
1278,Cliente 1278,2024-03-07,B2C,AMBA,Referido,Premium,69.0,Active,,0,,Low
1279,Cliente 1279,2024-06-14,B2C,NEA,Paid Social,Business,119.0,Active,,0,,Low
1280,Cliente 1280,2026-07-07,B2C,NOA,Referido,Standard,39.0,Active,,3,4.33,Medium
1281,Cliente 1281,2024-04-22,B2C,AMBA,Paid Social,Basic,19.0,Churned,Precio,1,4.0,No action
1282,Cliente 1282,2024-10-05,PyME,Cuyo,Referido,Standard,39.0,Active,,0,,Low
1283,Cliente 1283,2025-11-18,B2C,Patagonia,Evento,Standard,39.0,Churned,Competencia,5,2.8,No action
1284,Cliente 1284,2024-09-26,PyME,Patagonia,Paid Social,Standard,39.0,Active,,2,2.5,Medium
1285,Cliente 1285,2025-03-19,B2C,NEA,Partner,Basic,19.0,Active,,2,4.0,Medium
1286,Cliente 1286,2026-02-27,Emprendedor,Centro,Evento,Basic,19.0,Active,,2,4.5,Medium
1287,Cliente 1287,2026-06-11,B2C,NOA,Partner,Basic,19.0,Active,,0,,Low
1288,Cliente 1288,2025-04-19,PyME,NEA,Referido,Basic,19.0,Active,,0,,Low
1289,Cliente 1289,2026-04-06,B2C,NOA,Partner,Premium,69.0,Active,,3,4.33,Medium
1290,Cliente 1290,2024-08-18,B2C,Patagonia,Orgánico,Premium,69.0,Active,,0,,Low
1291,Cliente 1291,2025-12-08,B2C,AMBA,Orgánico,Standard,39.0,Active,,2,4.0,Medium
1292,Cliente 1292,2026-03-26,Emprendedor,Patagonia,Evento,Premium,69.0,Active,,0,,Low
1293,Cliente 1293,2026-01-16,Emprendedor,NEA,Referido,Standard,39.0,Active,,2,3.5,Medium
1294,Cliente 1294,2026-02-01,B2C,NOA,Orgánico,Basic,19.0,Active,,2,3.0,Medium
1295,Cliente 1295,2025-10-18,PyME,Patagonia,Orgánico,Standard,39.0,Active,,2,3.0,Medium
1296,Cliente 1296,2025-11-03,B2C,NOA,Evento,Basic,19.0,Active,,1,4.0,Low
1297,Cliente 1297,2023-11-15,Emprendedor,Patagonia,Evento,Standard,39.0,Active,,0,,Low
1298,Cliente 1298,2026-07-07,B2C,Centro,Partner,Premium,69.0,Churned,Precio,5,3.4,No action
1299,Cliente 1299,2024-11-06,B2C,Cuyo,Paid Social,Basic,19.0,Active,,1,4.0,Low
1300,Cliente 1300,2023-11-08,B2C,NEA,Paid Social,Standard,39.0,Churned,Precio,3,2.33,No action
1301,Cliente 1301,2025-04-20,B2C,Patagonia,Evento,Basic,19.0,Active,,1,4.0,Low
1302,Cliente 1302,2024-10-28,Emprendedor,Cuyo,Paid Social,Basic,19.0,Active,,0,,Low
1303,Cliente 1303,2024-04-01,Emprendedor,AMBA,Orgánico,Standard,39.0,Active,,3,2.33,High
1304,Cliente 1304,2024-02-06,B2C,Cuyo,Orgánico,Standard,39.0,Active,,1,4.0,Low
1305,Cliente 1305,2025-08-25,PyME,NOA,Evento,Business,119.0,Active,,0,,Low
1306,Cliente 1306,2025-10-02,Emprendedor,AMBA,Partner,Basic,19.0,Active,,2,4.0,Medium
1307,Cliente 1307,2024-05-10,B2C,Patagonia,Referido,Basic,19.0,Active,,1,3.0,Medium
1308,Cliente 1308,2024-09-17,B2C,Cuyo,Partner,Premium,69.0,Active,,3,4.0,Medium
1309,Cliente 1309,2025-12-28,PyME,NEA,Referido,Basic,19.0,Active,,1,4.0,Low
1310,Cliente 1310,2026-08-09,B2C,Cuyo,Partner,Basic,19.0,Churned,Funcionalidades,0,,No action
1311,Cliente 1311,2023-11-27,B2C,Patagonia,Evento,Basic,19.0,Active,,1,4.0,Low
1312,Cliente 1312,2024-01-06,Emprendedor,AMBA,Evento,Basic,19.0,Active,,0,,Low
1313,Cliente 1313,2026-09-01,Emprendedor,NEA,Partner,Business,119.0,Active,,0,,Low
1314,Cliente 1314,2024-08-27,B2C,AMBA,Evento,Premium,69.0,Active,,1,4.0,Low
1315,Cliente 1315,2023-11-28,B2C,NOA,Orgánico,Standard,39.0,Active,,0,,Low
1316,Cliente 1316,2024-04-21,Emprendedor,AMBA,Partner,Business,119.0,Active,,1,5.0,Low
1317,Cliente 1317,2025-05-30,Emprendedor,AMBA,Referido,Standard,39.0,Active,,1,3.0,Medium
1318,Cliente 1318,2025-10-14,PyME,Patagonia,Partner,Basic,19.0,Active,,2,3.0,Medium
1319,Cliente 1319,2024-12-12,PyME,NEA,Orgánico,Basic,19.0,Active,,2,3.5,Medium
1320,Cliente 1320,2024-08-28,B2C,Centro,Referido,Basic,19.0,Active,,1,5.0,Low
1321,Cliente 1321,2024-04-05,PyME,Patagonia,Referido,Premium,69.0,Active,,1,4.0,Low
1322,Cliente 1322,2023-11-11,B2C,AMBA,Orgánico,Standard,39.0,Active,,0,,Low
1323,Cliente 1323,2024-09-29,Emprendedor,Cuyo,Evento,Basic,19.0,Active,,1,2.0,Medium
1324,Cliente 1324,2024-02-27,PyME,Centro,Evento,Standard,39.0,Active,,1,5.0,Low
1325,Cliente 1325,2023-12-15,B2C,Centro,Paid Social,Standard,39.0,Churned,Soporte,3,2.67,No action
1326,Cliente 1326,2024-05-16,PyME,Patagonia,Partner,Standard,39.0,Active,,0,,Low
1327,Cliente 1327,2024-04-13,Emprendedor,Centro,Orgánico,Premium,69.0,Active,,1,3.0,Medium
1328,Cliente 1328,2024-10-13,Emprendedor,Patagonia,Paid Social,Standard,39.0,Active,,0,,Low
1329,Cliente 1329,2024-02-08,PyME,NOA,Paid Social,Standard,39.0,Active,,2,3.5,Medium
1330,Cliente 1330,2024-01-05,Emprendedor,AMBA,Referido,Standard,39.0,Active,,2,3.0,Medium
1331,Cliente 1331,2024-03-06,PyME,Cuyo,Paid Social,Standard,39.0,Active,,1,5.0,Low
1332,Cliente 1332,2026-03-15,Emprendedor,Patagonia,Orgánico,Standard,39.0,Active,,0,,Low
1333,Cliente 1333,2025-02-20,Emprendedor,Cuyo,Partner,Business,119.0,Active,,0,,Low
1334,Cliente 1334,2024-09-12,B2C,Patagonia,Evento,Standard,39.0,Active,,0,,Low
1335,Cliente 1335,2025-08-18,B2C,Centro,Paid Social,Business,119.0,Churned,Precio,0,,No action
1336,Cliente 1336,2025-01-27,B2C,Cuyo,Paid Social,Basic,19.0,Active,,0,,Low
1337,Cliente 1337,2026-07-15,B2C,AMBA,Partner,Standard,39.0,Churned,Competencia,0,,No action
1338,Cliente 1338,2025-03-15,B2C,Cuyo,Paid Social,Standard,39.0,Active,,3,4.0,Medium
1339,Cliente 1339,2025-04-23,B2C,Patagonia,Orgánico,Standard,39.0,Active,,0,,Low
1340,Cliente 1340,2025-11-04,PyME,Centro,Partner,Business,119.0,Active,,0,,Low
1341,Cliente 1341,2025-03-11,B2C,NEA,Partner,Business,119.0,Churned,Funcionalidades,1,4.0,No action
1342,Cliente 1342,2024-09-01,PyME,Cuyo,Paid Social,Premium,69.0,Active,,3,3.0,Medium
1343,Cliente 1343,2025-11-19,B2C,Centro,Partner,Business,119.0,Churned,Funcionalidades,0,,No action
1344,Cliente 1344,2024-10-11,Emprendedor,Centro,Orgánico,Standard,39.0,Active,,2,5.0,Medium
1345,Cliente 1345,2024-05-19,Emprendedor,Patagonia,Referido,Premium,69.0,Active,,0,,Low
1346,Cliente 1346,2024-03-08,B2C,Cuyo,Paid Social,Business,119.0,Active,,2,1.5,Medium
1347,Cliente 1347,2026-06-07,Emprendedor,Patagonia,Referido,Standard,39.0,Churned,Soporte,3,2.0,No action
1348,Cliente 1348,2024-01-14,B2C,Patagonia,Orgánico,Premium,69.0,Active,,2,4.0,Medium
1349,Cliente 1349,2024-01-23,B2C,Cuyo,Referido,Standard,39.0,Active,,0,,Low
1350,Cliente 1350,2025-05-22,B2C,Centro,Partner,Business,119.0,Active,,0,,Low
1351,Cliente 1351,2026-07-18,B2C,AMBA,Paid Social,Basic,19.0,Active,,2,3.0,Medium
1352,Cliente 1352,2024-03-20,B2C,Centro,Orgánico,Basic,19.0,Churned,Precio,0,,No action
1353,Cliente 1353,2024-11-20,B2C,Centro,Orgánico,Standard,39.0,Active,,0,,Low
1354,Cliente 1354,2024-02-20,B2C,Cuyo,Paid Social,Standard,39.0,Active,,0,,Low
1355,Cliente 1355,2024-10-03,B2C,Cuyo,Partner,Business,119.0,Active,,1,3.0,Medium
1356,Cliente 1356,2026-02-17,Emprendedor,NOA,Evento,Standard,39.0,Active,,1,5.0,Low
1357,Cliente 1357,2025-10-19,B2C,Cuyo,Orgánico,Standard,39.0,Active,,0,,Low
1358,Cliente 1358,2024-01-21,PyME,NOA,Partner,Standard,39.0,Active,,0,,Low
1359,Cliente 1359,2024-05-23,B2C,NEA,Partner,Standard,39.0,Churned,Bajo uso,0,,No action
1360,Cliente 1360,2026-05-17,B2C,Centro,Partner,Standard,39.0,Churned,Bajo uso,2,4.5,No action
1361,Cliente 1361,2026-06-09,B2C,NEA,Orgánico,Standard,39.0,Churned,Bajo uso,0,,No action
1362,Cliente 1362,2024-04-19,PyME,AMBA,Referido,Standard,39.0,Active,,1,3.0,Medium
1363,Cliente 1363,2025-01-22,PyME,Cuyo,Orgánico,Standard,39.0,Active,,1,3.0,Medium
1364,Cliente 1364,2025-05-10,B2C,NOA,Paid Social,Premium,69.0,Active,,2,2.5,Medium
1365,Cliente 1365,2025-07-07,Emprendedor,Centro,Partner,Standard,39.0,Active,,0,,Low
1366,Cliente 1366,2024-02-04,B2C,Cuyo,Evento,Standard,39.0,Active,,0,,Low
1367,Cliente 1367,2024-09-06,B2C,NOA,Paid Social,Premium,69.0,Active,,2,4.0,Medium
1368,Cliente 1368,2024-06-05,Emprendedor,NOA,Referido,Premium,69.0,Active,,1,5.0,Low
1369,Cliente 1369,2026-01-22,B2C,Patagonia,Partner,Standard,39.0,Active,,0,,Low
1370,Cliente 1370,2024-06-17,B2C,AMBA,Referido,Basic,19.0,Active,,0,,Low
1371,Cliente 1371,2024-08-01,Emprendedor,NOA,Evento,Basic,19.0,Active,,1,4.0,Low
1372,Cliente 1372,2024-07-30,B2C,AMBA,Paid Social,Standard,39.0,Active,,1,5.0,Low
1373,Cliente 1373,2026-05-15,Emprendedor,AMBA,Partner,Basic,19.0,Active,,1,5.0,Low
1374,Cliente 1374,2024-11-21,B2C,NEA,Partner,Basic,19.0,Active,,2,3.0,Medium
1375,Cliente 1375,2024-06-01,B2C,NOA,Referido,Basic,19.0,Churned,Precio,2,2.0,No action
1376,Cliente 1376,2025-07-07,B2C,AMBA,Evento,Standard,39.0,Active,,0,,Low
1377,Cliente 1377,2025-09-19,PyME,NOA,Evento,Basic,19.0,Active,,0,,Low
1378,Cliente 1378,2023-10-27,B2C,Patagonia,Paid Social,Premium,69.0,Active,,3,4.0,Medium
1379,Cliente 1379,2026-01-14,B2C,NEA,Evento,Premium,69.0,Active,,1,4.0,Low
1380,Cliente 1380,2026-03-24,PyME,Patagonia,Referido,Basic,19.0,Active,,0,,Low
1381,Cliente 1381,2025-10-10,B2C,Cuyo,Referido,Basic,19.0,Active,,0,,Low
1382,Cliente 1382,2025-11-05,PyME,Centro,Orgánico,Basic,19.0,Active,,0,,Low
1383,Cliente 1383,2024-10-13,PyME,Cuyo,Referido,Premium,69.0,Active,,3,4.0,Medium
1384,Cliente 1384,2025-06-12,Emprendedor,NOA,Evento,Business,119.0,Active,,2,3.5,Medium
1385,Cliente 1385,2024-11-22,B2C,Patagonia,Referido,Premium,69.0,Active,,0,,Low
1386,Cliente 1386,2025-06-18,B2C,AMBA,Orgánico,Premium,69.0,Active,,0,,Low
1387,Cliente 1387,2025-04-09,B2C,Cuyo,Orgánico,Basic,19.0,Active,,2,3.5,Medium
1388,Cliente 1388,2026-03-30,B2C,AMBA,Orgánico,Standard,39.0,Active,,2,3.5,Medium
1389,Cliente 1389,2023-12-15,Emprendedor,NOA,Partner,Standard,39.0,Active,,2,4.5,Medium
1390,Cliente 1390,2024-04-18,PyME,NEA,Partner,Business,119.0,Active,,1,4.0,Low
1391,Cliente 1391,2026-06-22,B2C,AMBA,Paid Social,Standard,39.0,Active,,0,,Low
1392,Cliente 1392,2025-06-26,Emprendedor,Patagonia,Orgánico,Standard,39.0,Active,,3,4.67,Medium
1393,Cliente 1393,2025-11-17,B2C,NOA,Paid Social,Basic,19.0,Active,,0,,Low
1394,Cliente 1394,2024-03-12,PyME,NOA,Orgánico,Business,119.0,Active,,2,4.5,Medium
1395,Cliente 1395,2024-05-08,B2C,NOA,Referido,Basic,19.0,Active,,2,4.5,Medium
1396,Cliente 1396,2025-02-09,Emprendedor,AMBA,Evento,Basic,19.0,Active,,0,,Low
1397,Cliente 1397,2024-06-22,B2C,Cuyo,Evento,Basic,19.0,Active,,0,,Low
1398,Cliente 1398,2025-09-07,PyME,Cuyo,Partner,Standard,39.0,Active,,0,,Low
1399,Cliente 1399,2025-07-23,B2C,NEA,Partner,Premium,69.0,Active,,1,5.0,Low
1400,Cliente 1400,2025-05-31,B2C,AMBA,Evento,Basic,19.0,Active,,1,4.0,Low
1401,Cliente 1401,2025-03-13,B2C,Cuyo,Referido,Business,119.0,Active,,2,5.0,Medium
1402,Cliente 1402,2026-01-27,B2C,AMBA,Evento,Basic,19.0,Active,,2,4.0,Medium
1403,Cliente 1403,2026-08-02,Emprendedor,Patagonia,Orgánico,Premium,69.0,Churned,Soporte,1,3.0,No action
1404,Cliente 1404,2025-09-20,Emprendedor,NOA,Orgánico,Standard,39.0,Churned,Precio,0,,No action
1405,Cliente 1405,2025-06-27,B2C,AMBA,Referido,Premium,69.0,Active,,2,3.0,Medium
1406,Cliente 1406,2023-12-22,B2C,Patagonia,Orgánico,Basic,19.0,Active,,0,,Low
1407,Cliente 1407,2024-04-19,Emprendedor,NOA,Orgánico,Standard,39.0,Active,,1,4.0,Low
1408,Cliente 1408,2024-05-17,B2C,NOA,Partner,Standard,39.0,Active,,2,2.5,Medium
1409,Cliente 1409,2023-11-01,PyME,AMBA,Partner,Business,119.0,Active,,0,,Low
1410,Cliente 1410,2026-03-16,Emprendedor,Cuyo,Paid Social,Business,119.0,Active,,2,3.5,Medium
1411,Cliente 1411,2025-12-18,Emprendedor,Centro,Evento,Premium,69.0,Active,,1,5.0,Low
1412,Cliente 1412,2025-11-29,PyME,Cuyo,Partner,Premium,69.0,Active,,2,3.0,Medium
1413,Cliente 1413,2025-12-02,B2C,NOA,Referido,Premium,69.0,Active,,0,,Low
1414,Cliente 1414,2025-03-28,B2C,AMBA,Referido,Basic,19.0,Active,,2,3.5,Medium
1415,Cliente 1415,2024-10-22,B2C,NEA,Paid Social,Standard,39.0,Active,,0,,Low
1416,Cliente 1416,2025-09-08,B2C,Cuyo,Partner,Basic,19.0,Active,,0,,Low
1417,Cliente 1417,2026-03-09,B2C,NOA,Referido,Business,119.0,Active,,1,4.0,Low
1418,Cliente 1418,2026-07-03,B2C,Cuyo,Evento,Premium,69.0,Active,,1,2.0,Medium
1419,Cliente 1419,2024-11-16,B2C,NOA,Paid Social,Basic,19.0,Active,,0,,Low
1420,Cliente 1420,2026-03-07,PyME,AMBA,Referido,Basic,19.0,Active,,2,3.0,Medium
1421,Cliente 1421,2026-04-01,PyME,Cuyo,Evento,Basic,19.0,Active,,2,4.5,Medium
1422,Cliente 1422,2024-02-04,B2C,Cuyo,Partner,Business,119.0,Active,,1,5.0,Low
1423,Cliente 1423,2024-02-03,B2C,Centro,Referido,Basic,19.0,Active,,0,,Low
1424,Cliente 1424,2026-01-24,B2C,Cuyo,Orgánico,Premium,69.0,Active,,0,,Low
1425,Cliente 1425,2025-12-25,PyME,Cuyo,Orgánico,Basic,19.0,Active,,0,,Low
1426,Cliente 1426,2024-07-10,B2C,Cuyo,Evento,Premium,69.0,Active,,0,,Low
1427,Cliente 1427,2024-06-13,Emprendedor,Centro,Referido,Standard,39.0,Active,,1,4.0,Low
1428,Cliente 1428,2024-03-09,B2C,AMBA,Orgánico,Standard,39.0,Active,,1,5.0,Low
1429,Cliente 1429,2026-03-28,B2C,Patagonia,Partner,Premium,69.0,Active,,1,5.0,Low
1430,Cliente 1430,2025-04-09,Emprendedor,NEA,Partner,Premium,69.0,Active,,3,4.0,Medium
1431,Cliente 1431,2026-05-24,B2C,Centro,Partner,Premium,69.0,Active,,0,,Low
1432,Cliente 1432,2024-04-23,B2C,Cuyo,Partner,Standard,39.0,Active,,2,3.5,Medium
1433,Cliente 1433,2026-05-01,PyME,NOA,Partner,Premium,69.0,Active,,1,3.0,Medium
1434,Cliente 1434,2025-07-02,Emprendedor,NEA,Partner,Standard,39.0,Active,,0,,Low
1435,Cliente 1435,2024-11-02,PyME,Patagonia,Paid Social,Basic,19.0,Active,,3,4.0,Medium
1436,Cliente 1436,2025-10-09,PyME,Patagonia,Referido,Basic,19.0,Active,,3,3.33,Medium
1437,Cliente 1437,2026-05-22,Emprendedor,Patagonia,Partner,Premium,69.0,Active,,1,3.0,Medium
1438,Cliente 1438,2026-05-29,B2C,Patagonia,Evento,Basic,19.0,Active,,2,1.5,Medium
1439,Cliente 1439,2023-10-21,B2C,NEA,Paid Social,Basic,19.0,Active,,1,5.0,Low
1440,Cliente 1440,2025-10-13,B2C,Cuyo,Evento,Standard,39.0,Active,,1,4.0,Low
1441,Cliente 1441,2024-12-28,PyME,NEA,Orgánico,Premium,69.0,Active,,1,4.0,Low
1442,Cliente 1442,2024-07-16,B2C,NEA,Orgánico,Basic,19.0,Active,,0,,Low
1443,Cliente 1443,2023-10-27,B2C,AMBA,Evento,Standard,39.0,Active,,0,,Low
1444,Cliente 1444,2024-06-21,Emprendedor,Cuyo,Partner,Standard,39.0,Active,,2,5.0,Medium
1445,Cliente 1445,2023-12-01,B2C,NEA,Orgánico,Basic,19.0,Active,,1,5.0,Low
1446,Cliente 1446,2025-11-25,B2C,NOA,Evento,Basic,19.0,Active,,1,3.0,Medium
1447,Cliente 1447,2025-08-03,B2C,Cuyo,Referido,Standard,39.0,Active,,1,4.0,Low
1448,Cliente 1448,2025-02-24,B2C,Patagonia,Evento,Basic,19.0,Active,,3,4.0,Medium
1449,Cliente 1449,2025-05-14,Emprendedor,NEA,Paid Social,Premium,69.0,Active,,3,4.67,Medium
1450,Cliente 1450,2026-05-12,Emprendedor,NOA,Referido,Premium,69.0,Active,,2,5.0,Medium
1451,Cliente 1451,2024-05-09,PyME,Centro,Evento,Basic,19.0,Active,,3,3.33,Medium
1452,Cliente 1452,2024-03-06,B2C,Centro,Referido,Basic,19.0,Active,,0,,Low
1453,Cliente 1453,2026-05-24,PyME,Patagonia,Referido,Basic,19.0,Active,,2,5.0,Medium
1454,Cliente 1454,2025-06-07,Emprendedor,AMBA,Paid Social,Standard,39.0,Active,,0,,Low
1455,Cliente 1455,2024-03-25,PyME,Cuyo,Evento,Premium,69.0,Active,,1,4.0,Low
1456,Cliente 1456,2026-07-24,B2C,Patagonia,Paid Social,Premium,69.0,Churned,Bajo uso,0,,No action
1457,Cliente 1457,2025-05-22,Emprendedor,Cuyo,Referido,Standard,39.0,Active,,0,,Low
1458,Cliente 1458,2025-12-25,B2C,Cuyo,Paid Social,Basic,19.0,Active,,0,,Low
1459,Cliente 1459,2025-06-13,PyME,Patagonia,Referido,Standard,39.0,Active,,0,,Low
1460,Cliente 1460,2024-06-26,B2C,Cuyo,Partner,Basic,19.0,Churned,Precio,1,2.0,No action
1461,Cliente 1461,2025-01-31,B2C,Centro,Referido,Basic,19.0,Active,,1,2.0,Medium
1462,Cliente 1462,2024-02-10,Emprendedor,AMBA,Partner,Premium,69.0,Active,,1,5.0,Low
1463,Cliente 1463,2025-09-30,Emprendedor,Patagonia,Paid Social,Business,119.0,Active,,0,,Low
1464,Cliente 1464,2024-08-29,B2C,Cuyo,Partner,Premium,69.0,Active,,0,,Low
1465,Cliente 1465,2023-11-15,PyME,Patagonia,Orgánico,Basic,19.0,Active,,0,,Low
1466,Cliente 1466,2024-06-12,B2C,Patagonia,Paid Social,Basic,19.0,Active,,0,,Low
1467,Cliente 1467,2025-01-12,Emprendedor,AMBA,Paid Social,Basic,19.0,Active,,0,,Low
1468,Cliente 1468,2024-10-06,B2C,Centro,Partner,Premium,69.0,Active,,1,5.0,Low
1469,Cliente 1469,2025-04-21,PyME,AMBA,Referido,Standard,39.0,Active,,0,,Low
1470,Cliente 1470,2024-02-08,B2C,Centro,Orgánico,Premium,69.0,Active,,1,2.0,Medium
1471,Cliente 1471,2024-08-26,B2C,Patagonia,Partner,Basic,19.0,Active,,0,,Low
1472,Cliente 1472,2025-08-21,Emprendedor,Patagonia,Evento,Standard,39.0,Active,,2,4.5,Medium
1473,Cliente 1473,2026-04-15,B2C,NOA,Evento,Basic,19.0,Active,,2,2.0,Medium
1474,Cliente 1474,2023-12-17,B2C,NEA,Orgánico,Standard,39.0,Active,,2,3.5,Medium
1475,Cliente 1475,2026-06-16,B2C,Cuyo,Partner,Premium,69.0,Active,,0,,Low
1476,Cliente 1476,2025-02-27,B2C,NOA,Referido,Basic,19.0,Active,,0,,Low
1477,Cliente 1477,2024-01-10,B2C,Cuyo,Evento,Standard,39.0,Active,,3,3.33,Medium
1478,Cliente 1478,2026-02-25,B2C,Cuyo,Paid Social,Standard,39.0,Active,,1,4.0,Low
1479,Cliente 1479,2024-07-25,PyME,AMBA,Paid Social,Premium,69.0,Active,,2,2.5,Medium
1480,Cliente 1480,2025-12-24,B2C,Centro,Evento,Business,119.0,Active,,2,4.5,Medium
1481,Cliente 1481,2025-10-22,Emprendedor,NEA,Evento,Standard,39.0,Active,,0,,Low
1482,Cliente 1482,2024-07-05,B2C,Cuyo,Evento,Basic,19.0,Churned,Funcionalidades,0,,No action
1483,Cliente 1483,2024-10-02,Emprendedor,AMBA,Paid Social,Basic,19.0,Active,,0,,Low
1484,Cliente 1484,2023-11-27,B2C,Patagonia,Evento,Premium,69.0,Active,,1,4.0,Low
1485,Cliente 1485,2025-12-19,PyME,AMBA,Evento,Standard,39.0,Active,,1,4.0,Low
1486,Cliente 1486,2026-06-23,B2C,Centro,Orgánico,Premium,69.0,Active,,2,4.0,Medium
1487,Cliente 1487,2024-11-04,B2C,Centro,Paid Social,Premium,69.0,Active,,0,,Low
1488,Cliente 1488,2024-05-05,Emprendedor,NEA,Evento,Standard,39.0,Active,,1,5.0,Low
1489,Cliente 1489,2024-09-01,B2C,NEA,Referido,Basic,19.0,Active,,0,,Low
1490,Cliente 1490,2024-05-23,B2C,Patagonia,Paid Social,Business,119.0,Churned,Bajo uso,0,,No action
1491,Cliente 1491,2024-09-26,Emprendedor,Centro,Partner,Basic,19.0,Churned,Precio,0,,No action
1492,Cliente 1492,2024-07-30,B2C,Centro,Evento,Basic,19.0,Active,,3,3.67,Medium
1493,Cliente 1493,2025-06-19,PyME,Patagonia,Referido,Premium,69.0,Active,,1,4.0,Low
1494,Cliente 1494,2025-12-29,B2C,NEA,Paid Social,Standard,39.0,Churned,Bajo uso,4,3.0,No action
1495,Cliente 1495,2025-05-27,PyME,Centro,Orgánico,Basic,19.0,Churned,Funcionalidades,0,,No action
1496,Cliente 1496,2023-12-06,Emprendedor,AMBA,Paid Social,Standard,39.0,Active,,1,4.0,Low
1497,Cliente 1497,2026-06-14,B2C,NEA,Evento,Premium,69.0,Active,,0,,Low
1498,Cliente 1498,2023-12-27,B2C,AMBA,Referido,Premium,69.0,Active,,0,,Low
1499,Cliente 1499,2025-11-18,B2C,Patagonia,Evento,Standard,39.0,Active,,1,4.0,Low
1500,Cliente 1500,2026-03-12,B2C,Cuyo,Paid Social,Basic,19.0,Active,,1,5.0,Low
1501,Cliente 1501,2025-10-19,Emprendedor,NOA,Orgánico,Standard,39.0,Active,,0,,Low
1502,Cliente 1502,2023-11-13,B2C,Cuyo,Paid Social,Business,119.0,Active,,1,4.0,Low
1503,Cliente 1503,2026-04-03,Emprendedor,NEA,Partner,Basic,19.0,Active,,0,,Low
1504,Cliente 1504,2024-03-12,Emprendedor,Patagonia,Evento,Business,119.0,Active,,0,,Low
1505,Cliente 1505,2025-12-22,B2C,NOA,Referido,Basic,19.0,Active,,1,5.0,Low
1506,Cliente 1506,2025-06-27,Emprendedor,Centro,Referido,Basic,19.0,Active,,1,4.0,Low
1507,Cliente 1507,2024-01-20,B2C,AMBA,Orgánico,Basic,19.0,Active,,0,,Low
1508,Cliente 1508,2025-05-30,PyME,Centro,Partner,Basic,19.0,Active,,0,,Low
1509,Cliente 1509,2026-03-07,B2C,AMBA,Referido,Basic,19.0,Active,,0,,Low
1510,Cliente 1510,2026-01-20,B2C,NEA,Orgánico,Basic,19.0,Active,,1,2.0,Medium
1511,Cliente 1511,2023-10-19,B2C,Patagonia,Orgánico,Basic,19.0,Active,,2,4.5,Medium
1512,Cliente 1512,2024-05-05,B2C,NEA,Paid Social,Premium,69.0,Active,,0,,Low
1513,Cliente 1513,2024-01-11,B2C,Patagonia,Orgánico,Standard,39.0,Churned,Funcionalidades,3,2.0,No action
1514,Cliente 1514,2026-08-06,PyME,AMBA,Referido,Basic,19.0,Churned,Precio,4,3.5,No action
1515,Cliente 1515,2025-06-04,B2C,NOA,Evento,Basic,19.0,Active,,0,,Low
1516,Cliente 1516,2025-07-24,B2C,AMBA,Orgánico,Basic,19.0,Active,,3,4.33,Medium
1517,Cliente 1517,2024-09-29,B2C,Patagonia,Partner,Premium,69.0,Churned,Bajo uso,5,3.0,No action
1518,Cliente 1518,2024-08-07,PyME,AMBA,Referido,Basic,19.0,Active,,3,4.0,Medium
1519,Cliente 1519,2025-05-07,B2C,Cuyo,Evento,Premium,69.0,Active,,2,5.0,Medium
1520,Cliente 1520,2026-07-30,PyME,NEA,Partner,Standard,39.0,Churned,Soporte,1,3.0,No action
1521,Cliente 1521,2025-11-10,Emprendedor,NEA,Partner,Premium,69.0,Active,,0,,Low
1522,Cliente 1522,2026-06-19,PyME,Centro,Paid Social,Standard,39.0,Active,,0,,Low
1523,Cliente 1523,2026-04-25,B2C,Patagonia,Evento,Standard,39.0,Active,,0,,Low
1524,Cliente 1524,2024-07-09,PyME,NOA,Orgánico,Basic,19.0,Active,,0,,Low
1525,Cliente 1525,2025-09-08,B2C,NOA,Partner,Basic,19.0,Active,,0,,Low
1526,Cliente 1526,2026-03-19,B2C,NOA,Orgánico,Premium,69.0,Active,,2,4.5,Medium
1527,Cliente 1527,2024-11-05,B2C,NOA,Orgánico,Standard,39.0,Active,,2,4.0,Medium
1528,Cliente 1528,2024-10-06,B2C,Patagonia,Paid Social,Basic,19.0,Churned,Bajo uso,2,4.5,No action
1529,Cliente 1529,2024-10-16,PyME,AMBA,Orgánico,Standard,39.0,Active,,1,3.0,Medium
1530,Cliente 1530,2024-12-28,B2C,Cuyo,Partner,Standard,39.0,Active,,3,2.67,Medium
1531,Cliente 1531,2024-10-23,B2C,NOA,Evento,Basic,19.0,Churned,Funcionalidades,1,2.0,No action
1532,Cliente 1532,2023-12-10,PyME,AMBA,Referido,Business,119.0,Active,,2,3.5,Medium
1533,Cliente 1533,2024-08-18,PyME,AMBA,Partner,Basic,19.0,Active,,2,4.0,Medium
1534,Cliente 1534,2025-04-27,Emprendedor,NEA,Paid Social,Premium,69.0,Churned,Precio,5,2.8,No action
1535,Cliente 1535,2026-06-24,Emprendedor,Centro,Orgánico,Standard,39.0,Churned,Funcionalidades,4,3.5,No action
1536,Cliente 1536,2024-01-22,B2C,NEA,Evento,Basic,19.0,Active,,1,5.0,Low
1537,Cliente 1537,2024-02-06,B2C,NEA,Orgánico,Basic,19.0,Active,,0,,Low
1538,Cliente 1538,2026-03-18,Emprendedor,Patagonia,Partner,Standard,39.0,Active,,1,5.0,Low
1539,Cliente 1539,2025-04-27,Emprendedor,Centro,Paid Social,Standard,39.0,Active,,1,4.0,Low
1540,Cliente 1540,2026-04-05,B2C,Cuyo,Orgánico,Standard,39.0,Active,,0,,Low
1541,Cliente 1541,2024-08-24,PyME,Cuyo,Referido,Basic,19.0,Active,,3,3.67,Medium
1542,Cliente 1542,2024-06-11,B2C,Patagonia,Orgánico,Basic,19.0,Active,,0,,Low
1543,Cliente 1543,2025-03-25,PyME,Cuyo,Paid Social,Standard,39.0,Active,,2,2.5,Medium
1544,Cliente 1544,2025-03-19,Emprendedor,Cuyo,Partner,Basic,19.0,Active,,2,5.0,Medium
1545,Cliente 1545,2025-04-17,B2C,Cuyo,Paid Social,Basic,19.0,Active,,1,5.0,Low
1546,Cliente 1546,2024-09-27,B2C,NEA,Referido,Standard,39.0,Active,,1,4.0,Low
1547,Cliente 1547,2026-05-08,PyME,AMBA,Orgánico,Premium,69.0,Active,,0,,Low
1548,Cliente 1548,2024-06-11,PyME,Patagonia,Partner,Basic,19.0,Active,,0,,Low
1549,Cliente 1549,2024-07-08,PyME,Cuyo,Referido,Premium,69.0,Active,,1,3.0,Medium
1550,Cliente 1550,2025-09-30,B2C,Centro,Orgánico,Standard,39.0,Active,,3,4.67,Medium
1551,Cliente 1551,2025-01-07,B2C,Centro,Orgánico,Business,119.0,Active,,2,3.5,Medium
1552,Cliente 1552,2025-09-10,B2C,Patagonia,Referido,Basic,19.0,Active,,1,3.0,Medium
1553,Cliente 1553,2025-01-31,Emprendedor,AMBA,Paid Social,Standard,39.0,Active,,2,3.0,Medium
1554,Cliente 1554,2026-07-30,Emprendedor,NOA,Referido,Basic,19.0,Active,,0,,Low
1555,Cliente 1555,2024-08-29,PyME,Centro,Referido,Premium,69.0,Active,,0,,Low
1556,Cliente 1556,2023-10-21,Emprendedor,NEA,Evento,Basic,19.0,Active,,1,5.0,Low
1557,Cliente 1557,2025-05-10,B2C,Centro,Referido,Basic,19.0,Active,,0,,Low
1558,Cliente 1558,2025-05-20,PyME,NOA,Referido,Standard,39.0,Active,,1,5.0,Low
1559,Cliente 1559,2026-07-18,B2C,Patagonia,Partner,Premium,69.0,Active,,0,,Low
1560,Cliente 1560,2025-07-10,B2C,Cuyo,Partner,Standard,39.0,Active,,0,,Low
1561,Cliente 1561,2023-12-22,B2C,NOA,Referido,Standard,39.0,Active,,1,4.0,Low
1562,Cliente 1562,2024-04-07,B2C,Patagonia,Paid Social,Premium,69.0,Active,,1,4.0,Low
1563,Cliente 1563,2024-05-27,B2C,Cuyo,Paid Social,Business,119.0,Active,,1,2.0,Medium
1564,Cliente 1564,2024-02-26,B2C,NEA,Partner,Standard,39.0,Active,,1,4.0,Low
1565,Cliente 1565,2025-12-03,B2C,AMBA,Partner,Basic,19.0,Active,,0,,Low
1566,Cliente 1566,2023-10-29,B2C,NEA,Evento,Standard,39.0,Active,,2,3.5,Medium
1567,Cliente 1567,2026-01-26,PyME,Patagonia,Partner,Standard,39.0,Active,,1,4.0,Low
1568,Cliente 1568,2025-12-20,B2C,Cuyo,Orgánico,Standard,39.0,Active,,1,3.0,Medium
1569,Cliente 1569,2023-11-19,Emprendedor,Cuyo,Paid Social,Basic,19.0,Churned,Competencia,3,2.67,No action
1570,Cliente 1570,2026-06-28,B2C,AMBA,Orgánico,Premium,69.0,Active,,1,1.0,Medium
1571,Cliente 1571,2024-05-30,B2C,Centro,Partner,Basic,19.0,Active,,2,3.5,Medium
1572,Cliente 1572,2026-04-27,B2C,Centro,Paid Social,Basic,19.0,Active,,1,4.0,Low
1573,Cliente 1573,2023-11-23,Emprendedor,Centro,Orgánico,Business,119.0,Active,,2,3.5,Medium
1574,Cliente 1574,2024-09-15,B2C,Centro,Evento,Basic,19.0,Churned,Precio,1,4.0,No action
1575,Cliente 1575,2024-02-13,B2C,Patagonia,Orgánico,Standard,39.0,Active,,2,3.5,Medium
1576,Cliente 1576,2026-08-08,B2C,NEA,Paid Social,Basic,19.0,Active,,0,,Low
1577,Cliente 1577,2026-05-21,PyME,Patagonia,Evento,Standard,39.0,Active,,2,2.5,Medium
1578,Cliente 1578,2026-03-19,Emprendedor,Centro,Evento,Standard,39.0,Active,,1,5.0,Low
1579,Cliente 1579,2024-07-29,PyME,NEA,Partner,Basic,19.0,Active,,0,,Low
1580,Cliente 1580,2025-03-04,PyME,Centro,Partner,Basic,19.0,Active,,0,,Low
1581,Cliente 1581,2025-09-13,PyME,AMBA,Paid Social,Basic,19.0,Active,,1,4.0,Low
1582,Cliente 1582,2023-11-21,PyME,Centro,Evento,Business,119.0,Churned,Funcionalidades,0,,No action
1583,Cliente 1583,2025-04-14,B2C,AMBA,Evento,Premium,69.0,Active,,0,,Low
1584,Cliente 1584,2026-05-29,B2C,NOA,Paid Social,Premium,69.0,Active,,2,4.5,Medium
1585,Cliente 1585,2025-03-07,PyME,Centro,Referido,Standard,39.0,Active,,1,5.0,Low
1586,Cliente 1586,2025-01-04,PyME,Cuyo,Partner,Premium,69.0,Active,,3,4.33,Medium
1587,Cliente 1587,2026-09-09,Emprendedor,NOA,Paid Social,Basic,19.0,Active,,0,,Low
1588,Cliente 1588,2024-05-07,Emprendedor,Patagonia,Referido,Standard,39.0,Active,,3,3.33,Medium
1589,Cliente 1589,2024-05-25,Emprendedor,AMBA,Evento,Standard,39.0,Active,,0,,Low
1590,Cliente 1590,2025-05-18,B2C,Patagonia,Evento,Basic,19.0,Active,,0,,Low
1591,Cliente 1591,2025-06-20,Emprendedor,Patagonia,Paid Social,Premium,69.0,Active,,0,,Low
1592,Cliente 1592,2025-10-09,PyME,Cuyo,Partner,Premium,69.0,Active,,3,3.0,Medium
1593,Cliente 1593,2024-04-14,B2C,Cuyo,Evento,Standard,39.0,Active,,2,4.5,Medium
1594,Cliente 1594,2025-12-25,B2C,NEA,Referido,Standard,39.0,Active,,1,5.0,Low
1595,Cliente 1595,2025-03-20,B2C,Cuyo,Paid Social,Premium,69.0,Churned,Funcionalidades,0,,No action
1596,Cliente 1596,2025-12-22,B2C,NOA,Partner,Business,119.0,Active,,1,5.0,Low
1597,Cliente 1597,2026-02-05,PyME,Patagonia,Orgánico,Standard,39.0,Active,,1,4.0,Low
1598,Cliente 1598,2024-01-29,Emprendedor,Patagonia,Referido,Standard,39.0,Active,,1,3.0,Medium
1599,Cliente 1599,2025-03-07,B2C,Patagonia,Referido,Premium,69.0,Active,,0,,Low
1600,Cliente 1600,2024-03-03,B2C,AMBA,Paid Social,Business,119.0,Active,,1,5.0,Low
1601,Cliente 1601,2026-05-17,B2C,Patagonia,Orgánico,Premium,69.0,Active,,0,,Low
1602,Cliente 1602,2026-08-20,Emprendedor,Patagonia,Partner,Premium,69.0,Active,,1,4.0,Low
1603,Cliente 1603,2024-07-10,B2C,NEA,Orgánico,Standard,39.0,Active,,0,,Low
1604,Cliente 1604,2025-12-19,B2C,AMBA,Evento,Standard,39.0,Active,,3,3.67,Medium
1605,Cliente 1605,2025-03-17,Emprendedor,Centro,Paid Social,Basic,19.0,Active,,2,4.5,Medium
1606,Cliente 1606,2026-02-05,PyME,NOA,Orgánico,Basic,19.0,Active,,0,,Low
1607,Cliente 1607,2025-03-28,Emprendedor,Patagonia,Referido,Standard,39.0,Active,,3,3.0,Medium
1608,Cliente 1608,2025-12-05,Emprendedor,NOA,Evento,Premium,69.0,Active,,1,5.0,Low
1609,Cliente 1609,2026-08-11,PyME,NEA,Partner,Business,119.0,Active,,1,3.0,Medium
1610,Cliente 1610,2024-05-01,Emprendedor,Patagonia,Paid Social,Premium,69.0,Active,,3,5.0,Medium
1611,Cliente 1611,2026-01-31,B2C,NEA,Orgánico,Premium,69.0,Active,,0,,Low
1612,Cliente 1612,2025-05-04,B2C,Centro,Paid Social,Basic,19.0,Churned,Competencia,0,,No action
1613,Cliente 1613,2024-11-17,Emprendedor,NEA,Orgánico,Standard,39.0,Churned,Soporte,0,,No action
1614,Cliente 1614,2025-11-12,B2C,Patagonia,Evento,Basic,19.0,Active,,0,,Low
1615,Cliente 1615,2025-09-10,B2C,NOA,Referido,Standard,39.0,Active,,1,2.0,Medium
1616,Cliente 1616,2023-12-07,B2C,Patagonia,Partner,Basic,19.0,Active,,0,,Low
1617,Cliente 1617,2026-04-27,Emprendedor,Centro,Paid Social,Basic,19.0,Churned,Funcionalidades,0,,No action
1618,Cliente 1618,2025-12-16,B2C,Patagonia,Referido,Basic,19.0,Active,,2,3.0,Medium
1619,Cliente 1619,2026-02-04,B2C,NOA,Orgánico,Basic,19.0,Active,,0,,Low
1620,Cliente 1620,2025-05-28,B2C,NOA,Paid Social,Basic,19.0,Churned,Competencia,0,,No action
1621,Cliente 1621,2024-01-02,Emprendedor,NOA,Referido,Standard,39.0,Active,,1,4.0,Low
1622,Cliente 1622,2024-08-29,B2C,AMBA,Orgánico,Basic,19.0,Active,,3,4.33,Medium
1623,Cliente 1623,2026-01-03,B2C,NOA,Orgánico,Standard,39.0,Active,,3,3.33,Medium
1624,Cliente 1624,2024-08-02,PyME,Cuyo,Orgánico,Basic,19.0,Active,,0,,Low
1625,Cliente 1625,2025-06-18,B2C,NOA,Orgánico,Basic,19.0,Active,,0,,Low
1626,Cliente 1626,2025-10-26,B2C,NOA,Paid Social,Basic,19.0,Active,,2,4.0,Medium
1627,Cliente 1627,2025-02-09,B2C,AMBA,Paid Social,Standard,39.0,Active,,1,4.0,Low
1628,Cliente 1628,2025-11-15,Emprendedor,Patagonia,Evento,Basic,19.0,Active,,0,,Low
1629,Cliente 1629,2026-09-09,Emprendedor,NEA,Paid Social,Standard,39.0,Active,,1,3.0,Medium
1630,Cliente 1630,2024-05-13,B2C,NEA,Orgánico,Standard,39.0,Churned,Precio,4,3.0,No action
1631,Cliente 1631,2024-02-24,B2C,NOA,Partner,Standard,39.0,Active,,2,3.0,Medium
1632,Cliente 1632,2024-12-29,B2C,NEA,Referido,Basic,19.0,Active,,0,,Low
1633,Cliente 1633,2024-02-09,PyME,Cuyo,Referido,Premium,69.0,Active,,0,,Low
1634,Cliente 1634,2023-11-24,B2C,NOA,Evento,Standard,39.0,Active,,0,,Low
1635,Cliente 1635,2025-04-26,B2C,Centro,Referido,Basic,19.0,Active,,0,,Low
1636,Cliente 1636,2025-08-05,PyME,NEA,Evento,Basic,19.0,Active,,2,4.5,Medium
1637,Cliente 1637,2024-01-11,B2C,Centro,Orgánico,Basic,19.0,Active,,0,,Low
1638,Cliente 1638,2026-06-28,B2C,NEA,Evento,Premium,69.0,Active,,1,4.0,Low
1639,Cliente 1639,2024-06-01,B2C,Patagonia,Partner,Premium,69.0,Active,,0,,Low
1640,Cliente 1640,2026-06-17,B2C,Cuyo,Evento,Basic,19.0,Active,,0,,Low
1641,Cliente 1641,2026-08-09,B2C,AMBA,Orgánico,Standard,39.0,Churned,Competencia,2,3.0,No action
1642,Cliente 1642,2026-07-19,B2C,Patagonia,Paid Social,Basic,19.0,Active,,1,4.0,Low
1643,Cliente 1643,2024-04-18,PyME,AMBA,Evento,Business,119.0,Active,,2,4.0,Medium
1644,Cliente 1644,2024-11-03,Emprendedor,Centro,Paid Social,Premium,69.0,Active,,0,,Low
1645,Cliente 1645,2026-03-24,B2C,NOA,Orgánico,Basic,19.0,Active,,0,,Low
1646,Cliente 1646,2024-01-21,Emprendedor,Patagonia,Orgánico,Standard,39.0,Churned,Precio,3,3.0,No action
1647,Cliente 1647,2025-04-04,Emprendedor,Centro,Paid Social,Premium,69.0,Churned,Soporte,1,4.0,No action
1648,Cliente 1648,2026-09-13,B2C,NOA,Partner,Premium,69.0,Churned,Precio,0,,No action
1649,Cliente 1649,2024-10-08,Emprendedor,NOA,Orgánico,Business,119.0,Active,,0,,Low
1650,Cliente 1650,2024-02-21,PyME,NEA,Partner,Standard,39.0,Active,,2,3.0,Medium
1651,Cliente 1651,2024-05-01,Emprendedor,Patagonia,Partner,Basic,19.0,Active,,0,,Low
1652,Cliente 1652,2025-12-02,PyME,AMBA,Orgánico,Basic,19.0,Active,,0,,Low
1653,Cliente 1653,2024-01-12,PyME,NOA,Evento,Business,119.0,Active,,1,5.0,Low
1654,Cliente 1654,2024-02-01,B2C,AMBA,Paid Social,Standard,39.0,Active,,1,3.0,Medium
1655,Cliente 1655,2024-06-23,PyME,Patagonia,Referido,Basic,19.0,Active,,2,3.5,Medium
1656,Cliente 1656,2026-06-13,B2C,Cuyo,Paid Social,Standard,39.0,Active,,2,3.0,Medium
1657,Cliente 1657,2024-12-18,B2C,Patagonia,Orgánico,Basic,19.0,Active,,0,,Low
1658,Cliente 1658,2024-08-30,B2C,Patagonia,Orgánico,Standard,39.0,Churned,Competencia,4,3.5,No action
1659,Cliente 1659,2025-02-03,B2C,Cuyo,Paid Social,Standard,39.0,Active,,3,3.0,Medium
1660,Cliente 1660,2024-06-06,B2C,NOA,Referido,Premium,69.0,Churned,Competencia,0,,No action
1661,Cliente 1661,2025-03-20,B2C,AMBA,Evento,Basic,19.0,Active,,1,5.0,Low
1662,Cliente 1662,2024-11-05,B2C,NOA,Paid Social,Standard,39.0,Active,,2,4.5,Medium
1663,Cliente 1663,2024-01-31,B2C,Centro,Evento,Standard,39.0,Active,,0,,Low
1664,Cliente 1664,2025-06-07,B2C,Cuyo,Paid Social,Standard,39.0,Active,,1,4.0,Low
1665,Cliente 1665,2026-09-11,B2C,NEA,Orgánico,Standard,39.0,Active,,3,3.0,Medium
1666,Cliente 1666,2025-11-01,Emprendedor,AMBA,Referido,Premium,69.0,Active,,1,4.0,Low
1667,Cliente 1667,2024-10-28,B2C,AMBA,Evento,Basic,19.0,Active,,0,,Low
1668,Cliente 1668,2024-01-29,B2C,Patagonia,Partner,Premium,69.0,Active,,3,4.67,Medium
1669,Cliente 1669,2024-07-17,B2C,NEA,Orgánico,Standard,39.0,Active,,3,3.0,Medium
1670,Cliente 1670,2023-11-19,B2C,NEA,Orgánico,Basic,19.0,Churned,Soporte,0,,No action
1671,Cliente 1671,2025-06-20,Emprendedor,NEA,Paid Social,Basic,19.0,Active,,1,5.0,Low
1672,Cliente 1672,2025-01-08,B2C,AMBA,Evento,Standard,39.0,Active,,0,,Low
1673,Cliente 1673,2025-05-08,Emprendedor,Cuyo,Paid Social,Basic,19.0,Active,,1,5.0,Low
1674,Cliente 1674,2024-08-12,Emprendedor,Cuyo,Paid Social,Basic,19.0,Active,,1,4.0,Low
1675,Cliente 1675,2025-05-28,B2C,Cuyo,Orgánico,Basic,19.0,Active,,1,4.0,Low
1676,Cliente 1676,2023-10-26,Emprendedor,NEA,Orgánico,Standard,39.0,Active,,1,1.0,Medium
1677,Cliente 1677,2025-03-10,B2C,Patagonia,Orgánico,Basic,19.0,Active,,0,,Low
1678,Cliente 1678,2024-06-23,PyME,Patagonia,Paid Social,Basic,19.0,Active,,3,4.33,Medium
1679,Cliente 1679,2023-11-16,Emprendedor,Patagonia,Orgánico,Premium,69.0,Active,,0,,Low
1680,Cliente 1680,2023-12-17,Emprendedor,AMBA,Evento,Standard,39.0,Active,,0,,Low
1681,Cliente 1681,2025-01-06,Emprendedor,Centro,Partner,Basic,19.0,Active,,0,,Low
1682,Cliente 1682,2025-03-10,B2C,AMBA,Partner,Standard,39.0,Active,,1,4.0,Low
1683,Cliente 1683,2025-07-13,B2C,NOA,Partner,Premium,69.0,Active,,1,1.0,Medium
1684,Cliente 1684,2025-10-25,B2C,NEA,Evento,Standard,39.0,Active,,2,5.0,Medium
1685,Cliente 1685,2026-04-01,B2C,Patagonia,Paid Social,Standard,39.0,Active,,1,5.0,Low
1686,Cliente 1686,2024-04-30,Emprendedor,Cuyo,Evento,Premium,69.0,Active,,1,4.0,Low
1687,Cliente 1687,2024-04-03,Emprendedor,Cuyo,Referido,Basic,19.0,Active,,0,,Low
1688,Cliente 1688,2026-07-24,Emprendedor,Patagonia,Orgánico,Standard,39.0,Active,,2,4.0,Medium
1689,Cliente 1689,2024-12-02,Emprendedor,Centro,Referido,Standard,39.0,Active,,1,3.0,Medium
1690,Cliente 1690,2024-12-30,Emprendedor,NEA,Evento,Standard,39.0,Active,,1,5.0,Low
1691,Cliente 1691,2024-05-17,Emprendedor,NOA,Referido,Standard,39.0,Active,,1,4.0,Low
1692,Cliente 1692,2024-05-08,B2C,AMBA,Referido,Basic,19.0,Active,,0,,Low
1693,Cliente 1693,2026-08-19,PyME,NEA,Orgánico,Premium,69.0,Active,,2,5.0,Medium
1694,Cliente 1694,2024-10-16,B2C,AMBA,Orgánico,Basic,19.0,Active,,3,2.67,Medium
1695,Cliente 1695,2025-10-14,B2C,Cuyo,Orgánico,Standard,39.0,Active,,1,2.0,Medium
1696,Cliente 1696,2025-07-23,B2C,Patagonia,Referido,Basic,19.0,Active,,3,4.33,Medium
1697,Cliente 1697,2025-05-19,Emprendedor,Centro,Referido,Basic,19.0,Churned,Precio,0,,No action
1698,Cliente 1698,2024-08-20,B2C,Centro,Referido,Premium,69.0,Active,,2,3.5,Medium
1699,Cliente 1699,2026-03-12,PyME,NEA,Partner,Standard,39.0,Active,,3,4.33,Medium
1700,Cliente 1700,2024-04-17,B2C,AMBA,Paid Social,Business,119.0,Active,,2,4.0,Medium
1701,Cliente 1701,2024-01-25,B2C,Centro,Paid Social,Business,119.0,Active,,0,,Low
1702,Cliente 1702,2024-05-08,B2C,NOA,Paid Social,Standard,39.0,Active,,0,,Low
1703,Cliente 1703,2026-08-09,Emprendedor,Cuyo,Referido,Standard,39.0,Active,,0,,Low
1704,Cliente 1704,2026-09-08,B2C,NOA,Paid Social,Standard,39.0,Active,,0,,Low
1705,Cliente 1705,2025-10-20,B2C,NOA,Evento,Premium,69.0,Active,,0,,Low
1706,Cliente 1706,2025-10-09,PyME,AMBA,Paid Social,Premium,69.0,Active,,0,,Low
1707,Cliente 1707,2026-02-05,B2C,AMBA,Orgánico,Basic,19.0,Active,,1,4.0,Low
1708,Cliente 1708,2023-11-23,PyME,Cuyo,Partner,Basic,19.0,Active,,0,,Low
1709,Cliente 1709,2025-07-16,PyME,Cuyo,Referido,Premium,69.0,Active,,1,4.0,Low
1710,Cliente 1710,2024-06-24,Emprendedor,AMBA,Orgánico,Standard,39.0,Active,,0,,Low
1711,Cliente 1711,2025-03-26,B2C,Cuyo,Evento,Standard,39.0,Active,,3,3.0,Medium
1712,Cliente 1712,2024-11-03,B2C,Patagonia,Orgánico,Basic,19.0,Active,,1,4.0,Low
1713,Cliente 1713,2024-11-14,B2C,AMBA,Partner,Standard,39.0,Active,,2,5.0,Medium
1714,Cliente 1714,2024-03-30,B2C,Centro,Partner,Basic,19.0,Active,,2,4.0,Medium
1715,Cliente 1715,2024-12-23,B2C,Patagonia,Partner,Standard,39.0,Active,,1,5.0,Low
1716,Cliente 1716,2024-06-13,Emprendedor,AMBA,Paid Social,Standard,39.0,Active,,2,4.0,Medium
1717,Cliente 1717,2025-11-21,PyME,Cuyo,Orgánico,Standard,39.0,Active,,0,,Low
1718,Cliente 1718,2024-12-16,B2C,Centro,Partner,Standard,39.0,Active,,1,4.0,Low
1719,Cliente 1719,2026-07-05,Emprendedor,Centro,Orgánico,Basic,19.0,Active,,2,5.0,Medium
1720,Cliente 1720,2025-01-28,PyME,Cuyo,Referido,Standard,39.0,Active,,0,,Low
1721,Cliente 1721,2024-08-18,B2C,Patagonia,Paid Social,Basic,19.0,Active,,0,,Low
1722,Cliente 1722,2026-03-09,B2C,Centro,Partner,Basic,19.0,Active,,1,2.0,Medium
1723,Cliente 1723,2024-10-09,B2C,Centro,Orgánico,Standard,39.0,Active,,2,5.0,Medium
1724,Cliente 1724,2025-04-17,B2C,Patagonia,Referido,Basic,19.0,Active,,0,,Low
1725,Cliente 1725,2025-07-27,B2C,NEA,Partner,Premium,69.0,Active,,0,,Low
1726,Cliente 1726,2026-07-05,Emprendedor,Centro,Paid Social,Standard,39.0,Active,,1,4.0,Low
1727,Cliente 1727,2025-09-15,B2C,AMBA,Referido,Premium,69.0,Active,,1,5.0,Low
1728,Cliente 1728,2024-10-22,B2C,Cuyo,Orgánico,Standard,39.0,Active,,0,,Low
1729,Cliente 1729,2024-01-20,B2C,Cuyo,Referido,Business,119.0,Active,,0,,Low
1730,Cliente 1730,2026-01-29,Emprendedor,Patagonia,Evento,Basic,19.0,Active,,2,4.0,Medium
1731,Cliente 1731,2025-12-27,B2C,Cuyo,Evento,Standard,39.0,Active,,0,,Low
1732,Cliente 1732,2026-04-04,PyME,AMBA,Referido,Standard,39.0,Active,,0,,Low
1733,Cliente 1733,2023-10-20,B2C,AMBA,Evento,Basic,19.0,Active,,0,,Low
1734,Cliente 1734,2025-04-20,PyME,NOA,Referido,Standard,39.0,Active,,3,4.33,Medium
1735,Cliente 1735,2026-09-08,Emprendedor,Centro,Orgánico,Basic,19.0,Active,,0,,Low
1736,Cliente 1736,2026-04-15,B2C,Patagonia,Paid Social,Standard,39.0,Active,,2,3.5,Medium
1737,Cliente 1737,2024-08-04,PyME,NOA,Referido,Premium,69.0,Active,,0,,Low
1738,Cliente 1738,2025-03-28,PyME,NEA,Paid Social,Premium,69.0,Active,,3,3.67,Medium
1739,Cliente 1739,2025-06-14,B2C,NEA,Orgánico,Standard,39.0,Active,,0,,Low
1740,Cliente 1740,2025-07-22,B2C,NEA,Paid Social,Standard,39.0,Active,,1,2.0,Medium
1741,Cliente 1741,2025-08-19,B2C,Centro,Paid Social,Standard,39.0,Active,,0,,Low
1742,Cliente 1742,2024-05-31,Emprendedor,Cuyo,Partner,Basic,19.0,Active,,0,,Low
1743,Cliente 1743,2026-03-31,B2C,Patagonia,Referido,Standard,39.0,Churned,Competencia,3,3.33,No action
1744,Cliente 1744,2025-06-27,Emprendedor,NOA,Partner,Business,119.0,Churned,Soporte,4,3.5,No action
1745,Cliente 1745,2026-02-12,B2C,Patagonia,Evento,Premium,69.0,Active,,2,4.5,Medium
1746,Cliente 1746,2024-05-02,B2C,NEA,Partner,Basic,19.0,Active,,0,,Low
1747,Cliente 1747,2026-06-05,B2C,AMBA,Evento,Basic,19.0,Active,,1,5.0,Low
1748,Cliente 1748,2025-10-24,Emprendedor,Patagonia,Partner,Basic,19.0,Active,,2,4.0,Medium
1749,Cliente 1749,2024-02-18,B2C,Centro,Referido,Basic,19.0,Active,,2,5.0,Medium
1750,Cliente 1750,2025-05-10,Emprendedor,NEA,Referido,Basic,19.0,Active,,2,3.5,Medium
1751,Cliente 1751,2024-10-27,B2C,NOA,Orgánico,Premium,69.0,Active,,3,3.67,Medium
1752,Cliente 1752,2023-12-20,PyME,Patagonia,Paid Social,Standard,39.0,Active,,0,,Low
1753,Cliente 1753,2024-08-08,PyME,Patagonia,Evento,Basic,19.0,Active,,0,,Low
1754,Cliente 1754,2026-09-07,B2C,Patagonia,Paid Social,Basic,19.0,Active,,2,5.0,Medium
1755,Cliente 1755,2026-05-16,PyME,Centro,Partner,Standard,39.0,Active,,0,,Low
1756,Cliente 1756,2024-11-26,Emprendedor,Cuyo,Referido,Premium,69.0,Active,,1,3.0,Medium
1757,Cliente 1757,2024-11-06,PyME,AMBA,Partner,Basic,19.0,Active,,1,4.0,Low
1758,Cliente 1758,2026-03-23,PyME,AMBA,Orgánico,Basic,19.0,Active,,0,,Low
1759,Cliente 1759,2024-07-28,B2C,NOA,Referido,Standard,39.0,Churned,Bajo uso,0,,No action
1760,Cliente 1760,2024-04-26,B2C,Cuyo,Partner,Standard,39.0,Active,,0,,Low
1761,Cliente 1761,2024-11-23,Emprendedor,NEA,Evento,Basic,19.0,Active,,0,,Low
1762,Cliente 1762,2026-09-09,PyME,NOA,Orgánico,Premium,69.0,Active,,2,4.0,Medium
1763,Cliente 1763,2024-02-17,Emprendedor,NOA,Partner,Premium,69.0,Active,,2,3.0,Medium
1764,Cliente 1764,2026-06-21,B2C,Patagonia,Paid Social,Basic,19.0,Active,,1,3.0,Medium
1765,Cliente 1765,2026-06-13,B2C,NEA,Referido,Basic,19.0,Churned,Precio,0,,No action
1766,Cliente 1766,2026-06-24,Emprendedor,Centro,Partner,Premium,69.0,Churned,Funcionalidades,4,2.75,No action
1767,Cliente 1767,2026-06-10,B2C,NOA,Referido,Standard,39.0,Active,,0,,Low
1768,Cliente 1768,2025-01-23,PyME,Patagonia,Partner,Basic,19.0,Active,,0,,Low
1769,Cliente 1769,2026-05-06,B2C,Centro,Evento,Basic,19.0,Active,,1,3.0,Medium
1770,Cliente 1770,2025-05-31,B2C,Patagonia,Paid Social,Basic,19.0,Active,,0,,Low
1771,Cliente 1771,2024-09-04,B2C,NEA,Orgánico,Business,119.0,Active,,1,5.0,Low
1772,Cliente 1772,2023-11-28,B2C,Patagonia,Evento,Premium,69.0,Active,,0,,Low
1773,Cliente 1773,2025-01-23,PyME,NOA,Orgánico,Basic,19.0,Active,,0,,Low
1774,Cliente 1774,2025-05-07,PyME,NOA,Partner,Basic,19.0,Active,,1,2.0,Medium
1775,Cliente 1775,2025-05-24,PyME,Patagonia,Evento,Premium,69.0,Active,,3,3.33,Medium
1776,Cliente 1776,2024-02-01,B2C,Centro,Orgánico,Basic,19.0,Active,,0,,Low
1777,Cliente 1777,2025-01-01,B2C,AMBA,Partner,Basic,19.0,Active,,2,3.5,Medium
1778,Cliente 1778,2023-10-22,PyME,NOA,Evento,Basic,19.0,Churned,Funcionalidades,0,,No action
1779,Cliente 1779,2026-02-26,B2C,NEA,Orgánico,Standard,39.0,Active,,1,5.0,Low
1780,Cliente 1780,2026-06-10,Emprendedor,NEA,Paid Social,Standard,39.0,Active,,1,4.0,Low
1781,Cliente 1781,2024-06-30,B2C,Centro,Partner,Standard,39.0,Active,,1,4.0,Low
1782,Cliente 1782,2026-06-11,Emprendedor,NOA,Orgánico,Standard,39.0,Active,,2,3.0,Medium
1783,Cliente 1783,2026-07-31,B2C,Patagonia,Evento,Premium,69.0,Churned,Precio,3,3.67,No action
1784,Cliente 1784,2025-09-09,B2C,Centro,Partner,Basic,19.0,Active,,1,4.0,Low
1785,Cliente 1785,2025-09-23,PyME,NOA,Referido,Basic,19.0,Active,,0,,Low
1786,Cliente 1786,2024-04-08,B2C,Centro,Referido,Basic,19.0,Active,,0,,Low
1787,Cliente 1787,2026-02-26,Emprendedor,AMBA,Partner,Basic,19.0,Active,,2,5.0,Medium
1788,Cliente 1788,2026-07-02,Emprendedor,Cuyo,Evento,Standard,39.0,Churned,Bajo uso,1,2.0,No action
1789,Cliente 1789,2023-11-21,Emprendedor,Centro,Partner,Standard,39.0,Active,,1,4.0,Low
1790,Cliente 1790,2024-12-27,B2C,AMBA,Orgánico,Basic,19.0,Active,,2,4.5,Medium
1791,Cliente 1791,2025-08-03,B2C,Centro,Paid Social,Premium,69.0,Active,,2,5.0,Medium
1792,Cliente 1792,2025-11-15,Emprendedor,AMBA,Evento,Premium,69.0,Active,,0,,Low
1793,Cliente 1793,2025-09-03,PyME,Patagonia,Evento,Standard,39.0,Active,,1,5.0,Low
1794,Cliente 1794,2024-04-16,B2C,AMBA,Referido,Basic,19.0,Active,,0,,Low
1795,Cliente 1795,2023-11-07,Emprendedor,AMBA,Partner,Premium,69.0,Churned,Bajo uso,2,4.0,No action
1796,Cliente 1796,2025-07-07,B2C,AMBA,Referido,Standard,39.0,Active,,0,,Low
1797,Cliente 1797,2023-11-12,B2C,Patagonia,Orgánico,Premium,69.0,Active,,2,2.5,Medium
1798,Cliente 1798,2024-08-14,PyME,Centro,Partner,Business,119.0,Active,,0,,Low
1799,Cliente 1799,2024-11-11,Emprendedor,Patagonia,Referido,Basic,19.0,Active,,0,,Low
1800,Cliente 1800,2024-08-17,B2C,Patagonia,Evento,Standard,39.0,Active,,1,5.0,Low
