customer_id,signup_date,churn_date,contract_type,payment_method,service_category,region,customer_segment,monthly_charge_usd,avg_discount_pct,support_tickets_90d,late_payments_12m,auto_pay,satisfaction_score
C00001,2022-01-01,,Anual,Cheque electrónico,Internet estándar,Cuyo,Profesional,46.12,0.0286,1,1,No,4
C00002,2022-01-01,,Anual,Tarjeta automática,Internet fibra,Cuyo,Hogar,68.7,0.0294,0,0,Sí,5
C00003,2022-01-01,2023-05-13,Mes a mes,Débito automático,Internet fibra,NOA,Hogar,67.06,0.0188,0,0,Sí,5
C00004,2022-01-02,,Anual,Tarjeta automática,Telefonía móvil,Patagonia,Hogar,34.63,0.0747,0,0,Sí,5
C00005,2022-01-02,,Mes a mes,Tarjeta automática,Internet estándar,NOA,Hogar,52.3,0.0147,0,1,Sí,3
C00006,2022-01-02,,Anual,Transferencia,Internet fibra,Patagonia,Hogar,83.95,0.0135,1,0,No,3
C00007,2022-01-02,,Anual,Tarjeta automática,Internet estándar,Cuyo,Hogar,37.93,0.0494,0,0,Sí,2
C00008,2022-01-03,2022-07-13,Mes a mes,Débito automático,Telefonía móvil,Patagonia,Profesional,51.31,0.0259,0,0,Sí,4
C00009,2022-01-03,2024-06-02,Mes a mes,Transferencia,Internet estándar,Litoral,Hogar,60.92,0.0315,0,0,No,5
C00010,2022-01-03,,Anual,Tarjeta automática,Internet estándar,Patagonia,Profesional,85.76,0.0529,2,0,Sí,3
C00011,2022-01-03,,Mes a mes,Débito automático,Internet fibra,Centro,PyME,146.82,0.0185,1,0,Sí,4
C00012,2022-01-04,,Dos años,Transferencia,Internet fibra,Centro,Hogar,59.89,0.041,1,0,No,5
C00013,2022-01-04,,Anual,Cheque electrónico,Telefonía móvil,Centro,PyME,110.08,0.0787,1,1,No,3
C00014,2022-01-05,,Anual,Tarjeta automática,Telefonía móvil,Centro,Hogar,62.39,0.0434,0,0,Sí,4
C00015,2022-01-05,2024-07-04,Mes a mes,Cheque electrónico,Internet estándar,NOA,Hogar,30.34,0.0737,2,3,No,3
C00016,2022-01-05,2022-06-12,Anual,Cheque electrónico,Telefonía móvil,NOA,PyME,108.91,0.0566,0,3,No,2
C00017,2022-01-05,,Dos años,Transferencia,Internet estándar,AMBA,Profesional,69.48,0.1075,0,1,No,4
C00018,2022-01-05,2022-05-01,Mes a mes,Débito automático,Telefonía móvil,Litoral,Hogar,38.4,0.0641,1,1,Sí,3
C00019,2022-01-06,2025-08-15,Mes a mes,Transferencia,Internet fibra,NOA,Hogar,79.17,0.1503,1,0,No,3
C00020,2022-01-06,2022-02-12,Mes a mes,Cheque electrónico,Internet estándar,Patagonia,Hogar,53.88,0.1499,1,5,No,1
C00021,2022-01-07,2022-03-15,Mes a mes,Tarjeta automática,Telefonía móvil,Litoral,PyME,109.73,0.0632,3,0,Sí,2
C00022,2022-01-07,,Anual,Cheque electrónico,Telefonía móvil,Litoral,Hogar,54.17,0.1141,1,0,No,3
C00023,2022-01-07,2022-09-01,Mes a mes,Cheque electrónico,Streaming,Centro,Hogar,18.0,0.0576,3,2,No,2
C00024,2022-01-07,,Anual,Débito automático,Streaming,NOA,Hogar,21.86,0.0247,2,0,Sí,4
C00025,2022-01-07,2024-02-27,Mes a mes,Transferencia,Telefonía móvil,AMBA,Hogar,43.03,0.025,0,1,No,5
C00026,2022-01-07,,Mes a mes,Débito automático,Streaming,NOA,Hogar,46.29,0.0304,0,0,Sí,5
C00027,2022-01-07,2023-03-27,Mes a mes,Transferencia,Internet fibra,NOA,Hogar,48.0,0.0435,0,0,No,5
C00028,2022-01-07,2022-05-20,Dos años,Cheque electrónico,Internet estándar,Centro,Hogar,42.28,0.0805,6,2,No,1
C00029,2022-01-07,,Anual,Tarjeta automática,Streaming,Litoral,Hogar,18.0,0.0794,0,0,Sí,5
C00030,2022-01-08,,Mes a mes,Tarjeta automática,Streaming,NOA,Hogar,18.0,0.0115,2,1,Sí,2
C00031,2022-01-08,,Anual,Débito automático,Telefonía móvil,Cuyo,Hogar,52.84,0.063,2,1,Sí,4
C00032,2022-01-08,2022-11-16,Mes a mes,Cheque electrónico,Internet estándar,Centro,Hogar,43.15,0.0308,3,1,No,4
C00033,2022-01-08,2022-05-02,Mes a mes,Débito automático,Internet fibra,AMBA,Profesional,70.33,0.0545,1,0,Sí,5
C00034,2022-01-08,2023-07-19,Mes a mes,Cheque electrónico,Internet fibra,Cuyo,Hogar,76.26,0.0342,0,1,No,5
C00035,2022-01-08,,Dos años,Débito automático,Telefonía móvil,Centro,Hogar,64.39,0.0474,0,0,Sí,3
C00036,2022-01-09,,Anual,Tarjeta automática,Internet fibra,NOA,Hogar,58.13,0.0852,0,0,Sí,4
C00037,2022-01-10,,Anual,Cheque electrónico,Telefonía móvil,NOA,Hogar,47.86,0.1,0,2,No,4
C00038,2022-01-10,,Mes a mes,Débito automático,Internet fibra,Centro,Profesional,113.24,0.0132,2,1,Sí,4
C00039,2022-01-10,2023-09-05,Mes a mes,Débito automático,Internet estándar,Centro,Profesional,66.46,0.071,3,0,Sí,2
C00040,2022-01-10,,Anual,Tarjeta automática,Telefonía móvil,Centro,Hogar,63.21,0.0633,2,1,Sí,3
C00041,2022-01-11,,Mes a mes,Tarjeta automática,Internet estándar,Cuyo,Hogar,41.74,0.0375,0,0,Sí,5
C00042,2022-01-11,,Dos años,Tarjeta automática,Telefonía móvil,Patagonia,Hogar,57.91,0.0313,1,0,Sí,4
C00043,2022-01-11,,Anual,Débito automático,Internet fibra,AMBA,Profesional,109.31,0.0286,1,0,Sí,2
C00044,2022-01-11,2025-09-25,Mes a mes,Transferencia,Internet estándar,NOA,Hogar,48.64,0.1503,3,0,No,2
C00045,2022-01-11,,Anual,Tarjeta automática,Streaming,Patagonia,PyME,67.64,0.0362,3,0,Sí,2
C00046,2022-01-11,,Dos años,Tarjeta automática,Telefonía móvil,AMBA,Hogar,30.98,0.0913,1,0,Sí,3
C00047,2022-01-12,2022-11-09,Mes a mes,Tarjeta automática,Internet fibra,Centro,PyME,107.21,0.056,1,3,Sí,3
C00048,2022-01-12,,Anual,Débito automático,Internet estándar,Patagonia,Hogar,55.54,0.0465,0,0,Sí,5
C00049,2022-01-12,2022-04-18,Dos años,Cheque electrónico,Streaming,Litoral,Hogar,34.22,0.0229,2,2,No,4
C00050,2022-01-12,,Mes a mes,Débito automático,Telefonía móvil,Litoral,Hogar,42.87,0.0435,0,0,Sí,5
C00051,2022-01-12,,Dos años,Tarjeta automática,Telefonía móvil,AMBA,Hogar,40.65,0.038,0,0,Sí,4
C00052,2022-01-13,2022-01-02,Mes a mes,Débito automático,Telefonía móvil,Cuyo,PyME,111.93,0.0846,0,0,Sí,4
C00053,2022-01-13,,Anual,Cheque electrónico,Internet estándar,Litoral,Hogar,52.28,0.0422,0,2,No,4
C00054,2022-01-13,,Anual,Cheque electrónico,Internet estándar,Patagonia,Hogar,42.9,0.1014,0,1,No,5
C00055,2022-01-13,2022-03-22,Anual,Cheque electrónico,Telefonía móvil,Cuyo,PyME,98.62,0.0718,0,2,No,4
C00056,2022-01-14,2022-12-11,Mes a mes,Cheque electrónico,Telefonía móvil,Litoral,Hogar,64.52,0.0964,1,1,No,4
C00057,2022-01-14,,Anual,Transferencia,Telefonía móvil,Centro,Hogar,48.84,0.1235,4,1,No,1
C00058,2022-01-14,,Mes a mes,Cheque electrónico,Telefonía móvil,Patagonia,Hogar,37.71,0.0525,0,0,No,5
C00059,2022-01-15,2024-11-16,Mes a mes,Tarjeta automática,Telefonía móvil,Patagonia,Hogar,41.51,0.1523,1,0,Sí,3
C00060,2022-01-15,2022-06-09,Mes a mes,Cheque electrónico,Internet fibra,Patagonia,PyME,138.1,0.0861,1,2,No,4
C00061,2022-01-15,2023-10-10,Anual,Cheque electrónico,Internet fibra,Patagonia,Hogar,73.37,0.043,6,0,No,1
C00062,2022-01-16,2022-05-20,Mes a mes,Cheque electrónico,Telefonía móvil,NOA,Profesional,54.4,0.0562,5,1,No,1
C00063,2022-01-16,2023-12-01,Mes a mes,Débito automático,Internet estándar,NOA,Hogar,48.88,0.1478,3,1,Sí,4
C00064,2022-01-16,2022-02-15,Dos años,Cheque electrónico,Internet fibra,Patagonia,Hogar,94.71,0.0861,4,2,No,2
C00065,2022-01-16,2023-05-25,Mes a mes,Tarjeta automática,Internet estándar,Cuyo,Profesional,75.7,0.0615,2,1,Sí,4
C00066,2022-01-17,2025-10-03,Mes a mes,Transferencia,Streaming,AMBA,Profesional,42.5,0.0583,0,0,No,3
C00067,2022-01-18,2022-06-26,Mes a mes,Débito automático,Telefonía móvil,AMBA,Hogar,51.56,0.074,1,0,Sí,5
C00068,2022-01-18,2023-11-21,Mes a mes,Transferencia,Telefonía móvil,Patagonia,Hogar,42.09,0.0854,2,0,No,4
C00069,2022-01-18,,Anual,Transferencia,Internet fibra,NOA,Hogar,81.79,0.0549,0,1,No,4
C00070,2022-01-18,2022-03-10,Mes a mes,Débito automático,Internet estándar,Litoral,Profesional,69.79,0.0906,6,0,Sí,1
C00071,2022-01-18,2023-07-18,Mes a mes,Tarjeta automática,Internet fibra,Patagonia,Hogar,54.79,0.0678,2,0,Sí,3
C00072,2022-01-18,,Dos años,Débito automático,Telefonía móvil,AMBA,Hogar,18.0,0.1142,0,0,Sí,4
C00073,2022-01-18,,Anual,Transferencia,Internet fibra,Litoral,Hogar,80.49,0.0813,2,0,No,3
C00074,2022-01-20,,Anual,Transferencia,Streaming,Litoral,Profesional,37.62,0.1001,1,0,No,3
C00075,2022-01-20,2022-04-06,Dos años,Transferencia,Internet estándar,AMBA,Hogar,30.97,0.043,1,0,No,4
C00076,2022-01-20,,Dos años,Tarjeta automática,Streaming,Patagonia,Hogar,19.96,0.059,0,0,Sí,5
C00077,2022-01-21,2023-05-09,Mes a mes,Cheque electrónico,Internet estándar,Cuyo,Profesional,77.17,0.037,0,2,No,4
C00078,2022-01-21,,Anual,Transferencia,Streaming,Centro,Hogar,32.94,0.004,1,1,No,3
C00079,2022-01-21,,Anual,Tarjeta automática,Streaming,Patagonia,Hogar,37.49,0.0817,0,0,Sí,3
C00080,2022-01-21,,Mes a mes,Débito automático,Internet fibra,Cuyo,Hogar,82.98,0.031,1,0,Sí,4
C00081,2022-01-22,2022-09-15,Mes a mes,Débito automático,Internet estándar,Litoral,Hogar,38.89,0.0532,5,0,Sí,1
C00082,2022-01-23,2022-01-08,Mes a mes,Débito automático,Internet estándar,Litoral,PyME,112.54,0.069,2,0,Sí,3
C00083,2022-01-23,,Anual,Tarjeta automática,Internet estándar,Litoral,Hogar,55.44,0.0672,0,0,Sí,5
C00084,2022-01-23,2022-03-25,Anual,Tarjeta automática,Telefonía móvil,Cuyo,Hogar,40.71,0.0181,1,0,Sí,2
C00085,2022-01-24,,Anual,Tarjeta automática,Internet estándar,Patagonia,Hogar,49.65,0.0386,1,0,Sí,4
C00086,2022-01-24,,Mes a mes,Tarjeta automática,Telefonía móvil,NOA,Hogar,50.72,0.0288,1,0,Sí,4
C00087,2022-01-24,2023-07-13,Mes a mes,Tarjeta automática,Internet fibra,Cuyo,Hogar,69.76,0.0179,3,0,Sí,1
C00088,2022-01-25,2022-01-16,Mes a mes,Cheque electrónico,Telefonía móvil,Centro,Profesional,71.97,0.0895,2,3,No,2
C00089,2022-01-25,2022-01-05,Mes a mes,Débito automático,Internet fibra,Centro,Hogar,84.22,0.0564,2,1,Sí,2
C00090,2022-01-25,,Dos años,Débito automático,Internet estándar,Patagonia,Hogar,49.02,0.1336,0,1,Sí,5
C00091,2022-01-25,2023-02-13,Dos años,Transferencia,Internet estándar,Centro,Hogar,65.84,0.0613,3,0,No,2
C00092,2022-01-26,,Dos años,Débito automático,Streaming,Patagonia,PyME,69.76,0.0686,1,0,Sí,3
C00093,2022-01-26,2023-06-14,Dos años,Tarjeta automática,Internet fibra,Litoral,Profesional,90.94,0.0519,2,0,Sí,4
C00094,2022-01-26,,Dos años,Tarjeta automática,Telefonía móvil,Cuyo,Hogar,34.5,0.1041,1,0,Sí,4
C00095,2022-01-26,,Mes a mes,Tarjeta automática,Internet estándar,AMBA,Hogar,52.94,0.0547,0,0,Sí,5
C00096,2022-01-26,2023-06-17,Mes a mes,Transferencia,Telefonía móvil,Litoral,PyME,110.01,0.023,0,0,No,5
C00097,2022-01-27,,Mes a mes,Débito automático,Streaming,Patagonia,PyME,73.19,0.0268,2,0,Sí,4
C00098,2022-01-27,,Mes a mes,Débito automático,Streaming,AMBA,Hogar,65.36,0.0284,0,1,Sí,5
C00099,2022-01-27,2023-04-11,Mes a mes,Débito automático,Telefonía móvil,Patagonia,Profesional,52.71,0.0332,0,0,Sí,5
C00100,2022-01-28,2025-12-01,Mes a mes,Cheque electrónico,Internet fibra,Centro,PyME,136.97,0.155,0,1,No,1
C00101,2022-01-28,,Dos años,Débito automático,Streaming,Cuyo,Hogar,29.03,0.0811,4,0,Sí,3
C00102,2022-01-29,2023-03-20,Mes a mes,Débito automático,Internet estándar,Litoral,Hogar,49.51,0.0368,3,0,Sí,2
C00103,2022-01-29,2023-10-25,Dos años,Débito automático,Streaming,Patagonia,Hogar,20.28,0.0311,5,0,Sí,1
C00104,2022-01-30,,Anual,Transferencia,Internet fibra,Centro,Hogar,89.74,0.0303,2,1,No,3
C00105,2022-01-30,,Anual,Transferencia,Internet estándar,Cuyo,Profesional,57.61,0.058,0,0,No,4
C00106,2022-01-30,2023-02-21,Anual,Transferencia,Streaming,Patagonia,Hogar,18.0,0.1163,1,1,No,2
C00107,2022-01-30,2025-06-03,Mes a mes,Tarjeta automática,Internet estándar,Centro,Hogar,36.66,0.102,2,1,Sí,2
C00108,2022-01-31,,Anual,Débito automático,Internet fibra,Litoral,Hogar,93.9,0.0865,0,1,Sí,3
C00109,2022-01-31,2022-02-16,Mes a mes,Cheque electrónico,Internet estándar,Cuyo,Profesional,80.76,0.0687,0,2,No,3
C00110,2022-01-31,,Dos años,Débito automático,Telefonía móvil,AMBA,Hogar,19.92,0.0096,2,0,Sí,4
C00111,2022-01-31,2023-05-05,Mes a mes,Cheque electrónico,Internet fibra,Litoral,Hogar,86.95,0.032,1,1,No,3
C00112,2022-02-01,2023-05-18,Mes a mes,Débito automático,Internet estándar,Cuyo,Hogar,27.2,0.0733,0,0,Sí,5
C00113,2022-02-01,,Anual,Débito automático,Telefonía móvil,Centro,Profesional,59.7,0.1419,2,0,Sí,3
C00114,2022-02-01,,Anual,Débito automático,Telefonía móvil,NOA,Hogar,28.71,0.1771,0,0,Sí,5
C00115,2022-02-01,2024-02-09,Mes a mes,Débito automático,Internet fibra,Patagonia,Hogar,87.8,0.1259,1,0,Sí,3
C00116,2022-02-01,,Anual,Cheque electrónico,Internet estándar,Centro,Profesional,73.1,0.0152,2,0,No,4
C00117,2022-02-01,,Mes a mes,Tarjeta automática,Internet fibra,Litoral,Hogar,88.78,0.009,0,0,Sí,4
C00118,2022-02-01,2023-08-15,Anual,Débito automático,Telefonía móvil,Patagonia,Profesional,56.75,0.05,1,0,Sí,3
C00119,2022-02-01,2023-02-06,Mes a mes,Transferencia,Internet estándar,AMBA,Hogar,46.9,0.0979,1,0,No,5
C00120,2022-02-02,2024-07-22,Mes a mes,Cheque electrónico,Internet estándar,AMBA,Profesional,50.51,0.0341,0,1,No,5
C00121,2022-02-02,,Mes a mes,Transferencia,Internet fibra,Litoral,Hogar,66.66,0.07,1,0,No,4
C00122,2022-02-03,2023-03-17,Mes a mes,Cheque electrónico,Internet estándar,NOA,Hogar,59.43,0.1457,1,1,No,4
C00123,2022-02-03,2024-07-20,Mes a mes,Cheque electrónico,Internet fibra,NOA,Hogar,82.04,0.1021,3,0,No,3
C00124,2022-02-03,2023-03-09,Mes a mes,Débito automático,Telefonía móvil,Cuyo,PyME,98.15,0.0973,2,0,Sí,3
C00125,2022-02-03,2022-08-03,Mes a mes,Cheque electrónico,Internet estándar,Patagonia,Profesional,80.88,0.0529,4,0,No,2
C00126,2022-02-03,2022-11-11,Mes a mes,Cheque electrónico,Internet estándar,Cuyo,Hogar,34.7,0.0487,3,3,No,2
C00127,2022-02-03,2023-12-18,Mes a mes,Tarjeta automática,Telefonía móvil,NOA,Hogar,49.92,0.0662,0,0,Sí,5
C00128,2022-02-03,2023-05-16,Mes a mes,Transferencia,Internet fibra,Litoral,Hogar,65.03,0.026,1,0,No,4
C00129,2022-02-03,,Anual,Tarjeta automática,Internet fibra,NOA,Hogar,94.26,0.0813,4,0,Sí,3
C00130,2022-02-04,,Dos años,Transferencia,Internet estándar,Cuyo,Hogar,54.99,0.1311,0,0,No,4
C00131,2022-02-04,2022-10-12,Mes a mes,Tarjeta automática,Telefonía móvil,NOA,PyME,107.61,0.0096,0,0,Sí,3
C00132,2022-02-04,,Dos años,Transferencia,Internet fibra,Patagonia,Hogar,70.28,0.0104,0,0,No,5
C00133,2022-02-04,2022-10-19,Mes a mes,Débito automático,Telefonía móvil,Patagonia,PyME,121.0,0.0744,2,0,Sí,3
C00134,2022-02-05,2023-09-15,Mes a mes,Débito automático,Internet estándar,AMBA,Hogar,70.98,0.0207,0,0,Sí,3
C00135,2022-02-05,,Anual,Tarjeta automática,Internet estándar,Patagonia,Profesional,71.73,0.0418,1,0,Sí,4
C00136,2022-02-05,2025-09-09,Anual,Transferencia,Internet estándar,AMBA,Hogar,61.93,0.1469,1,0,No,3
C00137,2022-02-05,,Dos años,Débito automático,Internet fibra,NOA,Hogar,74.68,0.0423,1,0,Sí,3
C00138,2022-02-05,,Mes a mes,Transferencia,Internet fibra,Centro,Profesional,82.05,0.1055,1,1,No,2
C00139,2022-02-05,,Anual,Débito automático,Streaming,Patagonia,Hogar,37.75,0.0524,1,0,Sí,4
C00140,2022-02-05,2025-02-27,Mes a mes,Tarjeta automática,Internet estándar,Litoral,PyME,93.89,0.0682,0,2,Sí,3
C00141,2022-02-06,2022-12-20,Mes a mes,Débito automático,Internet estándar,Cuyo,Profesional,81.41,0.0698,3,0,Sí,2
C00142,2022-02-06,2023-06-08,Mes a mes,Cheque electrónico,Telefonía móvil,NOA,PyME,108.53,0.0862,1,1,No,4
C00143,2022-02-07,,Dos años,Tarjeta automática,Internet fibra,Cuyo,Profesional,98.59,0.0247,3,0,Sí,2
C00144,2022-02-07,2025-01-18,Mes a mes,Transferencia,Internet estándar,AMBA,Hogar,50.97,0.0855,0,3,No,4
C00145,2022-02-07,2023-01-01,Anual,Tarjeta automática,Internet estándar,AMBA,Hogar,59.88,0.008,0,0,Sí,4
C00146,2022-02-07,,Anual,Transferencia,Internet fibra,NOA,Profesional,99.02,0.0603,3,0,No,3
C00147,2022-02-07,2022-09-14,Anual,Tarjeta automática,Telefonía móvil,Cuyo,Hogar,37.55,0.0307,1,1,Sí,2
C00148,2022-02-08,,Anual,Débito automático,Telefonía móvil,Patagonia,Hogar,25.34,0.165,0,0,Sí,5
C00149,2022-02-08,,Dos años,Débito automático,Internet estándar,AMBA,Hogar,59.55,0.0639,0,1,Sí,3
C00150,2022-02-08,2023-02-25,Mes a mes,Tarjeta automática,Telefonía móvil,AMBA,Profesional,64.03,0.0192,0,1,Sí,5
C00151,2022-02-08,,Mes a mes,Débito automático,Internet fibra,NOA,Hogar,108.31,0.0645,2,0,Sí,3
C00152,2022-02-10,,Anual,Débito automático,Telefonía móvil,AMBA,Hogar,40.94,0.0809,2,0,Sí,5
C00153,2022-02-10,,Mes a mes,Débito automático,Telefonía móvil,Patagonia,PyME,100.32,0.0434,0,0,Sí,4
C00154,2022-02-11,2022-06-01,Mes a mes,Cheque electrónico,Internet fibra,Cuyo,Profesional,99.58,0.1008,1,1,No,4
C00155,2022-02-11,2022-12-22,Mes a mes,Débito automático,Streaming,Litoral,Hogar,36.16,0.0348,0,0,Sí,3
C00156,2022-02-12,2022-10-05,Mes a mes,Cheque electrónico,Telefonía móvil,AMBA,Hogar,31.36,0.0793,0,0,No,5
C00157,2022-02-12,2025-04-07,Mes a mes,Débito automático,Internet estándar,Centro,Profesional,66.15,0.0475,0,1,Sí,4
C00158,2022-02-12,2022-04-25,Mes a mes,Tarjeta automática,Internet estándar,Patagonia,Hogar,58.1,0.1648,5,0,Sí,1
C00159,2022-02-12,,Dos años,Tarjeta automática,Streaming,Litoral,Hogar,25.34,0.0522,0,0,Sí,4
C00160,2022-02-12,2022-09-15,Mes a mes,Débito automático,Internet fibra,Litoral,Profesional,104.69,0.1365,0,0,Sí,4
C00161,2022-02-13,,Dos años,Débito automático,Internet fibra,NOA,Hogar,79.06,0.0153,0,1,Sí,5
C00162,2022-02-13,2025-11-14,Dos años,Cheque electrónico,Internet fibra,Cuyo,Hogar,82.42,0.0604,1,5,No,2
C00163,2022-02-13,2022-12-24,Mes a mes,Transferencia,Streaming,Patagonia,Hogar,41.66,0.01,1,1,No,2
C00164,2022-02-14,,Anual,Débito automático,Internet estándar,Patagonia,Hogar,46.5,0.0964,0,2,Sí,3
C00165,2022-02-14,,Anual,Débito automático,Internet estándar,Cuyo,Hogar,33.03,0.0873,4,0,Sí,3
C00166,2022-02-14,,Anual,Débito automático,Internet fibra,Centro,Hogar,75.07,0.0764,0,1,Sí,4
C00167,2022-02-14,2022-08-09,Mes a mes,Transferencia,Internet fibra,Cuyo,PyME,123.92,0.0391,2,1,No,4
C00168,2022-02-14,2024-11-22,Mes a mes,Tarjeta automática,Streaming,NOA,Profesional,23.62,0.0107,0,0,Sí,2
C00169,2022-02-14,2025-07-13,Mes a mes,Tarjeta automática,Internet fibra,Centro,Hogar,76.83,0.1315,1,1,Sí,5
C00170,2022-02-15,,Anual,Tarjeta automática,Streaming,Litoral,Hogar,31.19,0.014,0,0,Sí,4
C00171,2022-02-15,,Dos años,Tarjeta automática,Internet estándar,AMBA,Hogar,60.23,0.0478,0,1,Sí,4
C00172,2022-02-15,,Anual,Transferencia,Streaming,Cuyo,Hogar,18.0,0.1197,0,0,No,5
C00173,2022-02-15,2023-03-14,Anual,Tarjeta automática,Internet estándar,NOA,Hogar,49.97,0.0486,2,0,Sí,4
C00174,2022-02-15,2022-02-15,Dos años,Tarjeta automática,Telefonía móvil,Litoral,Hogar,54.41,0.0236,0,0,Sí,5
C00175,2022-02-15,,Anual,Cheque electrónico,Internet fibra,Patagonia,Hogar,71.68,0.0673,1,2,No,3
C00176,2022-02-15,2023-07-13,Mes a mes,Cheque electrónico,Telefonía móvil,Centro,Hogar,47.9,0.0568,0,2,No,2
C00177,2022-02-16,,Dos años,Débito automático,Internet fibra,Patagonia,Hogar,95.57,0.0239,2,1,Sí,3
C00178,2022-02-16,2025-08-19,Mes a mes,Débito automático,Internet fibra,NOA,Hogar,57.51,0.1282,0,1,Sí,5
C00179,2022-02-16,,Mes a mes,Transferencia,Internet estándar,NOA,PyME,107.0,0.0532,1,0,No,4
C00180,2022-02-16,2022-06-12,Mes a mes,Tarjeta automática,Internet fibra,Cuyo,Hogar,90.79,0.0672,2,0,Sí,1
C00181,2022-02-17,,Dos años,Débito automático,Internet estándar,Patagonia,PyME,100.14,0.0349,1,2,Sí,5
C00182,2022-02-17,,Mes a mes,Tarjeta automática,Telefonía móvil,NOA,Hogar,57.25,0.0579,0,1,Sí,4
C00183,2022-02-18,,Mes a mes,Débito automático,Telefonía móvil,Patagonia,Hogar,48.98,0.0384,1,0,Sí,5
C00184,2022-02-18,2024-03-25,Mes a mes,Cheque electrónico,Streaming,NOA,PyME,103.46,0.0474,0,0,No,3
C00185,2022-02-18,2023-11-25,Mes a mes,Transferencia,Telefonía móvil,AMBA,Hogar,48.41,0.0967,1,1,No,5
C00186,2022-02-19,2024-01-22,Mes a mes,Cheque electrónico,Internet estándar,Litoral,Hogar,69.38,0.1424,0,3,No,4
C00187,2022-02-19,,Anual,Transferencia,Internet fibra,Patagonia,PyME,136.3,0.0307,0,1,No,4
C00188,2022-02-19,,Dos años,Transferencia,Telefonía móvil,Patagonia,Hogar,26.95,0.0664,1,0,No,5
C00189,2022-02-20,,Mes a mes,Transferencia,Internet fibra,AMBA,PyME,126.06,0.0678,1,1,No,4
C00190,2022-02-20,,Mes a mes,Transferencia,Internet fibra,Litoral,Hogar,89.2,0.0633,0,0,No,5
C00191,2022-02-20,2025-03-04,Mes a mes,Débito automático,Internet fibra,AMBA,Profesional,106.99,0.022,1,0,Sí,4
C00192,2022-02-20,,Mes a mes,Tarjeta automática,Internet estándar,AMBA,Hogar,45.58,0.0086,1,0,Sí,3
C00193,2022-02-20,,Mes a mes,Débito automático,Internet estándar,AMBA,Hogar,68.85,0.0331,2,0,Sí,5
C00194,2022-02-20,,Anual,Tarjeta automática,Internet fibra,NOA,PyME,129.11,0.0814,0,0,Sí,5
C00195,2022-02-20,,Anual,Débito automático,Streaming,Centro,Hogar,34.08,0.1266,1,0,Sí,3
C00196,2022-02-21,,Mes a mes,Tarjeta automática,Streaming,Cuyo,Profesional,51.78,0.0094,1,0,Sí,4
C00197,2022-02-21,2023-08-16,Mes a mes,Débito automático,Telefonía móvil,Centro,PyME,82.36,0.0788,0,0,Sí,5
C00198,2022-02-21,2025-01-12,Mes a mes,Tarjeta automática,Internet fibra,NOA,PyME,131.78,0.0228,0,0,Sí,5
C00199,2022-02-21,2023-10-18,Mes a mes,Tarjeta automática,Internet fibra,NOA,Hogar,104.18,0.1515,0,0,Sí,5
C00200,2022-02-21,,Dos años,Débito automático,Streaming,Litoral,Hogar,18.86,0.0416,0,0,Sí,5
C00201,2022-02-21,,Anual,Tarjeta automática,Internet fibra,Patagonia,PyME,139.88,0.0971,0,1,Sí,3
C00202,2022-02-21,,Dos años,Cheque electrónico,Internet estándar,AMBA,Hogar,36.3,0.0442,1,0,No,4
C00203,2022-02-22,,Dos años,Débito automático,Streaming,NOA,Hogar,18.74,0.1075,2,0,Sí,4
C00204,2022-02-22,,Anual,Débito automático,Telefonía móvil,Cuyo,Hogar,26.44,0.0555,0,1,Sí,4
C00205,2022-02-22,,Dos años,Tarjeta automática,Internet fibra,Cuyo,Hogar,88.35,0.0359,1,0,Sí,4
C00206,2022-02-23,2022-08-22,Mes a mes,Cheque electrónico,Streaming,Centro,PyME,74.41,0.0038,3,2,No,2
C00207,2022-02-23,,Mes a mes,Transferencia,Streaming,NOA,Hogar,42.94,0.0617,0,0,No,4
C00208,2022-02-23,2024-05-05,Mes a mes,Débito automático,Telefonía móvil,Centro,Profesional,54.16,0.1344,2,0,Sí,3
C00209,2022-02-23,2024-02-15,Mes a mes,Tarjeta automática,Internet estándar,NOA,Hogar,50.41,0.0309,2,1,Sí,3
C00210,2022-02-23,2025-12-13,Mes a mes,Transferencia,Streaming,Patagonia,Hogar,33.53,0.0803,0,0,No,4
C00211,2022-02-23,2022-03-03,Mes a mes,Cheque electrónico,Streaming,Patagonia,Hogar,18.0,0.0352,2,1,No,2
C00212,2022-02-25,2024-01-18,Anual,Débito automático,Internet fibra,AMBA,PyME,135.24,0.0279,0,0,Sí,5
C00213,2022-02-25,,Anual,Tarjeta automática,Streaming,Patagonia,Hogar,32.85,0.0151,0,3,Sí,5
C00214,2022-02-25,2023-06-21,Anual,Tarjeta automática,Streaming,NOA,Hogar,41.54,0.061,2,0,Sí,3
C00215,2022-02-25,2023-01-09,Mes a mes,Tarjeta automática,Internet fibra,Cuyo,Hogar,67.45,0.0683,1,0,Sí,5
C00216,2022-02-26,,Anual,Transferencia,Internet estándar,Cuyo,Hogar,40.01,0.1016,0,1,No,5
C00217,2022-02-26,2023-02-24,Mes a mes,Cheque electrónico,Internet estándar,AMBA,Hogar,56.26,0.0327,2,1,No,4
C00218,2022-02-26,2022-08-18,Mes a mes,Cheque electrónico,Telefonía móvil,Cuyo,Hogar,57.54,0.1191,3,0,No,3
C00219,2022-02-27,,Mes a mes,Cheque electrónico,Internet fibra,Patagonia,Hogar,71.48,0.0068,0,1,No,5
C00220,2022-02-27,,Mes a mes,Tarjeta automática,Internet estándar,Centro,Hogar,35.41,0.0129,0,1,Sí,3
C00221,2022-02-27,,Mes a mes,Cheque electrónico,Internet fibra,Patagonia,Hogar,74.52,0.0505,0,2,No,4
C00222,2022-02-27,2025-11-11,Anual,Débito automático,Streaming,AMBA,Profesional,35.85,0.0067,1,1,Sí,2
C00223,2022-02-27,,Anual,Débito automático,Streaming,Patagonia,Profesional,51.38,0.0307,0,0,Sí,3
C00224,2022-02-28,,Anual,Transferencia,Internet estándar,Litoral,Profesional,55.12,0.081,1,0,No,5
C00225,2022-02-28,,Mes a mes,Tarjeta automática,Internet estándar,Centro,Profesional,77.7,0.0268,0,0,Sí,5
C00226,2022-02-28,2022-06-03,Anual,Cheque electrónico,Internet estándar,Cuyo,Hogar,51.34,0.0983,1,1,No,3
C00227,2022-02-28,,Anual,Cheque electrónico,Internet estándar,Centro,Hogar,60.05,0.0507,0,0,No,4
C00228,2022-02-28,2022-12-05,Mes a mes,Transferencia,Streaming,Litoral,Hogar,18.0,0.0467,1,0,No,3
C00229,2022-02-28,2024-06-08,Anual,Cheque electrónico,Internet fibra,Litoral,Hogar,58.66,0.0121,3,0,No,2
C00230,2022-03-01,,Mes a mes,Débito automático,Telefonía móvil,Litoral,Profesional,74.22,0.0432,1,0,Sí,3
C00231,2022-03-01,,Mes a mes,Tarjeta automática,Streaming,Centro,Hogar,21.09,0.0445,1,0,Sí,1
C00232,2022-03-01,2023-10-14,Mes a mes,Cheque electrónico,Telefonía móvil,Centro,Hogar,25.87,0.071,2,0,No,4
C00233,2022-03-02,2022-11-02,Mes a mes,Transferencia,Internet fibra,Patagonia,Hogar,75.77,0.1719,1,0,No,4
C00234,2022-03-02,2022-04-25,Mes a mes,Cheque electrónico,Internet estándar,Cuyo,Hogar,51.67,0.0831,0,1,No,4
C00235,2022-03-02,,Mes a mes,Tarjeta automática,Internet fibra,Cuyo,Hogar,76.26,0.0303,1,0,Sí,4
C00236,2022-03-02,2023-09-07,Mes a mes,Tarjeta automática,Telefonía móvil,Centro,Hogar,47.15,0.0912,2,0,Sí,3
C00237,2022-03-03,,Dos años,Débito automático,Streaming,NOA,Hogar,32.66,0.0456,3,0,Sí,3
C00238,2022-03-03,2024-01-03,Mes a mes,Transferencia,Streaming,Centro,PyME,87.08,0.0727,1,0,No,4
C00239,2022-03-03,2022-04-21,Mes a mes,Cheque electrónico,Streaming,Patagonia,Profesional,61.83,0.0321,0,0,No,5
C00240,2022-03-04,2024-10-12,Mes a mes,Cheque electrónico,Internet fibra,Patagonia,Hogar,77.84,0.0557,0,1,No,3
C00241,2022-03-04,,Dos años,Tarjeta automática,Streaming,Centro,Profesional,46.52,0.0855,3,0,Sí,3
C00242,2022-03-04,2023-04-21,Mes a mes,Débito automático,Telefonía móvil,AMBA,Hogar,50.83,0.0225,0,2,Sí,3
C00243,2022-03-04,,Dos años,Tarjeta automática,Internet fibra,Centro,Hogar,84.08,0.0042,3,1,Sí,1
C00244,2022-03-05,2024-01-03,Mes a mes,Tarjeta automática,Telefonía móvil,Centro,Hogar,32.07,0.0527,4,1,Sí,1
C00245,2022-03-05,2024-04-04,Mes a mes,Débito automático,Telefonía móvil,Patagonia,Hogar,40.99,0.0831,1,0,Sí,2
C00246,2022-03-05,2025-06-01,Mes a mes,Transferencia,Telefonía móvil,Litoral,Hogar,46.82,0.0565,0,0,No,5
C00247,2022-03-06,2022-08-07,Mes a mes,Débito automático,Telefonía móvil,Cuyo,Hogar,35.54,0.0416,2,1,Sí,2
C00248,2022-03-06,,Anual,Débito automático,Internet fibra,Cuyo,Profesional,90.07,0.1242,2,0,Sí,4
C00249,2022-03-06,,Dos años,Transferencia,Streaming,NOA,Hogar,18.0,0.0561,0,0,No,5
C00250,2022-03-06,2022-04-03,Mes a mes,Cheque electrónico,Internet fibra,NOA,Hogar,46.29,0.0069,0,3,No,3
C00251,2022-03-06,,Dos años,Tarjeta automática,Streaming,AMBA,Hogar,24.89,0.0623,1,0,Sí,4
C00252,2022-03-06,2022-03-10,Mes a mes,Débito automático,Internet fibra,NOA,Profesional,97.4,0.0786,0,0,Sí,5
C00253,2022-03-06,,Mes a mes,Transferencia,Telefonía móvil,Cuyo,Hogar,29.95,0.0948,0,0,No,5
C00254,2022-03-06,,Mes a mes,Transferencia,Internet fibra,Patagonia,Hogar,93.16,0.0388,0,0,No,4
C00255,2022-03-07,2022-03-25,Mes a mes,Cheque electrónico,Internet fibra,NOA,Hogar,66.49,0.0597,0,1,No,3
C00256,2022-03-07,2023-06-01,Anual,Tarjeta automática,Internet fibra,Litoral,Hogar,88.04,0.0247,2,1,Sí,3
C00257,2022-03-07,,Mes a mes,Débito automático,Streaming,Litoral,Hogar,33.61,0.1216,1,0,Sí,4
C00258,2022-03-07,,Mes a mes,Cheque electrónico,Internet fibra,Cuyo,Profesional,119.94,0.0187,1,1,No,5
C00259,2022-03-07,,Mes a mes,Débito automático,Internet fibra,AMBA,Hogar,83.94,0.0556,1,0,Sí,3
C00260,2022-03-08,,Mes a mes,Débito automático,Internet fibra,AMBA,Hogar,62.09,0.068,0,0,Sí,5
C00261,2022-03-08,2022-09-27,Mes a mes,Cheque electrónico,Internet fibra,Cuyo,Profesional,107.6,0.0072,0,0,No,4
C00262,2022-03-08,,Anual,Tarjeta automática,Telefonía móvil,Patagonia,Profesional,78.67,0.0438,0,1,Sí,5
C00263,2022-03-09,2023-01-05,Mes a mes,Transferencia,Internet estándar,Cuyo,Hogar,29.51,0.0743,2,0,No,3
C00264,2022-03-09,,Mes a mes,Cheque electrónico,Internet fibra,Cuyo,Hogar,85.03,0.0645,0,0,No,4
C00265,2022-03-09,2022-09-06,Mes a mes,Tarjeta automática,Internet fibra,Litoral,PyME,142.46,0.1001,0,0,Sí,4
C00266,2022-03-09,,Mes a mes,Transferencia,Internet fibra,Centro,Hogar,75.66,0.0453,0,0,No,4
C00267,2022-03-11,2024-12-12,Mes a mes,Débito automático,Internet estándar,Cuyo,Hogar,22.36,0.1161,2,0,Sí,3
C00268,2022-03-11,2024-04-22,Anual,Cheque electrónico,Internet fibra,Litoral,Hogar,74.74,0.0764,1,2,No,3
C00269,2022-03-11,,Dos años,Cheque electrónico,Internet fibra,NOA,Hogar,71.61,0.075,1,1,No,3
C00270,2022-03-11,2022-11-11,Mes a mes,Cheque electrónico,Internet fibra,Patagonia,Hogar,94.83,0.0488,0,0,No,4
C00271,2022-03-12,,Dos años,Tarjeta automática,Internet estándar,Patagonia,PyME,103.03,0.0806,0,0,Sí,5
C00272,2022-03-12,,Anual,Transferencia,Streaming,Litoral,Hogar,24.46,0.0081,2,0,No,3
C00273,2022-03-12,2024-08-12,Anual,Cheque electrónico,Internet fibra,Patagonia,Hogar,71.55,0.085,4,0,No,1
C00274,2022-03-12,,Anual,Transferencia,Streaming,AMBA,Hogar,32.58,0.0675,0,1,No,3
C00275,2022-03-12,,Anual,Transferencia,Streaming,AMBA,Hogar,29.63,0.0038,0,0,No,5
C00276,2022-03-12,,Anual,Tarjeta automática,Telefonía móvil,NOA,Profesional,51.31,0.0651,0,2,Sí,4
C00277,2022-03-13,2022-09-09,Mes a mes,Cheque electrónico,Internet fibra,Litoral,PyME,135.9,0.063,2,2,No,4
C00278,2022-03-13,,Mes a mes,Tarjeta automática,Telefonía móvil,AMBA,Profesional,53.87,0.0398,0,0,Sí,4
C00279,2022-03-13,2024-05-09,Mes a mes,Débito automático,Telefonía móvil,Cuyo,PyME,68.49,0.0436,0,1,Sí,4
C00280,2022-03-13,2022-06-15,Mes a mes,Cheque electrónico,Telefonía móvil,NOA,Hogar,49.35,0.0138,3,3,No,2
C00281,2022-03-14,,Anual,Cheque electrónico,Telefonía móvil,AMBA,Hogar,48.31,0.0222,2,2,No,3
C00282,2022-03-14,2022-03-08,Mes a mes,Cheque electrónico,Internet fibra,Cuyo,Hogar,80.2,0.0391,3,0,No,4
C00283,2022-03-14,,Mes a mes,Débito automático,Telefonía móvil,NOA,Profesional,55.13,0.0483,0,1,Sí,2
C00284,2022-03-14,,Mes a mes,Tarjeta automática,Telefonía móvil,NOA,Hogar,41.21,0.0365,0,0,Sí,5
C00285,2022-03-14,,Mes a mes,Débito automático,Internet fibra,Cuyo,Hogar,87.01,0.0709,0,0,Sí,3
C00286,2022-03-14,,Anual,Tarjeta automática,Internet fibra,NOA,Hogar,71.05,0.1106,0,1,Sí,4
C00287,2022-03-14,,Anual,Cheque electrónico,Telefonía móvil,Patagonia,Hogar,51.46,0.07,0,1,No,3
C00288,2022-03-14,2025-06-20,Mes a mes,Débito automático,Internet fibra,Cuyo,Hogar,61.78,0.0234,0,2,Sí,4
C00289,2022-03-15,2022-04-06,Mes a mes,Débito automático,Telefonía móvil,Patagonia,PyME,98.85,0.0357,0,1,Sí,3
C00290,2022-03-15,2022-08-24,Mes a mes,Tarjeta automática,Internet estándar,Patagonia,Hogar,49.28,0.0372,0,0,Sí,3
C00291,2022-03-15,2022-04-09,Mes a mes,Débito automático,Streaming,Centro,Hogar,40.03,0.1052,1,0,Sí,3
C00292,2022-03-15,,Anual,Cheque electrónico,Internet fibra,AMBA,Hogar,67.89,0.076,1,2,No,4
C00293,2022-03-15,,Anual,Transferencia,Streaming,Patagonia,Hogar,20.09,0.1674,1,0,No,4
C00294,2022-03-15,,Mes a mes,Tarjeta automática,Internet estándar,AMBA,Hogar,33.66,0.1344,1,1,Sí,5
C00295,2022-03-16,2024-10-10,Mes a mes,Tarjeta automática,Telefonía móvil,Patagonia,Hogar,35.77,0.0438,0,0,Sí,3
C00296,2022-03-16,,Dos años,Débito automático,Internet fibra,Cuyo,Hogar,80.81,0.0376,0,0,Sí,5
C00297,2022-03-16,,Anual,Tarjeta automática,Internet fibra,Patagonia,Hogar,58.22,0.0589,0,0,Sí,5
C00298,2022-03-16,,Mes a mes,Cheque electrónico,Internet fibra,Litoral,Profesional,91.13,0.0189,1,0,No,3
C00299,2022-03-17,2023-10-10,Mes a mes,Transferencia,Internet fibra,AMBA,Hogar,84.72,0.0785,0,1,No,4
C00300,2022-03-17,2023-07-10,Mes a mes,Tarjeta automática,Telefonía móvil,AMBA,Profesional,58.87,0.0503,2,0,Sí,3
C00301,2022-03-17,,Dos años,Cheque electrónico,Internet fibra,Litoral,Profesional,96.83,0.0351,0,1,No,5
C00302,2022-03-18,2022-06-16,Mes a mes,Débito automático,Internet fibra,Litoral,Hogar,61.43,0.0092,0,1,Sí,5
C00303,2022-03-18,2024-11-04,Mes a mes,Tarjeta automática,Telefonía móvil,AMBA,Hogar,40.9,0.1059,3,0,Sí,2
C00304,2022-03-19,,Dos años,Débito automático,Internet fibra,NOA,Hogar,78.32,0.0117,2,0,Sí,2
C00305,2022-03-19,,Anual,Tarjeta automática,Internet fibra,Centro,Hogar,76.2,0.0442,3,1,Sí,2
C00306,2022-03-19,2022-08-03,Mes a mes,Débito automático,Streaming,NOA,Hogar,30.68,0.0368,1,1,Sí,5
C00307,2022-03-20,2025-03-03,Mes a mes,Cheque electrónico,Internet estándar,AMBA,Hogar,45.6,0.024,0,0,No,5
C00308,2022-03-20,,Mes a mes,Cheque electrónico,Telefonía móvil,Centro,PyME,91.98,0.0449,1,0,No,4
C00309,2022-03-20,,Anual,Débito automático,Streaming,Litoral,PyME,72.56,0.0479,0,0,Sí,5
C00310,2022-03-21,,Mes a mes,Transferencia,Internet fibra,Litoral,Hogar,88.72,0.0679,1,2,No,4
C00311,2022-03-21,,Dos años,Tarjeta automática,Streaming,Litoral,Profesional,33.51,0.062,0,0,Sí,5
C00312,2022-03-21,2025-03-02,Dos años,Débito automático,Telefonía móvil,Centro,PyME,98.74,0.126,2,1,Sí,3
C00313,2022-03-21,,Mes a mes,Tarjeta automática,Internet estándar,Centro,Hogar,68.95,0.0926,1,0,Sí,3
C00314,2022-03-21,,Anual,Débito automático,Streaming,Centro,Hogar,41.12,0.0268,0,1,Sí,4
C00315,2022-03-21,2024-12-11,Mes a mes,Tarjeta automática,Internet estándar,Cuyo,Hogar,54.6,0.0598,1,0,Sí,5
C00316,2022-03-22,2022-07-20,Mes a mes,Cheque electrónico,Internet estándar,NOA,PyME,106.75,0.0169,6,1,No,2
C00317,2022-03-22,,Anual,Cheque electrónico,Streaming,Cuyo,Profesional,45.59,0.045,0,2,No,3
C00318,2022-03-22,2022-05-11,Mes a mes,Débito automático,Internet fibra,NOA,Hogar,68.09,0.0448,1,1,Sí,3
C00319,2022-03-22,,Mes a mes,Transferencia,Internet estándar,Centro,Profesional,64.21,0.0125,0,0,No,3
C00320,2022-03-23,,Mes a mes,Tarjeta automática,Internet fibra,Centro,Hogar,84.32,0.0371,0,0,Sí,5
C00321,2022-03-23,2022-06-10,Mes a mes,Transferencia,Streaming,AMBA,Hogar,33.29,0.0954,1,0,No,4
C00322,2022-03-23,,Mes a mes,Tarjeta automática,Streaming,Centro,Hogar,37.68,0.0779,0,0,Sí,4
C00323,2022-03-23,,Anual,Tarjeta automática,Internet estándar,Centro,Profesional,80.42,0.0377,2,3,Sí,2
C00324,2022-03-23,,Anual,Transferencia,Internet fibra,Cuyo,Hogar,76.26,0.1534,0,0,No,4
C00325,2022-03-23,2024-03-10,Anual,Débito automático,Telefonía móvil,Patagonia,Hogar,44.11,0.1007,1,1,Sí,4
C00326,2022-03-24,,Dos años,Débito automático,Internet estándar,Cuyo,Profesional,46.11,0.0826,1,0,Sí,5
C00327,2022-03-24,2022-08-16,Mes a mes,Débito automático,Internet fibra,Patagonia,Hogar,102.82,0.0214,3,0,Sí,2
C00328,2022-03-25,,Dos años,Tarjeta automática,Internet fibra,AMBA,Profesional,91.45,0.0309,1,2,Sí,2
C00329,2022-03-25,,Mes a mes,Tarjeta automática,Internet estándar,NOA,Hogar,56.17,0.0257,0,0,Sí,4
C00330,2022-03-25,,Mes a mes,Transferencia,Internet fibra,AMBA,Hogar,73.44,0.0084,1,1,No,5
C00331,2022-03-25,,Dos años,Transferencia,Telefonía móvil,AMBA,Hogar,37.18,0.0619,0,0,No,5
C00332,2022-03-25,2023-07-22,Mes a mes,Tarjeta automática,Streaming,Cuyo,PyME,81.39,0.0187,1,1,Sí,5
C00333,2022-03-25,,Mes a mes,Débito automático,Internet fibra,Litoral,PyME,119.3,0.094,0,0,Sí,4
C00334,2022-03-26,2025-05-08,Mes a mes,Transferencia,Internet estándar,Centro,Hogar,21.72,0.0659,4,0,No,3
C00335,2022-03-26,2024-11-09,Mes a mes,Transferencia,Internet fibra,AMBA,Profesional,108.76,0.0896,0,1,No,4
C00336,2022-03-26,2023-03-23,Mes a mes,Cheque electrónico,Internet fibra,NOA,Profesional,102.0,0.0343,3,2,No,2
C00337,2022-03-26,2023-02-13,Mes a mes,Débito automático,Streaming,Patagonia,Hogar,18.93,0.07,1,1,Sí,4
C00338,2022-03-26,,Dos años,Débito automático,Internet fibra,Patagonia,Hogar,82.97,0.1042,2,0,Sí,4
C00339,2022-03-27,2023-01-15,Mes a mes,Débito automático,Telefonía móvil,Centro,Profesional,69.06,0.0396,2,0,Sí,4
C00340,2022-03-27,,Mes a mes,Débito automático,Internet estándar,Litoral,Hogar,41.38,0.0705,1,0,Sí,4
C00341,2022-03-27,2022-06-25,Mes a mes,Tarjeta automática,Internet fibra,Patagonia,PyME,137.53,0.0689,3,0,Sí,3
C00342,2022-03-27,,Anual,Tarjeta automática,Telefonía móvil,Cuyo,Hogar,53.07,0.0987,1,1,Sí,3
C00343,2022-03-28,2025-06-22,Mes a mes,Cheque electrónico,Internet estándar,Centro,PyME,88.18,0.0448,0,1,No,3
C00344,2022-03-28,,Mes a mes,Tarjeta automática,Internet fibra,Patagonia,PyME,138.87,0.0433,2,1,Sí,2
C00345,2022-03-28,2022-10-25,Mes a mes,Transferencia,Internet estándar,NOA,Hogar,53.01,0.0153,4,1,No,3
C00346,2022-03-28,,Anual,Débito automático,Telefonía móvil,AMBA,Hogar,62.68,0.0347,0,1,Sí,3
C00347,2022-03-28,,Anual,Débito automático,Internet estándar,Patagonia,Hogar,55.13,0.007,3,1,Sí,2
C00348,2022-03-28,,Anual,Cheque electrónico,Internet estándar,NOA,PyME,99.48,0.0773,0,1,No,4
C00349,2022-03-28,2023-02-02,Anual,Transferencia,Internet estándar,Litoral,Hogar,45.75,0.0102,3,0,No,3
C00350,2022-03-28,,Mes a mes,Tarjeta automática,Internet fibra,AMBA,Hogar,100.26,0.0781,1,0,Sí,3
C00351,2022-03-28,2024-02-09,Mes a mes,Transferencia,Internet fibra,Patagonia,Profesional,92.1,0.1385,1,0,No,2
C00352,2022-03-29,2024-10-05,Mes a mes,Débito automático,Internet estándar,NOA,Hogar,55.45,0.1137,0,0,Sí,4
C00353,2022-03-29,2022-06-05,Mes a mes,Débito automático,Telefonía móvil,Centro,Hogar,39.38,0.0389,2,0,Sí,4
C00354,2022-03-29,,Mes a mes,Transferencia,Streaming,AMBA,Hogar,40.89,0.0225,0,2,No,5
C00355,2022-03-29,2023-05-16,Mes a mes,Transferencia,Internet fibra,Centro,PyME,145.44,0.0919,3,0,No,2
C00356,2022-03-29,2025-05-17,Mes a mes,Débito automático,Internet estándar,Patagonia,Hogar,48.75,0.019,0,0,Sí,4
C00357,2022-03-29,2022-04-13,Mes a mes,Cheque electrónico,Internet fibra,Litoral,PyME,128.53,0.0235,0,4,No,4
C00358,2022-03-29,2022-10-14,Mes a mes,Transferencia,Internet fibra,AMBA,Hogar,73.26,0.064,0,1,No,5
C00359,2022-03-30,2024-10-18,Anual,Transferencia,Streaming,Litoral,PyME,65.0,0.0747,0,0,No,5
C00360,2022-03-31,2023-08-11,Anual,Tarjeta automática,Internet fibra,Patagonia,Hogar,79.11,0.142,2,0,Sí,4
C00361,2022-04-01,,Mes a mes,Tarjeta automática,Telefonía móvil,Centro,Hogar,42.88,0.0317,0,0,Sí,5
C00362,2022-04-01,,Mes a mes,Débito automático,Internet estándar,Litoral,Profesional,58.02,0.0511,1,0,Sí,5
C00363,2022-04-02,,Anual,Transferencia,Streaming,Centro,Profesional,26.82,0.0386,3,0,No,3
C00364,2022-04-02,,Anual,Débito automático,Telefonía móvil,AMBA,Hogar,44.27,0.0161,0,3,Sí,3
C00365,2022-04-02,,Mes a mes,Transferencia,Streaming,Cuyo,Hogar,32.66,0.0412,3,0,No,3
C00366,2022-04-03,,Mes a mes,Tarjeta automática,Telefonía móvil,Patagonia,Hogar,46.34,0.0467,1,0,Sí,4
C00367,2022-04-03,,Anual,Transferencia,Telefonía móvil,Patagonia,Hogar,31.11,0.0264,1,0,No,3
C00368,2022-04-04,,Anual,Cheque electrónico,Internet estándar,AMBA,Profesional,71.36,0.0778,0,2,No,5
C00369,2022-04-04,,Mes a mes,Transferencia,Internet fibra,Centro,PyME,131.04,0.0175,0,0,No,4
C00370,2022-04-05,,Mes a mes,Transferencia,Internet fibra,Litoral,Hogar,87.51,0.0276,1,0,No,4
C00371,2022-04-05,,Dos años,Cheque electrónico,Telefonía móvil,Centro,Hogar,31.28,0.0609,0,0,No,4
C00372,2022-04-05,2022-06-13,Mes a mes,Tarjeta automática,Internet fibra,Centro,Hogar,90.65,0.1689,2,2,Sí,3
C00373,2022-04-05,,Dos años,Transferencia,Telefonía móvil,Cuyo,Hogar,58.61,0.0417,0,0,No,5
C00374,2022-04-05,2025-01-24,Mes a mes,Cheque electrónico,Internet estándar,Patagonia,Hogar,50.28,0.0092,1,1,No,3
C00375,2022-04-06,2022-08-11,Mes a mes,Débito automático,Streaming,Litoral,Profesional,51.44,0.0896,7,0,Sí,1
C00376,2022-04-06,,Mes a mes,Tarjeta automática,Internet estándar,NOA,Hogar,57.62,0.038,0,1,Sí,5
C00377,2022-04-06,2023-04-23,Mes a mes,Cheque electrónico,Telefonía móvil,AMBA,Hogar,30.72,0.0833,2,1,No,4
C00378,2022-04-06,2023-07-18,Dos años,Tarjeta automática,Internet fibra,Cuyo,Profesional,90.65,0.1288,2,0,Sí,3
C00379,2022-04-06,2025-06-20,Mes a mes,Débito automático,Internet estándar,Litoral,Hogar,51.03,0.0172,2,1,Sí,3
C00380,2022-04-06,2022-09-12,Dos años,Tarjeta automática,Telefonía móvil,Patagonia,Hogar,64.3,0.0432,0,0,Sí,4
C00381,2022-04-07,2022-06-09,Mes a mes,Débito automático,Internet fibra,Litoral,Hogar,64.84,0.1095,1,0,Sí,3
C00382,2022-04-07,,Dos años,Débito automático,Internet fibra,NOA,Hogar,96.01,0.0376,2,1,Sí,2
C00383,2022-04-07,,Dos años,Débito automático,Telefonía móvil,NOA,Hogar,39.87,0.0596,4,0,Sí,2
C00384,2022-04-07,2022-09-21,Mes a mes,Cheque electrónico,Telefonía móvil,Patagonia,Hogar,41.62,0.0673,2,2,No,2
C00385,2022-04-07,,Mes a mes,Débito automático,Internet fibra,Cuyo,Profesional,109.4,0.0001,1,0,Sí,4
C00386,2022-04-07,,Anual,Débito automático,Streaming,Centro,Hogar,51.24,0.0719,1,1,Sí,5
C00387,2022-04-07,2022-06-19,Mes a mes,Cheque electrónico,Internet fibra,Litoral,Hogar,82.65,0.0591,8,0,No,1
C00388,2022-04-07,,Dos años,Cheque electrónico,Internet fibra,Cuyo,Hogar,90.81,0.075,2,0,No,3
C00389,2022-04-08,2022-10-11,Mes a mes,Tarjeta automática,Streaming,AMBA,Hogar,18.88,0.039,0,0,Sí,5
C00390,2022-04-08,2022-06-23,Mes a mes,Tarjeta automática,Internet fibra,Centro,Hogar,72.18,0.058,1,1,Sí,5
C00391,2022-04-08,2024-06-20,Mes a mes,Transferencia,Internet estándar,NOA,Hogar,34.12,0.1399,1,0,No,3
C00392,2022-04-08,,Anual,Cheque electrónico,Internet fibra,Cuyo,Hogar,72.33,0.0052,1,0,No,4
C00393,2022-04-09,,Dos años,Débito automático,Telefonía móvil,NOA,Hogar,48.22,0.0909,0,0,Sí,4
C00394,2022-04-09,,Mes a mes,Tarjeta automática,Internet estándar,Centro,PyME,106.33,0.0337,0,0,Sí,3
C00395,2022-04-09,,Anual,Transferencia,Internet fibra,NOA,Hogar,97.0,0.0339,0,0,No,3
C00396,2022-04-09,,Dos años,Transferencia,Telefonía móvil,Patagonia,Hogar,64.6,0.0418,1,2,No,4
C00397,2022-04-09,,Mes a mes,Débito automático,Telefonía móvil,Cuyo,Hogar,40.5,0.1001,1,0,Sí,2
C00398,2022-04-09,2022-08-13,Mes a mes,Cheque electrónico,Internet fibra,Litoral,Hogar,70.52,0.0416,1,0,No,5
C00399,2022-04-10,,Anual,Cheque electrónico,Telefonía móvil,NOA,Profesional,72.76,0.0149,3,2,No,3
C00400,2022-04-10,2023-06-12,Anual,Transferencia,Internet fibra,Litoral,Profesional,109.91,0.1135,0,1,No,5
C00401,2022-04-11,2022-04-13,Mes a mes,Transferencia,Internet fibra,NOA,PyME,137.85,0.0851,2,0,No,2
C00402,2022-04-11,,Anual,Transferencia,Internet estándar,AMBA,Hogar,56.76,0.0675,1,0,No,5
C00403,2022-04-11,2025-03-17,Mes a mes,Débito automático,Internet fibra,AMBA,Hogar,84.04,0.0313,0,0,Sí,5
C00404,2022-04-11,,Dos años,Débito automático,Streaming,AMBA,Profesional,36.12,0.0148,1,0,Sí,5
C00405,2022-04-12,,Dos años,Transferencia,Internet estándar,Centro,Hogar,35.6,0.0832,0,0,No,5
C00406,2022-04-12,,Anual,Transferencia,Telefonía móvil,Patagonia,Hogar,41.44,0.0137,0,0,No,5
C00407,2022-04-12,2022-08-03,Mes a mes,Débito automático,Internet fibra,NOA,Hogar,75.79,0.0569,0,2,Sí,3
C00408,2022-04-13,2025-02-18,Mes a mes,Tarjeta automática,Internet fibra,Litoral,Hogar,81.05,0.0587,3,1,Sí,2
C00409,2022-04-13,,Mes a mes,Transferencia,Internet estándar,Cuyo,Profesional,65.56,0.0584,1,0,No,3
C00410,2022-04-13,,Mes a mes,Transferencia,Internet fibra,NOA,PyME,114.26,0.0336,1,0,No,4
C00411,2022-04-13,,Anual,Débito automático,Telefonía móvil,Litoral,Hogar,18.77,0.0755,0,0,Sí,4
C00412,2022-04-13,,Mes a mes,Débito automático,Streaming,Litoral,Hogar,37.11,0.0425,0,0,Sí,3
C00413,2022-04-13,2024-11-25,Mes a mes,Tarjeta automática,Telefonía móvil,AMBA,Profesional,52.71,0.0442,0,1,Sí,4
C00414,2022-04-14,2025-05-13,Mes a mes,Cheque electrónico,Streaming,Centro,Hogar,26.45,0.0539,1,1,No,2
C00415,2022-04-14,2023-07-11,Mes a mes,Cheque electrónico,Internet fibra,Patagonia,Profesional,89.86,0.0838,2,1,No,3
C00416,2022-04-14,2022-12-13,Mes a mes,Débito automático,Internet fibra,Patagonia,Hogar,67.96,0.0844,1,0,Sí,4
C00417,2022-04-14,2024-08-17,Anual,Débito automático,Internet estándar,Cuyo,PyME,93.66,0.006,1,0,Sí,3
C00418,2022-04-15,,Anual,Transferencia,Telefonía móvil,Patagonia,Hogar,53.22,0.116,0,1,No,5
C00419,2022-04-15,2022-04-23,Mes a mes,Débito automático,Internet estándar,Patagonia,Hogar,46.37,0.0705,4,0,Sí,1
C00420,2022-04-16,,Dos años,Cheque electrónico,Internet fibra,AMBA,Profesional,102.98,0.1633,2,3,No,3
C00421,2022-04-16,,Dos años,Tarjeta automática,Streaming,NOA,PyME,92.46,0.0271,3,0,Sí,3
C00422,2022-04-16,2022-06-20,Mes a mes,Tarjeta automática,Internet fibra,Patagonia,PyME,136.48,0.0141,2,0,Sí,3
C00423,2022-04-16,,Anual,Débito automático,Internet estándar,Centro,Hogar,57.82,0.0365,1,0,Sí,5
C00424,2022-04-16,,Mes a mes,Tarjeta automática,Internet fibra,Centro,Profesional,96.16,0.0651,0,1,Sí,4
C00425,2022-04-17,2022-04-09,Mes a mes,Transferencia,Internet estándar,NOA,Hogar,64.0,0.012,2,0,No,3
C00426,2022-04-17,2023-03-18,Mes a mes,Cheque electrónico,Internet estándar,Centro,Hogar,58.06,0.0264,1,0,No,4
C00427,2022-04-18,2023-03-08,Mes a mes,Tarjeta automática,Telefonía móvil,AMBA,Hogar,52.52,0.0738,3,0,Sí,2
C00428,2022-04-18,,Dos años,Débito automático,Streaming,AMBA,Hogar,18.68,0.0023,2,0,Sí,2
C00429,2022-04-18,,Dos años,Transferencia,Internet fibra,Centro,PyME,135.9,0.0369,0,0,No,5
C00430,2022-04-18,,Anual,Cheque electrónico,Telefonía móvil,Litoral,Profesional,39.81,0.0659,0,2,No,3
C00431,2022-04-20,,Mes a mes,Débito automático,Telefonía móvil,Cuyo,Hogar,57.41,0.0403,0,0,Sí,4
C00432,2022-04-20,2022-05-26,Mes a mes,Tarjeta automática,Streaming,Patagonia,Hogar,22.14,0.0307,0,0,Sí,2
C00433,2022-04-20,,Dos años,Débito automático,Telefonía móvil,Centro,Hogar,36.67,0.0769,1,0,Sí,4
C00434,2022-04-20,2024-10-08,Mes a mes,Débito automático,Telefonía móvil,Centro,Hogar,26.96,0.0057,1,0,Sí,4
C00435,2022-04-21,2024-07-19,Mes a mes,Transferencia,Internet fibra,Cuyo,Hogar,77.6,0.1421,0,1,No,5
C00436,2022-04-22,2025-08-19,Mes a mes,Débito automático,Internet estándar,Patagonia,PyME,101.05,0.0296,1,1,Sí,3
C00437,2022-04-22,,Mes a mes,Tarjeta automática,Internet estándar,Litoral,Hogar,69.05,0.0082,0,0,Sí,5
C00438,2022-04-22,,Mes a mes,Transferencia,Internet estándar,Patagonia,Hogar,58.45,0.0856,0,0,No,5
C00439,2022-04-22,,Mes a mes,Débito automático,Telefonía móvil,AMBA,Profesional,54.34,0.1244,1,0,Sí,5
C00440,2022-04-22,2023-07-13,Anual,Tarjeta automática,Streaming,Cuyo,Hogar,18.0,0.0969,2,1,Sí,3
C00441,2022-04-22,,Mes a mes,Débito automático,Internet estándar,Cuyo,Hogar,23.88,0.0313,0,0,Sí,4
C00442,2022-04-23,2023-02-06,Mes a mes,Cheque electrónico,Telefonía móvil,AMBA,Hogar,30.71,0.1154,0,1,No,5
C00443,2022-04-24,2022-09-22,Mes a mes,Transferencia,Streaming,Centro,Hogar,18.0,0.0444,2,1,No,4
C00444,2022-04-24,2022-12-20,Mes a mes,Tarjeta automática,Internet fibra,Centro,Hogar,81.83,0.1178,1,0,Sí,2
C00445,2022-04-24,,Dos años,Transferencia,Telefonía móvil,Cuyo,Profesional,58.41,0.0359,0,0,No,5
C00446,2022-04-25,,Mes a mes,Tarjeta automática,Internet estándar,AMBA,Hogar,49.19,0.1577,0,1,Sí,5
C00447,2022-04-25,,Anual,Débito automático,Internet estándar,Centro,Profesional,56.56,0.0835,0,0,Sí,5
C00448,2022-04-25,,Anual,Débito automático,Internet estándar,NOA,PyME,105.67,0.1895,0,0,Sí,4
C00449,2022-04-26,2023-09-24,Mes a mes,Tarjeta automática,Telefonía móvil,AMBA,Profesional,44.38,0.0056,1,1,Sí,3
C00450,2022-04-26,,Anual,Débito automático,Internet fibra,Patagonia,PyME,132.03,0.101,1,0,Sí,5
C00451,2022-04-26,2024-08-20,Anual,Cheque electrónico,Internet estándar,Litoral,PyME,113.13,0.0394,0,1,No,4
C00452,2022-04-26,2025-07-21,Mes a mes,Tarjeta automática,Streaming,AMBA,Profesional,42.98,0.1168,1,0,Sí,4
C00453,2022-04-26,2022-11-08,Mes a mes,Cheque electrónico,Telefonía móvil,Cuyo,Hogar,46.88,0.0537,0,1,No,4
C00454,2022-04-27,,Mes a mes,Transferencia,Internet fibra,Litoral,Hogar,56.25,0.0707,1,1,No,4
C00455,2022-04-27,,Dos años,Débito automático,Internet fibra,Centro,Profesional,73.37,0.0635,0,0,Sí,4
C00456,2022-04-27,,Anual,Tarjeta automática,Telefonía móvil,Centro,Profesional,63.6,0.0379,0,0,Sí,5
C00457,2022-04-28,,Dos años,Tarjeta automática,Telefonía móvil,Patagonia,Profesional,71.52,0.0533,0,2,Sí,4
C00458,2022-04-28,,Dos años,Tarjeta automática,Internet estándar,AMBA,Hogar,46.38,0.049,1,0,Sí,4
C00459,2022-04-29,,Mes a mes,Débito automático,Internet estándar,NOA,Profesional,90.6,0.0554,0,0,Sí,4
C00460,2022-04-29,2023-04-10,Anual,Cheque electrónico,Internet estándar,Centro,Profesional,51.12,0.1181,3,4,No,2
C00461,2022-04-29,2022-10-09,Mes a mes,Cheque electrónico,Streaming,Cuyo,Profesional,39.52,0.0739,0,1,No,3
C00462,2022-04-30,2025-04-13,Anual,Tarjeta automática,Internet estándar,AMBA,Hogar,50.54,0.075,1,0,Sí,4
C00463,2022-04-30,2025-07-27,Mes a mes,Tarjeta automática,Telefonía móvil,NOA,Hogar,47.11,0.0895,2,0,Sí,2
C00464,2022-05-01,,Mes a mes,Tarjeta automática,Internet fibra,Centro,Hogar,71.58,0.1101,0,0,Sí,4
C00465,2022-05-01,,Anual,Cheque electrónico,Telefonía móvil,Patagonia,Hogar,30.35,0.0151,0,0,No,4
C00466,2022-05-01,,Anual,Tarjeta automática,Internet fibra,Centro,Hogar,84.82,0.0188,0,1,Sí,4
C00467,2022-05-01,,Anual,Tarjeta automática,Telefonía móvil,AMBA,Hogar,43.47,0.088,2,0,Sí,3
C00468,2022-05-02,2022-07-08,Mes a mes,Transferencia,Internet fibra,Cuyo,PyME,129.21,0.1083,1,2,No,4
C00469,2022-05-02,,Mes a mes,Débito automático,Internet fibra,Litoral,Hogar,83.49,0.0597,0,1,Sí,4
C00470,2022-05-02,,Dos años,Tarjeta automática,Internet fibra,Cuyo,Profesional,94.5,0.1237,0,0,Sí,5
C00471,2022-05-02,2025-10-20,Mes a mes,Transferencia,Internet fibra,NOA,Hogar,76.46,0.0198,1,0,No,5
C00472,2022-05-03,2023-05-06,Mes a mes,Tarjeta automática,Internet estándar,Litoral,Profesional,65.06,0.1363,1,0,Sí,3
C00473,2022-05-03,2023-02-03,Mes a mes,Tarjeta automática,Streaming,Patagonia,Hogar,19.97,0.0231,1,0,Sí,4
C00474,2022-05-03,,Mes a mes,Tarjeta automática,Telefonía móvil,Cuyo,Hogar,31.85,0.0278,0,2,Sí,4
C00475,2022-05-04,2023-04-20,Mes a mes,Débito automático,Internet estándar,AMBA,Hogar,43.22,0.0566,0,0,Sí,5
C00476,2022-05-04,2023-06-05,Mes a mes,Cheque electrónico,Internet estándar,Cuyo,Hogar,49.35,0.0471,1,0,No,3
C00477,2022-05-04,,Anual,Débito automático,Internet estándar,Litoral,Hogar,28.42,0.0181,0,0,Sí,5
C00478,2022-05-04,,Dos años,Transferencia,Telefonía móvil,Cuyo,Profesional,70.39,0.0264,0,0,No,4
C00479,2022-05-04,,Dos años,Débito automático,Internet fibra,Patagonia,Profesional,96.2,0.0635,1,0,Sí,4
C00480,2022-05-04,,Mes a mes,Transferencia,Internet fibra,NOA,Hogar,66.28,0.129,0,0,No,4
C00481,2022-05-05,2025-08-22,Mes a mes,Cheque electrónico,Internet fibra,AMBA,PyME,150.78,0.0751,0,1,No,3
C00482,2022-05-05,2025-01-19,Anual,Débito automático,Internet fibra,AMBA,Hogar,78.46,0.0378,2,0,Sí,4
C00483,2022-05-05,,Anual,Cheque electrónico,Streaming,Centro,Hogar,18.0,0.0503,0,0,No,4
C00484,2022-05-05,2024-04-03,Mes a mes,Transferencia,Internet fibra,Litoral,Hogar,95.29,0.0968,3,0,No,3
C00485,2022-05-06,,Anual,Transferencia,Internet fibra,AMBA,Hogar,92.9,0.0671,2,0,No,3
C00486,2022-05-06,,Anual,Tarjeta automática,Telefonía móvil,Centro,Hogar,32.0,0.0343,0,0,Sí,4
C00487,2022-05-06,2024-10-21,Anual,Transferencia,Internet fibra,Cuyo,Profesional,92.45,0.0506,0,1,No,5
C00488,2022-05-06,,Anual,Débito automático,Streaming,Cuyo,Hogar,23.97,0.1354,5,2,Sí,1
C00489,2022-05-07,2024-10-19,Mes a mes,Cheque electrónico,Internet estándar,NOA,PyME,83.22,0.0209,0,1,No,2
C00490,2022-05-07,2022-09-07,Mes a mes,Cheque electrónico,Telefonía móvil,Litoral,Hogar,45.57,0.1194,2,3,No,2
C00491,2022-05-07,,Anual,Débito automático,Streaming,NOA,Hogar,38.3,0.0764,2,0,Sí,3
C00492,2022-05-07,2024-01-23,Mes a mes,Cheque electrónico,Internet fibra,Patagonia,Hogar,85.23,0.019,0,3,No,3
C00493,2022-05-07,,Dos años,Cheque electrónico,Telefonía móvil,Cuyo,Hogar,42.36,0.0349,1,0,No,3
C00494,2022-05-08,2025-03-02,Anual,Transferencia,Internet estándar,NOA,Hogar,59.36,0.0787,2,0,No,5
C00495,2022-05-08,2025-11-23,Mes a mes,Tarjeta automática,Internet fibra,NOA,Profesional,83.51,0.0842,0,0,Sí,5
C00496,2022-05-08,2025-10-08,Anual,Tarjeta automática,Streaming,Cuyo,Profesional,67.0,0.0666,3,0,Sí,1
C00497,2022-05-08,,Anual,Tarjeta automática,Streaming,NOA,Hogar,20.51,0.0422,2,0,Sí,3
C00498,2022-05-08,2025-05-17,Anual,Tarjeta automática,Internet fibra,Centro,Hogar,70.73,0.0717,0,0,Sí,5
C00499,2022-05-09,2023-02-17,Mes a mes,Cheque electrónico,Internet estándar,Centro,Hogar,42.67,0.0076,0,0,No,5
C00500,2022-05-09,,Dos años,Tarjeta automática,Internet fibra,Patagonia,Hogar,70.87,0.1083,0,0,Sí,4
C00501,2022-05-09,2023-04-18,Mes a mes,Transferencia,Streaming,Patagonia,Profesional,44.88,0.112,0,0,No,5
C00502,2022-05-09,,Anual,Transferencia,Telefonía móvil,Centro,Hogar,39.45,0.043,0,1,No,3
C00503,2022-05-09,2025-01-13,Mes a mes,Transferencia,Internet estándar,Patagonia,Profesional,68.43,0.0637,1,0,No,4
C00504,2022-05-09,2025-06-22,Anual,Tarjeta automática,Telefonía móvil,Litoral,PyME,87.99,0.0193,1,0,Sí,4
C00505,2022-05-09,,Anual,Débito automático,Internet fibra,Litoral,Hogar,79.83,0.0852,1,0,Sí,4
C00506,2022-05-10,2025-12-02,Mes a mes,Transferencia,Telefonía móvil,NOA,PyME,85.01,0.0267,2,1,No,3
C00507,2022-05-10,2022-06-01,Mes a mes,Débito automático,Telefonía móvil,AMBA,Profesional,68.06,0.0634,2,0,Sí,4
C00508,2022-05-10,,Anual,Tarjeta automática,Streaming,Cuyo,Hogar,36.92,0.0304,0,0,Sí,4
C00509,2022-05-10,,Anual,Transferencia,Internet fibra,Centro,Profesional,95.94,0.0857,2,0,No,4
C00510,2022-05-10,2024-02-25,Mes a mes,Tarjeta automática,Internet estándar,Litoral,Hogar,41.85,0.0978,1,0,Sí,3
C00511,2022-05-10,,Dos años,Transferencia,Internet fibra,AMBA,Profesional,99.42,0.0384,2,0,No,4
C00512,2022-05-11,,Anual,Débito automático,Streaming,AMBA,Profesional,37.24,0.0731,1,0,Sí,4
C00513,2022-05-11,,Dos años,Tarjeta automática,Telefonía móvil,Patagonia,PyME,97.38,0.0362,0,1,Sí,4
C00514,2022-05-12,,Dos años,Cheque electrónico,Internet estándar,AMBA,Profesional,65.33,0.0228,1,1,No,4
C00515,2022-05-12,,Dos años,Tarjeta automática,Internet fibra,Cuyo,Profesional,124.93,0.0922,0,0,Sí,5
C00516,2022-05-12,2025-03-16,Anual,Cheque electrónico,Internet fibra,NOA,Hogar,64.5,0.0629,0,4,No,4
C00517,2022-05-12,,Anual,Cheque electrónico,Internet estándar,NOA,PyME,74.66,0.0349,0,0,No,3
C00518,2022-05-13,,Mes a mes,Débito automático,Internet estándar,Centro,Profesional,59.99,0.0432,0,0,Sí,5
C00519,2022-05-13,,Mes a mes,Tarjeta automática,Internet fibra,NOA,Profesional,77.13,0.0238,0,0,Sí,4
C00520,2022-05-13,,Anual,Tarjeta automática,Streaming,Cuyo,Profesional,39.01,0.0884,1,0,Sí,5
C00521,2022-05-13,2023-12-22,Mes a mes,Cheque electrónico,Internet fibra,Centro,Hogar,63.73,0.0756,1,1,No,4
C00522,2022-05-14,,Dos años,Transferencia,Streaming,Litoral,Hogar,19.05,0.0575,1,0,No,4
C00523,2022-05-14,2025-04-03,Mes a mes,Tarjeta automática,Internet estándar,Cuyo,Profesional,55.29,0.0356,3,0,Sí,3
C00524,2022-05-14,2023-11-10,Mes a mes,Débito automático,Internet fibra,Cuyo,PyME,143.59,0.0296,1,0,Sí,5
C00525,2022-05-14,,Mes a mes,Tarjeta automática,Streaming,Cuyo,Profesional,46.47,0.0387,1,0,Sí,2
C00526,2022-05-14,2025-04-11,Mes a mes,Débito automático,Streaming,AMBA,Hogar,40.83,0.0443,0,2,Sí,3
C00527,2022-05-14,,Mes a mes,Débito automático,Internet estándar,Centro,Hogar,49.45,0.0666,1,0,Sí,4
C00528,2022-05-14,2023-10-21,Mes a mes,Tarjeta automática,Telefonía móvil,Centro,Hogar,52.21,0.0391,1,0,Sí,3
C00529,2022-05-15,2023-12-05,Anual,Cheque electrónico,Internet estándar,NOA,Hogar,45.68,0.049,2,1,No,3
C00530,2022-05-15,2024-02-17,Mes a mes,Tarjeta automática,Internet fibra,Cuyo,PyME,150.54,0.026,0,1,Sí,4
C00531,2022-05-15,,Mes a mes,Débito automático,Telefonía móvil,Litoral,Hogar,47.18,0.0072,0,0,Sí,5
C00532,2022-05-15,,Mes a mes,Transferencia,Telefonía móvil,Cuyo,Hogar,33.42,0.0343,2,0,No,4
C00533,2022-05-15,2023-02-04,Mes a mes,Cheque electrónico,Internet fibra,NOA,Hogar,84.81,0.0952,1,1,No,4
C00534,2022-05-15,2025-12-06,Mes a mes,Débito automático,Telefonía móvil,Patagonia,PyME,97.3,0.0184,0,0,Sí,4
C00535,2022-05-15,2022-08-09,Anual,Cheque electrónico,Telefonía móvil,Patagonia,Hogar,39.77,0.0619,2,1,No,2
C00536,2022-05-16,,Anual,Débito automático,Internet fibra,Centro,Hogar,79.06,0.0217,2,0,Sí,3
C00537,2022-05-16,2023-08-25,Mes a mes,Cheque electrónico,Internet estándar,Centro,Hogar,57.26,0.056,2,2,No,1
C00538,2022-05-16,2022-10-26,Anual,Tarjeta automática,Internet fibra,NOA,Hogar,54.71,0.0133,1,0,Sí,4
C00539,2022-05-16,,Mes a mes,Transferencia,Streaming,NOA,Hogar,25.14,0.0514,2,0,No,3
C00540,2022-05-16,2023-08-10,Mes a mes,Tarjeta automática,Telefonía móvil,Centro,Profesional,67.51,0.1156,2,0,Sí,3
C00541,2022-05-16,,Dos años,Cheque electrónico,Internet estándar,Cuyo,Hogar,51.73,0.0271,2,1,No,3
C00542,2022-05-16,2022-06-20,Mes a mes,Cheque electrónico,Internet estándar,Centro,Hogar,36.61,0.0558,0,0,No,4
C00543,2022-05-17,,Dos años,Débito automático,Internet fibra,Patagonia,Hogar,51.95,0.0633,2,1,Sí,2
C00544,2022-05-17,,Mes a mes,Débito automático,Internet estándar,NOA,Hogar,67.71,0.0286,2,0,Sí,3
C00545,2022-05-17,2023-06-05,Mes a mes,Transferencia,Telefonía móvil,NOA,Hogar,39.94,0.0203,5,0,No,2
C00546,2022-05-17,2023-09-22,Mes a mes,Tarjeta automática,Internet fibra,NOA,Profesional,112.65,0.0211,0,2,Sí,2
C00547,2022-05-18,2022-08-12,Mes a mes,Transferencia,Internet estándar,Cuyo,Hogar,57.74,0.0493,1,0,No,4
C00548,2022-05-18,,Dos años,Transferencia,Internet estándar,Centro,Hogar,40.27,0.0111,1,0,No,3
C00549,2022-05-18,,Mes a mes,Débito automático,Streaming,NOA,Profesional,19.48,0.1454,0,0,Sí,5
C00550,2022-05-19,,Dos años,Tarjeta automática,Streaming,Cuyo,PyME,78.92,0.0799,1,3,Sí,2
C00551,2022-05-19,,Dos años,Cheque electrónico,Streaming,Centro,Hogar,28.59,0.123,2,2,No,3
C00552,2022-05-19,2022-07-26,Mes a mes,Tarjeta automática,Internet estándar,NOA,Hogar,53.96,0.077,2,0,Sí,2
C00553,2022-05-19,,Mes a mes,Transferencia,Streaming,Cuyo,PyME,71.78,0.0213,0,0,No,4
C00554,2022-05-19,,Mes a mes,Tarjeta automática,Streaming,AMBA,Hogar,30.96,0.0609,1,0,Sí,4
C00555,2022-05-20,2024-11-16,Mes a mes,Tarjeta automática,Streaming,NOA,PyME,85.95,0.0528,0,1,Sí,4
C00556,2022-05-20,,Anual,Tarjeta automática,Internet estándar,Centro,Profesional,77.85,0.079,0,0,Sí,3
C00557,2022-05-20,,Mes a mes,Débito automático,Telefonía móvil,Centro,Hogar,38.63,0.0644,2,0,Sí,4
C00558,2022-05-20,,Dos años,Transferencia,Internet fibra,Litoral,Hogar,82.87,0.0865,0,0,No,3
C00559,2022-05-20,,Anual,Débito automático,Internet fibra,Centro,PyME,136.17,0.1322,1,1,Sí,3
C00560,2022-05-21,2024-08-14,Mes a mes,Transferencia,Telefonía móvil,Patagonia,Hogar,51.63,0.1099,2,1,No,5
C00561,2022-05-21,,Anual,Transferencia,Internet fibra,Patagonia,Hogar,68.98,0.0166,0,0,No,4
C00562,2022-05-21,2023-03-01,Mes a mes,Tarjeta automática,Telefonía móvil,Litoral,Hogar,18.0,0.0397,2,0,Sí,3
C00563,2022-05-21,,Dos años,Tarjeta automática,Streaming,Centro,Hogar,26.39,0.0809,1,1,Sí,3
C00564,2022-05-22,2025-09-15,Mes a mes,Transferencia,Telefonía móvil,Cuyo,Profesional,57.46,0.0375,3,0,No,2
C00565,2022-05-22,,Dos años,Transferencia,Internet estándar,Centro,Hogar,36.27,0.029,0,1,No,4
C00566,2022-05-22,,Anual,Débito automático,Telefonía móvil,NOA,Hogar,25.41,0.0893,0,0,Sí,5
C00567,2022-05-22,,Dos años,Tarjeta automática,Streaming,Patagonia,Hogar,22.68,0.1049,0,0,Sí,4
C00568,2022-05-22,,Mes a mes,Cheque electrónico,Internet estándar,AMBA,Profesional,65.74,0.1083,0,0,No,4
C00569,2022-05-22,,Anual,Tarjeta automática,Internet estándar,Litoral,Hogar,50.05,0.0421,0,0,Sí,5
C00570,2022-05-22,,Mes a mes,Transferencia,Internet fibra,Patagonia,Profesional,70.86,0.0762,0,0,No,5
C00571,2022-05-23,2023-06-05,Anual,Tarjeta automática,Internet fibra,Litoral,Hogar,58.71,0.0473,0,0,Sí,4
C00572,2022-05-23,,Mes a mes,Transferencia,Telefonía móvil,AMBA,Hogar,54.43,0.0379,0,0,No,4
C00573,2022-05-23,2023-02-24,Mes a mes,Débito automático,Internet fibra,AMBA,PyME,130.91,0.1781,0,0,Sí,5
C00574,2022-05-23,,Mes a mes,Transferencia,Streaming,Patagonia,Hogar,28.97,0.0724,0,0,No,3
C00575,2022-05-23,2024-02-06,Mes a mes,Tarjeta automática,Internet estándar,Litoral,Hogar,34.33,0.0052,3,1,Sí,2
C00576,2022-05-23,2023-04-20,Mes a mes,Débito automático,Internet fibra,Litoral,Hogar,77.95,0.0342,1,0,Sí,2
C00577,2022-05-24,,Anual,Tarjeta automática,Telefonía móvil,Centro,Hogar,37.87,0.0606,1,0,Sí,4
C00578,2022-05-24,2024-03-19,Mes a mes,Transferencia,Internet fibra,Centro,Hogar,71.2,0.0679,3,0,No,3
C00579,2022-05-24,,Anual,Tarjeta automática,Streaming,Cuyo,Hogar,18.0,0.0316,2,0,Sí,4
C00580,2022-05-25,,Mes a mes,Tarjeta automática,Internet estándar,Litoral,Profesional,57.45,0.0823,0,0,Sí,4
C00581,2022-05-25,,Anual,Transferencia,Internet fibra,Cuyo,Hogar,99.69,0.0828,0,0,No,5
C00582,2022-05-25,,Anual,Tarjeta automática,Internet fibra,NOA,Hogar,74.16,0.094,3,0,Sí,3
C00583,2022-05-25,,Mes a mes,Tarjeta automática,Streaming,Centro,Profesional,55.69,0.0887,1,0,Sí,4
C00584,2022-05-25,,Anual,Cheque electrónico,Internet fibra,Cuyo,Profesional,93.84,0.033,2,2,No,3
C00585,2022-05-26,,Dos años,Cheque electrónico,Telefonía móvil,Centro,Hogar,38.57,0.0439,3,0,No,3
C00586,2022-05-26,,Anual,Cheque electrónico,Streaming,AMBA,PyME,77.0,0.0423,0,1,No,4
C00587,2022-05-26,,Mes a mes,Débito automático,Internet fibra,Cuyo,Hogar,92.8,0.0833,0,1,Sí,4
C00588,2022-05-26,2025-03-14,Mes a mes,Débito automático,Internet fibra,AMBA,Hogar,82.1,0.0728,2,1,Sí,4
C00589,2022-05-26,,Anual,Transferencia,Internet fibra,Cuyo,Hogar,69.31,0.0298,2,0,No,5
C00590,2022-05-27,2023-06-22,Mes a mes,Tarjeta automática,Telefonía móvil,Litoral,Hogar,37.66,0.0386,0,1,Sí,3
C00591,2022-05-27,,Anual,Transferencia,Internet estándar,Cuyo,Hogar,60.83,0.0676,0,0,No,4
C00592,2022-05-28,2022-12-15,Mes a mes,Tarjeta automática,Internet fibra,Patagonia,Hogar,46.78,0.0315,2,0,Sí,3
C00593,2022-05-28,,Anual,Cheque electrónico,Internet estándar,Centro,Hogar,52.42,0.0202,0,1,No,4
C00594,2022-05-28,,Mes a mes,Transferencia,Internet estándar,Cuyo,PyME,109.91,0.0469,0,0,No,3
C00595,2022-05-28,2025-04-11,Mes a mes,Débito automático,Streaming,NOA,Profesional,38.75,0.0326,0,0,Sí,3
C00596,2022-05-28,,Dos años,Débito automático,Internet fibra,Centro,Profesional,97.7,0.0396,0,2,Sí,5
C00597,2022-05-28,,Dos años,Tarjeta automática,Internet fibra,Litoral,Profesional,101.53,0.0891,0,0,Sí,5
C00598,2022-05-28,,Dos años,Débito automático,Internet estándar,Patagonia,Profesional,53.46,0.0194,0,1,Sí,3
C00599,2022-05-28,,Dos años,Transferencia,Streaming,Cuyo,Hogar,38.26,0.0708,0,0,No,5
C00600,2022-05-28,2024-01-03,Mes a mes,Débito automático,Streaming,Centro,Hogar,32.27,0.0437,1,0,Sí,3
C00601,2022-05-29,2022-07-01,Mes a mes,Débito automático,Internet fibra,Patagonia,Hogar,76.32,0.0633,2,0,Sí,4
C00602,2022-05-29,,Mes a mes,Tarjeta automática,Internet fibra,AMBA,Hogar,79.15,0.1185,1,0,Sí,4
C00603,2022-05-29,2022-05-01,Mes a mes,Transferencia,Streaming,Centro,Hogar,36.78,0.0728,5,0,No,2
C00604,2022-05-30,2025-03-26,Mes a mes,Débito automático,Internet fibra,Cuyo,Hogar,103.48,0.0368,0,1,Sí,4
C00605,2022-05-30,2023-02-07,Dos años,Tarjeta automática,Internet estándar,Centro,Hogar,55.71,0.0812,0,0,Sí,5
C00606,2022-05-30,2023-02-10,Mes a mes,Cheque electrónico,Internet estándar,Litoral,Hogar,57.92,0.0673,2,0,No,3
C00607,2022-05-30,2023-01-10,Mes a mes,Débito automático,Internet fibra,Litoral,Profesional,98.13,0.076,2,0,Sí,5
C00608,2022-05-30,,Mes a mes,Débito automático,Internet estándar,NOA,Hogar,69.92,0.0201,0,0,Sí,5
C00609,2022-05-30,2025-06-01,Mes a mes,Cheque electrónico,Internet fibra,Litoral,Hogar,61.87,0.0342,0,1,No,4
C00610,2022-05-30,,Mes a mes,Débito automático,Internet estándar,Litoral,Hogar,29.89,0.1081,0,0,Sí,4
C00611,2022-05-31,,Anual,Cheque electrónico,Internet fibra,Patagonia,Hogar,79.68,0.0482,2,1,No,3
C00612,2022-05-31,2024-02-04,Mes a mes,Transferencia,Internet estándar,Centro,Profesional,74.26,0.0296,1,2,No,3
C00613,2022-05-31,,Anual,Transferencia,Internet estándar,Cuyo,Hogar,20.68,0.0998,5,0,No,1
C00614,2022-05-31,,Dos años,Tarjeta automática,Internet fibra,Patagonia,Hogar,77.96,0.0298,1,0,Sí,5
C00615,2022-05-31,,Anual,Tarjeta automática,Streaming,Centro,PyME,82.01,0.0354,1,1,Sí,4
C00616,2022-06-01,,Anual,Débito automático,Streaming,Centro,Hogar,37.19,0.0456,0,0,Sí,4
C00617,2022-06-01,2024-08-16,Mes a mes,Tarjeta automática,Telefonía móvil,Centro,Hogar,46.72,0.0926,2,1,Sí,3
C00618,2022-06-01,,Mes a mes,Tarjeta automática,Internet fibra,NOA,Hogar,58.11,0.0323,0,2,Sí,3
C00619,2022-06-01,2024-06-13,Mes a mes,Transferencia,Internet fibra,Cuyo,Hogar,66.12,0.0302,0,0,No,5
C00620,2022-06-01,2022-07-04,Dos años,Transferencia,Internet fibra,Centro,Hogar,69.13,0.0123,0,0,No,5
C00621,2022-06-01,2023-05-18,Anual,Tarjeta automática,Telefonía móvil,Patagonia,Hogar,50.13,0.0692,1,1,Sí,3
C00622,2022-06-01,2024-02-20,Mes a mes,Transferencia,Internet estándar,NOA,Hogar,53.12,0.0279,0,1,No,4
C00623,2022-06-02,2023-05-14,Mes a mes,Cheque electrónico,Internet fibra,AMBA,Hogar,71.17,0.0527,0,3,No,4
C00624,2022-06-02,,Anual,Transferencia,Streaming,NOA,Hogar,30.59,0.0158,0,1,No,4
C00625,2022-06-02,2024-12-07,Anual,Cheque electrónico,Internet fibra,Patagonia,Hogar,66.36,0.0288,0,4,No,3
C00626,2022-06-02,2022-08-08,Mes a mes,Transferencia,Internet estándar,NOA,Hogar,71.55,0.0278,0,0,No,5
C00627,2022-06-03,,Dos años,Tarjeta automática,Internet estándar,AMBA,Hogar,55.32,0.0707,1,1,Sí,3
C00628,2022-06-03,,Anual,Débito automático,Streaming,AMBA,Hogar,37.65,0.0591,0,0,Sí,5
C00629,2022-06-03,,Anual,Cheque electrónico,Streaming,Cuyo,Hogar,44.14,0.0207,1,0,No,5
C00630,2022-06-03,2022-11-24,Mes a mes,Transferencia,Internet estándar,NOA,Hogar,60.18,0.1188,2,1,No,2
C00631,2022-06-04,2022-07-11,Mes a mes,Cheque electrónico,Streaming,Cuyo,Profesional,47.35,0.0865,0,3,No,4
C00632,2022-06-04,,Dos años,Cheque electrónico,Internet estándar,Patagonia,Profesional,64.97,0.0557,1,3,No,2
C00633,2022-06-04,,Anual,Tarjeta automática,Internet fibra,Centro,Hogar,92.17,0.0626,0,0,Sí,3
C00634,2022-06-04,,Mes a mes,Débito automático,Telefonía móvil,Cuyo,Profesional,60.29,0.0172,3,0,Sí,2
C00635,2022-06-04,2022-11-05,Anual,Transferencia,Streaming,NOA,Hogar,20.76,0.0284,1,0,No,4
C00636,2022-06-05,,Mes a mes,Tarjeta automática,Telefonía móvil,Cuyo,Hogar,63.63,0.0057,2,0,Sí,4
C00637,2022-06-05,2023-03-09,Anual,Débito automático,Streaming,Patagonia,Hogar,18.7,0.0409,0,1,Sí,4
C00638,2022-06-05,,Mes a mes,Cheque electrónico,Internet fibra,Litoral,Hogar,58.92,0.0995,1,3,No,2
C00639,2022-06-05,,Anual,Transferencia,Internet estándar,Centro,Profesional,77.92,0.1237,2,1,No,3
C00640,2022-06-05,,Mes a mes,Tarjeta automática,Internet estándar,NOA,Hogar,40.96,0.0172,0,1,Sí,3
C00641,2022-06-05,,Mes a mes,Transferencia,Internet fibra,NOA,Hogar,82.79,0.0271,0,0,No,5
C00642,2022-06-06,,Mes a mes,Tarjeta automática,Internet estándar,Patagonia,PyME,123.99,0.0505,0,1,Sí,4
C00643,2022-06-06,,Anual,Cheque electrónico,Internet estándar,Cuyo,Hogar,33.88,0.0741,1,0,No,5
C00644,2022-06-06,2023-07-15,Mes a mes,Tarjeta automática,Internet fibra,Cuyo,Hogar,77.55,0.0749,1,1,Sí,3
C00645,2022-06-08,2025-09-16,Mes a mes,Cheque electrónico,Telefonía móvil,Centro,Hogar,58.32,0.0293,1,0,No,4
C00646,2022-06-08,2022-10-08,Anual,Débito automático,Internet fibra,Litoral,PyME,140.5,0.0132,1,0,Sí,2
C00647,2022-06-08,,Mes a mes,Débito automático,Internet estándar,Centro,Hogar,47.02,0.0159,0,0,Sí,5
C00648,2022-06-08,2025-07-04,Mes a mes,Débito automático,Telefonía móvil,Centro,Profesional,86.28,0.0236,3,0,Sí,3
C00649,2022-06-08,,Mes a mes,Tarjeta automática,Streaming,AMBA,Hogar,27.95,0.0106,0,1,Sí,4
C00650,2022-06-08,,Dos años,Débito automático,Internet fibra,Cuyo,PyME,137.37,0.0454,0,1,Sí,4
C00651,2022-06-08,2024-10-12,Mes a mes,Cheque electrónico,Streaming,Patagonia,PyME,102.14,0.0744,2,1,No,3
C00652,2022-06-09,,Mes a mes,Cheque electrónico,Streaming,Patagonia,Profesional,57.79,0.0462,1,0,No,4
C00653,2022-06-09,,Mes a mes,Tarjeta automática,Telefonía móvil,NOA,Hogar,56.54,0.1212,0,1,Sí,3
C00654,2022-06-09,,Mes a mes,Transferencia,Internet estándar,Litoral,Hogar,39.11,0.067,1,1,No,3
C00655,2022-06-09,2022-08-11,Mes a mes,Cheque electrónico,Internet fibra,NOA,Profesional,109.51,0.1301,3,0,No,2
C00656,2022-06-10,2022-09-15,Mes a mes,Cheque electrónico,Streaming,Patagonia,Hogar,30.87,0.0171,1,1,No,4
C00657,2022-06-10,2025-02-10,Mes a mes,Débito automático,Internet fibra,Patagonia,PyME,124.8,0.0012,1,0,Sí,3
C00658,2022-06-10,2024-09-01,Mes a mes,Tarjeta automática,Telefonía móvil,Litoral,Profesional,62.44,0.0392,1,0,Sí,3
C00659,2022-06-10,,Dos años,Cheque electrónico,Streaming,AMBA,Hogar,31.09,0.0311,0,0,No,4
C00660,2022-06-11,,Mes a mes,Débito automático,Telefonía móvil,Cuyo,Hogar,62.55,0.0064,1,0,Sí,4
C00661,2022-06-11,2022-06-26,Mes a mes,Débito automático,Telefonía móvil,NOA,Hogar,46.19,0.0303,4,0,Sí,2
C00662,2022-06-12,2022-06-03,Dos años,Transferencia,Streaming,Patagonia,Profesional,38.41,0.1765,2,0,No,3
C00663,2022-06-12,,Dos años,Tarjeta automática,Telefonía móvil,AMBA,Hogar,30.87,0.0951,2,0,Sí,3
C00664,2022-06-12,2023-04-10,Anual,Cheque electrónico,Streaming,AMBA,Hogar,28.48,0.0293,4,2,No,2
C00665,2022-06-12,2024-08-06,Mes a mes,Tarjeta automática,Internet fibra,Litoral,Profesional,81.19,0.1446,0,1,Sí,4
C00666,2022-06-12,2023-11-07,Mes a mes,Transferencia,Telefonía móvil,NOA,Hogar,34.13,0.0434,0,1,No,3
C00667,2022-06-13,2024-03-16,Mes a mes,Cheque electrónico,Streaming,Patagonia,Hogar,26.31,0.0624,0,2,No,4
C00668,2022-06-13,2024-03-03,Mes a mes,Cheque electrónico,Telefonía móvil,NOA,Hogar,37.36,0.1071,3,3,No,2
C00669,2022-06-13,2022-08-10,Mes a mes,Cheque electrónico,Internet fibra,AMBA,Hogar,86.0,0.0125,2,1,No,3
C00670,2022-06-13,2024-05-13,Anual,Cheque electrónico,Internet estándar,NOA,Hogar,40.88,0.1205,2,1,No,1
C00671,2022-06-13,2024-07-19,Mes a mes,Tarjeta automática,Telefonía móvil,AMBA,Profesional,32.83,0.0419,2,1,Sí,4
C00672,2022-06-14,,Anual,Cheque electrónico,Internet fibra,NOA,Profesional,77.46,0.0336,0,1,No,3
C00673,2022-06-14,2022-11-03,Mes a mes,Cheque electrónico,Streaming,NOA,Profesional,46.8,0.117,0,0,No,3
C00674,2022-06-14,2024-09-26,Mes a mes,Débito automático,Internet estándar,Litoral,PyME,97.55,0.0764,5,2,Sí,1
C00675,2022-06-15,,Anual,Débito automático,Internet fibra,Litoral,Hogar,64.4,0.0536,0,0,Sí,4
C00676,2022-06-15,,Dos años,Tarjeta automática,Internet fibra,Cuyo,Hogar,99.54,0.0908,0,0,Sí,4
C00677,2022-06-15,2022-09-10,Mes a mes,Transferencia,Telefonía móvil,Litoral,Hogar,51.12,0.0331,3,2,No,3
C00678,2022-06-15,,Anual,Transferencia,Internet fibra,Patagonia,Profesional,95.36,0.0516,1,1,No,4
C00679,2022-06-15,,Mes a mes,Débito automático,Streaming,Centro,Hogar,31.57,0.0261,0,0,Sí,3
C00680,2022-06-15,2023-10-19,Mes a mes,Débito automático,Streaming,Centro,PyME,81.08,0.0766,0,0,Sí,3
C00681,2022-06-16,,Anual,Débito automático,Streaming,NOA,Hogar,18.0,0.0678,0,1,Sí,5
C00682,2022-06-17,2023-02-11,Mes a mes,Tarjeta automática,Internet estándar,NOA,Profesional,78.34,0.0801,1,0,Sí,4
C00683,2022-06-17,2025-05-13,Mes a mes,Cheque electrónico,Internet fibra,Litoral,Hogar,87.36,0.0214,1,1,No,3
C00684,2022-06-17,,Mes a mes,Tarjeta automática,Telefonía móvil,Centro,Profesional,38.25,0.0198,1,1,Sí,4
C00685,2022-06-18,,Mes a mes,Tarjeta automática,Internet fibra,NOA,Hogar,80.49,0.0358,0,0,Sí,5
C00686,2022-06-18,2024-08-12,Mes a mes,Tarjeta automática,Internet fibra,NOA,Hogar,81.71,0.0312,3,1,Sí,3
C00687,2022-06-18,2023-04-06,Mes a mes,Cheque electrónico,Telefonía móvil,Centro,Profesional,56.46,0.0561,1,2,No,3
C00688,2022-06-18,,Dos años,Cheque electrónico,Internet fibra,Litoral,Hogar,101.07,0.0238,0,0,No,3
C00689,2022-06-19,,Anual,Tarjeta automática,Internet fibra,Cuyo,PyME,154.88,0.0372,0,1,Sí,5
C00690,2022-06-19,2022-08-25,Mes a mes,Tarjeta automática,Telefonía móvil,NOA,Profesional,55.85,0.0616,1,2,Sí,3
C00691,2022-06-19,,Mes a mes,Débito automático,Internet fibra,Patagonia,Profesional,93.55,0.0489,0,1,Sí,3
C00692,2022-06-19,2024-07-03,Anual,Tarjeta automática,Internet fibra,Cuyo,Hogar,74.26,0.0125,3,0,Sí,1
C00693,2022-06-19,2023-06-25,Mes a mes,Transferencia,Internet estándar,NOA,Hogar,42.28,0.0338,1,0,No,4
C00694,2022-06-19,2024-04-13,Mes a mes,Tarjeta automática,Telefonía móvil,Litoral,Hogar,31.87,0.0581,1,1,Sí,3
C00695,2022-06-19,,Anual,Débito automático,Telefonía móvil,Cuyo,Hogar,47.58,0.0119,0,0,Sí,4
C00696,2022-06-19,,Mes a mes,Débito automático,Streaming,NOA,Hogar,50.58,0.0757,2,0,Sí,4
C00697,2022-06-20,2022-09-18,Mes a mes,Débito automático,Telefonía móvil,Cuyo,PyME,114.05,0.0071,5,0,Sí,1
C00698,2022-06-20,,Mes a mes,Débito automático,Internet fibra,Cuyo,PyME,141.68,0.0272,1,0,Sí,5
C00699,2022-06-20,,Mes a mes,Tarjeta automática,Streaming,Cuyo,Hogar,18.0,0.0444,0,0,Sí,4
C00700,2022-06-20,,Mes a mes,Tarjeta automática,Internet fibra,Centro,Profesional,75.49,0.0437,0,2,Sí,4
C00701,2022-06-20,,Dos años,Tarjeta automática,Telefonía móvil,Centro,Hogar,53.71,0.1731,1,1,Sí,3
C00702,2022-06-20,2023-07-11,Mes a mes,Tarjeta automática,Telefonía móvil,AMBA,Hogar,59.81,0.0522,1,1,Sí,4
C00703,2022-06-20,2023-01-14,Anual,Cheque electrónico,Internet fibra,Patagonia,Hogar,84.09,0.0705,1,1,No,3
C00704,2022-06-20,,Anual,Tarjeta automática,Telefonía móvil,Litoral,Profesional,56.64,0.0314,1,0,Sí,4
C00705,2022-06-21,,Mes a mes,Tarjeta automática,Streaming,NOA,PyME,98.88,0.0901,4,0,Sí,4
C00706,2022-06-21,,Mes a mes,Tarjeta automática,Internet fibra,Litoral,Hogar,86.29,0.0248,1,0,Sí,3
C00707,2022-06-21,2022-11-10,Mes a mes,Transferencia,Streaming,AMBA,Hogar,41.51,0.1698,2,0,No,1
C00708,2022-06-21,,Anual,Cheque electrónico,Telefonía móvil,Litoral,Hogar,21.58,0.0598,1,2,No,3
C00709,2022-06-21,2024-12-25,Mes a mes,Cheque electrónico,Internet fibra,Centro,Hogar,81.78,0.0532,1,0,No,4
C00710,2022-06-21,,Anual,Transferencia,Internet fibra,AMBA,Hogar,97.52,0.143,5,0,No,2
C00711,2022-06-22,,Dos años,Cheque electrónico,Telefonía móvil,Litoral,Profesional,65.8,0.0115,0,1,No,4
C00712,2022-06-22,,Anual,Débito automático,Internet estándar,AMBA,PyME,114.43,0.0606,1,0,Sí,5
C00713,2022-06-22,,Dos años,Cheque electrónico,Internet estándar,Cuyo,Hogar,49.4,0.0676,0,1,No,4
C00714,2022-06-23,2024-12-06,Anual,Cheque electrónico,Streaming,NOA,Profesional,48.17,0.0636,2,2,No,3
C00715,2022-06-23,,Dos años,Tarjeta automática,Streaming,Centro,Profesional,62.43,0.0758,5,0,Sí,1
C00716,2022-06-24,,Anual,Débito automático,Internet fibra,Patagonia,Hogar,70.63,0.0788,1,0,Sí,3
C00717,2022-06-24,,Anual,Tarjeta automática,Internet fibra,Cuyo,Profesional,87.56,0.0125,0,0,Sí,4
C00718,2022-06-24,,Anual,Tarjeta automática,Telefonía móvil,AMBA,Hogar,36.74,0.0632,0,3,Sí,4
C00719,2022-06-24,,Dos años,Cheque electrónico,Internet estándar,Centro,Hogar,49.26,0.0924,0,0,No,5
C00720,2022-06-24,,Mes a mes,Tarjeta automática,Streaming,AMBA,Hogar,18.0,0.0202,1,1,Sí,4
C00721,2022-06-24,,Anual,Transferencia,Telefonía móvil,AMBA,Profesional,68.04,0.1544,1,0,No,4
C00722,2022-06-24,2023-12-17,Mes a mes,Cheque electrónico,Internet fibra,AMBA,Hogar,76.19,0.0535,0,1,No,4
C00723,2022-06-25,2024-11-25,Dos años,Débito automático,Telefonía móvil,NOA,Hogar,51.39,0.0129,3,0,Sí,2
C00724,2022-06-25,,Mes a mes,Débito automático,Streaming,Patagonia,Hogar,18.0,0.115,0,0,Sí,4
C00725,2022-06-25,,Anual,Transferencia,Telefonía móvil,Cuyo,Hogar,51.43,0.0121,0,0,No,4
C00726,2022-06-26,,Anual,Cheque electrónico,Internet fibra,Patagonia,Hogar,92.71,0.0353,1,1,No,4
C00727,2022-06-26,,Dos años,Tarjeta automática,Internet estándar,Centro,Hogar,53.82,0.0272,1,0,Sí,2
C00728,2022-06-26,2025-05-27,Mes a mes,Tarjeta automática,Streaming,Litoral,Profesional,47.33,0.0596,1,0,Sí,2
C00729,2022-06-27,2022-12-07,Anual,Transferencia,Telefonía móvil,Centro,Hogar,51.52,0.024,0,0,No,4
C00730,2022-06-27,2023-04-14,Anual,Cheque electrónico,Telefonía móvil,Litoral,Hogar,55.99,0.0798,0,1,No,3
C00731,2022-06-27,,Dos años,Tarjeta automática,Internet estándar,Cuyo,Profesional,72.75,0.1023,0,0,Sí,5
C00732,2022-06-27,,Dos años,Débito automático,Internet estándar,NOA,Profesional,73.57,0.0446,2,1,Sí,3
C00733,2022-06-27,2023-07-23,Anual,Cheque electrónico,Internet fibra,NOA,Hogar,96.23,0.0543,0,1,No,5
C00734,2022-06-27,,Anual,Tarjeta automática,Streaming,Cuyo,Hogar,37.37,0.0498,2,0,Sí,3
C00735,2022-06-27,,Mes a mes,Tarjeta automática,Telefonía móvil,AMBA,Hogar,33.2,0.0138,1,0,Sí,5
C00736,2022-06-27,,Dos años,Débito automático,Telefonía móvil,Centro,Hogar,55.93,0.0347,0,1,Sí,4
C00737,2022-06-27,,Mes a mes,Tarjeta automática,Internet estándar,Centro,Profesional,65.64,0.0265,0,0,Sí,5
C00738,2022-06-28,,Anual,Tarjeta automática,Telefonía móvil,Cuyo,Hogar,42.37,0.0588,2,1,Sí,2
C00739,2022-06-28,2024-05-05,Anual,Transferencia,Internet fibra,Litoral,Hogar,79.18,0.0314,0,0,No,4
C00740,2022-06-29,,Mes a mes,Transferencia,Internet estándar,NOA,Hogar,59.66,0.0526,0,0,No,5
C00741,2022-06-29,,Mes a mes,Débito automático,Internet estándar,AMBA,Hogar,68.24,0.1125,0,0,Sí,4
C00742,2022-06-29,,Mes a mes,Débito automático,Internet estándar,Litoral,Hogar,49.27,0.0763,1,0,Sí,4
C00743,2022-06-30,,Dos años,Débito automático,Streaming,Centro,Profesional,66.04,0.0335,1,0,Sí,5
C00744,2022-06-30,2025-07-09,Mes a mes,Transferencia,Streaming,Litoral,Hogar,30.81,0.0105,1,0,No,5
C00745,2022-06-30,,Mes a mes,Cheque electrónico,Internet fibra,Litoral,Hogar,93.42,0.0747,1,1,No,4
C00746,2022-06-30,2025-05-13,Anual,Cheque electrónico,Internet fibra,Patagonia,Profesional,98.18,0.1007,2,4,No,2
C00747,2022-07-01,,Mes a mes,Transferencia,Internet estándar,Litoral,Hogar,43.58,0.0278,1,0,No,3
C00748,2022-07-01,2022-07-13,Dos años,Cheque electrónico,Streaming,Centro,Hogar,50.14,0.0183,0,3,No,3
C00749,2022-07-01,2022-11-13,Mes a mes,Cheque electrónico,Internet estándar,NOA,Hogar,42.53,0.0322,3,1,No,2
C00750,2022-07-01,,Mes a mes,Tarjeta automática,Internet estándar,Cuyo,Hogar,41.8,0.1528,0,0,Sí,5
C00751,2022-07-01,2023-04-06,Mes a mes,Cheque electrónico,Internet fibra,Cuyo,Hogar,64.18,0.1413,0,1,No,5
C00752,2022-07-02,,Mes a mes,Cheque electrónico,Telefonía móvil,Litoral,Hogar,55.94,0.0745,0,0,No,5
C00753,2022-07-02,,Mes a mes,Débito automático,Internet estándar,Centro,Profesional,83.54,0.1009,0,1,Sí,4
C00754,2022-07-02,,Anual,Tarjeta automática,Internet estándar,NOA,Profesional,71.1,0.1036,1,0,Sí,3
C00755,2022-07-02,2023-08-13,Mes a mes,Transferencia,Internet estándar,AMBA,Hogar,38.18,0.0293,4,0,No,1
C00756,2022-07-02,2024-10-20,Mes a mes,Débito automático,Internet fibra,AMBA,Hogar,77.93,0.1292,1,0,Sí,4
C00757,2022-07-02,2023-08-26,Mes a mes,Transferencia,Internet fibra,NOA,PyME,129.67,0.0537,0,1,No,5
C00758,2022-07-02,,Mes a mes,Débito automático,Internet fibra,Cuyo,Hogar,66.66,0.0373,0,0,Sí,5
C00759,2022-07-03,,Dos años,Tarjeta automática,Streaming,NOA,Hogar,23.62,0.0427,1,0,Sí,5
C00760,2022-07-03,2024-05-25,Mes a mes,Tarjeta automática,Internet fibra,NOA,Profesional,101.56,0.051,2,0,Sí,2
C00761,2022-07-03,2025-11-15,Dos años,Cheque electrónico,Internet fibra,NOA,Hogar,71.34,0.1314,2,0,No,3
C00762,2022-07-03,2022-11-25,Mes a mes,Tarjeta automática,Telefonía móvil,Patagonia,PyME,100.21,0.0661,2,2,Sí,3
C00763,2022-07-03,2024-08-21,Mes a mes,Transferencia,Internet estándar,Patagonia,Hogar,29.46,0.021,4,0,No,3
C00764,2022-07-03,2022-08-05,Mes a mes,Tarjeta automática,Internet estándar,Litoral,Profesional,85.47,0.0285,3,0,Sí,3
C00765,2022-07-03,2025-11-25,Mes a mes,Débito automático,Internet estándar,Patagonia,Hogar,44.69,0.0701,2,0,Sí,5
C00766,2022-07-04,2024-03-15,Anual,Débito automático,Internet fibra,Centro,Hogar,87.57,0.0806,0,0,Sí,5
C00767,2022-07-04,,Mes a mes,Tarjeta automática,Internet fibra,Patagonia,Hogar,80.08,0.1209,0,0,Sí,5
C00768,2022-07-04,,Mes a mes,Transferencia,Telefonía móvil,Centro,PyME,101.43,0.0595,0,0,No,5
C00769,2022-07-04,,Anual,Transferencia,Internet estándar,Cuyo,Hogar,36.55,0.0162,2,0,No,2
C00770,2022-07-04,,Anual,Tarjeta automática,Streaming,Cuyo,Hogar,20.63,0.0857,0,0,Sí,4
C00771,2022-07-04,,Dos años,Débito automático,Telefonía móvil,Patagonia,PyME,88.88,0.1076,0,0,Sí,4
C00772,2022-07-04,,Dos años,Transferencia,Internet fibra,Centro,Hogar,78.28,0.0268,0,0,No,5
C00773,2022-07-05,2023-09-16,Anual,Transferencia,Streaming,Centro,Hogar,43.59,0.1274,0,1,No,5
C00774,2022-07-06,,Anual,Débito automático,Internet fibra,Patagonia,Hogar,82.77,0.0194,1,0,Sí,3
C00775,2022-07-06,,Anual,Transferencia,Internet estándar,Cuyo,Profesional,57.1,0.0455,1,0,No,5
C00776,2022-07-07,,Mes a mes,Tarjeta automática,Telefonía móvil,Patagonia,Hogar,42.96,0.0013,0,0,Sí,4
C00777,2022-07-07,,Anual,Tarjeta automática,Internet fibra,NOA,Hogar,77.11,0.0417,3,1,Sí,1
C00778,2022-07-07,2023-05-20,Mes a mes,Transferencia,Telefonía móvil,NOA,PyME,93.14,0.103,0,0,No,5
C00779,2022-07-07,,Anual,Transferencia,Streaming,Cuyo,Hogar,28.83,0.0337,0,0,No,2
C00780,2022-07-07,,Dos años,Cheque electrónico,Internet estándar,Centro,Hogar,57.4,0.0717,4,0,No,1
C00781,2022-07-07,,Mes a mes,Tarjeta automática,Internet fibra,NOA,Hogar,70.08,0.0558,0,0,Sí,5
C00782,2022-07-07,,Anual,Débito automático,Streaming,Centro,Hogar,25.2,0.0401,2,0,Sí,3
C00783,2022-07-07,,Dos años,Transferencia,Internet estándar,Patagonia,Hogar,59.8,0.0382,1,0,No,4
C00784,2022-07-08,2024-10-08,Mes a mes,Tarjeta automática,Internet fibra,Patagonia,Hogar,83.16,0.0514,0,0,Sí,5
C00785,2022-07-08,2024-10-19,Mes a mes,Débito automático,Internet estándar,Cuyo,Hogar,63.07,0.0385,3,0,Sí,4
C00786,2022-07-08,,Dos años,Transferencia,Internet fibra,AMBA,Profesional,111.79,0.003,1,0,No,4
C00787,2022-07-08,,Dos años,Tarjeta automática,Telefonía móvil,Cuyo,Hogar,27.03,0.0585,0,0,Sí,4
C00788,2022-07-09,,Mes a mes,Débito automático,Internet estándar,AMBA,Hogar,52.17,0.1228,0,0,Sí,4
C00789,2022-07-09,2023-09-14,Mes a mes,Tarjeta automática,Internet estándar,Cuyo,Hogar,43.41,0.1012,0,0,Sí,5
C00790,2022-07-09,,Anual,Cheque electrónico,Telefonía móvil,Cuyo,Profesional,46.81,0.0542,0,3,No,3
C00791,2022-07-09,,Mes a mes,Tarjeta automática,Streaming,Litoral,Profesional,38.32,0.0514,1,0,Sí,4
C00792,2022-07-09,,Mes a mes,Tarjeta automática,Telefonía móvil,Centro,Profesional,56.69,0.0643,0,0,Sí,5
C00793,2022-07-10,,Mes a mes,Tarjeta automática,Telefonía móvil,NOA,PyME,93.76,0.0797,0,1,Sí,4
C00794,2022-07-10,,Mes a mes,Tarjeta automática,Internet fibra,AMBA,Profesional,89.32,0.0674,0,0,Sí,5
C00795,2022-07-10,2022-11-13,Mes a mes,Tarjeta automática,Internet estándar,NOA,PyME,103.85,0.0303,3,1,Sí,2
C00796,2022-07-11,,Anual,Transferencia,Streaming,Centro,Hogar,55.91,0.0837,0,0,No,3
C00797,2022-07-11,,Anual,Tarjeta automática,Internet fibra,Cuyo,Hogar,59.02,0.0601,1,2,Sí,4
C00798,2022-07-11,,Anual,Tarjeta automática,Streaming,NOA,Hogar,41.51,0.042,1,0,Sí,4
C00799,2022-07-11,2023-12-24,Mes a mes,Tarjeta automática,Internet fibra,Litoral,Hogar,77.8,0.0432,0,0,Sí,4
C00800,2022-07-11,2023-11-12,Mes a mes,Débito automático,Telefonía móvil,AMBA,Hogar,37.18,0.0311,2,0,Sí,3
C00801,2022-07-12,2025-05-18,Mes a mes,Tarjeta automática,Streaming,Litoral,Hogar,18.0,0.0481,0,0,Sí,4
C00802,2022-07-12,,Mes a mes,Transferencia,Internet estándar,Litoral,Hogar,57.39,0.0359,3,0,No,5
C00803,2022-07-12,,Mes a mes,Transferencia,Internet estándar,NOA,Profesional,51.15,0.06,0,0,No,3
C00804,2022-07-12,2023-02-12,Mes a mes,Transferencia,Telefonía móvil,Litoral,Hogar,51.11,0.1053,1,0,No,4
C00805,2022-07-13,2023-01-27,Mes a mes,Tarjeta automática,Streaming,NOA,Hogar,48.15,0.0818,1,1,Sí,4
C00806,2022-07-13,2025-08-04,Mes a mes,Cheque electrónico,Telefonía móvil,Litoral,PyME,82.89,0.071,1,0,No,4
C00807,2022-07-13,,Anual,Transferencia,Telefonía móvil,Centro,Hogar,54.85,0.0035,1,0,No,3
C00808,2022-07-13,,Anual,Tarjeta automática,Internet fibra,Litoral,Hogar,78.28,0.0638,4,1,Sí,3
C00809,2022-07-13,2025-04-26,Dos años,Débito automático,Internet fibra,NOA,Hogar,54.96,0.0309,2,0,Sí,3
C00810,2022-07-15,,Anual,Transferencia,Internet fibra,AMBA,Hogar,64.75,0.0127,1,0,No,3
C00811,2022-07-15,2023-10-02,Mes a mes,Débito automático,Streaming,Cuyo,PyME,85.96,0.0771,0,0,Sí,4
C00812,2022-07-15,2025-03-22,Mes a mes,Débito automático,Streaming,AMBA,Hogar,33.41,0.06,0,1,Sí,4
C00813,2022-07-15,,Mes a mes,Transferencia,Internet estándar,NOA,PyME,86.61,0.0264,0,1,No,5
C00814,2022-07-15,,Mes a mes,Tarjeta automática,Telefonía móvil,Litoral,Hogar,42.35,0.0283,4,0,Sí,1
C00815,2022-07-15,2025-01-01,Mes a mes,Cheque electrónico,Internet fibra,Patagonia,Profesional,105.06,0.0445,1,0,No,5
C00816,2022-07-16,2022-11-06,Mes a mes,Tarjeta automática,Telefonía móvil,NOA,Hogar,52.98,0.0025,0,2,Sí,5
C00817,2022-07-16,2022-07-15,Mes a mes,Tarjeta automática,Internet estándar,Patagonia,Hogar,44.46,0.0468,3,0,Sí,3
C00818,2022-07-17,,Mes a mes,Tarjeta automática,Internet estándar,Cuyo,Hogar,53.82,0.0926,0,0,Sí,4
C00819,2022-07-17,,Anual,Débito automático,Internet fibra,NOA,Hogar,89.8,0.0259,0,0,Sí,4
C00820,2022-07-17,2024-12-04,Dos años,Cheque electrónico,Streaming,Cuyo,PyME,93.38,0.0725,0,1,No,5
C00821,2022-07-17,2025-08-23,Anual,Cheque electrónico,Telefonía móvil,NOA,Profesional,69.81,0.1313,3,0,No,3
C00822,2022-07-17,,Anual,Cheque electrónico,Internet estándar,NOA,Hogar,50.25,0.0519,0,2,No,3
C00823,2022-07-17,2025-11-24,Mes a mes,Débito automático,Internet estándar,Centro,Profesional,65.96,0.1013,3,0,Sí,3
C00824,2022-07-18,,Mes a mes,Débito automático,Streaming,Patagonia,Hogar,31.99,0.0502,0,0,Sí,4
C00825,2022-07-18,,Anual,Débito automático,Internet estándar,Patagonia,PyME,95.6,0.0199,2,0,Sí,3
C00826,2022-07-18,2024-10-08,Mes a mes,Tarjeta automática,Streaming,Patagonia,Hogar,41.23,0.0274,4,0,Sí,3
C00827,2022-07-19,2023-04-12,Mes a mes,Cheque electrónico,Internet estándar,Centro,Hogar,32.17,0.0342,0,2,No,4
C00828,2022-07-19,2024-12-20,Mes a mes,Débito automático,Telefonía móvil,Litoral,Hogar,36.45,0.0623,0,0,Sí,4
C00829,2022-07-19,,Dos años,Débito automático,Streaming,AMBA,Hogar,28.6,0.0469,1,0,Sí,3
C00830,2022-07-19,,Anual,Débito automático,Internet fibra,NOA,PyME,138.17,0.0933,5,0,Sí,1
C00831,2022-07-19,,Mes a mes,Cheque electrónico,Telefonía móvil,NOA,Hogar,49.23,0.0871,0,2,No,4
C00832,2022-07-19,,Anual,Tarjeta automática,Internet estándar,Litoral,Hogar,65.38,0.0495,0,0,Sí,5
C00833,2022-07-19,,Mes a mes,Transferencia,Telefonía móvil,AMBA,Profesional,60.86,0.0495,1,0,No,2
C00834,2022-07-19,2025-03-02,Mes a mes,Transferencia,Streaming,Litoral,Hogar,21.1,0.0183,0,1,No,5
C00835,2022-07-20,2022-09-15,Mes a mes,Cheque electrónico,Internet fibra,Cuyo,Hogar,76.4,0.1279,2,2,No,5
C00836,2022-07-20,,Mes a mes,Tarjeta automática,Streaming,Patagonia,Profesional,43.49,0.0202,2,1,Sí,3
C00837,2022-07-20,,Anual,Tarjeta automática,Internet fibra,AMBA,Hogar,83.72,0.1082,2,0,Sí,3
C00838,2022-07-20,2024-07-14,Mes a mes,Débito automático,Telefonía móvil,Cuyo,Profesional,48.26,0.0491,1,0,Sí,4
C00839,2022-07-20,,Anual,Cheque electrónico,Telefonía móvil,Cuyo,Hogar,40.07,0.0188,3,3,No,3
C00840,2022-07-20,2023-03-10,Mes a mes,Cheque electrónico,Streaming,NOA,Hogar,46.85,0.0695,7,1,No,1
C00841,2022-07-20,,Anual,Transferencia,Internet estándar,Centro,Hogar,50.98,0.0252,0,1,No,4
C00842,2022-07-20,,Anual,Tarjeta automática,Streaming,NOA,Hogar,18.0,0.0969,1,1,Sí,5
C00843,2022-07-21,,Anual,Tarjeta automática,Internet estándar,NOA,Hogar,45.26,0.0106,0,1,Sí,2
C00844,2022-07-21,,Anual,Transferencia,Internet fibra,Litoral,Hogar,53.44,0.0845,0,0,No,4
C00845,2022-07-22,,Dos años,Tarjeta automática,Telefonía móvil,Centro,Profesional,59.35,0.0698,3,0,Sí,3
C00846,2022-07-22,2022-12-16,Mes a mes,Débito automático,Internet estándar,Centro,Hogar,67.12,0.0199,1,0,Sí,4
C00847,2022-07-22,,Anual,Cheque electrónico,Internet estándar,AMBA,Profesional,53.95,0.0077,1,3,No,2
C00848,2022-07-23,,Anual,Débito automático,Internet fibra,Patagonia,Hogar,61.98,0.041,2,0,Sí,3
C00849,2022-07-23,2025-04-11,Mes a mes,Débito automático,Telefonía móvil,Patagonia,PyME,89.81,0.0461,2,2,Sí,2
C00850,2022-07-23,2023-01-25,Mes a mes,Tarjeta automática,Telefonía móvil,Centro,Hogar,52.13,0.0769,0,0,Sí,4
C00851,2022-07-24,2022-12-14,Mes a mes,Tarjeta automática,Internet estándar,Patagonia,Profesional,85.75,0.012,0,0,Sí,4
C00852,2022-07-24,2022-08-04,Mes a mes,Transferencia,Internet fibra,Litoral,Hogar,82.93,0.006,2,2,No,1
C00853,2022-07-24,,Mes a mes,Débito automático,Telefonía móvil,Patagonia,Hogar,27.85,0.1704,0,0,Sí,4
C00854,2022-07-24,,Mes a mes,Tarjeta automática,Internet estándar,AMBA,Hogar,48.76,0.081,1,0,Sí,3
C00855,2022-07-25,,Anual,Tarjeta automática,Telefonía móvil,Centro,PyME,116.68,0.1205,1,1,Sí,2
C00856,2022-07-25,,Mes a mes,Tarjeta automática,Telefonía móvil,Patagonia,Profesional,56.58,0.0807,1,0,Sí,4
C00857,2022-07-25,,Anual,Transferencia,Streaming,Cuyo,Profesional,48.55,0.0203,0,0,No,3
C00858,2022-07-25,,Mes a mes,Transferencia,Internet fibra,NOA,Hogar,80.65,0.0683,0,1,No,5
C00859,2022-07-25,,Anual,Débito automático,Streaming,NOA,Hogar,18.0,0.1129,1,0,Sí,5
C00860,2022-07-26,2022-07-02,Mes a mes,Débito automático,Telefonía móvil,AMBA,Hogar,52.98,0.1246,2,0,Sí,3
C00861,2022-07-26,,Mes a mes,Tarjeta automática,Internet estándar,Cuyo,Hogar,58.39,0.0149,1,0,Sí,5
C00862,2022-07-26,,Mes a mes,Débito automático,Telefonía móvil,Patagonia,Hogar,20.07,0.0624,1,1,Sí,5
C00863,2022-07-26,,Anual,Tarjeta automática,Internet estándar,AMBA,Profesional,52.36,0.0351,1,0,Sí,4
C00864,2022-07-27,2025-12-02,Mes a mes,Cheque electrónico,Telefonía móvil,NOA,Profesional,49.33,0.0055,0,1,No,4
C00865,2022-07-27,,Dos años,Tarjeta automática,Streaming,AMBA,Hogar,37.23,0.071,1,0,Sí,5
C00866,2022-07-28,2023-09-06,Mes a mes,Débito automático,Internet fibra,AMBA,Hogar,69.74,0.0306,1,0,Sí,2
C00867,2022-07-29,,Mes a mes,Tarjeta automática,Internet estándar,Litoral,Hogar,53.41,0.1542,1,0,Sí,5
C00868,2022-07-29,2022-08-13,Mes a mes,Cheque electrónico,Internet fibra,Centro,Hogar,76.0,0.049,4,1,No,2
C00869,2022-07-29,,Anual,Tarjeta automática,Internet estándar,Litoral,Hogar,49.78,0.0805,0,0,Sí,5
C00870,2022-07-29,2022-12-21,Mes a mes,Cheque electrónico,Telefonía móvil,Cuyo,Hogar,47.46,0.0681,2,2,No,1
C00871,2022-07-29,2022-07-06,Mes a mes,Tarjeta automática,Internet fibra,Centro,Hogar,81.0,0.015,1,0,Sí,5
C00872,2022-07-30,2024-08-10,Mes a mes,Cheque electrónico,Telefonía móvil,NOA,Profesional,59.79,0.0626,0,2,No,4
C00873,2022-07-30,2023-03-17,Mes a mes,Transferencia,Internet fibra,AMBA,Profesional,99.6,0.1169,0,3,No,3
C00874,2022-07-31,2023-06-09,Mes a mes,Tarjeta automática,Streaming,Cuyo,Hogar,31.39,0.0817,3,0,Sí,2
C00875,2022-07-31,,Dos años,Tarjeta automática,Telefonía móvil,Centro,PyME,94.69,0.0183,6,0,Sí,1
C00876,2022-07-31,,Mes a mes,Débito automático,Streaming,AMBA,PyME,79.26,0.0965,1,0,Sí,3
C00877,2022-07-31,2022-12-14,Mes a mes,Cheque electrónico,Telefonía móvil,Centro,Hogar,62.68,0.0739,4,1,No,1
C00878,2022-07-31,,Dos años,Cheque electrónico,Telefonía móvil,Centro,Hogar,37.13,0.0507,1,0,No,4
C00879,2022-07-31,2024-07-24,Mes a mes,Tarjeta automática,Streaming,Cuyo,PyME,99.04,0.0335,0,0,Sí,5
C00880,2022-08-01,,Mes a mes,Débito automático,Telefonía móvil,Cuyo,Hogar,34.46,0.0848,0,0,Sí,5
C00881,2022-08-01,,Anual,Tarjeta automática,Internet fibra,AMBA,Hogar,86.91,0.025,5,0,Sí,1
C00882,2022-08-01,,Dos años,Tarjeta automática,Internet estándar,AMBA,PyME,123.62,0.1171,2,0,Sí,4
C00883,2022-08-01,,Anual,Transferencia,Internet fibra,AMBA,Profesional,92.29,0.0827,0,0,No,2
C00884,2022-08-02,2023-11-07,Mes a mes,Débito automático,Telefonía móvil,Litoral,Profesional,52.66,0.0094,1,0,Sí,5
C00885,2022-08-02,,Dos años,Tarjeta automática,Streaming,NOA,PyME,79.28,0.0633,2,1,Sí,3
C00886,2022-08-02,,Mes a mes,Cheque electrónico,Streaming,AMBA,Hogar,28.79,0.0632,0,0,No,5
C00887,2022-08-02,,Dos años,Transferencia,Telefonía móvil,AMBA,Profesional,63.54,0.0528,1,0,No,4
C00888,2022-08-02,2025-07-18,Dos años,Transferencia,Internet fibra,Patagonia,Profesional,95.56,0.0478,3,1,No,3
C00889,2022-08-02,,Dos años,Tarjeta automática,Telefonía móvil,Patagonia,Hogar,37.38,0.0883,1,0,Sí,5
C00890,2022-08-03,2024-03-08,Mes a mes,Cheque electrónico,Internet fibra,Patagonia,Hogar,99.5,0.0311,0,1,No,2
C00891,2022-08-03,2024-03-07,Mes a mes,Débito automático,Internet estándar,Centro,Hogar,46.8,0.0445,0,0,Sí,5
C00892,2022-08-03,,Anual,Débito automático,Streaming,NOA,Profesional,40.18,0.1119,0,1,Sí,4
C00893,2022-08-03,,Mes a mes,Tarjeta automática,Internet estándar,Litoral,Profesional,76.14,0.0676,0,0,Sí,4
C00894,2022-08-03,,Mes a mes,Cheque electrónico,Streaming,AMBA,PyME,93.31,0.0519,0,0,No,4
C00895,2022-08-04,,Dos años,Débito automático,Telefonía móvil,AMBA,Hogar,57.54,0.0736,2,0,Sí,4
C00896,2022-08-04,,Anual,Cheque electrónico,Telefonía móvil,Litoral,Hogar,63.21,0.0189,2,1,No,3
C00897,2022-08-04,,Mes a mes,Transferencia,Internet fibra,Patagonia,Hogar,81.81,0.032,0,0,No,4
C00898,2022-08-04,2023-04-20,Mes a mes,Cheque electrónico,Internet fibra,Patagonia,PyME,129.83,0.0648,1,0,No,4
C00899,2022-08-04,2022-10-13,Mes a mes,Transferencia,Internet fibra,Litoral,Hogar,57.08,0.0152,4,0,No,2
C00900,2022-08-04,2022-09-22,Mes a mes,Cheque electrónico,Internet estándar,Litoral,Profesional,56.68,0.1196,1,1,No,4
C00901,2022-08-04,,Mes a mes,Tarjeta automática,Internet fibra,Patagonia,Hogar,80.29,0.0114,0,0,Sí,5
C00902,2022-08-05,,Anual,Tarjeta automática,Internet estándar,AMBA,Hogar,36.01,0.0345,0,0,Sí,4
C00903,2022-08-05,,Anual,Transferencia,Telefonía móvil,Cuyo,Hogar,24.56,0.0422,0,0,No,4
C00904,2022-08-05,2022-12-06,Mes a mes,Débito automático,Telefonía móvil,AMBA,Profesional,60.72,0.0403,1,0,Sí,5
C00905,2022-08-05,2022-12-26,Mes a mes,Transferencia,Telefonía móvil,NOA,Hogar,50.54,0.0367,0,1,No,5
C00906,2022-08-06,,Anual,Transferencia,Internet fibra,Litoral,Profesional,93.29,0.1117,0,0,No,5
C00907,2022-08-06,,Anual,Débito automático,Internet estándar,Patagonia,Hogar,58.86,0.0906,3,0,Sí,4
C00908,2022-08-06,,Dos años,Cheque electrónico,Internet fibra,Cuyo,Hogar,84.78,0.0065,1,1,No,4
C00909,2022-08-06,2023-10-14,Mes a mes,Débito automático,Internet estándar,NOA,Hogar,61.64,0.1065,0,0,Sí,5
C00910,2022-08-07,,Anual,Cheque electrónico,Internet estándar,NOA,Hogar,72.91,0.0557,1,0,No,4
C00911,2022-08-07,2025-07-09,Mes a mes,Tarjeta automática,Telefonía móvil,Litoral,Hogar,70.75,0.0595,0,1,Sí,3
C00912,2022-08-07,2025-10-16,Mes a mes,Transferencia,Streaming,NOA,Hogar,37.05,0.1095,0,1,No,4
C00913,2022-08-08,,Dos años,Cheque electrónico,Internet fibra,Litoral,Hogar,72.94,0.0356,1,2,No,3
C00914,2022-08-08,2023-09-26,Mes a mes,Tarjeta automática,Streaming,Patagonia,Hogar,29.68,0.1294,1,2,Sí,4
C00915,2022-08-08,2023-08-02,Mes a mes,Débito automático,Telefonía móvil,Centro,Hogar,59.31,0.0937,2,0,Sí,4
C00916,2022-08-08,2022-11-26,Mes a mes,Tarjeta automática,Internet fibra,NOA,Hogar,68.17,0.0831,2,0,Sí,3
C00917,2022-08-08,2025-12-21,Mes a mes,Débito automático,Telefonía móvil,Centro,Hogar,57.92,0.0965,1,0,Sí,4
C00918,2022-08-08,,Mes a mes,Débito automático,Internet fibra,Patagonia,Hogar,76.13,0.0099,0,0,Sí,4
C00919,2022-08-08,2025-06-12,Anual,Tarjeta automática,Internet fibra,Litoral,Hogar,80.5,0.0668,0,1,Sí,4
C00920,2022-08-08,2023-09-16,Mes a mes,Cheque electrónico,Telefonía móvil,AMBA,Hogar,33.12,0.0514,1,2,No,3
C00921,2022-08-08,2023-09-22,Mes a mes,Tarjeta automática,Internet fibra,Patagonia,Hogar,63.44,0.088,1,0,Sí,4
C00922,2022-08-08,,Dos años,Débito automático,Streaming,AMBA,Hogar,25.93,0.0933,0,0,Sí,4
C00923,2022-08-08,,Mes a mes,Transferencia,Internet fibra,Litoral,Hogar,92.33,0.0552,0,0,No,4
C00924,2022-08-08,,Dos años,Tarjeta automática,Streaming,Patagonia,Hogar,21.28,0.1024,0,3,Sí,3
C00925,2022-08-08,,Mes a mes,Tarjeta automática,Streaming,AMBA,Profesional,64.74,0.0107,2,2,Sí,3
C00926,2022-08-09,2022-12-14,Mes a mes,Cheque electrónico,Telefonía móvil,Cuyo,Profesional,53.7,0.0561,0,0,No,5
C00927,2022-08-09,2024-04-09,Mes a mes,Transferencia,Telefonía móvil,Litoral,Hogar,30.25,0.0725,0,0,No,4
C00928,2022-08-09,,Anual,Tarjeta automática,Streaming,NOA,Hogar,31.79,0.0423,1,0,Sí,3
C00929,2022-08-09,2023-10-16,Mes a mes,Cheque electrónico,Internet estándar,Cuyo,Hogar,56.47,0.0015,1,0,No,3
C00930,2022-08-09,,Dos años,Débito automático,Internet fibra,AMBA,Hogar,80.07,0.13,2,0,Sí,4
C00931,2022-08-09,,Mes a mes,Tarjeta automática,Streaming,AMBA,PyME,85.66,0.003,0,0,Sí,5
C00932,2022-08-10,,Anual,Transferencia,Internet estándar,Centro,Hogar,66.63,0.0469,1,1,No,3
C00933,2022-08-10,,Mes a mes,Débito automático,Internet fibra,NOA,Hogar,79.04,0.0355,1,0,Sí,3
C00934,2022-08-10,,Mes a mes,Tarjeta automática,Telefonía móvil,Patagonia,Profesional,54.83,0.0962,1,0,Sí,3
C00935,2022-08-10,2023-01-11,Mes a mes,Cheque electrónico,Internet estándar,Cuyo,PyME,91.54,0.0144,1,0,No,3
C00936,2022-08-11,,Mes a mes,Tarjeta automática,Internet fibra,NOA,Hogar,92.01,0.0899,0,0,Sí,4
C00937,2022-08-11,2023-11-26,Mes a mes,Tarjeta automática,Telefonía móvil,NOA,Profesional,55.32,0.0372,2,0,Sí,2
C00938,2022-08-11,,Anual,Tarjeta automática,Internet estándar,NOA,Profesional,63.39,0.0351,0,0,Sí,4
C00939,2022-08-11,,Mes a mes,Transferencia,Streaming,AMBA,Profesional,58.57,0.0949,0,1,No,5
C00940,2022-08-11,2022-10-21,Mes a mes,Transferencia,Internet fibra,AMBA,Hogar,100.6,0.0773,1,0,No,3
C00941,2022-08-11,,Mes a mes,Cheque electrónico,Internet estándar,Patagonia,Profesional,69.76,0.0383,0,1,No,3
C00942,2022-08-11,2022-11-17,Mes a mes,Tarjeta automática,Streaming,Cuyo,Hogar,27.49,0.0188,1,0,Sí,4
C00943,2022-08-12,2022-08-25,Mes a mes,Cheque electrónico,Internet fibra,AMBA,Hogar,77.94,0.0556,1,0,No,3
C00944,2022-08-12,,Anual,Débito automático,Streaming,Litoral,Hogar,23.99,0.0599,0,0,Sí,5
C00945,2022-08-12,2022-08-23,Mes a mes,Tarjeta automática,Internet fibra,Cuyo,Hogar,74.09,0.0359,0,0,Sí,5
C00946,2022-08-12,,Dos años,Tarjeta automática,Internet fibra,NOA,Hogar,74.14,0.0631,4,0,Sí,2
C00947,2022-08-12,2022-09-01,Mes a mes,Cheque electrónico,Internet fibra,Litoral,Hogar,88.02,0.0923,0,2,No,2
C00948,2022-08-13,2025-10-12,Mes a mes,Tarjeta automática,Internet fibra,Centro,Hogar,77.03,0.0495,0,0,Sí,4
C00949,2022-08-13,,Dos años,Transferencia,Internet fibra,NOA,PyME,147.95,0.0147,1,0,No,4
C00950,2022-08-13,2022-08-14,Mes a mes,Débito automático,Telefonía móvil,Litoral,Hogar,40.72,0.0383,0,0,Sí,5
C00951,2022-08-14,2022-09-11,Mes a mes,Tarjeta automática,Internet estándar,Centro,Hogar,44.96,0.0673,2,1,Sí,5
C00952,2022-08-14,,Dos años,Cheque electrónico,Internet fibra,AMBA,Profesional,110.06,0.0134,1,3,No,2
C00953,2022-08-14,,Dos años,Cheque electrónico,Internet estándar,Litoral,Hogar,49.24,0.0215,0,0,No,4
C00954,2022-08-14,,Anual,Débito automático,Internet fibra,Patagonia,Profesional,94.61,0.0933,5,0,Sí,2
C00955,2022-08-15,,Mes a mes,Transferencia,Internet estándar,NOA,Hogar,49.37,0.0799,0,2,No,5
C00956,2022-08-16,,Anual,Débito automático,Telefonía móvil,AMBA,Hogar,58.13,0.1268,0,0,Sí,5
C00957,2022-08-16,,Dos años,Transferencia,Streaming,Cuyo,Hogar,32.37,0.0276,2,0,No,3
C00958,2022-08-17,2024-12-14,Dos años,Tarjeta automática,Streaming,NOA,Hogar,42.74,0.0604,1,0,Sí,3
C00959,2022-08-17,,Mes a mes,Débito automático,Internet fibra,Litoral,Hogar,75.42,0.0473,1,0,Sí,3
C00960,2022-08-18,,Mes a mes,Débito automático,Internet fibra,AMBA,Hogar,89.98,0.117,1,1,Sí,3
C00961,2022-08-18,2023-05-12,Mes a mes,Débito automático,Streaming,NOA,Hogar,31.61,0.1264,2,2,Sí,3
C00962,2022-08-18,2023-08-01,Mes a mes,Débito automático,Internet estándar,Patagonia,Hogar,58.71,0.0433,1,1,Sí,4
C00963,2022-08-18,,Anual,Tarjeta automática,Streaming,Cuyo,Profesional,57.63,0.0048,1,1,Sí,4
C00964,2022-08-18,,Mes a mes,Cheque electrónico,Telefonía móvil,Patagonia,Hogar,31.64,0.0285,0,2,No,3
C00965,2022-08-18,2023-10-26,Mes a mes,Tarjeta automática,Internet estándar,Litoral,Profesional,67.79,0.099,1,0,Sí,2
C00966,2022-08-18,,Mes a mes,Tarjeta automática,Telefonía móvil,Centro,Profesional,70.53,0.0486,0,0,Sí,4
C00967,2022-08-18,2023-02-20,Mes a mes,Débito automático,Internet estándar,Patagonia,Hogar,61.28,0.0602,0,0,Sí,4
C00968,2022-08-19,,Mes a mes,Transferencia,Internet fibra,Centro,PyME,146.79,0.0674,0,0,No,4
C00969,2022-08-19,2023-11-02,Mes a mes,Tarjeta automática,Internet fibra,Centro,Profesional,97.15,0.065,0,1,Sí,5
C00970,2022-08-19,2023-04-14,Mes a mes,Débito automático,Streaming,Litoral,Hogar,45.94,0.1209,1,0,Sí,4
C00971,2022-08-19,,Dos años,Transferencia,Internet fibra,AMBA,Hogar,70.77,0.0731,0,0,No,4
C00972,2022-08-19,,Mes a mes,Tarjeta automática,Streaming,Litoral,Hogar,18.0,0.0549,0,0,Sí,5
C00973,2022-08-20,2025-04-11,Mes a mes,Cheque electrónico,Streaming,Litoral,PyME,80.95,0.0563,1,1,No,4
C00974,2022-08-20,,Mes a mes,Débito automático,Internet estándar,Patagonia,Hogar,62.15,0.0108,0,1,Sí,5
C00975,2022-08-20,2024-08-16,Mes a mes,Transferencia,Internet estándar,AMBA,Hogar,37.05,0.0401,1,2,No,5
C00976,2022-08-20,,Mes a mes,Tarjeta automática,Streaming,Litoral,PyME,67.83,0.0543,0,0,Sí,4
C00977,2022-08-21,2023-08-06,Mes a mes,Transferencia,Internet estándar,Cuyo,Hogar,30.07,0.0379,3,0,No,4
C00978,2022-08-21,2024-02-27,Mes a mes,Cheque electrónico,Telefonía móvil,Centro,Hogar,50.1,0.0045,0,0,No,4
C00979,2022-08-21,,Mes a mes,Tarjeta automática,Internet fibra,Cuyo,Hogar,62.08,0.1113,0,0,Sí,5
C00980,2022-08-21,,Anual,Tarjeta automática,Telefonía móvil,NOA,Profesional,66.04,0.0463,0,1,Sí,4
C00981,2022-08-21,2025-02-22,Mes a mes,Tarjeta automática,Internet fibra,Patagonia,Hogar,74.39,0.0266,2,0,Sí,3
C00982,2022-08-21,,Mes a mes,Tarjeta automática,Internet fibra,AMBA,Hogar,69.52,0.0338,0,0,Sí,3
C00983,2022-08-21,,Anual,Cheque electrónico,Streaming,NOA,Hogar,18.01,0.0268,1,0,No,3
C00984,2022-08-21,,Mes a mes,Transferencia,Internet fibra,Litoral,Hogar,80.27,0.099,0,0,No,5
C00985,2022-08-22,2025-04-10,Mes a mes,Transferencia,Internet fibra,AMBA,PyME,124.7,0.0219,0,0,No,5
C00986,2022-08-22,,Mes a mes,Cheque electrónico,Internet fibra,NOA,Hogar,77.95,0.0618,1,1,No,3
C00987,2022-08-22,2023-02-25,Mes a mes,Cheque electrónico,Streaming,Litoral,Hogar,33.42,0.1216,3,1,No,4
C00988,2022-08-22,2022-11-05,Mes a mes,Cheque electrónico,Internet estándar,NOA,Profesional,73.74,0.0293,3,0,No,4
C00989,2022-08-23,,Dos años,Débito automático,Internet fibra,AMBA,Hogar,88.28,0.0652,0,0,Sí,5
C00990,2022-08-24,,Dos años,Débito automático,Internet estándar,Centro,Hogar,50.81,0.1422,3,0,Sí,4
C00991,2022-08-24,,Dos años,Tarjeta automática,Internet fibra,NOA,PyME,121.45,0.0722,0,0,Sí,4
C00992,2022-08-24,2022-09-05,Mes a mes,Débito automático,Telefonía móvil,Centro,Profesional,65.12,0.1107,0,1,Sí,3
C00993,2022-08-24,2023-07-09,Mes a mes,Débito automático,Internet fibra,Litoral,Hogar,85.22,0.0465,1,0,Sí,3
C00994,2022-08-25,,Mes a mes,Tarjeta automática,Streaming,Litoral,Hogar,27.0,0.0697,0,0,Sí,5
C00995,2022-08-25,,Mes a mes,Débito automático,Internet estándar,NOA,Hogar,45.83,0.077,2,0,Sí,4
C00996,2022-08-25,,Mes a mes,Débito automático,Internet estándar,Cuyo,Hogar,76.23,0.0344,0,2,Sí,3
C00997,2022-08-25,2025-03-23,Mes a mes,Tarjeta automática,Telefonía móvil,Patagonia,Hogar,27.78,0.0832,0,0,Sí,3
C00998,2022-08-25,,Mes a mes,Tarjeta automática,Internet estándar,Patagonia,Hogar,54.43,0.0942,1,0,Sí,3
C00999,2022-08-25,,Mes a mes,Débito automático,Streaming,Patagonia,Hogar,40.51,0.0118,0,0,Sí,3
C01000,2022-08-26,,Mes a mes,Débito automático,Internet estándar,Litoral,Hogar,45.25,0.1009,0,0,Sí,4
C01001,2022-08-26,,Anual,Transferencia,Streaming,AMBA,PyME,82.15,0.0298,1,0,No,4
C01002,2022-08-26,,Mes a mes,Transferencia,Internet estándar,Centro,PyME,99.58,0.1514,0,1,No,2
C01003,2022-08-26,,Dos años,Tarjeta automática,Internet fibra,Litoral,Profesional,96.0,0.1406,2,0,Sí,3
C01004,2022-08-26,,Mes a mes,Tarjeta automática,Internet fibra,Cuyo,Hogar,87.89,0.0146,0,0,Sí,5
C01005,2022-08-26,,Mes a mes,Tarjeta automática,Internet fibra,Centro,Hogar,75.82,0.01,2,0,Sí,4
C01006,2022-08-26,,Mes a mes,Tarjeta automática,Telefonía móvil,Patagonia,Hogar,76.22,0.0164,0,1,Sí,4
C01007,2022-08-26,2023-08-06,Mes a mes,Débito automático,Telefonía móvil,Cuyo,Hogar,37.02,0.0567,1,0,Sí,4
C01008,2022-08-26,2024-03-09,Mes a mes,Cheque electrónico,Internet fibra,Patagonia,Profesional,111.15,0.0185,0,1,No,5
C01009,2022-08-26,2025-01-19,Mes a mes,Tarjeta automática,Internet estándar,Litoral,Profesional,72.98,0.0353,4,0,Sí,3
C01010,2022-08-27,2023-11-15,Anual,Débito automático,Streaming,Cuyo,Hogar,30.19,0.0633,1,0,Sí,4
C01011,2022-08-28,2022-11-13,Mes a mes,Transferencia,Internet estándar,AMBA,Hogar,65.18,0.0338,2,0,No,4
C01012,2022-08-28,,Mes a mes,Débito automático,Internet estándar,AMBA,Hogar,31.4,0.0257,1,0,Sí,3
C01013,2022-08-28,2023-06-21,Dos años,Tarjeta automática,Streaming,Litoral,PyME,88.68,0.0861,0,1,Sí,5
C01014,2022-08-28,2023-12-11,Mes a mes,Tarjeta automática,Internet fibra,Cuyo,Hogar,70.12,0.0429,0,0,Sí,5
C01015,2022-08-29,2022-08-06,Mes a mes,Cheque electrónico,Internet estándar,Patagonia,Hogar,44.2,0.0707,1,2,No,3
C01016,2022-08-29,,Mes a mes,Tarjeta automática,Internet fibra,Litoral,Hogar,72.69,0.0464,1,0,Sí,4
C01017,2022-08-29,,Mes a mes,Transferencia,Internet fibra,Centro,Profesional,85.4,0.0778,0,0,No,5
C01018,2022-08-30,2022-10-01,Mes a mes,Cheque electrónico,Streaming,Patagonia,Hogar,18.0,0.0095,3,2,No,3
C01019,2022-08-30,2023-09-06,Mes a mes,Tarjeta automática,Streaming,Litoral,Hogar,33.28,0.1365,1,1,Sí,5
C01020,2022-08-30,2022-09-01,Anual,Transferencia,Telefonía móvil,NOA,Profesional,59.28,0.0369,0,0,No,5
C01021,2022-08-31,,Mes a mes,Tarjeta automática,Internet fibra,NOA,PyME,129.69,0.0496,0,0,Sí,5
C01022,2022-08-31,2024-01-14,Mes a mes,Tarjeta automática,Streaming,NOA,Hogar,37.35,0.0571,1,1,Sí,4
C01023,2022-08-31,2023-04-16,Mes a mes,Débito automático,Telefonía móvil,AMBA,Profesional,64.97,0.0104,0,2,Sí,4
C01024,2022-08-31,,Dos años,Cheque electrónico,Streaming,Litoral,Hogar,26.06,0.0881,0,1,No,5
C01025,2022-08-31,,Anual,Tarjeta automática,Telefonía móvil,AMBA,Profesional,93.56,0.0625,0,0,Sí,4
C01026,2022-08-31,2023-06-23,Dos años,Tarjeta automática,Telefonía móvil,NOA,Hogar,53.2,0.0885,0,0,Sí,5
C01027,2022-08-31,2024-10-03,Anual,Cheque electrónico,Telefonía móvil,Patagonia,Profesional,86.89,0.1262,2,2,No,2
C01028,2022-08-31,,Anual,Tarjeta automática,Telefonía móvil,Centro,Profesional,55.44,0.0044,0,0,Sí,4
C01029,2022-09-01,2023-05-15,Mes a mes,Cheque electrónico,Streaming,Litoral,Hogar,31.75,0.0428,1,0,No,3
C01030,2022-09-01,,Dos años,Transferencia,Internet estándar,Litoral,Hogar,35.38,0.0709,1,0,No,5
C01031,2022-09-01,2025-11-16,Mes a mes,Débito automático,Telefonía móvil,Litoral,Profesional,56.36,0.0135,3,1,Sí,2
C01032,2022-09-01,2025-11-01,Mes a mes,Transferencia,Telefonía móvil,Litoral,Hogar,35.58,0.0009,3,0,No,3
C01033,2022-09-01,,Anual,Transferencia,Internet fibra,NOA,Profesional,128.95,0.1003,1,0,No,2
C01034,2022-09-01,2022-09-02,Mes a mes,Tarjeta automática,Internet fibra,Patagonia,Hogar,70.38,0.1488,2,0,Sí,5
C01035,2022-09-02,2023-09-05,Mes a mes,Cheque electrónico,Internet fibra,Cuyo,Hogar,75.43,0.0215,2,2,No,2
C01036,2022-09-02,2024-03-23,Mes a mes,Cheque electrónico,Telefonía móvil,Patagonia,Profesional,44.01,0.0653,0,1,No,5
C01037,2022-09-02,2024-01-10,Mes a mes,Cheque electrónico,Internet fibra,AMBA,Hogar,83.87,0.0888,0,1,No,3
C01038,2022-09-03,,Dos años,Transferencia,Internet fibra,Centro,Profesional,86.1,0.0657,1,0,No,3
C01039,2022-09-04,,Mes a mes,Débito automático,Internet estándar,AMBA,Hogar,59.1,0.033,0,0,Sí,5
C01040,2022-09-04,,Anual,Débito automático,Internet fibra,NOA,Hogar,58.33,0.1125,2,0,Sí,2
C01041,2022-09-04,,Mes a mes,Tarjeta automática,Telefonía móvil,AMBA,Hogar,40.66,0.0482,1,0,Sí,4
C01042,2022-09-05,2022-10-23,Anual,Débito automático,Internet estándar,NOA,Hogar,28.7,0.0188,2,0,Sí,3
C01043,2022-09-05,,Mes a mes,Transferencia,Internet fibra,Patagonia,Hogar,72.6,0.032,0,0,No,5
C01044,2022-09-05,,Dos años,Transferencia,Internet fibra,NOA,Hogar,74.84,0.0994,2,0,No,5
C01045,2022-09-05,,Mes a mes,Débito automático,Telefonía móvil,Patagonia,Hogar,35.41,0.1053,0,0,Sí,5
C01046,2022-09-05,2025-07-06,Mes a mes,Débito automático,Streaming,Cuyo,PyME,78.5,0.0621,2,0,Sí,5
C01047,2022-09-06,2023-05-06,Mes a mes,Transferencia,Internet estándar,Patagonia,Hogar,59.68,0.0392,0,0,No,4
C01048,2022-09-07,2022-09-23,Mes a mes,Débito automático,Internet estándar,NOA,Hogar,72.92,0.0102,0,0,Sí,5
C01049,2022-09-07,2022-12-22,Mes a mes,Cheque electrónico,Telefonía móvil,NOA,PyME,100.73,0.0235,1,2,No,3
C01050,2022-09-07,,Anual,Transferencia,Telefonía móvil,Patagonia,Hogar,32.54,0.0841,0,0,No,5
C01051,2022-09-07,,Dos años,Tarjeta automática,Streaming,Patagonia,Hogar,29.7,0.1094,1,0,Sí,4
C01052,2022-09-07,,Anual,Tarjeta automática,Internet estándar,Litoral,PyME,100.1,0.0145,2,1,Sí,2
C01053,2022-09-07,2025-05-11,Mes a mes,Transferencia,Telefonía móvil,NOA,Hogar,51.78,0.0862,3,1,No,2
C01054,2022-09-07,,Mes a mes,Débito automático,Streaming,Cuyo,Hogar,32.17,0.017,1,1,Sí,4
C01055,2022-09-07,,Anual,Cheque electrónico,Internet estándar,Litoral,Hogar,31.64,0.0715,1,0,No,4
C01056,2022-09-07,,Dos años,Tarjeta automática,Telefonía móvil,NOA,PyME,109.08,0.0947,2,0,Sí,5
C01057,2022-09-08,2023-07-06,Mes a mes,Tarjeta automática,Telefonía móvil,Centro,Hogar,52.64,0.0735,5,0,Sí,1
C01058,2022-09-08,,Dos años,Débito automático,Streaming,Patagonia,Profesional,63.45,0.0726,1,1,Sí,3
C01059,2022-09-08,2022-10-11,Mes a mes,Transferencia,Telefonía móvil,AMBA,Hogar,36.32,0.0454,1,0,No,1
C01060,2022-09-08,2024-10-22,Anual,Cheque electrónico,Internet estándar,Litoral,Hogar,52.31,0.0291,1,1,No,4
C01061,2022-09-08,,Dos años,Cheque electrónico,Internet estándar,AMBA,Profesional,53.97,0.0058,1,0,No,4
C01062,2022-09-09,,Anual,Débito automático,Internet fibra,NOA,PyME,132.44,0.0828,0,0,Sí,5
C01063,2022-09-09,2023-02-12,Mes a mes,Cheque electrónico,Streaming,NOA,Hogar,33.37,0.0476,1,1,No,4
C01064,2022-09-10,,Anual,Tarjeta automática,Internet estándar,Centro,Hogar,42.0,0.0918,1,0,Sí,3
C01065,2022-09-10,2023-11-26,Mes a mes,Débito automático,Internet estándar,AMBA,Profesional,70.77,0.1229,0,0,Sí,3
C01066,2022-09-10,,Anual,Cheque electrónico,Telefonía móvil,Litoral,Hogar,43.85,0.1522,0,0,No,5
C01067,2022-09-10,,Mes a mes,Débito automático,Internet fibra,NOA,Hogar,73.05,0.0303,1,0,Sí,3
C01068,2022-09-10,2024-04-16,Anual,Cheque electrónico,Telefonía móvil,Centro,Hogar,57.37,0.119,0,2,No,2
C01069,2022-09-10,,Dos años,Tarjeta automática,Internet fibra,NOA,PyME,130.42,0.063,2,1,Sí,4
C01070,2022-09-10,,Mes a mes,Tarjeta automática,Internet fibra,Cuyo,Hogar,79.46,0.0389,1,1,Sí,3
C01071,2022-09-10,,Mes a mes,Débito automático,Internet fibra,Cuyo,Hogar,61.86,0.1276,1,0,Sí,4
C01072,2022-09-11,2025-04-21,Anual,Cheque electrónico,Internet estándar,Cuyo,Hogar,54.71,0.0292,1,2,No,1
C01073,2022-09-11,,Mes a mes,Débito automático,Internet estándar,Centro,Hogar,43.75,0.0637,0,0,Sí,4
C01074,2022-09-11,2024-01-04,Mes a mes,Cheque electrónico,Internet estándar,Cuyo,Hogar,59.53,0.0192,1,4,No,3
C01075,2022-09-11,,Mes a mes,Tarjeta automática,Streaming,Centro,Hogar,18.0,0.0345,3,0,Sí,4
C01076,2022-09-11,,Mes a mes,Transferencia,Internet estándar,Cuyo,Hogar,53.74,0.0655,0,0,No,4
C01077,2022-09-11,,Anual,Débito automático,Internet fibra,Centro,Hogar,54.0,0.0215,1,1,Sí,1
C01078,2022-09-11,,Anual,Tarjeta automática,Internet estándar,AMBA,Hogar,55.77,0.0453,1,0,Sí,4
C01079,2022-09-12,2022-12-26,Mes a mes,Transferencia,Internet fibra,Cuyo,PyME,131.08,0.0462,0,0,No,4
C01080,2022-09-12,2023-03-07,Mes a mes,Transferencia,Internet fibra,AMBA,Hogar,82.39,0.0392,1,0,No,5
C01081,2022-09-12,,Mes a mes,Débito automático,Internet fibra,Centro,Hogar,71.4,0.0131,0,0,Sí,4
C01082,2022-09-12,,Mes a mes,Tarjeta automática,Streaming,Patagonia,Hogar,18.56,0.0133,1,0,Sí,3
C01083,2022-09-13,,Anual,Tarjeta automática,Streaming,AMBA,Hogar,24.22,0.0378,0,0,Sí,4
C01084,2022-09-13,2024-05-27,Mes a mes,Cheque electrónico,Telefonía móvil,Centro,Profesional,62.11,0.0445,4,0,No,5
C01085,2022-09-14,2023-07-07,Mes a mes,Transferencia,Streaming,Patagonia,Hogar,35.34,0.0469,1,1,No,4
C01086,2022-09-14,,Dos años,Cheque electrónico,Internet estándar,AMBA,Profesional,70.34,0.053,1,1,No,3
C01087,2022-09-14,2025-06-03,Mes a mes,Transferencia,Internet estándar,Patagonia,Hogar,38.7,0.0133,1,0,No,5
C01088,2022-09-14,,Anual,Cheque electrónico,Internet fibra,AMBA,PyME,153.21,0.1252,1,1,No,3
C01089,2022-09-14,2024-04-06,Mes a mes,Tarjeta automática,Streaming,AMBA,Hogar,32.66,0.0527,1,0,Sí,3
C01090,2022-09-15,2023-01-04,Mes a mes,Débito automático,Internet fibra,Centro,Hogar,71.15,0.1389,1,0,Sí,3
C01091,2022-09-16,2023-07-04,Mes a mes,Transferencia,Internet fibra,NOA,Hogar,82.67,0.0412,3,0,No,1
C01092,2022-09-16,,Anual,Tarjeta automática,Telefonía móvil,AMBA,Hogar,44.82,0.025,0,0,Sí,5
C01093,2022-09-16,,Anual,Tarjeta automática,Internet fibra,AMBA,Hogar,76.07,0.1101,0,0,Sí,4
C01094,2022-09-16,,Mes a mes,Transferencia,Internet fibra,NOA,Hogar,74.78,0.1131,0,1,No,4
C01095,2022-09-16,2023-12-21,Mes a mes,Cheque electrónico,Telefonía móvil,Litoral,Profesional,70.83,0.0326,0,1,No,4
C01096,2022-09-17,2022-11-01,Mes a mes,Transferencia,Internet fibra,Litoral,Profesional,115.01,0.0548,6,1,No,1
C01097,2022-09-17,,Anual,Tarjeta automática,Internet estándar,AMBA,Hogar,26.6,0.0037,0,0,Sí,5
C01098,2022-09-17,2023-05-18,Anual,Cheque electrónico,Internet fibra,Cuyo,Hogar,91.54,0.0274,2,2,No,2
C01099,2022-09-17,,Anual,Tarjeta automática,Internet estándar,Litoral,Hogar,49.22,0.0618,0,0,Sí,4
C01100,2022-09-17,,Dos años,Tarjeta automática,Telefonía móvil,Litoral,Profesional,62.6,0.1523,1,0,Sí,3
C01101,2022-09-17,2024-08-10,Mes a mes,Cheque electrónico,Streaming,Litoral,Hogar,43.87,0.0153,0,1,No,4
C01102,2022-09-18,,Anual,Transferencia,Internet estándar,AMBA,Hogar,19.8,0.0094,1,0,No,2
C01103,2022-09-18,,Mes a mes,Cheque electrónico,Internet fibra,NOA,Hogar,86.96,0.077,0,2,No,5
C01104,2022-09-18,,Mes a mes,Cheque electrónico,Internet estándar,Patagonia,Hogar,63.11,0.0716,0,1,No,4
C01105,2022-09-19,,Dos años,Transferencia,Streaming,Centro,Hogar,21.43,0.0236,0,0,No,3
C01106,2022-09-19,2023-01-21,Mes a mes,Tarjeta automática,Internet fibra,NOA,Profesional,80.67,0.0052,4,0,Sí,2
C01107,2022-09-19,,Anual,Débito automático,Internet fibra,Centro,Profesional,114.04,0.0846,0,1,Sí,5
C01108,2022-09-19,,Anual,Cheque electrónico,Streaming,AMBA,PyME,64.68,0.0698,0,2,No,4
C01109,2022-09-20,,Dos años,Cheque electrónico,Telefonía móvil,NOA,Hogar,46.61,0.0642,1,1,No,5
C01110,2022-09-20,2025-03-27,Mes a mes,Débito automático,Telefonía móvil,AMBA,Hogar,53.25,0.0699,1,0,Sí,3
C01111,2022-09-20,,Mes a mes,Débito automático,Telefonía móvil,AMBA,Profesional,64.36,0.055,1,0,Sí,3
C01112,2022-09-20,,Anual,Tarjeta automática,Internet estándar,Litoral,Hogar,55.21,0.0458,1,0,Sí,4
C01113,2022-09-20,,Anual,Débito automático,Telefonía móvil,Centro,Hogar,39.08,0.0285,2,0,Sí,3
C01114,2022-09-20,2023-04-07,Mes a mes,Cheque electrónico,Telefonía móvil,AMBA,Profesional,65.09,0.0458,1,2,No,4
C01115,2022-09-22,,Anual,Tarjeta automática,Internet fibra,AMBA,Hogar,70.21,0.0549,2,0,Sí,4
C01116,2022-09-22,,Mes a mes,Débito automático,Internet estándar,AMBA,Hogar,42.63,0.0081,0,0,Sí,4
C01117,2022-09-22,2022-11-02,Anual,Cheque electrónico,Internet fibra,NOA,Hogar,78.39,0.0171,0,1,No,3
C01118,2022-09-22,,Dos años,Débito automático,Telefonía móvil,Patagonia,Hogar,25.06,0.1093,1,0,Sí,4
C01119,2022-09-22,,Mes a mes,Débito automático,Telefonía móvil,NOA,Hogar,48.35,0.0594,0,0,Sí,3
C01120,2022-09-23,,Mes a mes,Débito automático,Telefonía móvil,Litoral,Hogar,18.0,0.0245,1,0,Sí,4
C01121,2022-09-23,,Dos años,Tarjeta automática,Internet fibra,Litoral,Hogar,81.99,0.1358,0,0,Sí,5
C01122,2022-09-23,,Anual,Tarjeta automática,Telefonía móvil,Centro,Profesional,65.03,0.0097,0,2,Sí,5
C01123,2022-09-23,,Dos años,Tarjeta automática,Internet fibra,NOA,PyME,124.26,0.1834,0,0,Sí,5
C01124,2022-09-23,2024-02-12,Mes a mes,Tarjeta automática,Internet fibra,Patagonia,PyME,119.43,0.0031,4,1,Sí,2
C01125,2022-09-24,,Dos años,Tarjeta automática,Streaming,Litoral,Profesional,42.51,0.0305,1,0,Sí,2
C01126,2022-09-24,2024-12-15,Mes a mes,Tarjeta automática,Telefonía móvil,AMBA,Hogar,49.04,0.0302,1,1,Sí,3
C01127,2022-09-24,,Mes a mes,Tarjeta automática,Telefonía móvil,Patagonia,Hogar,45.8,0.0411,1,0,Sí,4
C01128,2022-09-25,2023-06-03,Mes a mes,Cheque electrónico,Internet fibra,Centro,Hogar,65.77,0.0392,0,1,No,4
C01129,2022-09-25,,Anual,Tarjeta automática,Internet estándar,Centro,Hogar,50.16,0.0085,1,0,Sí,4
C01130,2022-09-25,,Dos años,Débito automático,Internet estándar,Patagonia,Profesional,69.88,0.0793,0,2,Sí,4
C01131,2022-09-25,2025-09-24,Anual,Cheque electrónico,Internet fibra,NOA,Hogar,80.42,0.0848,2,1,No,2
C01132,2022-09-25,2023-07-25,Anual,Tarjeta automática,Telefonía móvil,Litoral,PyME,86.15,0.0715,2,0,Sí,4
C01133,2022-09-26,,Mes a mes,Débito automático,Internet estándar,AMBA,Hogar,50.71,0.0315,0,0,Sí,4
C01134,2022-09-26,2022-12-23,Mes a mes,Cheque electrónico,Internet fibra,Litoral,Hogar,88.1,0.04,1,0,No,4
C01135,2022-09-26,,Mes a mes,Débito automático,Internet estándar,NOA,Profesional,72.91,0.0775,1,0,Sí,5
C01136,2022-09-26,,Mes a mes,Tarjeta automática,Streaming,Patagonia,Hogar,33.53,0.0506,1,0,Sí,3
C01137,2022-09-26,,Mes a mes,Transferencia,Telefonía móvil,Centro,Profesional,78.07,0.0664,1,0,No,4
C01138,2022-09-27,,Dos años,Transferencia,Internet fibra,Litoral,Profesional,97.85,0.0138,4,0,No,2
C01139,2022-09-27,,Anual,Débito automático,Internet fibra,Centro,Profesional,86.74,0.0366,1,0,Sí,3
C01140,2022-09-27,2025-06-27,Anual,Tarjeta automática,Telefonía móvil,NOA,Profesional,50.77,0.0902,2,0,Sí,3
C01141,2022-09-27,2023-11-10,Mes a mes,Tarjeta automática,Internet estándar,NOA,Hogar,50.94,0.067,1,0,Sí,3
C01142,2022-09-27,,Mes a mes,Cheque electrónico,Internet estándar,Litoral,Hogar,33.19,0.1307,2,0,No,4
C01143,2022-09-27,,Mes a mes,Débito automático,Internet fibra,AMBA,Profesional,92.58,0.0194,0,0,Sí,5
C01144,2022-09-28,,Mes a mes,Tarjeta automática,Telefonía móvil,Cuyo,Hogar,47.11,0.0912,5,0,Sí,3
C01145,2022-09-28,2023-09-24,Mes a mes,Débito automático,Streaming,AMBA,Hogar,41.88,0.1053,4,3,Sí,2
C01146,2022-09-28,,Mes a mes,Cheque electrónico,Internet fibra,Patagonia,Hogar,61.02,0.0869,0,2,No,4
C01147,2022-09-28,2023-12-03,Mes a mes,Tarjeta automática,Internet fibra,Patagonia,Hogar,79.09,0.0579,7,1,Sí,1
C01148,2022-09-28,,Anual,Tarjeta automática,Internet fibra,Centro,Hogar,77.25,0.0712,1,0,Sí,5
C01149,2022-09-28,2023-06-24,Mes a mes,Débito automático,Internet fibra,NOA,PyME,133.41,0.0601,0,1,Sí,5
C01150,2022-09-28,2022-11-16,Mes a mes,Transferencia,Internet fibra,Patagonia,Hogar,79.56,0.0592,1,0,No,3
C01151,2022-09-29,2023-03-05,Mes a mes,Débito automático,Internet fibra,NOA,Hogar,77.65,0.0792,1,0,Sí,5
C01152,2022-09-29,2023-03-16,Mes a mes,Cheque electrónico,Internet fibra,Centro,Hogar,93.31,0.0631,1,2,No,4
C01153,2022-09-29,2024-03-15,Mes a mes,Tarjeta automática,Internet estándar,Centro,Hogar,62.68,0.0627,0,0,Sí,5
C01154,2022-09-29,2023-05-15,Mes a mes,Débito automático,Internet estándar,Cuyo,Hogar,72.58,0.0088,6,0,Sí,2
C01155,2022-09-29,,Anual,Débito automático,Internet estándar,Centro,Profesional,66.88,0.0274,0,2,Sí,4
C01156,2022-09-30,,Mes a mes,Débito automático,Telefonía móvil,Patagonia,Hogar,37.48,0.052,1,0,Sí,4
C01157,2022-09-30,,Dos años,Débito automático,Internet fibra,Cuyo,Hogar,67.35,0.0275,0,1,Sí,4
C01158,2022-10-01,2023-04-03,Mes a mes,Cheque electrónico,Telefonía móvil,Litoral,Hogar,36.29,0.1065,2,2,No,4
C01159,2022-10-01,,Mes a mes,Débito automático,Telefonía móvil,Centro,Hogar,49.86,0.0578,0,0,Sí,3
C01160,2022-10-01,,Mes a mes,Transferencia,Telefonía móvil,AMBA,Profesional,69.55,0.0446,1,0,No,4
C01161,2022-10-02,,Mes a mes,Tarjeta automática,Internet fibra,NOA,PyME,140.43,0.1254,0,0,Sí,5
C01162,2022-10-02,2023-12-17,Mes a mes,Débito automático,Internet fibra,Cuyo,Profesional,88.69,0.0419,0,0,Sí,4
C01163,2022-10-02,,Dos años,Débito automático,Streaming,AMBA,Profesional,39.75,0.0286,4,1,Sí,3
C01164,2022-10-02,,Mes a mes,Débito automático,Internet fibra,Patagonia,Hogar,99.52,0.0632,1,0,Sí,4
C01165,2022-10-03,,Anual,Tarjeta automática,Internet fibra,AMBA,PyME,123.85,0.0279,0,1,Sí,3
C01166,2022-10-03,,Mes a mes,Cheque electrónico,Internet fibra,NOA,Hogar,93.58,0.023,0,1,No,5
C01167,2022-10-03,2022-12-11,Mes a mes,Cheque electrónico,Streaming,Cuyo,Profesional,51.45,0.0042,8,2,No,1
C01168,2022-10-03,2023-07-11,Mes a mes,Cheque electrónico,Telefonía móvil,Cuyo,Hogar,33.94,0.0597,0,1,No,4
C01169,2022-10-03,2023-03-10,Mes a mes,Cheque electrónico,Internet fibra,Centro,Hogar,64.97,0.0649,1,2,No,4
C01170,2022-10-04,,Mes a mes,Tarjeta automática,Telefonía móvil,AMBA,Hogar,34.42,0.0528,0,1,Sí,4
C01171,2022-10-04,,Dos años,Débito automático,Telefonía móvil,Cuyo,Hogar,46.59,0.0505,2,1,Sí,3
C01172,2022-10-04,,Anual,Débito automático,Internet fibra,Cuyo,Hogar,67.99,0.0079,0,1,Sí,5
C01173,2022-10-04,,Dos años,Cheque electrónico,Internet estándar,Cuyo,Hogar,66.1,0.0825,4,1,No,2
C01174,2022-10-04,2024-04-14,Mes a mes,Tarjeta automática,Internet fibra,Cuyo,PyME,130.71,0.0301,1,1,Sí,3
C01175,2022-10-04,,Anual,Tarjeta automática,Telefonía móvil,Litoral,Hogar,49.7,0.0263,0,0,Sí,4
C01176,2022-10-05,2025-07-13,Mes a mes,Transferencia,Streaming,AMBA,Hogar,35.82,0.0181,1,0,No,4
C01177,2022-10-05,,Anual,Tarjeta automática,Streaming,Cuyo,Hogar,46.84,0.1243,0,0,Sí,4
C01178,2022-10-05,,Dos años,Transferencia,Streaming,NOA,Hogar,24.18,0.0296,0,0,No,4
C01179,2022-10-06,,Anual,Tarjeta automática,Internet fibra,NOA,Hogar,79.17,0.1138,4,0,Sí,1
C01180,2022-10-06,,Dos años,Transferencia,Telefonía móvil,Litoral,Hogar,26.58,0.0086,3,0,No,2
C01181,2022-10-06,2023-12-08,Anual,Cheque electrónico,Telefonía móvil,Cuyo,Hogar,43.13,0.1109,2,2,No,3
C01182,2022-10-06,,Mes a mes,Transferencia,Streaming,Cuyo,Hogar,41.54,0.1627,0,0,No,4
C01183,2022-10-06,2025-12-26,Anual,Tarjeta automática,Internet estándar,Patagonia,Hogar,51.41,0.0542,0,0,Sí,3
C01184,2022-10-07,,Mes a mes,Tarjeta automática,Internet fibra,Cuyo,Hogar,103.44,0.0458,1,1,Sí,3
C01185,2022-10-07,,Dos años,Tarjeta automática,Internet fibra,NOA,Profesional,101.72,0.1131,0,0,Sí,4
C01186,2022-10-07,2022-10-21,Anual,Tarjeta automática,Internet fibra,AMBA,Profesional,90.06,0.0675,0,0,Sí,4
C01187,2022-10-07,2023-01-10,Mes a mes,Débito automático,Streaming,Litoral,Hogar,34.01,0.1072,4,0,Sí,1
C01188,2022-10-07,,Mes a mes,Débito automático,Telefonía móvil,Litoral,Hogar,25.9,0.0782,0,0,Sí,3
C01189,2022-10-08,2024-02-08,Mes a mes,Tarjeta automática,Telefonía móvil,Cuyo,PyME,88.21,0.0378,1,0,Sí,4
C01190,2022-10-08,2023-01-14,Mes a mes,Tarjeta automática,Internet fibra,Cuyo,Hogar,64.61,0.0501,0,0,Sí,4
C01191,2022-10-08,2023-02-01,Mes a mes,Cheque electrónico,Internet fibra,AMBA,Hogar,78.18,0.0873,0,1,No,4
C01192,2022-10-08,,Anual,Tarjeta automática,Internet fibra,Cuyo,Hogar,77.33,0.0729,1,0,Sí,5
C01193,2022-10-09,2024-06-19,Mes a mes,Tarjeta automática,Telefonía móvil,Cuyo,Hogar,55.26,0.0593,0,1,Sí,4
C01194,2022-10-09,,Anual,Débito automático,Telefonía móvil,Litoral,Profesional,58.91,0.1579,0,0,Sí,3
C01195,2022-10-09,2022-11-17,Mes a mes,Tarjeta automática,Internet estándar,Litoral,Profesional,55.97,0.1005,4,1,Sí,1
C01196,2022-10-09,2023-02-23,Mes a mes,Cheque electrónico,Internet estándar,Cuyo,Hogar,66.15,0.0696,2,1,No,3
C01197,2022-10-09,2025-02-16,Mes a mes,Tarjeta automática,Internet estándar,Litoral,Hogar,18.0,0.0482,1,0,Sí,3
C01198,2022-10-09,,Dos años,Transferencia,Internet fibra,Litoral,Profesional,96.42,0.0381,0,0,No,3
C01199,2022-10-10,2022-12-20,Mes a mes,Transferencia,Internet fibra,AMBA,Hogar,80.39,0.0733,1,0,No,5
C01200,2022-10-10,2025-02-09,Mes a mes,Cheque electrónico,Internet fibra,NOA,Hogar,77.89,0.019,1,1,No,3
C01201,2022-10-10,,Mes a mes,Transferencia,Internet fibra,NOA,Hogar,83.5,0.1394,0,1,No,3
C01202,2022-10-10,,Anual,Transferencia,Internet estándar,Cuyo,Profesional,68.22,0.0782,1,0,No,3
C01203,2022-10-10,,Mes a mes,Débito automático,Internet fibra,Patagonia,Profesional,101.5,0.1599,0,0,Sí,5
C01204,2022-10-11,,Anual,Débito automático,Streaming,Cuyo,Hogar,22.38,0.1161,4,1,Sí,1
C01205,2022-10-11,,Anual,Transferencia,Internet estándar,AMBA,Profesional,50.95,0.0211,0,0,No,4
C01206,2022-10-11,,Anual,Débito automático,Internet estándar,NOA,Hogar,48.49,0.0729,0,0,Sí,4
C01207,2022-10-11,2023-02-02,Mes a mes,Débito automático,Telefonía móvil,Centro,Hogar,30.71,0.0148,0,0,Sí,5
C01208,2022-10-11,,Mes a mes,Tarjeta automática,Internet estándar,Cuyo,Profesional,58.99,0.0537,0,0,Sí,4
C01209,2022-10-11,,Mes a mes,Tarjeta automática,Streaming,Litoral,PyME,96.78,0.0358,2,0,Sí,3
C01210,2022-10-11,2023-02-18,Mes a mes,Débito automático,Internet fibra,Cuyo,Hogar,95.14,0.0235,0,1,Sí,5
C01211,2022-10-12,,Anual,Tarjeta automática,Streaming,Centro,Hogar,41.57,0.0493,2,0,Sí,5
C01212,2022-10-12,2022-12-07,Mes a mes,Débito automático,Internet estándar,Patagonia,PyME,114.53,0.0396,0,1,Sí,4
C01213,2022-10-13,,Mes a mes,Tarjeta automática,Internet fibra,Cuyo,Hogar,78.66,0.0267,0,0,Sí,4
C01214,2022-10-13,,Mes a mes,Débito automático,Internet fibra,Litoral,Hogar,89.17,0.1621,1,0,Sí,5
C01215,2022-10-13,,Mes a mes,Transferencia,Streaming,Litoral,Hogar,32.91,0.0617,0,0,No,4
C01216,2022-10-13,,Mes a mes,Débito automático,Streaming,NOA,Hogar,50.42,0.0858,0,0,Sí,4
C01217,2022-10-13,2024-06-23,Anual,Transferencia,Streaming,Cuyo,Hogar,18.9,0.0092,1,1,No,4
C01218,2022-10-13,2024-06-20,Mes a mes,Tarjeta automática,Internet estándar,Cuyo,Hogar,56.4,0.025,0,0,Sí,5
C01219,2022-10-13,,Dos años,Tarjeta automática,Streaming,NOA,Hogar,18.0,0.0824,2,0,Sí,3
C01220,2022-10-13,,Anual,Transferencia,Internet estándar,Cuyo,Hogar,56.46,0.0635,0,0,No,5
C01221,2022-10-13,2024-02-01,Mes a mes,Cheque electrónico,Internet fibra,Centro,Hogar,59.09,0.0573,1,1,No,2
C01222,2022-10-14,,Mes a mes,Transferencia,Internet estándar,AMBA,Hogar,35.65,0.0202,0,0,No,4
C01223,2022-10-14,2023-05-12,Mes a mes,Transferencia,Internet estándar,Centro,Hogar,34.89,0.0231,1,0,No,5
C01224,2022-10-14,2025-01-04,Mes a mes,Transferencia,Telefonía móvil,Centro,Hogar,44.77,0.0364,0,0,No,2
C01225,2022-10-14,2025-05-10,Mes a mes,Transferencia,Internet estándar,Centro,Profesional,70.9,0.1177,0,0,No,3
C01226,2022-10-15,,Dos años,Transferencia,Internet estándar,Litoral,PyME,130.96,0.0489,1,0,No,4
C01227,2022-10-15,,Anual,Transferencia,Telefonía móvil,Litoral,Hogar,41.0,0.0475,1,0,No,4
C01228,2022-10-16,2025-02-18,Mes a mes,Tarjeta automática,Telefonía móvil,Centro,Profesional,68.5,0.0961,3,0,Sí,2
C01229,2022-10-16,2024-12-13,Mes a mes,Tarjeta automática,Internet fibra,Cuyo,Profesional,97.77,0.0202,1,1,Sí,4
C01230,2022-10-16,,Mes a mes,Débito automático,Telefonía móvil,Cuyo,Hogar,49.58,0.0294,0,0,Sí,5
C01231,2022-10-16,,Dos años,Débito automático,Internet fibra,AMBA,PyME,134.58,0.0261,0,0,Sí,4
C01232,2022-10-16,2023-08-15,Mes a mes,Transferencia,Telefonía móvil,Centro,Hogar,54.1,0.0839,1,0,No,4
C01233,2022-10-16,,Anual,Débito automático,Internet fibra,Patagonia,Hogar,66.42,0.0898,2,0,Sí,2
C01234,2022-10-16,,Anual,Tarjeta automática,Internet estándar,AMBA,Hogar,22.08,0.0361,0,0,Sí,5
C01235,2022-10-17,,Mes a mes,Cheque electrónico,Telefonía móvil,Centro,Hogar,46.59,0.0513,0,2,No,3
C01236,2022-10-17,,Mes a mes,Tarjeta automática,Internet fibra,Cuyo,Profesional,76.14,0.1454,2,1,Sí,3
C01237,2022-10-17,2023-01-09,Mes a mes,Cheque electrónico,Telefonía móvil,AMBA,Profesional,74.43,0.0682,6,1,No,1
C01238,2022-10-17,,Dos años,Tarjeta automática,Internet estándar,Litoral,Hogar,42.97,0.0782,4,0,Sí,4
C01239,2022-10-17,2023-11-20,Mes a mes,Débito automático,Internet fibra,Patagonia,Hogar,66.58,0.0412,0,0,Sí,4
C01240,2022-10-17,2023-04-25,Anual,Débito automático,Telefonía móvil,Cuyo,PyME,126.71,0.0153,1,2,Sí,5
C01241,2022-10-17,2023-08-14,Anual,Tarjeta automática,Internet estándar,Centro,PyME,103.8,0.055,1,0,Sí,3
C01242,2022-10-17,,Anual,Tarjeta automática,Telefonía móvil,Patagonia,Hogar,39.69,0.0539,2,0,Sí,4
C01243,2022-10-17,,Mes a mes,Tarjeta automática,Telefonía móvil,Centro,Hogar,50.23,0.0605,0,0,Sí,4
C01244,2022-10-18,,Mes a mes,Débito automático,Internet fibra,AMBA,Hogar,86.97,0.1182,0,0,Sí,5
C01245,2022-10-18,,Anual,Débito automático,Internet fibra,AMBA,Hogar,90.53,0.109,0,0,Sí,4
C01246,2022-10-19,2023-08-19,Mes a mes,Cheque electrónico,Internet estándar,AMBA,Profesional,52.34,0.031,0,3,No,3
C01247,2022-10-19,,Dos años,Tarjeta automática,Internet estándar,NOA,Profesional,72.9,0.0046,0,0,Sí,5
C01248,2022-10-19,2024-04-18,Mes a mes,Débito automático,Internet fibra,NOA,PyME,129.77,0.0199,1,0,Sí,3
C01249,2022-10-20,2023-06-11,Mes a mes,Tarjeta automática,Internet estándar,Litoral,Hogar,38.87,0.0145,1,0,Sí,3
C01250,2022-10-20,,Anual,Cheque electrónico,Telefonía móvil,NOA,PyME,97.53,0.034,0,0,No,4
C01251,2022-10-20,,Mes a mes,Cheque electrónico,Internet fibra,Patagonia,PyME,113.08,0.0253,4,0,No,3
C01252,2022-10-20,2023-05-16,Mes a mes,Cheque electrónico,Streaming,Cuyo,Profesional,57.15,0.1165,1,3,No,3
C01253,2022-10-21,2024-05-20,Mes a mes,Cheque electrónico,Internet estándar,Patagonia,PyME,100.8,0.078,1,1,No,3
C01254,2022-10-21,,Mes a mes,Débito automático,Internet fibra,Cuyo,Hogar,72.75,0.055,2,1,Sí,3
C01255,2022-10-22,,Dos años,Transferencia,Internet fibra,NOA,Hogar,76.49,0.1082,1,0,No,2
C01256,2022-10-22,2024-03-24,Mes a mes,Tarjeta automática,Internet fibra,NOA,Hogar,76.16,0.0636,0,0,Sí,5
C01257,2022-10-22,,Mes a mes,Cheque electrónico,Streaming,NOA,Hogar,41.55,0.0099,0,2,No,4
C01258,2022-10-22,,Mes a mes,Débito automático,Internet fibra,Litoral,Hogar,65.95,0.0607,1,1,Sí,4
C01259,2022-10-23,2025-02-01,Dos años,Débito automático,Telefonía móvil,Litoral,Profesional,55.8,0.0906,3,0,Sí,4
C01260,2022-10-23,,Mes a mes,Cheque electrónico,Telefonía móvil,AMBA,Hogar,39.62,0.0373,0,0,No,3
C01261,2022-10-23,,Dos años,Cheque electrónico,Internet fibra,Litoral,Hogar,66.28,0.0691,1,0,No,3
C01262,2022-10-24,,Dos años,Cheque electrónico,Telefonía móvil,AMBA,Hogar,43.75,0.1109,2,0,No,5
C01263,2022-10-24,2023-04-06,Mes a mes,Tarjeta automática,Telefonía móvil,Litoral,Profesional,52.04,0.0568,4,0,Sí,1
C01264,2022-10-24,,Anual,Tarjeta automática,Internet fibra,AMBA,PyME,117.55,0.116,1,0,Sí,3
C01265,2022-10-24,,Anual,Tarjeta automática,Telefonía móvil,Cuyo,Hogar,47.79,0.1301,0,0,Sí,4
C01266,2022-10-25,2022-12-16,Mes a mes,Débito automático,Internet fibra,Patagonia,Profesional,113.02,0.0816,1,0,Sí,1
C01267,2022-10-25,2024-05-06,Mes a mes,Débito automático,Streaming,Centro,PyME,84.53,0.0086,0,0,Sí,4
C01268,2022-10-25,2023-06-18,Anual,Tarjeta automática,Internet fibra,Litoral,Profesional,94.86,0.0311,5,0,Sí,2
C01269,2022-10-25,2024-06-27,Anual,Cheque electrónico,Telefonía móvil,Centro,Profesional,58.63,0.0853,2,1,No,4
C01270,2022-10-25,,Anual,Tarjeta automática,Telefonía móvil,Centro,Hogar,36.32,0.0336,2,0,Sí,3
C01271,2022-10-26,2024-05-02,Dos años,Transferencia,Telefonía móvil,Centro,PyME,109.87,0.0115,4,1,No,1
C01272,2022-10-26,2025-07-06,Mes a mes,Cheque electrónico,Telefonía móvil,AMBA,Hogar,43.03,0.0146,0,1,No,5
C01273,2022-10-26,2024-06-02,Anual,Transferencia,Internet fibra,Cuyo,Profesional,72.03,0.0805,0,0,No,5
C01274,2022-10-26,,Dos años,Débito automático,Streaming,AMBA,Hogar,42.19,0.0923,2,0,Sí,2
C01275,2022-10-27,,Mes a mes,Tarjeta automática,Internet fibra,NOA,Hogar,88.49,0.0118,2,0,Sí,2
C01276,2022-10-27,,Mes a mes,Tarjeta automática,Internet fibra,Patagonia,Profesional,102.62,0.0326,1,1,Sí,5
C01277,2022-10-28,,Mes a mes,Transferencia,Internet fibra,Centro,Profesional,65.69,0.0347,1,0,No,5
C01278,2022-10-28,,Dos años,Débito automático,Telefonía móvil,NOA,Profesional,59.97,0.0603,1,2,Sí,3
C01279,2022-10-28,,Mes a mes,Tarjeta automática,Streaming,Cuyo,PyME,93.83,0.0152,1,0,Sí,4
C01280,2022-10-28,2023-06-04,Anual,Cheque electrónico,Internet fibra,Litoral,Profesional,100.17,0.1136,3,3,No,2
C01281,2022-10-28,2025-08-01,Mes a mes,Transferencia,Telefonía móvil,Patagonia,Hogar,44.26,0.0343,1,0,No,3
C01282,2022-10-29,2022-11-07,Mes a mes,Cheque electrónico,Telefonía móvil,Patagonia,PyME,106.85,0.0594,0,3,No,3
C01283,2022-10-29,,Anual,Débito automático,Internet fibra,AMBA,Hogar,79.53,0.0944,0,1,Sí,4
C01284,2022-10-29,2024-07-17,Mes a mes,Cheque electrónico,Internet estándar,Centro,Hogar,62.24,0.0651,1,2,No,2
C01285,2022-10-29,,Dos años,Tarjeta automática,Streaming,Cuyo,Hogar,30.78,0.0594,0,0,Sí,5
C01286,2022-10-30,2023-06-26,Mes a mes,Tarjeta automática,Streaming,Litoral,Hogar,29.9,0.0885,0,1,Sí,3
C01287,2022-10-30,,Dos años,Cheque electrónico,Internet estándar,NOA,Profesional,76.82,0.0126,0,0,No,3
C01288,2022-10-30,2023-08-11,Mes a mes,Cheque electrónico,Internet estándar,Cuyo,Profesional,62.62,0.0083,2,0,No,4
C01289,2022-10-31,2023-03-12,Dos años,Débito automático,Internet fibra,Cuyo,Hogar,65.93,0.0647,0,0,Sí,4
C01290,2022-10-31,,Anual,Tarjeta automática,Internet estándar,AMBA,Profesional,67.04,0.0886,0,0,Sí,5
C01291,2022-10-31,,Mes a mes,Tarjeta automática,Internet estándar,Litoral,Hogar,55.49,0.0977,0,0,Sí,4
C01292,2022-10-31,2023-08-23,Mes a mes,Transferencia,Internet fibra,Cuyo,PyME,143.18,0.0744,4,1,No,2
C01293,2022-11-01,2025-03-24,Mes a mes,Cheque electrónico,Internet fibra,Litoral,Hogar,88.24,0.0675,0,0,No,4
C01294,2022-11-01,,Anual,Débito automático,Streaming,NOA,Hogar,28.24,0.1448,2,0,Sí,4
C01295,2022-11-02,,Anual,Tarjeta automática,Internet estándar,Litoral,Profesional,65.11,0.0588,1,0,Sí,5
C01296,2022-11-03,,Mes a mes,Transferencia,Internet estándar,AMBA,Hogar,42.49,0.0726,0,1,No,3
C01297,2022-11-03,2023-03-18,Mes a mes,Transferencia,Internet fibra,Patagonia,Hogar,80.75,0.1144,0,1,No,4
C01298,2022-11-03,,Anual,Débito automático,Telefonía móvil,Cuyo,Hogar,23.95,0.0998,0,0,Sí,4
C01299,2022-11-03,2024-09-13,Mes a mes,Débito automático,Internet fibra,Cuyo,Hogar,78.25,0.032,1,1,Sí,3
C01300,2022-11-03,,Anual,Cheque electrónico,Internet estándar,NOA,Hogar,80.35,0.0884,0,1,No,3
C01301,2022-11-03,2024-02-03,Mes a mes,Tarjeta automática,Internet fibra,Litoral,Hogar,61.46,0.06,1,0,Sí,4
C01302,2022-11-04,2023-02-13,Anual,Débito automático,Streaming,Patagonia,Hogar,30.73,0.0114,4,0,Sí,1
C01303,2022-11-04,2022-11-20,Dos años,Transferencia,Internet estándar,NOA,Profesional,71.16,0.0585,2,0,No,2
C01304,2022-11-04,,Mes a mes,Débito automático,Internet estándar,Cuyo,Hogar,54.57,0.0569,0,0,Sí,4
C01305,2022-11-04,2024-09-25,Mes a mes,Cheque electrónico,Telefonía móvil,NOA,Hogar,31.37,0.0337,2,0,No,1
C01306,2022-11-05,,Mes a mes,Transferencia,Streaming,Centro,Profesional,52.67,0.0479,1,0,No,3
C01307,2022-11-05,2025-01-25,Mes a mes,Débito automático,Internet estándar,NOA,Profesional,61.12,0.0485,0,2,Sí,3
C01308,2022-11-05,2025-06-20,Mes a mes,Tarjeta automática,Internet estándar,NOA,Profesional,51.3,0.0232,0,1,Sí,4
C01309,2022-11-05,,Dos años,Transferencia,Telefonía móvil,AMBA,Profesional,70.47,0.0382,0,0,No,3
C01310,2022-11-05,2025-11-08,Anual,Tarjeta automática,Telefonía móvil,AMBA,PyME,104.31,0.0197,5,0,Sí,2
C01311,2022-11-05,,Mes a mes,Tarjeta automática,Streaming,AMBA,PyME,73.37,0.0657,0,0,Sí,5
C01312,2022-11-06,,Anual,Débito automático,Telefonía móvil,Centro,Hogar,36.02,0.0324,1,1,Sí,3
C01313,2022-11-06,,Mes a mes,Débito automático,Telefonía móvil,NOA,Hogar,35.62,0.0555,4,0,Sí,2
C01314,2022-11-06,,Anual,Cheque electrónico,Telefonía móvil,AMBA,Hogar,23.92,0.0123,1,3,No,3
C01315,2022-11-06,2025-01-18,Mes a mes,Transferencia,Internet fibra,AMBA,Hogar,86.39,0.0513,0,0,No,4
C01316,2022-11-07,,Anual,Cheque electrónico,Telefonía móvil,Cuyo,Hogar,50.8,0.0735,3,1,No,2
C01317,2022-11-07,,Dos años,Débito automático,Streaming,Cuyo,Hogar,25.34,0.0297,0,0,Sí,4
C01318,2022-11-07,,Anual,Débito automático,Streaming,Litoral,Hogar,28.69,0.0737,0,2,Sí,3
C01319,2022-11-08,,Dos años,Cheque electrónico,Internet estándar,Litoral,PyME,105.26,0.0262,1,2,No,1
C01320,2022-11-08,,Mes a mes,Débito automático,Internet estándar,Patagonia,Hogar,51.69,0.0921,0,0,Sí,4
C01321,2022-11-09,,Anual,Cheque electrónico,Telefonía móvil,Cuyo,Profesional,45.18,0.2062,1,0,No,3
C01322,2022-11-09,,Mes a mes,Débito automático,Streaming,Cuyo,PyME,89.37,0.0488,0,0,Sí,4
C01323,2022-11-09,,Anual,Tarjeta automática,Internet fibra,AMBA,Profesional,83.07,0.1042,0,1,Sí,4
C01324,2022-11-10,2023-01-14,Mes a mes,Débito automático,Streaming,NOA,Hogar,36.5,0.0403,0,0,Sí,4
C01325,2022-11-10,2024-09-21,Mes a mes,Tarjeta automática,Internet fibra,Centro,Profesional,84.29,0.0658,3,0,Sí,3
C01326,2022-11-10,2024-01-16,Mes a mes,Tarjeta automática,Internet estándar,Litoral,Hogar,34.7,0.051,2,1,Sí,4
C01327,2022-11-10,,Mes a mes,Tarjeta automática,Streaming,NOA,Hogar,28.69,0.0395,0,1,Sí,4
C01328,2022-11-10,2025-12-09,Anual,Tarjeta automática,Streaming,Litoral,Hogar,28.44,0.0997,6,0,Sí,1
C01329,2022-11-11,,Dos años,Débito automático,Internet fibra,Litoral,Hogar,79.14,0.0896,1,0,Sí,3
C01330,2022-11-11,2023-04-16,Dos años,Cheque electrónico,Internet fibra,Centro,Profesional,86.18,0.1193,0,0,No,5
C01331,2022-11-12,2025-12-18,Mes a mes,Débito automático,Internet fibra,Patagonia,PyME,135.23,0.0541,0,0,Sí,3
C01332,2022-11-12,,Dos años,Cheque electrónico,Streaming,Centro,Hogar,32.27,0.0279,1,1,No,4
C01333,2022-11-13,2023-09-22,Mes a mes,Débito automático,Telefonía móvil,Patagonia,PyME,109.82,0.083,1,1,Sí,3
C01334,2022-11-13,,Mes a mes,Tarjeta automática,Telefonía móvil,Litoral,Hogar,44.04,0.0774,2,2,Sí,4
C01335,2022-11-13,,Dos años,Tarjeta automática,Streaming,Cuyo,Profesional,40.41,0.0342,1,0,Sí,4
C01336,2022-11-14,,Mes a mes,Cheque electrónico,Internet estándar,Patagonia,Profesional,52.18,0.0537,0,0,No,5
C01337,2022-11-14,,Mes a mes,Transferencia,Internet fibra,Patagonia,Hogar,61.17,0.0542,1,0,No,5
C01338,2022-11-14,2024-06-12,Mes a mes,Cheque electrónico,Telefonía móvil,Centro,PyME,100.55,0.0429,0,0,No,5
C01339,2022-11-14,2025-02-15,Mes a mes,Débito automático,Internet estándar,Cuyo,PyME,112.73,0.0973,0,0,Sí,5
C01340,2022-11-14,,Anual,Transferencia,Internet fibra,Cuyo,Hogar,68.21,0.1093,0,0,No,3
C01341,2022-11-14,2022-11-27,Mes a mes,Transferencia,Internet estándar,AMBA,Profesional,69.81,0.1074,6,0,No,2
C01342,2022-11-14,2023-12-01,Mes a mes,Cheque electrónico,Streaming,Cuyo,Hogar,27.08,0.0363,1,2,No,2
C01343,2022-11-14,2023-10-19,Mes a mes,Tarjeta automática,Internet estándar,AMBA,Hogar,56.9,0.0274,1,1,Sí,2
C01344,2022-11-15,2025-03-10,Mes a mes,Cheque electrónico,Internet fibra,Cuyo,Hogar,87.53,0.0073,0,1,No,4
C01345,2022-11-16,,Anual,Débito automático,Streaming,Centro,Hogar,18.0,0.01,0,0,Sí,5
C01346,2022-11-16,,Dos años,Cheque electrónico,Internet fibra,Centro,Hogar,89.35,0.0278,2,1,No,3
C01347,2022-11-16,,Anual,Débito automático,Internet estándar,Patagonia,Hogar,51.77,0.0475,0,0,Sí,4
C01348,2022-11-16,,Dos años,Débito automático,Telefonía móvil,AMBA,PyME,91.16,0.109,6,0,Sí,2
C01349,2022-11-16,,Mes a mes,Débito automático,Telefonía móvil,AMBA,Hogar,36.46,0.0258,2,0,Sí,3
C01350,2022-11-17,,Anual,Cheque electrónico,Internet estándar,Centro,Profesional,67.35,0.0631,0,1,No,4
C01351,2022-11-17,2023-11-19,Mes a mes,Tarjeta automática,Internet fibra,AMBA,Hogar,72.46,0.1192,2,1,Sí,3
C01352,2022-11-17,2023-03-18,Mes a mes,Débito automático,Internet estándar,NOA,Hogar,38.69,0.0445,0,1,Sí,3
C01353,2022-11-17,,Anual,Débito automático,Internet fibra,NOA,Profesional,88.21,0.0297,0,1,Sí,5
C01354,2022-11-18,2024-12-01,Mes a mes,Transferencia,Telefonía móvil,Patagonia,Hogar,30.56,0.0347,3,0,No,1
C01355,2022-11-18,,Dos años,Débito automático,Streaming,Patagonia,Hogar,43.81,0.0265,0,0,Sí,4
C01356,2022-11-18,,Anual,Transferencia,Internet estándar,AMBA,PyME,104.61,0.1038,0,1,No,5
C01357,2022-11-18,,Dos años,Débito automático,Telefonía móvil,Litoral,Hogar,66.78,0.03,0,0,Sí,5
C01358,2022-11-19,,Mes a mes,Transferencia,Internet estándar,AMBA,Hogar,53.08,0.1065,1,0,No,2
C01359,2022-11-19,2023-04-23,Mes a mes,Transferencia,Internet estándar,Centro,Hogar,55.48,0.0472,0,1,No,4
C01360,2022-11-19,,Anual,Transferencia,Telefonía móvil,Cuyo,Hogar,30.32,0.0737,1,0,No,2
C01361,2022-11-19,2025-06-09,Mes a mes,Cheque electrónico,Internet fibra,Patagonia,Profesional,93.6,0.0221,0,0,No,4
C01362,2022-11-19,,Mes a mes,Débito automático,Internet estándar,Centro,Hogar,49.8,0.0966,0,1,Sí,3
C01363,2022-11-19,,Anual,Tarjeta automática,Telefonía móvil,Centro,Hogar,34.99,0.1129,1,0,Sí,4
C01364,2022-11-20,,Dos años,Transferencia,Internet estándar,Patagonia,Hogar,43.89,0.0228,0,2,No,5
C01365,2022-11-20,,Anual,Tarjeta automática,Internet estándar,Centro,Hogar,53.62,0.096,2,0,Sí,4
C01366,2022-11-20,,Mes a mes,Tarjeta automática,Internet fibra,Cuyo,Hogar,82.84,0.0507,0,0,Sí,4
C01367,2022-11-20,2023-09-26,Mes a mes,Cheque electrónico,Internet estándar,Centro,PyME,89.29,0.0812,0,1,No,5
C01368,2022-11-20,,Anual,Débito automático,Internet estándar,NOA,Profesional,70.12,0.0087,0,0,Sí,4
C01369,2022-11-21,,Mes a mes,Débito automático,Internet estándar,Litoral,Hogar,55.08,0.0459,1,0,Sí,3
C01370,2022-11-21,2025-11-16,Mes a mes,Cheque electrónico,Internet fibra,AMBA,PyME,126.51,0.0403,1,2,No,3
C01371,2022-11-21,2025-10-11,Mes a mes,Tarjeta automática,Internet estándar,AMBA,Profesional,59.39,0.0279,0,1,Sí,4
C01372,2022-11-21,,Mes a mes,Tarjeta automática,Streaming,NOA,Hogar,33.86,0.0267,2,1,Sí,5
C01373,2022-11-21,,Mes a mes,Tarjeta automática,Telefonía móvil,NOA,Hogar,18.0,0.0135,2,1,Sí,4
C01374,2022-11-21,2023-02-10,Mes a mes,Tarjeta automática,Streaming,Patagonia,Hogar,29.02,0.1411,3,2,Sí,3
C01375,2022-11-22,2025-03-17,Anual,Transferencia,Streaming,AMBA,Hogar,46.98,0.0541,1,0,No,2
C01376,2022-11-22,2025-05-27,Mes a mes,Transferencia,Telefonía móvil,Patagonia,Hogar,18.0,0.1072,0,1,No,4
C01377,2022-11-22,,Anual,Débito automático,Internet fibra,Litoral,Hogar,87.05,0.0807,0,0,Sí,5
C01378,2022-11-23,2022-11-06,Mes a mes,Tarjeta automática,Internet fibra,NOA,PyME,138.99,0.0704,0,0,Sí,5
C01379,2022-11-23,,Dos años,Débito automático,Internet fibra,Cuyo,Hogar,62.18,0.0793,1,0,Sí,5
C01380,2022-11-23,,Mes a mes,Tarjeta automática,Internet estándar,Cuyo,Hogar,54.73,0.0673,0,0,Sí,5
C01381,2022-11-23,2023-12-19,Mes a mes,Transferencia,Telefonía móvil,Litoral,PyME,108.02,0.0981,2,1,No,4
C01382,2022-11-24,2023-07-18,Mes a mes,Transferencia,Internet estándar,AMBA,Hogar,36.06,0.0977,2,0,No,2
C01383,2022-11-24,2024-08-07,Mes a mes,Tarjeta automática,Telefonía móvil,Patagonia,Hogar,34.22,0.0493,1,0,Sí,5
C01384,2022-11-25,2024-01-20,Mes a mes,Cheque electrónico,Internet fibra,Cuyo,Hogar,78.29,0.0515,1,1,No,4
C01385,2022-11-25,2025-09-04,Dos años,Transferencia,Internet estándar,Centro,Profesional,77.75,0.0529,0,1,No,5
C01386,2022-11-26,,Dos años,Tarjeta automática,Internet estándar,Patagonia,Hogar,43.05,0.0309,0,2,Sí,4
C01387,2022-11-26,2025-02-06,Mes a mes,Transferencia,Internet fibra,Centro,Hogar,77.54,0.0226,2,0,No,4
C01388,2022-11-26,,Mes a mes,Transferencia,Internet estándar,NOA,Profesional,59.69,0.0074,1,0,No,4
C01389,2022-11-26,2023-09-25,Anual,Tarjeta automática,Streaming,Centro,Profesional,47.27,0.0382,2,2,Sí,3
C01390,2022-11-26,,Anual,Tarjeta automática,Internet estándar,Cuyo,Profesional,78.51,0.0431,1,1,Sí,3
C01391,2022-11-27,,Mes a mes,Transferencia,Telefonía móvil,Cuyo,Profesional,61.16,0.0607,1,0,No,3
C01392,2022-11-27,,Anual,Cheque electrónico,Telefonía móvil,Patagonia,Profesional,56.07,0.0583,0,0,No,4
C01393,2022-11-29,2024-06-22,Mes a mes,Débito automático,Internet estándar,Centro,Hogar,48.64,0.0502,2,1,Sí,2
C01394,2022-11-29,,Anual,Débito automático,Telefonía móvil,Centro,Hogar,33.19,0.0414,3,0,Sí,2
C01395,2022-11-29,2025-08-08,Mes a mes,Transferencia,Internet fibra,Centro,Hogar,67.06,0.0628,1,1,No,5
C01396,2022-11-29,2024-01-18,Mes a mes,Débito automático,Internet fibra,Centro,Hogar,91.24,0.0353,6,0,Sí,2
C01397,2022-11-29,2024-08-14,Mes a mes,Tarjeta automática,Internet estándar,Cuyo,Hogar,67.01,0.02,4,0,Sí,2
C01398,2022-11-29,,Anual,Débito automático,Streaming,Litoral,Hogar,18.0,0.0567,1,1,Sí,5
C01399,2022-11-29,2025-01-22,Mes a mes,Cheque electrónico,Internet estándar,NOA,Hogar,55.4,0.0313,3,0,No,3
C01400,2022-11-30,2023-11-07,Anual,Cheque electrónico,Internet estándar,Cuyo,Hogar,58.45,0.0536,2,4,No,2
C01401,2022-11-30,,Anual,Cheque electrónico,Telefonía móvil,Cuyo,Hogar,28.67,0.1385,1,1,No,4
C01402,2022-12-01,,Anual,Tarjeta automática,Internet fibra,AMBA,PyME,127.81,0.0435,1,1,Sí,3
C01403,2022-12-01,2023-01-08,Mes a mes,Débito automático,Telefonía móvil,AMBA,Hogar,35.65,0.0545,0,0,Sí,4
C01404,2022-12-01,2023-07-26,Mes a mes,Débito automático,Internet estándar,Patagonia,Profesional,87.91,0.0197,0,0,Sí,5
C01405,2022-12-01,2023-05-16,Mes a mes,Tarjeta automática,Internet estándar,Litoral,Hogar,67.18,0.1154,0,0,Sí,5
C01406,2022-12-02,,Anual,Tarjeta automática,Internet fibra,Litoral,Hogar,67.87,0.0575,1,0,Sí,4
C01407,2022-12-02,,Dos años,Cheque electrónico,Internet fibra,Cuyo,Profesional,79.95,0.0623,1,3,No,3
C01408,2022-12-02,,Mes a mes,Transferencia,Internet estándar,Litoral,PyME,112.5,0.0221,0,1,No,4
C01409,2022-12-02,,Dos años,Transferencia,Telefonía móvil,NOA,Profesional,65.98,0.0172,0,1,No,4
C01410,2022-12-03,2023-02-07,Mes a mes,Tarjeta automática,Internet estándar,Centro,PyME,117.68,0.0163,1,0,Sí,4
C01411,2022-12-03,,Mes a mes,Débito automático,Internet fibra,Cuyo,Hogar,66.35,0.0273,1,0,Sí,4
C01412,2022-12-03,2024-11-15,Mes a mes,Tarjeta automática,Streaming,Centro,PyME,91.96,0.0812,0,0,Sí,5
C01413,2022-12-03,,Anual,Tarjeta automática,Streaming,AMBA,PyME,75.95,0.1407,1,1,Sí,2
C01414,2022-12-03,,Mes a mes,Débito automático,Telefonía móvil,Patagonia,Profesional,66.85,0.1233,1,0,Sí,3
C01415,2022-12-03,2024-10-21,Mes a mes,Tarjeta automática,Internet estándar,Patagonia,Profesional,66.59,0.054,1,0,Sí,3
C01416,2022-12-04,,Anual,Cheque electrónico,Streaming,NOA,Profesional,67.91,0.0192,1,0,No,4
C01417,2022-12-04,,Mes a mes,Débito automático,Internet estándar,AMBA,Hogar,53.92,0.0363,1,0,Sí,4
C01418,2022-12-04,,Mes a mes,Tarjeta automática,Streaming,Centro,Hogar,25.55,0.0188,0,0,Sí,5
C01419,2022-12-04,,Mes a mes,Tarjeta automática,Internet estándar,Litoral,Hogar,50.52,0.0575,1,0,Sí,4
C01420,2022-12-05,,Mes a mes,Transferencia,Internet fibra,Patagonia,Profesional,94.89,0.0538,2,0,No,3
C01421,2022-12-05,,Mes a mes,Tarjeta automática,Telefonía móvil,NOA,Hogar,29.3,0.0254,2,0,Sí,5
C01422,2022-12-05,2025-10-24,Mes a mes,Tarjeta automática,Streaming,Patagonia,Profesional,68.17,0.0256,1,0,Sí,4
C01423,2022-12-05,,Anual,Débito automático,Streaming,NOA,Hogar,46.59,0.0529,1,0,Sí,2
C01424,2022-12-05,,Mes a mes,Tarjeta automática,Internet estándar,Patagonia,Hogar,47.06,0.0442,2,0,Sí,4
C01425,2022-12-05,,Anual,Transferencia,Streaming,Centro,Hogar,36.7,0.0743,1,1,No,5
C01426,2022-12-06,,Mes a mes,Débito automático,Internet fibra,Litoral,Hogar,100.57,0.0997,0,1,Sí,5
C01427,2022-12-06,,Mes a mes,Tarjeta automática,Internet estándar,Litoral,Hogar,62.61,0.0366,0,0,Sí,4
C01428,2022-12-07,2023-12-06,Mes a mes,Cheque electrónico,Internet fibra,Cuyo,Hogar,74.62,0.0105,0,0,No,4
C01429,2022-12-07,,Mes a mes,Débito automático,Internet fibra,NOA,Hogar,77.03,0.1047,0,0,Sí,5
C01430,2022-12-07,,Mes a mes,Transferencia,Internet fibra,Patagonia,Hogar,59.11,0.1358,1,0,No,4
C01431,2022-12-07,,Mes a mes,Tarjeta automática,Streaming,Litoral,Hogar,37.52,0.0987,1,0,Sí,4
C01432,2022-12-08,,Dos años,Transferencia,Internet fibra,Cuyo,Hogar,91.67,0.0217,0,0,No,4
C01433,2022-12-08,,Anual,Tarjeta automática,Telefonía móvil,Patagonia,Hogar,55.75,0.0203,3,0,Sí,3
C01434,2022-12-08,2023-06-16,Mes a mes,Débito automático,Telefonía móvil,Centro,Profesional,67.71,0.0603,1,1,Sí,3
C01435,2022-12-08,,Anual,Tarjeta automática,Internet fibra,Centro,Profesional,99.88,0.0329,2,1,Sí,3
C01436,2022-12-08,2023-06-26,Mes a mes,Cheque electrónico,Streaming,Cuyo,PyME,73.02,0.0899,2,2,No,2
C01437,2022-12-09,,Anual,Tarjeta automática,Internet estándar,AMBA,Hogar,52.52,0.0731,2,2,Sí,2
C01438,2022-12-09,2023-06-06,Mes a mes,Cheque electrónico,Telefonía móvil,Cuyo,Hogar,35.05,0.0424,0,1,No,3
C01439,2022-12-09,2023-01-15,Mes a mes,Cheque electrónico,Internet estándar,Cuyo,Hogar,54.78,0.101,0,1,No,3
C01440,2022-12-10,,Mes a mes,Débito automático,Internet estándar,Litoral,Hogar,40.6,0.0206,0,0,Sí,4
C01441,2022-12-10,2022-12-03,Mes a mes,Tarjeta automática,Internet fibra,Cuyo,Hogar,83.71,0.105,2,0,Sí,4
C01442,2022-12-10,2025-07-17,Mes a mes,Débito automático,Telefonía móvil,NOA,Hogar,56.55,0.0294,1,0,Sí,4
C01443,2022-12-10,,Dos años,Cheque electrónico,Internet fibra,Centro,Hogar,82.15,0.0804,0,1,No,5
C01444,2022-12-10,,Dos años,Transferencia,Telefonía móvil,Cuyo,Hogar,45.61,0.0245,1,0,No,3
C01445,2022-12-10,,Mes a mes,Débito automático,Internet fibra,Patagonia,Hogar,88.04,0.0514,0,0,Sí,3
C01446,2022-12-11,2023-10-08,Mes a mes,Tarjeta automática,Streaming,Centro,Hogar,48.47,0.056,3,0,Sí,3
C01447,2022-12-11,2025-11-24,Mes a mes,Cheque electrónico,Internet estándar,Litoral,Profesional,65.82,0.2265,0,1,No,4
C01448,2022-12-11,2023-06-24,Mes a mes,Tarjeta automática,Internet fibra,NOA,Hogar,83.73,0.0509,4,0,Sí,2
C01449,2022-12-11,,Mes a mes,Tarjeta automática,Internet fibra,Cuyo,Hogar,94.62,0.1395,2,1,Sí,2
C01450,2022-12-11,2023-03-06,Mes a mes,Tarjeta automática,Internet fibra,Centro,Hogar,85.36,0.0758,0,1,Sí,4
C01451,2022-12-12,2024-06-03,Dos años,Débito automático,Telefonía móvil,Centro,Hogar,19.97,0.0128,0,1,Sí,5
C01452,2022-12-12,2023-01-19,Dos años,Cheque electrónico,Streaming,AMBA,Hogar,21.13,0.1549,2,0,No,2
C01453,2022-12-12,,Anual,Cheque electrónico,Internet fibra,Centro,Hogar,86.26,0.0305,0,1,No,3
C01454,2022-12-12,,Anual,Tarjeta automática,Internet estándar,NOA,Hogar,44.6,0.0157,0,1,Sí,4
C01455,2022-12-12,,Mes a mes,Débito automático,Internet fibra,Centro,Hogar,93.84,0.0793,1,0,Sí,3
C01456,2022-12-12,2023-10-13,Mes a mes,Cheque electrónico,Streaming,NOA,Profesional,67.44,0.0417,0,1,No,5
C01457,2022-12-12,2023-02-26,Mes a mes,Débito automático,Telefonía móvil,NOA,Profesional,53.51,0.031,6,0,Sí,1
C01458,2022-12-12,,Anual,Tarjeta automática,Telefonía móvil,Patagonia,Hogar,30.64,0.0467,0,0,Sí,3
C01459,2022-12-13,2025-10-10,Mes a mes,Débito automático,Telefonía móvil,NOA,Hogar,38.03,0.0359,0,0,Sí,4
C01460,2022-12-13,,Anual,Transferencia,Internet estándar,Cuyo,PyME,99.39,0.0608,4,1,No,2
C01461,2022-12-14,2024-02-14,Mes a mes,Cheque electrónico,Internet fibra,NOA,Hogar,94.9,0.021,4,3,No,1
C01462,2022-12-15,2023-12-20,Mes a mes,Transferencia,Telefonía móvil,Litoral,Profesional,48.61,0.0231,0,0,No,3
C01463,2022-12-15,2022-12-27,Mes a mes,Tarjeta automática,Internet fibra,AMBA,Hogar,86.17,0.0511,1,1,Sí,5
C01464,2022-12-15,,Dos años,Transferencia,Internet fibra,Patagonia,PyME,148.27,0.0918,0,0,No,4
C01465,2022-12-15,2024-06-07,Mes a mes,Tarjeta automática,Internet estándar,NOA,Hogar,58.01,0.0031,1,1,Sí,5
C01466,2022-12-15,2024-11-21,Mes a mes,Cheque electrónico,Telefonía móvil,NOA,Hogar,46.8,0.0521,0,2,No,2
C01467,2022-12-16,,Mes a mes,Débito automático,Streaming,Cuyo,PyME,82.22,0.0605,0,0,Sí,5
C01468,2022-12-16,2025-05-08,Anual,Tarjeta automática,Telefonía móvil,AMBA,Profesional,80.34,0.0389,0,0,Sí,5
C01469,2022-12-16,,Dos años,Débito automático,Internet estándar,Litoral,Hogar,46.3,0.0399,0,1,Sí,4
C01470,2022-12-16,2024-12-05,Mes a mes,Tarjeta automática,Internet fibra,NOA,Profesional,106.43,0.068,1,0,Sí,2
C01471,2022-12-16,,Dos años,Tarjeta automática,Internet estándar,NOA,PyME,102.25,0.037,2,0,Sí,3
C01472,2022-12-16,2024-05-05,Mes a mes,Débito automático,Telefonía móvil,Litoral,Hogar,21.74,0.0704,1,1,Sí,2
C01473,2022-12-16,,Anual,Transferencia,Internet fibra,Patagonia,Hogar,75.03,0.0409,2,0,No,3
C01474,2022-12-16,,Mes a mes,Cheque electrónico,Telefonía móvil,AMBA,Hogar,40.28,0.0398,0,1,No,5
C01475,2022-12-17,,Mes a mes,Débito automático,Internet estándar,Litoral,PyME,102.42,0.0456,1,0,Sí,4
C01476,2022-12-17,,Anual,Tarjeta automática,Telefonía móvil,AMBA,Hogar,34.74,0.0666,1,0,Sí,4
C01477,2022-12-17,2022-12-17,Mes a mes,Débito automático,Telefonía móvil,Patagonia,Hogar,48.88,0.0267,4,0,Sí,3
C01478,2022-12-17,2025-01-09,Mes a mes,Débito automático,Internet estándar,AMBA,Hogar,57.11,0.0483,3,0,Sí,3
C01479,2022-12-17,,Anual,Tarjeta automática,Streaming,Litoral,Hogar,25.64,0.0599,1,0,Sí,5
C01480,2022-12-17,,Dos años,Cheque electrónico,Internet estándar,NOA,Hogar,45.54,0.0137,0,0,No,4
C01481,2022-12-17,2025-12-22,Mes a mes,Cheque electrónico,Telefonía móvil,AMBA,Hogar,30.44,0.0583,0,2,No,5
C01482,2022-12-18,,Anual,Tarjeta automática,Telefonía móvil,Cuyo,Hogar,44.8,0.0459,0,0,Sí,4
C01483,2022-12-18,,Anual,Cheque electrónico,Internet estándar,AMBA,Hogar,64.16,0.1464,0,3,No,4
C01484,2022-12-18,2023-08-09,Mes a mes,Transferencia,Internet fibra,Patagonia,Hogar,93.16,0.0357,0,0,No,4
C01485,2022-12-18,,Dos años,Tarjeta automática,Telefonía móvil,NOA,Hogar,35.41,0.0102,0,0,Sí,5
C01486,2022-12-18,2025-12-18,Mes a mes,Transferencia,Telefonía móvil,AMBA,Hogar,63.9,0.0251,1,0,No,4
C01487,2022-12-18,,Anual,Tarjeta automática,Streaming,Litoral,Profesional,43.02,0.0111,2,0,Sí,3
C01488,2022-12-18,2023-01-18,Mes a mes,Tarjeta automática,Telefonía móvil,Patagonia,Hogar,30.82,0.031,2,0,Sí,2
C01489,2022-12-18,2025-01-20,Mes a mes,Cheque electrónico,Internet estándar,AMBA,Hogar,34.02,0.0582,0,3,No,4
C01490,2022-12-19,2023-12-20,Mes a mes,Transferencia,Internet estándar,Cuyo,Hogar,37.16,0.0675,0,0,No,5
C01491,2022-12-19,2023-03-17,Mes a mes,Tarjeta automática,Internet estándar,AMBA,Profesional,70.67,0.0284,0,1,Sí,4
C01492,2022-12-19,,Dos años,Débito automático,Internet fibra,NOA,Profesional,93.17,0.1171,1,1,Sí,5
C01493,2022-12-19,,Dos años,Cheque electrónico,Internet estándar,Litoral,PyME,97.05,0.0487,1,0,No,4
C01494,2022-12-20,2025-10-20,Mes a mes,Débito automático,Streaming,Litoral,Hogar,19.68,0.0031,1,0,Sí,4
C01495,2022-12-20,2023-07-21,Mes a mes,Cheque electrónico,Internet fibra,NOA,Hogar,66.05,0.0313,1,0,No,4
C01496,2022-12-20,2023-02-02,Mes a mes,Cheque electrónico,Internet fibra,Patagonia,Hogar,68.21,0.0149,2,3,No,2
C01497,2022-12-20,2025-03-26,Mes a mes,Débito automático,Streaming,Centro,Hogar,40.17,0.0576,1,0,Sí,4
C01498,2022-12-21,,Mes a mes,Transferencia,Telefonía móvil,Litoral,PyME,116.84,0.1068,2,0,No,3
C01499,2022-12-21,2025-10-24,Dos años,Transferencia,Telefonía móvil,Centro,Hogar,62.52,0.0341,0,0,No,2
C01500,2022-12-21,,Anual,Transferencia,Internet fibra,Litoral,Profesional,103.56,0.028,2,0,No,3
C01501,2022-12-21,2023-01-01,Mes a mes,Débito automático,Telefonía móvil,Patagonia,PyME,91.58,0.1211,5,0,Sí,1
C01502,2022-12-21,,Mes a mes,Tarjeta automática,Internet fibra,NOA,Profesional,88.65,0.0623,1,0,Sí,3
C01503,2022-12-22,,Anual,Tarjeta automática,Internet fibra,NOA,Hogar,86.32,0.0393,1,0,Sí,3
C01504,2022-12-22,2023-01-01,Mes a mes,Transferencia,Streaming,Cuyo,PyME,81.29,0.074,2,0,No,5
C01505,2022-12-22,,Mes a mes,Transferencia,Internet estándar,NOA,Hogar,53.53,0.0458,0,0,No,3
C01506,2022-12-22,2025-03-12,Mes a mes,Transferencia,Telefonía móvil,NOA,Hogar,63.23,0.0518,1,0,No,4
C01507,2022-12-22,2023-10-07,Mes a mes,Débito automático,Internet fibra,Litoral,Hogar,80.39,0.1088,0,0,Sí,3
C01508,2022-12-22,,Mes a mes,Tarjeta automática,Internet fibra,AMBA,PyME,158.06,0.0598,0,0,Sí,5
C01509,2022-12-23,,Anual,Tarjeta automática,Internet estándar,AMBA,Profesional,54.6,0.1318,1,1,Sí,4
C01510,2022-12-23,2025-05-06,Mes a mes,Cheque electrónico,Internet fibra,Litoral,Hogar,82.92,0.0541,1,0,No,3
C01511,2022-12-23,,Anual,Débito automático,Internet fibra,Patagonia,Profesional,99.45,0.1121,1,1,Sí,3
C01512,2022-12-23,2025-03-19,Mes a mes,Cheque electrónico,Internet fibra,NOA,Hogar,67.18,0.0101,0,3,No,3
C01513,2022-12-23,,Dos años,Tarjeta automática,Internet estándar,Centro,Profesional,75.82,0.0481,0,1,Sí,5
C01514,2022-12-24,2024-02-11,Mes a mes,Débito automático,Telefonía móvil,NOA,Hogar,58.84,0.0151,1,1,Sí,4
C01515,2022-12-24,2023-01-18,Mes a mes,Cheque electrónico,Internet fibra,Patagonia,Hogar,102.23,0.0162,0,0,No,5
C01516,2022-12-24,2025-03-22,Mes a mes,Tarjeta automática,Streaming,Cuyo,Hogar,33.52,0.0588,1,0,Sí,4
C01517,2022-12-24,,Mes a mes,Tarjeta automática,Streaming,Cuyo,PyME,63.1,0.0574,1,0,Sí,2
C01518,2022-12-25,,Mes a mes,Transferencia,Internet estándar,Cuyo,PyME,109.25,0.0259,0,0,No,3
C01519,2022-12-25,,Anual,Transferencia,Internet estándar,Patagonia,Hogar,57.16,0.0727,1,0,No,3
C01520,2022-12-25,2023-03-10,Mes a mes,Cheque electrónico,Streaming,Patagonia,Hogar,26.41,0.0144,0,2,No,3
C01521,2022-12-25,2023-04-14,Mes a mes,Cheque electrónico,Telefonía móvil,Centro,Hogar,44.37,0.129,0,1,No,4
C01522,2022-12-26,2025-03-05,Mes a mes,Transferencia,Internet fibra,Cuyo,Profesional,90.68,0.0192,0,1,No,4
C01523,2022-12-26,,Anual,Tarjeta automática,Telefonía móvil,AMBA,Hogar,40.53,0.0843,0,0,Sí,4
C01524,2022-12-27,2023-08-03,Dos años,Débito automático,Internet fibra,NOA,Hogar,89.19,0.0141,0,0,Sí,3
C01525,2022-12-27,2024-05-11,Anual,Cheque electrónico,Internet estándar,Cuyo,Hogar,64.28,0.0656,1,1,No,4
C01526,2022-12-28,,Mes a mes,Débito automático,Internet estándar,Centro,Hogar,35.02,0.0883,1,0,Sí,4
C01527,2022-12-28,2023-05-13,Anual,Cheque electrónico,Internet fibra,Centro,PyME,127.38,0.0283,1,1,No,3
C01528,2022-12-29,,Anual,Transferencia,Internet fibra,AMBA,Hogar,60.53,0.061,0,0,No,4
C01529,2022-12-29,,Mes a mes,Tarjeta automática,Internet fibra,Cuyo,Hogar,98.22,0.0235,0,0,Sí,4
C01530,2022-12-29,2024-12-03,Mes a mes,Débito automático,Internet fibra,Patagonia,Hogar,87.58,0.0694,0,3,Sí,3
C01531,2022-12-29,,Anual,Transferencia,Internet estándar,Centro,Hogar,26.99,0.0111,0,0,No,5
C01532,2022-12-29,2024-07-14,Mes a mes,Tarjeta automática,Internet fibra,Cuyo,Hogar,77.29,0.0592,2,1,Sí,3
C01533,2022-12-29,,Anual,Débito automático,Telefonía móvil,Litoral,Hogar,38.88,0.0836,1,1,Sí,4
C01534,2022-12-30,2025-12-22,Mes a mes,Transferencia,Telefonía móvil,Cuyo,Profesional,51.68,0.039,0,1,No,4
C01535,2022-12-30,,Mes a mes,Tarjeta automática,Internet fibra,Patagonia,Hogar,89.4,0.0532,0,0,Sí,4
C01536,2022-12-30,2025-10-08,Mes a mes,Débito automático,Internet fibra,Centro,Hogar,89.15,0.0412,1,0,Sí,2
C01537,2022-12-30,,Anual,Transferencia,Internet estándar,Cuyo,Hogar,51.96,0.0343,1,1,No,5
C01538,2022-12-31,,Dos años,Transferencia,Telefonía móvil,NOA,Hogar,34.94,0.0214,2,1,No,4
C01539,2022-12-31,2023-03-19,Mes a mes,Débito automático,Internet estándar,NOA,Hogar,42.03,0.0854,0,0,Sí,5
C01540,2022-12-31,2024-07-25,Mes a mes,Cheque electrónico,Internet fibra,Litoral,Profesional,96.48,0.071,1,1,No,3
C01541,2022-12-31,2024-09-05,Mes a mes,Cheque electrónico,Telefonía móvil,Cuyo,Hogar,36.97,0.1277,0,2,No,4
C01542,2022-12-31,,Mes a mes,Débito automático,Internet estándar,NOA,Profesional,66.94,0.0278,0,0,Sí,4
C01543,2022-12-31,,Dos años,Tarjeta automática,Internet estándar,Cuyo,Hogar,55.14,0.0724,0,0,Sí,5
C01544,2022-12-31,2023-09-10,Mes a mes,Transferencia,Telefonía móvil,Cuyo,Hogar,25.13,0.0483,0,0,No,5
C01545,2022-12-31,2023-03-02,Mes a mes,Tarjeta automática,Telefonía móvil,Litoral,Hogar,33.66,0.0633,0,0,Sí,5
C01546,2023-01-01,,Mes a mes,Cheque electrónico,Internet estándar,Cuyo,Profesional,66.63,0.1666,0,2,No,4
C01547,2023-01-01,,Dos años,Débito automático,Internet fibra,NOA,Hogar,95.22,0.1011,1,0,Sí,4
C01548,2023-01-01,,Mes a mes,Débito automático,Internet estándar,Centro,Profesional,76.3,0.0163,0,0,Sí,5
C01549,2023-01-01,,Anual,Débito automático,Internet fibra,AMBA,Hogar,77.96,0.0035,0,0,Sí,4
C01550,2023-01-01,2024-07-20,Mes a mes,Débito automático,Internet estándar,Cuyo,Hogar,53.43,0.0547,2,1,Sí,3
C01551,2023-01-01,2023-02-12,Mes a mes,Cheque electrónico,Internet fibra,NOA,Hogar,76.88,0.0407,1,0,No,3
C01552,2023-01-02,,Anual,Tarjeta automática,Streaming,AMBA,Hogar,40.85,0.0165,0,0,Sí,3
C01553,2023-01-03,,Mes a mes,Cheque electrónico,Streaming,Patagonia,Hogar,33.77,0.1016,1,1,No,4
C01554,2023-01-03,,Anual,Tarjeta automática,Telefonía móvil,AMBA,Hogar,56.07,0.0588,1,0,Sí,3
C01555,2023-01-03,2023-04-07,Mes a mes,Transferencia,Telefonía móvil,Litoral,Hogar,27.09,0.0306,1,1,No,3
C01556,2023-01-03,,Anual,Cheque electrónico,Internet fibra,Cuyo,Hogar,69.13,0.0292,0,1,No,4
C01557,2023-01-04,,Anual,Débito automático,Internet fibra,AMBA,Profesional,99.02,0.0253,1,0,Sí,5
C01558,2023-01-04,,Anual,Tarjeta automática,Internet estándar,Patagonia,Profesional,72.43,0.0565,1,1,Sí,3
C01559,2023-01-04,2023-07-11,Mes a mes,Cheque electrónico,Internet fibra,Centro,Hogar,104.4,0.0517,2,1,No,2
C01560,2023-01-04,,Anual,Cheque electrónico,Internet fibra,Cuyo,Hogar,58.11,0.0876,0,1,No,3
C01561,2023-01-04,,Dos años,Débito automático,Streaming,Litoral,Hogar,28.64,0.0595,0,0,Sí,4
C01562,2023-01-04,2025-06-10,Mes a mes,Débito automático,Internet estándar,Litoral,Hogar,48.14,0.0985,1,0,Sí,4
C01563,2023-01-04,2023-05-08,Mes a mes,Cheque electrónico,Internet fibra,AMBA,Hogar,80.62,0.0564,4,1,No,1
C01564,2023-01-04,,Anual,Tarjeta automática,Internet estándar,Cuyo,Hogar,68.07,0.0573,0,0,Sí,4
C01565,2023-01-05,,Mes a mes,Transferencia,Telefonía móvil,Litoral,Hogar,51.64,0.0422,0,0,No,3
C01566,2023-01-05,2023-02-04,Anual,Débito automático,Streaming,Litoral,Hogar,18.0,0.0251,1,0,Sí,3
C01567,2023-01-05,2025-10-01,Anual,Tarjeta automática,Internet fibra,Patagonia,Hogar,94.87,0.0125,5,1,Sí,3
C01568,2023-01-06,2023-10-06,Mes a mes,Cheque electrónico,Internet estándar,Patagonia,Hogar,65.56,0.0538,3,0,No,2
C01569,2023-01-06,2023-03-22,Mes a mes,Débito automático,Telefonía móvil,Centro,Hogar,44.89,0.0681,0,0,Sí,4
C01570,2023-01-06,2024-05-13,Anual,Cheque electrónico,Internet fibra,Patagonia,Hogar,60.2,0.1005,6,1,No,1
C01571,2023-01-06,2024-01-18,Mes a mes,Débito automático,Streaming,NOA,Profesional,45.33,0.0564,1,0,Sí,5
C01572,2023-01-06,,Dos años,Débito automático,Streaming,NOA,Hogar,34.16,0.0739,0,0,Sí,5
C01573,2023-01-07,,Mes a mes,Débito automático,Streaming,NOA,Hogar,39.96,0.0738,0,1,Sí,5
C01574,2023-01-08,,Mes a mes,Débito automático,Internet fibra,Centro,Profesional,76.53,0.0435,1,0,Sí,3
C01575,2023-01-08,,Dos años,Cheque electrónico,Telefonía móvil,Litoral,Hogar,33.54,0.0926,1,2,No,2
C01576,2023-01-08,,Mes a mes,Transferencia,Internet estándar,Cuyo,Hogar,61.08,0.0309,2,0,No,3
C01577,2023-01-08,,Anual,Transferencia,Internet fibra,NOA,Profesional,112.52,0.0224,4,1,No,4
C01578,2023-01-08,2023-06-21,Mes a mes,Débito automático,Internet fibra,Patagonia,Hogar,82.74,0.0555,8,0,Sí,1
C01579,2023-01-08,,Mes a mes,Tarjeta automática,Internet estándar,AMBA,PyME,116.63,0.0717,0,0,Sí,4
C01580,2023-01-09,,Mes a mes,Tarjeta automática,Internet fibra,NOA,PyME,138.01,0.0368,2,0,Sí,3
C01581,2023-01-09,,Anual,Transferencia,Telefonía móvil,Patagonia,Profesional,70.59,0.0137,1,1,No,5
C01582,2023-01-09,,Anual,Débito automático,Telefonía móvil,Litoral,Hogar,43.6,0.0116,6,0,Sí,1
C01583,2023-01-10,,Dos años,Débito automático,Internet fibra,Cuyo,Hogar,83.28,0.0791,0,0,Sí,4
C01584,2023-01-10,,Dos años,Débito automático,Telefonía móvil,Cuyo,Hogar,28.56,0.0285,1,0,Sí,4
C01585,2023-01-10,,Anual,Débito automático,Telefonía móvil,Patagonia,Hogar,49.94,0.0411,5,0,Sí,1
C01586,2023-01-11,,Anual,Transferencia,Internet fibra,Patagonia,PyME,119.22,0.1328,1,0,No,4
C01587,2023-01-11,,Mes a mes,Transferencia,Streaming,Litoral,Hogar,36.93,0.0113,2,0,No,4
C01588,2023-01-11,,Dos años,Cheque electrónico,Telefonía móvil,NOA,PyME,92.17,0.0278,3,2,No,2
C01589,2023-01-11,2023-11-25,Anual,Tarjeta automática,Telefonía móvil,Centro,Hogar,46.07,0.0984,4,0,Sí,3
C01590,2023-01-12,2025-03-04,Dos años,Débito automático,Internet estándar,Cuyo,Hogar,38.52,0.0367,4,0,Sí,2
C01591,2023-01-12,2024-11-25,Mes a mes,Tarjeta automática,Telefonía móvil,Litoral,Profesional,54.46,0.0211,1,0,Sí,4
C01592,2023-01-12,2023-03-07,Mes a mes,Cheque electrónico,Streaming,AMBA,Hogar,33.05,0.1118,1,3,No,2
C01593,2023-01-12,2024-06-08,Anual,Transferencia,Internet fibra,Cuyo,Hogar,86.3,0.0691,0,0,No,4
C01594,2023-01-12,,Mes a mes,Débito automático,Internet fibra,NOA,Hogar,90.03,0.0549,0,0,Sí,3
C01595,2023-01-12,2023-01-20,Mes a mes,Cheque electrónico,Internet estándar,Patagonia,Hogar,36.35,0.0255,0,1,No,4
C01596,2023-01-13,,Dos años,Débito automático,Internet estándar,Patagonia,Hogar,32.49,0.1281,2,0,Sí,5
C01597,2023-01-14,2025-10-16,Mes a mes,Tarjeta automática,Internet estándar,AMBA,Profesional,56.27,0.053,2,1,Sí,4
C01598,2023-01-14,,Mes a mes,Débito automático,Internet fibra,AMBA,PyME,121.28,0.0552,2,1,Sí,3
C01599,2023-01-14,2023-10-04,Mes a mes,Tarjeta automática,Telefonía móvil,Cuyo,Profesional,77.24,0.0457,1,1,Sí,4
C01600,2023-01-14,2024-03-14,Mes a mes,Cheque electrónico,Streaming,Centro,Profesional,61.74,0.0246,0,1,No,3
C01601,2023-01-14,2025-05-20,Anual,Transferencia,Internet estándar,AMBA,Profesional,56.04,0.0425,0,0,No,5
C01602,2023-01-14,,Dos años,Transferencia,Internet fibra,Litoral,Hogar,96.81,0.06,2,0,No,5
C01603,2023-01-14,,Dos años,Cheque electrónico,Internet fibra,Patagonia,Profesional,110.09,0.0417,2,0,No,4
C01604,2023-01-14,,Anual,Cheque electrónico,Internet fibra,Patagonia,Profesional,78.07,0.0717,2,0,No,3
C01605,2023-01-14,,Anual,Débito automático,Streaming,AMBA,Hogar,18.0,0.0322,2,0,Sí,3
C01606,2023-01-15,,Mes a mes,Tarjeta automática,Internet fibra,Patagonia,Hogar,59.75,0.1105,1,0,Sí,4
C01607,2023-01-15,,Dos años,Débito automático,Telefonía móvil,Cuyo,Profesional,59.05,0.0696,0,0,Sí,4
C01608,2023-01-15,2023-10-14,Mes a mes,Cheque electrónico,Internet fibra,AMBA,PyME,133.19,0.0522,2,1,No,3
C01609,2023-01-16,2023-07-26,Mes a mes,Cheque electrónico,Internet fibra,Cuyo,PyME,133.17,0.1171,0,2,No,4
C01610,2023-01-16,2024-03-12,Dos años,Transferencia,Telefonía móvil,Centro,Hogar,19.71,0.0258,6,1,No,1
C01611,2023-01-16,,Dos años,Tarjeta automática,Internet estándar,Patagonia,Profesional,51.3,0.0583,1,0,Sí,4
C01612,2023-01-16,2023-06-08,Mes a mes,Tarjeta automática,Internet estándar,Patagonia,Hogar,51.86,0.0679,4,0,Sí,3
C01613,2023-01-16,,Anual,Cheque electrónico,Internet fibra,Patagonia,Profesional,102.84,0.053,0,1,No,5
C01614,2023-01-17,,Mes a mes,Tarjeta automática,Streaming,AMBA,Hogar,18.0,0.1231,0,0,Sí,4
C01615,2023-01-17,,Mes a mes,Débito automático,Internet estándar,Cuyo,PyME,89.91,0.0087,0,0,Sí,5
C01616,2023-01-17,2024-08-13,Mes a mes,Débito automático,Telefonía móvil,Cuyo,PyME,108.25,0.0747,0,1,Sí,4
C01617,2023-01-18,,Mes a mes,Tarjeta automática,Streaming,NOA,Hogar,18.0,0.0781,3,0,Sí,2
C01618,2023-01-18,2024-11-22,Mes a mes,Transferencia,Telefonía móvil,Litoral,PyME,96.84,0.0617,2,0,No,4
C01619,2023-01-19,2025-12-26,Mes a mes,Cheque electrónico,Streaming,Litoral,Profesional,32.49,0.102,1,1,No,4
C01620,2023-01-19,,Mes a mes,Transferencia,Telefonía móvil,Cuyo,Hogar,51.15,0.0339,0,1,No,5
C01621,2023-01-20,,Mes a mes,Débito automático,Streaming,Centro,Hogar,18.0,0.0197,0,1,Sí,4
C01622,2023-01-20,,Dos años,Débito automático,Internet estándar,Patagonia,Profesional,63.65,0.0851,1,1,Sí,2
C01623,2023-01-20,,Anual,Cheque electrónico,Streaming,NOA,Hogar,39.34,0.0724,0,2,No,2
C01624,2023-01-20,,Dos años,Débito automático,Streaming,AMBA,Hogar,35.71,0.0686,2,1,Sí,3
C01625,2023-01-20,,Mes a mes,Débito automático,Internet fibra,Litoral,Hogar,72.89,0.0265,0,0,Sí,4
C01626,2023-01-21,,Anual,Transferencia,Streaming,Patagonia,Hogar,21.31,0.063,1,0,No,4
C01627,2023-01-21,2025-09-07,Dos años,Tarjeta automática,Internet fibra,AMBA,Hogar,75.44,0.0756,1,0,Sí,3
C01628,2023-01-22,,Mes a mes,Tarjeta automática,Internet estándar,Litoral,Profesional,52.82,0.0771,1,0,Sí,3
C01629,2023-01-22,2023-01-13,Mes a mes,Cheque electrónico,Internet fibra,Cuyo,Hogar,76.9,0.0308,0,0,No,3
C01630,2023-01-22,2024-10-23,Mes a mes,Transferencia,Internet fibra,Litoral,Hogar,77.09,0.1894,2,0,No,2
C01631,2023-01-22,,Mes a mes,Tarjeta automática,Internet fibra,Litoral,Hogar,73.4,0.0629,1,1,Sí,3
C01632,2023-01-23,,Mes a mes,Tarjeta automática,Internet fibra,NOA,Profesional,107.0,0.0427,0,1,Sí,4
C01633,2023-01-23,,Mes a mes,Cheque electrónico,Internet fibra,AMBA,Hogar,66.22,0.0899,0,2,No,5
C01634,2023-01-23,2025-08-14,Mes a mes,Transferencia,Internet fibra,Centro,Profesional,77.25,0.0043,1,0,No,4
C01635,2023-01-23,,Anual,Transferencia,Internet estándar,Cuyo,Profesional,61.22,0.0389,0,0,No,3
C01636,2023-01-23,,Mes a mes,Tarjeta automática,Internet estándar,Patagonia,PyME,105.36,0.0485,0,0,Sí,4
C01637,2023-01-23,2025-06-07,Mes a mes,Cheque electrónico,Telefonía móvil,Litoral,Hogar,40.83,0.0528,1,0,No,4
C01638,2023-01-23,,Anual,Cheque electrónico,Telefonía móvil,Centro,Hogar,40.34,0.0247,0,2,No,2
C01639,2023-01-25,,Mes a mes,Débito automático,Internet fibra,AMBA,Hogar,65.61,0.0297,0,0,Sí,5
C01640,2023-01-25,,Mes a mes,Tarjeta automática,Internet estándar,NOA,Hogar,38.19,0.0339,2,1,Sí,3
C01641,2023-01-25,,Mes a mes,Transferencia,Internet estándar,AMBA,Hogar,43.63,0.0385,0,0,No,5
C01642,2023-01-26,2025-03-16,Mes a mes,Cheque electrónico,Internet estándar,AMBA,Hogar,42.76,0.0656,0,0,No,5
C01643,2023-01-26,2023-10-08,Mes a mes,Cheque electrónico,Internet estándar,Cuyo,Hogar,61.08,0.0312,2,2,No,2
C01644,2023-01-26,2024-05-04,Mes a mes,Cheque electrónico,Streaming,Litoral,Hogar,31.9,0.0625,1,1,No,3
C01645,2023-01-26,,Mes a mes,Transferencia,Streaming,Centro,Hogar,23.14,0.0276,2,2,No,2
C01646,2023-01-26,,Dos años,Débito automático,Internet estándar,Centro,Hogar,61.05,0.1425,1,0,Sí,4
C01647,2023-01-27,2025-01-25,Dos años,Débito automático,Streaming,AMBA,Profesional,51.91,0.0316,1,0,Sí,3
C01648,2023-01-27,2024-09-21,Mes a mes,Cheque electrónico,Internet fibra,Cuyo,Hogar,63.07,0.0353,1,0,No,4
C01649,2023-01-27,2024-06-01,Mes a mes,Tarjeta automática,Telefonía móvil,NOA,Hogar,18.0,0.0285,0,1,Sí,5
C01650,2023-01-27,2024-08-05,Mes a mes,Tarjeta automática,Telefonía móvil,AMBA,Hogar,27.41,0.0101,1,0,Sí,4
C01651,2023-01-28,,Dos años,Transferencia,Internet fibra,Litoral,Profesional,102.54,0.0104,0,0,No,4
C01652,2023-01-28,2023-03-16,Anual,Débito automático,Telefonía móvil,Centro,Profesional,69.81,0.0235,4,0,Sí,2
C01653,2023-01-28,2025-08-06,Mes a mes,Cheque electrónico,Telefonía móvil,Patagonia,Hogar,23.74,0.0583,1,0,No,3
C01654,2023-01-28,2023-01-17,Mes a mes,Tarjeta automática,Internet estándar,AMBA,Hogar,56.25,0.0092,1,0,Sí,2
C01655,2023-01-29,2023-12-17,Mes a mes,Débito automático,Internet fibra,Centro,Profesional,102.83,0.0126,2,0,Sí,2
C01656,2023-01-29,,Dos años,Tarjeta automática,Telefonía móvil,AMBA,Profesional,75.35,0.0683,2,1,Sí,2
C01657,2023-01-29,,Dos años,Transferencia,Internet estándar,Litoral,Hogar,59.45,0.0398,0,0,No,5
C01658,2023-01-29,2025-01-15,Mes a mes,Transferencia,Internet fibra,Patagonia,Hogar,92.87,0.081,1,0,No,3
C01659,2023-01-30,,Anual,Débito automático,Streaming,Centro,Hogar,34.37,0.0802,0,0,Sí,4
C01660,2023-01-30,,Mes a mes,Débito automático,Internet estándar,Cuyo,Profesional,72.0,0.0878,0,1,Sí,5
C01661,2023-01-30,,Anual,Tarjeta automática,Internet fibra,Centro,Hogar,74.29,0.0201,0,0,Sí,5
C01662,2023-01-30,,Dos años,Transferencia,Telefonía móvil,AMBA,Profesional,69.02,0.0256,1,0,No,5
C01663,2023-01-31,2023-10-24,Mes a mes,Cheque electrónico,Internet fibra,AMBA,Profesional,81.34,0.0151,5,0,No,2
C01664,2023-01-31,2023-11-03,Mes a mes,Transferencia,Internet estándar,NOA,Profesional,65.47,0.0668,3,0,No,1
C01665,2023-01-31,,Anual,Tarjeta automática,Streaming,Litoral,PyME,89.94,0.0444,0,1,Sí,5
C01666,2023-01-31,2024-09-24,Mes a mes,Transferencia,Internet fibra,Litoral,Hogar,93.49,0.024,1,1,No,4
C01667,2023-01-31,,Anual,Tarjeta automática,Streaming,Centro,Profesional,41.74,0.0229,0,0,Sí,4
C01668,2023-02-01,,Mes a mes,Tarjeta automática,Streaming,Centro,Profesional,57.63,0.0593,0,0,Sí,5
C01669,2023-02-01,,Dos años,Tarjeta automática,Internet estándar,Patagonia,Profesional,64.83,0.1058,0,0,Sí,5
C01670,2023-02-01,2024-11-15,Mes a mes,Tarjeta automática,Internet estándar,Cuyo,Hogar,59.86,0.0399,5,1,Sí,2
C01671,2023-02-01,2025-06-21,Mes a mes,Tarjeta automática,Telefonía móvil,AMBA,Hogar,33.19,0.0682,4,0,Sí,2
C01672,2023-02-02,2023-03-02,Mes a mes,Cheque electrónico,Telefonía móvil,Cuyo,PyME,104.99,0.0384,4,1,No,2
C01673,2023-02-02,,Mes a mes,Tarjeta automática,Internet fibra,Litoral,Hogar,76.95,0.1108,1,0,Sí,4
C01674,2023-02-02,,Mes a mes,Transferencia,Internet estándar,Litoral,PyME,90.96,0.1448,1,0,No,5
C01675,2023-02-02,,Anual,Cheque electrónico,Internet estándar,Litoral,Hogar,47.31,0.0654,1,1,No,3
C01676,2023-02-02,,Mes a mes,Débito automático,Telefonía móvil,NOA,Hogar,56.54,0.0423,0,0,Sí,4
C01677,2023-02-02,2023-05-21,Mes a mes,Débito automático,Telefonía móvil,Centro,PyME,85.79,0.0577,1,1,Sí,3
C01678,2023-02-04,2025-09-18,Mes a mes,Transferencia,Internet estándar,Litoral,Profesional,50.67,0.0976,0,0,No,5
C01679,2023-02-04,2024-12-24,Mes a mes,Tarjeta automática,Telefonía móvil,NOA,Hogar,46.39,0.0303,1,1,Sí,4
C01680,2023-02-04,,Dos años,Débito automático,Internet estándar,NOA,Hogar,30.54,0.0402,4,0,Sí,3
C01681,2023-02-04,,Dos años,Débito automático,Internet fibra,NOA,Hogar,95.2,0.0693,5,0,Sí,2
C01682,2023-02-05,2024-12-26,Mes a mes,Cheque electrónico,Streaming,Patagonia,Hogar,45.92,0.0625,0,1,No,4
C01683,2023-02-06,,Anual,Cheque electrónico,Internet estándar,AMBA,Hogar,60.42,0.0978,0,2,No,4
C01684,2023-02-06,,Anual,Cheque electrónico,Streaming,NOA,Hogar,28.88,0.0983,2,0,No,3
C01685,2023-02-06,2024-08-22,Dos años,Transferencia,Internet estándar,AMBA,Hogar,67.31,0.09,1,0,No,3
C01686,2023-02-06,2023-02-08,Mes a mes,Débito automático,Telefonía móvil,Litoral,Hogar,56.8,0.1621,4,0,Sí,1
C01687,2023-02-06,2023-04-18,Mes a mes,Cheque electrónico,Telefonía móvil,Cuyo,PyME,91.14,0.0518,1,1,No,5
C01688,2023-02-06,2023-08-10,Mes a mes,Cheque electrónico,Internet fibra,Patagonia,Profesional,111.83,0.0094,2,3,No,2
C01689,2023-02-06,,Dos años,Débito automático,Internet estándar,Patagonia,Hogar,38.97,0.0093,0,0,Sí,4
C01690,2023-02-06,,Anual,Cheque electrónico,Streaming,Patagonia,PyME,81.83,0.1522,1,0,No,4
C01691,2023-02-07,,Mes a mes,Cheque electrónico,Internet fibra,Centro,Hogar,58.27,0.0502,0,0,No,5
C01692,2023-02-07,2023-05-24,Mes a mes,Débito automático,Telefonía móvil,Patagonia,Hogar,43.61,0.0456,1,1,Sí,3
C01693,2023-02-08,,Anual,Tarjeta automática,Streaming,Patagonia,Hogar,25.76,0.1242,1,0,Sí,3
C01694,2023-02-08,,Dos años,Tarjeta automática,Internet fibra,AMBA,PyME,128.03,0.052,0,1,Sí,4
C01695,2023-02-09,2024-05-17,Mes a mes,Transferencia,Telefonía móvil,Litoral,Hogar,40.18,0.0326,0,0,No,5
C01696,2023-02-09,,Anual,Tarjeta automática,Internet estándar,AMBA,Hogar,42.63,0.0835,0,1,Sí,4
C01697,2023-02-09,,Mes a mes,Débito automático,Internet fibra,Litoral,PyME,133.46,0.0997,0,0,Sí,4
C01698,2023-02-09,,Mes a mes,Transferencia,Internet fibra,Centro,Profesional,110.12,0.0869,0,0,No,3
C01699,2023-02-09,2023-02-21,Mes a mes,Cheque electrónico,Telefonía móvil,Cuyo,Profesional,48.32,0.06,2,0,No,2
C01700,2023-02-09,2023-03-04,Anual,Cheque electrónico,Telefonía móvil,Centro,Profesional,69.49,0.0623,1,1,No,4
C01701,2023-02-10,,Dos años,Transferencia,Internet estándar,NOA,Profesional,69.37,0.0485,1,0,No,4
C01702,2023-02-10,2024-09-11,Mes a mes,Débito automático,Internet fibra,NOA,Hogar,82.12,0.0674,3,0,Sí,2
C01703,2023-02-10,2023-03-20,Mes a mes,Tarjeta automática,Internet fibra,Patagonia,Profesional,95.66,0.0965,1,1,Sí,3
C01704,2023-02-10,2024-02-05,Mes a mes,Transferencia,Streaming,Patagonia,Hogar,21.11,0.0584,1,0,No,3
C01705,2023-02-10,,Mes a mes,Tarjeta automática,Internet estándar,Cuyo,Hogar,53.89,0.0389,0,0,Sí,4
C01706,2023-02-11,,Mes a mes,Débito automático,Internet estándar,AMBA,PyME,109.71,0.0027,0,0,Sí,5
C01707,2023-02-11,2023-04-06,Mes a mes,Cheque electrónico,Internet estándar,Litoral,Hogar,40.19,0.0411,4,0,No,2
C01708,2023-02-11,,Mes a mes,Débito automático,Internet estándar,Cuyo,Hogar,34.28,0.1101,1,0,Sí,5
C01709,2023-02-11,2025-07-14,Mes a mes,Transferencia,Streaming,Centro,Hogar,29.94,0.0121,0,0,No,3
C01710,2023-02-11,,Mes a mes,Transferencia,Internet estándar,Centro,Profesional,75.3,0.0511,1,0,No,3
C01711,2023-02-11,,Anual,Cheque electrónico,Internet fibra,AMBA,PyME,144.06,0.0254,0,1,No,4
C01712,2023-02-12,2023-09-06,Mes a mes,Débito automático,Internet estándar,Patagonia,Hogar,62.24,0.0511,1,2,Sí,3
C01713,2023-02-12,,Anual,Débito automático,Internet estándar,Centro,Hogar,53.09,0.029,1,0,Sí,4
C01714,2023-02-12,,Dos años,Tarjeta automática,Internet estándar,NOA,Profesional,64.1,0.0519,0,1,Sí,4
C01715,2023-02-12,2025-02-19,Mes a mes,Transferencia,Internet fibra,Patagonia,Hogar,77.98,0.0687,1,0,No,4
C01716,2023-02-12,,Mes a mes,Tarjeta automática,Internet fibra,AMBA,Hogar,64.33,0.0399,2,0,Sí,4
C01717,2023-02-12,2023-05-01,Mes a mes,Débito automático,Internet estándar,AMBA,Hogar,41.49,0.0484,1,0,Sí,4
C01718,2023-02-12,,Anual,Transferencia,Internet fibra,Cuyo,Hogar,77.41,0.0585,1,1,No,3
C01719,2023-02-12,,Mes a mes,Tarjeta automática,Streaming,AMBA,Hogar,26.07,0.0115,0,0,Sí,5
C01720,2023-02-13,,Mes a mes,Débito automático,Internet estándar,NOA,Profesional,68.01,0.101,0,0,Sí,3
C01721,2023-02-14,,Mes a mes,Tarjeta automática,Internet fibra,NOA,Hogar,62.88,0.0663,1,0,Sí,3
C01722,2023-02-14,,Mes a mes,Tarjeta automática,Streaming,Litoral,Profesional,34.33,0.0657,0,0,Sí,5
C01723,2023-02-14,2023-10-14,Mes a mes,Tarjeta automática,Internet estándar,Centro,Profesional,75.53,0.0563,2,1,Sí,3
C01724,2023-02-14,,Anual,Tarjeta automática,Internet fibra,NOA,Hogar,68.83,0.0825,1,0,Sí,3
C01725,2023-02-14,2025-02-07,Mes a mes,Cheque electrónico,Telefonía móvil,Litoral,Profesional,52.56,0.008,0,2,No,4
C01726,2023-02-15,2024-01-14,Mes a mes,Cheque electrónico,Internet estándar,Cuyo,Hogar,50.05,0.0881,0,5,No,3
C01727,2023-02-15,,Anual,Transferencia,Telefonía móvil,NOA,Hogar,31.76,0.0322,1,0,No,5
C01728,2023-02-15,2023-07-04,Mes a mes,Transferencia,Internet fibra,Centro,Hogar,90.17,0.0889,3,1,No,2
C01729,2023-02-15,,Anual,Transferencia,Telefonía móvil,Litoral,Profesional,46.17,0.0161,2,0,No,4
C01730,2023-02-16,2025-10-21,Mes a mes,Cheque electrónico,Telefonía móvil,Patagonia,Profesional,60.02,0.0262,1,1,No,3
C01731,2023-02-16,,Mes a mes,Débito automático,Internet fibra,NOA,Hogar,69.77,0.0965,2,1,Sí,4
C01732,2023-02-16,,Dos años,Tarjeta automática,Internet estándar,AMBA,Profesional,68.72,0.0265,0,0,Sí,4
C01733,2023-02-16,2025-01-13,Mes a mes,Transferencia,Streaming,Centro,Hogar,23.53,0.0884,2,1,No,2
C01734,2023-02-16,,Mes a mes,Cheque electrónico,Internet estándar,NOA,Hogar,48.74,0.0661,0,0,No,4
C01735,2023-02-16,,Dos años,Tarjeta automática,Internet estándar,Cuyo,Hogar,62.43,0.0195,1,0,Sí,4
C01736,2023-02-17,,Anual,Débito automático,Telefonía móvil,Patagonia,PyME,89.44,0.102,0,0,Sí,4
C01737,2023-02-17,,Anual,Débito automático,Streaming,Patagonia,Hogar,21.35,0.0677,1,1,Sí,3
C01738,2023-02-17,,Mes a mes,Débito automático,Telefonía móvil,Centro,Hogar,38.53,0.02,1,0,Sí,5
C01739,2023-02-17,2023-02-20,Mes a mes,Transferencia,Telefonía móvil,Centro,Profesional,76.21,0.0789,1,0,No,4
C01740,2023-02-17,,Anual,Débito automático,Telefonía móvil,Cuyo,Hogar,41.01,0.0661,0,0,Sí,2
C01741,2023-02-17,,Mes a mes,Cheque electrónico,Streaming,AMBA,Hogar,42.58,0.0061,0,2,No,4
C01742,2023-02-18,2023-07-18,Mes a mes,Cheque electrónico,Streaming,Patagonia,Hogar,27.05,0.0244,2,3,No,3
C01743,2023-02-18,2024-05-24,Anual,Tarjeta automática,Telefonía móvil,AMBA,Hogar,55.09,0.0422,1,0,Sí,2
C01744,2023-02-18,2023-08-21,Mes a mes,Cheque electrónico,Streaming,NOA,Hogar,33.48,0.0296,0,3,No,3
C01745,2023-02-18,2025-02-05,Mes a mes,Transferencia,Internet fibra,Patagonia,Hogar,84.1,0.0417,1,2,No,4
C01746,2023-02-18,,Mes a mes,Débito automático,Streaming,Cuyo,Profesional,31.21,0.0586,0,1,Sí,4
C01747,2023-02-19,2025-02-12,Mes a mes,Débito automático,Internet fibra,AMBA,Profesional,78.57,0.068,0,0,Sí,4
C01748,2023-02-19,2023-03-16,Anual,Cheque electrónico,Telefonía móvil,Patagonia,PyME,108.77,0.0488,7,2,No,1
C01749,2023-02-19,,Dos años,Débito automático,Streaming,Cuyo,Hogar,40.64,0.0288,0,0,Sí,4
C01750,2023-02-19,2023-04-03,Mes a mes,Tarjeta automática,Internet estándar,Centro,Hogar,75.64,0.0828,5,1,Sí,1
C01751,2023-02-19,2024-01-23,Mes a mes,Débito automático,Internet fibra,Cuyo,Hogar,61.65,0.0618,0,0,Sí,3
C01752,2023-02-19,,Mes a mes,Tarjeta automática,Internet estándar,NOA,Hogar,54.34,0.051,2,1,Sí,1
C01753,2023-02-19,2023-02-16,Mes a mes,Transferencia,Internet estándar,Patagonia,Hogar,37.74,0.0638,0,0,No,5
C01754,2023-02-19,,Mes a mes,Tarjeta automática,Streaming,Patagonia,Hogar,20.85,0.0145,2,0,Sí,3
C01755,2023-02-20,,Dos años,Transferencia,Streaming,Litoral,Profesional,41.48,0.1205,3,0,No,3
C01756,2023-02-20,2023-06-14,Mes a mes,Débito automático,Internet estándar,AMBA,Profesional,71.21,0.0173,2,0,Sí,4
C01757,2023-02-21,2025-07-01,Mes a mes,Cheque electrónico,Internet fibra,NOA,Hogar,70.7,0.1587,1,1,No,4
C01758,2023-02-21,2024-06-15,Dos años,Débito automático,Internet estándar,Patagonia,PyME,104.37,0.0217,6,1,Sí,1
C01759,2023-02-21,2024-04-14,Mes a mes,Cheque electrónico,Internet estándar,Litoral,Hogar,58.15,0.0888,0,2,No,4
C01760,2023-02-21,,Dos años,Cheque electrónico,Telefonía móvil,Patagonia,PyME,109.41,0.0884,0,0,No,5
C01761,2023-02-21,,Mes a mes,Tarjeta automática,Telefonía móvil,Cuyo,Hogar,49.62,0.0727,0,0,Sí,4
C01762,2023-02-21,2025-11-26,Mes a mes,Transferencia,Streaming,Patagonia,Hogar,33.97,0.059,2,0,No,2
C01763,2023-02-21,,Dos años,Tarjeta automática,Internet estándar,NOA,Hogar,47.44,0.0375,3,1,Sí,2
C01764,2023-02-21,2023-05-04,Mes a mes,Cheque electrónico,Internet fibra,Cuyo,Hogar,71.74,0.0562,1,1,No,3
C01765,2023-02-22,2023-06-19,Mes a mes,Transferencia,Telefonía móvil,AMBA,Profesional,65.93,0.0865,4,0,No,2
C01766,2023-02-22,2024-05-24,Mes a mes,Tarjeta automática,Telefonía móvil,Patagonia,Hogar,30.44,0.0337,4,0,Sí,1
C01767,2023-02-23,,Anual,Tarjeta automática,Internet fibra,NOA,Profesional,97.31,0.0867,2,0,Sí,3
C01768,2023-02-23,2024-11-26,Mes a mes,Débito automático,Streaming,Patagonia,Hogar,18.0,0.0802,1,1,Sí,3
C01769,2023-02-23,2024-08-06,Mes a mes,Cheque electrónico,Internet estándar,NOA,PyME,103.55,0.0731,1,3,No,4
C01770,2023-02-24,,Anual,Cheque electrónico,Internet fibra,Cuyo,Hogar,66.41,0.0192,0,0,No,4
C01771,2023-02-24,,Anual,Tarjeta automática,Telefonía móvil,NOA,Profesional,55.59,0.0196,0,1,Sí,5
C01772,2023-02-25,2025-04-22,Mes a mes,Tarjeta automática,Telefonía móvil,Centro,Profesional,52.56,0.0158,2,0,Sí,3
C01773,2023-02-25,,Mes a mes,Débito automático,Telefonía móvil,Litoral,Hogar,33.24,0.084,0,2,Sí,4
C01774,2023-02-26,2025-12-15,Mes a mes,Débito automático,Internet fibra,NOA,Hogar,77.04,0.0555,2,0,Sí,1
C01775,2023-02-26,2023-09-22,Mes a mes,Tarjeta automática,Internet estándar,NOA,Hogar,22.34,0.0321,4,2,Sí,1
C01776,2023-02-26,,Mes a mes,Débito automático,Telefonía móvil,Litoral,Profesional,40.17,0.0393,0,0,Sí,3
C01777,2023-02-26,2023-08-14,Mes a mes,Cheque electrónico,Streaming,Litoral,Profesional,55.84,0.0624,1,1,No,5
C01778,2023-02-26,2024-04-05,Mes a mes,Débito automático,Internet estándar,Cuyo,Hogar,50.62,0.0635,0,0,Sí,4
C01779,2023-02-26,,Mes a mes,Transferencia,Internet estándar,NOA,PyME,96.04,0.0246,0,0,No,3
C01780,2023-02-27,,Anual,Débito automático,Internet fibra,NOA,PyME,143.71,0.1064,1,0,Sí,4
C01781,2023-02-27,,Mes a mes,Débito automático,Streaming,Centro,Profesional,39.97,0.0022,0,0,Sí,5
C01782,2023-02-27,,Dos años,Transferencia,Telefonía móvil,AMBA,Hogar,35.62,0.0584,0,0,No,4
C01783,2023-02-28,,Dos años,Tarjeta automática,Internet fibra,Patagonia,Hogar,69.38,0.0799,0,0,Sí,4
C01784,2023-02-28,,Anual,Tarjeta automática,Internet fibra,Patagonia,PyME,153.97,0.0355,1,1,Sí,4
C01785,2023-02-28,2023-10-03,Dos años,Cheque electrónico,Internet estándar,AMBA,Profesional,69.59,0.0488,1,2,No,3
C01786,2023-02-28,,Dos años,Cheque electrónico,Internet estándar,Cuyo,Hogar,51.15,0.0234,1,0,No,4
C01787,2023-02-28,2023-07-14,Mes a mes,Transferencia,Internet estándar,Litoral,PyME,109.13,0.0383,1,0,No,3
C01788,2023-02-28,,Anual,Tarjeta automática,Internet fibra,AMBA,Hogar,57.62,0.1267,0,0,Sí,5
C01789,2023-03-01,,Mes a mes,Tarjeta automática,Streaming,Litoral,Profesional,40.47,0.0798,0,1,Sí,2
C01790,2023-03-01,,Anual,Tarjeta automática,Internet fibra,NOA,Hogar,83.0,0.0415,1,0,Sí,4
C01791,2023-03-01,2023-06-08,Mes a mes,Cheque electrónico,Streaming,Centro,Profesional,46.95,0.0229,3,1,No,1
C01792,2023-03-01,2024-03-16,Mes a mes,Cheque electrónico,Internet estándar,Patagonia,Profesional,91.26,0.0384,0,0,No,5
C01793,2023-03-01,,Mes a mes,Débito automático,Internet estándar,AMBA,Hogar,43.11,0.0586,1,0,Sí,5
C01794,2023-03-02,2023-04-16,Dos años,Cheque electrónico,Streaming,Centro,Hogar,39.38,0.0402,2,2,No,3
C01795,2023-03-02,,Mes a mes,Tarjeta automática,Streaming,Litoral,PyME,92.87,0.0416,0,0,Sí,5
C01796,2023-03-03,,Mes a mes,Débito automático,Internet estándar,NOA,Profesional,68.57,0.0016,0,1,Sí,5
C01797,2023-03-04,2024-02-11,Mes a mes,Tarjeta automática,Internet estándar,NOA,Hogar,52.57,0.0548,1,0,Sí,4
C01798,2023-03-04,2023-03-13,Mes a mes,Tarjeta automática,Internet estándar,NOA,PyME,100.81,0.0447,2,0,Sí,3
C01799,2023-03-04,,Dos años,Cheque electrónico,Internet estándar,NOA,Hogar,27.3,0.0973,2,2,No,3
C01800,2023-03-04,,Anual,Cheque electrónico,Internet estándar,Patagonia,Hogar,52.84,0.0384,0,2,No,4
C01801,2023-03-04,2024-08-21,Mes a mes,Tarjeta automática,Internet estándar,Cuyo,PyME,108.71,0.0758,3,0,Sí,1
C01802,2023-03-04,2023-08-20,Mes a mes,Tarjeta automática,Internet estándar,AMBA,Profesional,73.44,0.0882,3,1,Sí,2
C01803,2023-03-05,2023-10-12,Mes a mes,Transferencia,Internet fibra,Patagonia,PyME,133.69,0.0816,0,0,No,4
C01804,2023-03-05,,Mes a mes,Tarjeta automática,Streaming,Centro,PyME,94.67,0.0502,0,0,Sí,5
C01805,2023-03-05,,Anual,Débito automático,Internet fibra,Litoral,Hogar,68.47,0.0647,1,0,Sí,4
C01806,2023-03-05,,Anual,Débito automático,Telefonía móvil,Patagonia,Hogar,58.15,0.0894,0,0,Sí,4
C01807,2023-03-05,,Mes a mes,Tarjeta automática,Streaming,AMBA,Profesional,36.13,0.0428,1,0,Sí,3
C01808,2023-03-05,2024-07-12,Anual,Tarjeta automática,Internet fibra,NOA,Hogar,76.81,0.0574,3,0,Sí,2
C01809,2023-03-05,2025-10-08,Mes a mes,Tarjeta automática,Streaming,Centro,Hogar,36.49,0.0277,0,0,Sí,5
C01810,2023-03-05,,Anual,Cheque electrónico,Internet estándar,Centro,Hogar,43.34,0.0981,1,0,No,2
C01811,2023-03-06,,Mes a mes,Débito automático,Telefonía móvil,Cuyo,Hogar,50.24,0.0678,0,0,Sí,5
C01812,2023-03-06,,Anual,Débito automático,Telefonía móvil,Cuyo,Hogar,38.23,0.018,1,0,Sí,5
C01813,2023-03-07,,Mes a mes,Tarjeta automática,Telefonía móvil,Cuyo,Hogar,43.3,0.0653,1,1,Sí,3
C01814,2023-03-07,,Dos años,Transferencia,Internet estándar,AMBA,Profesional,65.01,0.0694,2,0,No,4
C01815,2023-03-07,2025-06-16,Mes a mes,Tarjeta automática,Telefonía móvil,Centro,Hogar,35.66,0.1143,0,1,Sí,4
C01816,2023-03-07,,Mes a mes,Tarjeta automática,Streaming,Cuyo,Hogar,53.76,0.1027,0,0,Sí,4
C01817,2023-03-07,,Mes a mes,Transferencia,Telefonía móvil,Centro,Hogar,32.76,0.0708,1,1,No,3
C01818,2023-03-07,,Mes a mes,Transferencia,Internet fibra,Litoral,Profesional,70.85,0.0139,2,0,No,3
C01819,2023-03-08,,Mes a mes,Tarjeta automática,Telefonía móvil,NOA,Hogar,33.16,0.0504,0,0,Sí,5
C01820,2023-03-08,,Mes a mes,Débito automático,Streaming,AMBA,Hogar,30.44,0.0595,1,2,Sí,3
C01821,2023-03-08,,Anual,Cheque electrónico,Internet fibra,AMBA,Profesional,91.85,0.0444,2,1,No,3
C01822,2023-03-08,2023-11-11,Mes a mes,Tarjeta automática,Telefonía móvil,Litoral,Hogar,53.2,0.0979,1,2,Sí,3
C01823,2023-03-08,,Anual,Tarjeta automática,Streaming,AMBA,Hogar,39.8,0.0895,1,0,Sí,5
C01824,2023-03-08,2025-08-15,Anual,Débito automático,Telefonía móvil,Litoral,PyME,93.5,0.0769,1,0,Sí,5
C01825,2023-03-08,,Mes a mes,Tarjeta automática,Internet fibra,Cuyo,Hogar,59.5,0.1011,0,0,Sí,4
C01826,2023-03-08,2024-07-19,Mes a mes,Transferencia,Internet estándar,Cuyo,Hogar,34.89,0.0673,2,0,No,4
C01827,2023-03-08,,Mes a mes,Transferencia,Streaming,Litoral,Hogar,28.65,0.0632,0,0,No,5
C01828,2023-03-08,,Mes a mes,Débito automático,Internet fibra,NOA,Profesional,78.79,0.0777,0,0,Sí,5
C01829,2023-03-08,,Anual,Transferencia,Telefonía móvil,AMBA,PyME,92.95,0.0093,0,0,No,5
C01830,2023-03-09,2025-09-16,Dos años,Débito automático,Streaming,AMBA,Profesional,62.63,0.0418,3,1,Sí,1
C01831,2023-03-09,,Anual,Transferencia,Internet fibra,Patagonia,PyME,136.77,0.0293,0,0,No,5
C01832,2023-03-09,,Mes a mes,Tarjeta automática,Streaming,AMBA,Profesional,47.5,0.0785,0,0,Sí,4
C01833,2023-03-10,,Anual,Débito automático,Internet fibra,Cuyo,Hogar,66.55,0.1009,0,0,Sí,5
C01834,2023-03-10,,Anual,Transferencia,Telefonía móvil,Cuyo,Hogar,44.0,0.0531,1,0,No,3
C01835,2023-03-10,2023-09-11,Mes a mes,Débito automático,Telefonía móvil,Cuyo,Profesional,57.16,0.007,0,0,Sí,5
C01836,2023-03-10,,Anual,Tarjeta automática,Internet estándar,Litoral,Profesional,69.63,0.1914,1,1,Sí,3
C01837,2023-03-10,,Mes a mes,Débito automático,Internet estándar,AMBA,Hogar,57.0,0.0616,1,0,Sí,5
C01838,2023-03-11,,Mes a mes,Transferencia,Internet estándar,Centro,Hogar,58.88,0.0763,1,1,No,4
C01839,2023-03-11,,Mes a mes,Tarjeta automática,Internet estándar,AMBA,Hogar,50.42,0.1217,0,0,Sí,4
C01840,2023-03-11,,Mes a mes,Transferencia,Telefonía móvil,NOA,Hogar,47.63,0.1576,0,0,No,5
C01841,2023-03-12,2024-01-01,Dos años,Transferencia,Internet fibra,Patagonia,Hogar,72.37,0.0503,0,0,No,5
C01842,2023-03-12,,Mes a mes,Transferencia,Internet estándar,Centro,Profesional,79.46,0.133,1,0,No,4
C01843,2023-03-13,2024-02-23,Mes a mes,Tarjeta automática,Internet fibra,AMBA,Profesional,86.24,0.0505,1,0,Sí,4
C01844,2023-03-13,2023-05-20,Mes a mes,Cheque electrónico,Streaming,Centro,Hogar,26.72,0.0074,0,0,No,3
C01845,2023-03-13,2023-11-25,Mes a mes,Tarjeta automática,Telefonía móvil,NOA,Profesional,73.6,0.0785,0,0,Sí,3
C01846,2023-03-13,2023-07-23,Mes a mes,Cheque electrónico,Internet fibra,Patagonia,Hogar,72.7,0.1607,4,2,No,1
C01847,2023-03-14,,Mes a mes,Transferencia,Internet fibra,Litoral,Hogar,63.25,0.0056,2,1,No,4
C01848,2023-03-14,2024-01-05,Anual,Tarjeta automática,Internet fibra,NOA,Profesional,91.48,0.025,2,0,Sí,4
C01849,2023-03-14,2024-07-08,Mes a mes,Cheque electrónico,Internet fibra,Centro,PyME,148.31,0.1331,0,1,No,3
C01850,2023-03-14,2024-03-14,Anual,Débito automático,Internet estándar,Litoral,PyME,79.02,0.124,5,0,Sí,3
C01851,2023-03-14,,Mes a mes,Débito automático,Telefonía móvil,Patagonia,Hogar,43.13,0.0264,1,0,Sí,4
C01852,2023-03-14,2024-08-01,Anual,Débito automático,Internet estándar,AMBA,Hogar,42.03,0.0943,3,0,Sí,2
C01853,2023-03-15,,Anual,Transferencia,Internet fibra,Cuyo,Profesional,94.16,0.0721,2,0,No,4
C01854,2023-03-16,2024-07-24,Mes a mes,Transferencia,Streaming,Cuyo,Profesional,43.17,0.0417,1,1,No,3
C01855,2023-03-16,2025-08-24,Mes a mes,Cheque electrónico,Telefonía móvil,Centro,Hogar,52.57,0.068,1,0,No,2
C01856,2023-03-16,,Dos años,Tarjeta automática,Internet estándar,Centro,Hogar,49.59,0.0472,1,1,Sí,3
C01857,2023-03-16,2023-10-20,Mes a mes,Transferencia,Internet fibra,NOA,Hogar,89.12,0.0584,0,0,No,3
C01858,2023-03-16,2025-10-24,Anual,Transferencia,Telefonía móvil,Litoral,Hogar,56.13,0.0321,0,2,No,2
C01859,2023-03-16,2023-11-13,Mes a mes,Transferencia,Internet fibra,AMBA,Hogar,78.33,0.062,0,0,No,4
C01860,2023-03-16,2023-12-14,Mes a mes,Débito automático,Telefonía móvil,Patagonia,Hogar,38.05,0.0997,5,0,Sí,1
C01861,2023-03-17,,Mes a mes,Débito automático,Telefonía móvil,Litoral,Hogar,46.15,0.0211,0,0,Sí,3
C01862,2023-03-17,,Dos años,Transferencia,Telefonía móvil,Cuyo,Profesional,66.27,0.0294,0,0,No,4
C01863,2023-03-17,2025-03-07,Mes a mes,Tarjeta automática,Internet fibra,Cuyo,Hogar,65.31,0.0105,0,0,Sí,4
C01864,2023-03-17,2025-09-07,Anual,Tarjeta automática,Internet fibra,Litoral,Hogar,80.6,0.0435,2,0,Sí,4
C01865,2023-03-17,,Anual,Débito automático,Telefonía móvil,NOA,Hogar,39.21,0.0277,4,0,Sí,2
C01866,2023-03-17,2025-06-15,Mes a mes,Tarjeta automática,Internet estándar,Patagonia,PyME,99.38,0.0099,1,0,Sí,4
C01867,2023-03-17,2023-08-08,Mes a mes,Tarjeta automática,Internet estándar,Cuyo,Hogar,41.4,0.0284,0,0,Sí,5
C01868,2023-03-18,,Mes a mes,Tarjeta automática,Internet estándar,Centro,PyME,97.12,0.092,0,0,Sí,3
C01869,2023-03-18,,Mes a mes,Transferencia,Internet fibra,AMBA,Hogar,91.81,0.119,0,0,No,5
C01870,2023-03-18,2023-07-19,Anual,Cheque electrónico,Streaming,Centro,Hogar,25.0,0.1104,1,3,No,4
C01871,2023-03-18,,Mes a mes,Débito automático,Telefonía móvil,AMBA,PyME,109.58,0.1101,1,0,Sí,4
C01872,2023-03-19,,Mes a mes,Tarjeta automática,Streaming,Patagonia,Hogar,30.44,0.0391,0,0,Sí,4
C01873,2023-03-19,,Anual,Cheque electrónico,Internet estándar,Litoral,Hogar,36.54,0.0444,0,1,No,5
C01874,2023-03-19,,Anual,Tarjeta automática,Telefonía móvil,AMBA,PyME,99.1,0.1324,0,1,Sí,3
C01875,2023-03-19,2025-01-08,Mes a mes,Cheque electrónico,Streaming,NOA,Hogar,18.0,0.0708,0,0,No,3
C01876,2023-03-20,,Mes a mes,Débito automático,Internet fibra,AMBA,Hogar,84.68,0.0297,0,0,Sí,4
C01877,2023-03-20,,Mes a mes,Tarjeta automática,Streaming,Litoral,PyME,81.71,0.1519,1,0,Sí,5
C01878,2023-03-20,2024-11-01,Anual,Débito automático,Internet fibra,AMBA,Hogar,87.41,0.0292,0,0,Sí,5
C01879,2023-03-20,,Mes a mes,Débito automático,Internet fibra,Litoral,Hogar,93.77,0.1184,0,1,Sí,5
C01880,2023-03-20,2023-03-24,Mes a mes,Transferencia,Streaming,Litoral,Profesional,27.91,0.0875,1,0,No,4
C01881,2023-03-21,,Mes a mes,Tarjeta automática,Internet fibra,NOA,Profesional,90.93,0.0942,1,0,Sí,4
C01882,2023-03-21,2023-08-17,Anual,Cheque electrónico,Internet fibra,Litoral,Hogar,64.7,0.0322,4,4,No,1
C01883,2023-03-21,,Anual,Transferencia,Streaming,Cuyo,Hogar,52.74,0.0439,1,1,No,3
C01884,2023-03-21,2024-12-21,Mes a mes,Cheque electrónico,Internet fibra,Litoral,Profesional,91.16,0.0296,0,3,No,3
C01885,2023-03-22,,Dos años,Cheque electrónico,Internet estándar,Litoral,Profesional,52.53,0.0594,1,3,No,3
C01886,2023-03-22,,Dos años,Tarjeta automática,Internet fibra,Cuyo,Hogar,102.64,0.0385,1,2,Sí,5
C01887,2023-03-23,,Mes a mes,Débito automático,Streaming,Patagonia,Hogar,21.01,0.0209,1,1,Sí,3
C01888,2023-03-23,2023-06-24,Anual,Cheque electrónico,Telefonía móvil,Litoral,Hogar,24.16,0.0291,2,4,No,2
C01889,2023-03-23,,Mes a mes,Débito automático,Internet fibra,NOA,Hogar,65.26,0.0466,1,0,Sí,4
C01890,2023-03-23,,Dos años,Tarjeta automática,Telefonía móvil,Centro,Profesional,61.58,0.0313,0,0,Sí,5
C01891,2023-03-24,2023-06-12,Mes a mes,Tarjeta automática,Internet fibra,Patagonia,PyME,133.5,0.1014,1,1,Sí,4
C01892,2023-03-24,,Mes a mes,Tarjeta automática,Internet estándar,Patagonia,Hogar,39.8,0.1065,0,0,Sí,4
C01893,2023-03-24,2023-08-13,Mes a mes,Cheque electrónico,Internet estándar,Patagonia,PyME,98.66,0.0476,2,2,No,2
C01894,2023-03-25,,Mes a mes,Débito automático,Internet fibra,NOA,Profesional,96.58,0.0478,1,1,Sí,3
C01895,2023-03-25,,Anual,Transferencia,Internet fibra,Cuyo,Profesional,110.56,0.0747,0,0,No,4
C01896,2023-03-25,,Mes a mes,Cheque electrónico,Telefonía móvil,Litoral,PyME,100.67,0.1228,0,2,No,4
C01897,2023-03-26,2025-08-24,Mes a mes,Tarjeta automática,Telefonía móvil,AMBA,Hogar,35.81,0.0669,1,0,Sí,4
C01898,2023-03-26,,Mes a mes,Transferencia,Telefonía móvil,Cuyo,PyME,94.49,0.0349,2,0,No,4
C01899,2023-03-26,2024-11-14,Dos años,Tarjeta automática,Telefonía móvil,AMBA,Hogar,50.47,0.0344,3,0,Sí,2
C01900,2023-03-26,,Anual,Tarjeta automática,Internet estándar,Patagonia,Hogar,67.48,0.1502,0,0,Sí,5
C01901,2023-03-26,,Mes a mes,Tarjeta automática,Internet fibra,Patagonia,Hogar,65.85,0.0324,1,0,Sí,5
C01902,2023-03-26,2024-01-24,Mes a mes,Débito automático,Internet fibra,Centro,Hogar,90.26,0.027,2,1,Sí,1
C01903,2023-03-26,2023-09-02,Mes a mes,Débito automático,Internet estándar,Patagonia,Profesional,63.56,0.118,1,0,Sí,4
C01904,2023-03-27,,Dos años,Débito automático,Telefonía móvil,Centro,Hogar,24.13,0.0399,1,0,Sí,5
C01905,2023-03-27,,Anual,Tarjeta automática,Internet fibra,Patagonia,Hogar,57.96,0.0683,4,0,Sí,3
C01906,2023-03-27,,Anual,Tarjeta automática,Internet fibra,NOA,Hogar,92.68,0.0814,0,0,Sí,4
C01907,2023-03-27,2023-10-07,Dos años,Transferencia,Internet estándar,Patagonia,Hogar,64.99,0.0208,6,0,No,2
C01908,2023-03-28,2025-05-05,Mes a mes,Tarjeta automática,Telefonía móvil,Centro,Hogar,35.74,0.0399,0,1,Sí,4
C01909,2023-03-28,2024-12-24,Anual,Cheque electrónico,Internet estándar,Centro,Hogar,46.67,0.0243,2,0,No,4
C01910,2023-03-28,2024-07-17,Mes a mes,Cheque electrónico,Streaming,AMBA,PyME,64.39,0.0249,1,0,No,4
C01911,2023-03-28,2024-01-05,Mes a mes,Transferencia,Internet estándar,NOA,Profesional,75.38,0.0295,0,0,No,5
C01912,2023-03-28,,Mes a mes,Transferencia,Internet estándar,Litoral,Hogar,48.69,0.0172,0,0,No,4
C01913,2023-03-29,,Mes a mes,Transferencia,Internet estándar,AMBA,Hogar,31.92,0.1257,0,0,No,5
C01914,2023-03-29,2024-01-01,Dos años,Transferencia,Telefonía móvil,Litoral,Hogar,44.25,0.0605,0,0,No,4
C01915,2023-03-29,2023-07-07,Mes a mes,Cheque electrónico,Streaming,Litoral,Hogar,18.0,0.0806,0,0,No,4
C01916,2023-03-29,2023-08-02,Anual,Cheque electrónico,Internet estándar,Litoral,Hogar,55.13,0.0555,3,1,No,2
C01917,2023-03-29,,Anual,Débito automático,Internet fibra,Litoral,Hogar,66.09,0.1173,0,1,Sí,5
C01918,2023-03-30,,Anual,Transferencia,Internet fibra,AMBA,Hogar,81.71,0.0091,0,0,No,5
C01919,2023-03-30,2024-05-06,Dos años,Cheque electrónico,Internet fibra,Cuyo,PyME,125.82,0.0112,1,0,No,4
C01920,2023-03-30,2023-03-09,Mes a mes,Tarjeta automática,Internet fibra,Patagonia,Hogar,51.98,0.0596,1,0,Sí,5
C01921,2023-03-30,,Mes a mes,Débito automático,Internet fibra,NOA,Hogar,88.96,0.0475,0,0,Sí,5
C01922,2023-03-31,,Mes a mes,Transferencia,Streaming,Centro,Hogar,40.56,0.0771,1,0,No,5
C01923,2023-03-31,,Mes a mes,Transferencia,Telefonía móvil,Litoral,Profesional,54.26,0.047,0,1,No,3
C01924,2023-03-31,,Dos años,Débito automático,Streaming,NOA,PyME,87.02,0.0623,1,0,Sí,4
C01925,2023-03-31,2025-02-09,Mes a mes,Tarjeta automática,Streaming,Litoral,Hogar,33.82,0.0565,0,0,Sí,5
C01926,2023-04-01,2024-10-24,Mes a mes,Tarjeta automática,Telefonía móvil,Centro,Hogar,47.18,0.0536,3,1,Sí,2
C01927,2023-04-01,,Mes a mes,Débito automático,Telefonía móvil,Litoral,Profesional,78.98,0.012,0,0,Sí,4
C01928,2023-04-01,2023-06-18,Mes a mes,Cheque electrónico,Internet fibra,AMBA,Hogar,82.58,0.0846,5,4,No,2
C01929,2023-04-02,,Anual,Cheque electrónico,Internet fibra,Cuyo,Hogar,74.07,0.0774,4,1,No,1
C01930,2023-04-02,2024-10-13,Mes a mes,Débito automático,Internet fibra,Litoral,Profesional,100.71,0.0338,2,1,Sí,3
C01931,2023-04-02,,Anual,Tarjeta automática,Telefonía móvil,AMBA,Hogar,37.27,0.0622,0,0,Sí,4
C01932,2023-04-02,,Anual,Cheque electrónico,Internet fibra,Centro,Hogar,66.28,0.0239,0,1,No,4
C01933,2023-04-02,,Anual,Transferencia,Internet estándar,NOA,Hogar,62.42,0.0411,0,1,No,3
C01934,2023-04-03,2024-07-01,Mes a mes,Débito automático,Internet estándar,Litoral,Hogar,54.88,0.0686,2,0,Sí,2
C01935,2023-04-03,,Anual,Débito automático,Streaming,Cuyo,PyME,63.52,0.0854,1,0,Sí,2
C01936,2023-04-03,,Mes a mes,Tarjeta automática,Streaming,Centro,Hogar,21.48,0.1384,0,0,Sí,5
C01937,2023-04-04,,Mes a mes,Cheque electrónico,Telefonía móvil,AMBA,Hogar,50.33,0.0689,0,0,No,3
C01938,2023-04-04,,Anual,Transferencia,Internet estándar,Cuyo,Profesional,49.8,0.035,2,1,No,4
C01939,2023-04-04,,Anual,Débito automático,Telefonía móvil,Litoral,Profesional,51.72,0.0458,0,0,Sí,4
C01940,2023-04-04,2023-11-07,Mes a mes,Cheque electrónico,Internet fibra,Centro,Hogar,107.28,0.0602,0,1,No,2
C01941,2023-04-04,,Dos años,Transferencia,Telefonía móvil,Patagonia,Hogar,38.36,0.0371,1,0,No,4
C01942,2023-04-04,2024-05-20,Mes a mes,Cheque electrónico,Streaming,Cuyo,Hogar,40.91,0.0501,4,1,No,4
C01943,2023-04-04,,Anual,Débito automático,Internet fibra,AMBA,Hogar,94.51,0.011,2,1,Sí,2
C01944,2023-04-04,,Dos años,Débito automático,Telefonía móvil,AMBA,Hogar,32.01,0.0147,2,0,Sí,5
C01945,2023-04-04,2023-11-15,Mes a mes,Cheque electrónico,Telefonía móvil,NOA,Profesional,62.93,0.047,0,2,No,5
C01946,2023-04-04,,Anual,Cheque electrónico,Telefonía móvil,Cuyo,Hogar,64.65,0.0275,0,1,No,3
C01947,2023-04-04,,Anual,Cheque electrónico,Telefonía móvil,Cuyo,Hogar,47.05,0.0786,0,0,No,3
C01948,2023-04-05,,Anual,Cheque electrónico,Internet estándar,Centro,Hogar,75.02,0.0509,0,0,No,4
C01949,2023-04-05,,Anual,Débito automático,Internet fibra,Patagonia,Hogar,70.99,0.0674,1,0,Sí,5
C01950,2023-04-05,2024-12-22,Anual,Tarjeta automática,Internet fibra,Patagonia,Hogar,97.77,0.0375,3,0,Sí,1
C01951,2023-04-05,,Mes a mes,Débito automático,Telefonía móvil,Centro,Hogar,42.18,0.0551,0,0,Sí,5
C01952,2023-04-05,2024-11-16,Anual,Cheque electrónico,Telefonía móvil,Patagonia,PyME,93.4,0.0886,2,1,No,3
C01953,2023-04-06,2025-06-24,Mes a mes,Débito automático,Telefonía móvil,Cuyo,Profesional,67.04,0.0719,1,2,Sí,3
C01954,2023-04-07,,Dos años,Transferencia,Telefonía móvil,Centro,Hogar,40.77,0.0009,2,0,No,3
C01955,2023-04-07,2024-03-16,Mes a mes,Cheque electrónico,Streaming,Patagonia,Hogar,28.07,0.0167,0,1,No,4
C01956,2023-04-07,2023-05-23,Mes a mes,Cheque electrónico,Internet fibra,AMBA,PyME,138.34,0.0991,0,1,No,4
C01957,2023-04-07,2023-08-15,Dos años,Cheque electrónico,Internet fibra,NOA,Hogar,58.11,0.1026,1,1,No,5
C01958,2023-04-08,,Mes a mes,Débito automático,Internet estándar,AMBA,Profesional,58.21,0.0379,1,0,Sí,3
C01959,2023-04-08,2025-11-13,Mes a mes,Débito automático,Telefonía móvil,Centro,Hogar,49.95,0.0959,0,0,Sí,4
C01960,2023-04-08,,Anual,Cheque electrónico,Internet fibra,Centro,Hogar,88.91,0.0353,1,5,No,3
C01961,2023-04-08,,Mes a mes,Tarjeta automática,Telefonía móvil,Centro,Hogar,45.93,0.0316,1,0,Sí,3
C01962,2023-04-08,,Mes a mes,Tarjeta automática,Streaming,Cuyo,Profesional,50.03,0.0065,0,1,Sí,5
C01963,2023-04-09,2023-06-05,Mes a mes,Cheque electrónico,Internet estándar,Patagonia,PyME,108.43,0.118,1,2,No,3
C01964,2023-04-09,,Mes a mes,Transferencia,Telefonía móvil,Cuyo,Hogar,52.54,0.033,0,0,No,5
C01965,2023-04-09,,Mes a mes,Débito automático,Streaming,Litoral,Profesional,31.31,0.0187,0,1,Sí,4
C01966,2023-04-10,,Mes a mes,Tarjeta automática,Streaming,NOA,PyME,78.4,0.0272,1,0,Sí,4
C01967,2023-04-10,,Mes a mes,Débito automático,Internet estándar,Cuyo,PyME,103.18,0.0143,2,0,Sí,5
C01968,2023-04-10,2024-02-22,Mes a mes,Cheque electrónico,Internet estándar,Patagonia,Hogar,51.15,0.0294,0,0,No,5
C01969,2023-04-10,,Mes a mes,Transferencia,Internet fibra,Cuyo,Hogar,54.79,0.0809,0,0,No,4
C01970,2023-04-10,,Anual,Débito automático,Internet estándar,AMBA,PyME,90.17,0.055,0,0,Sí,4
C01971,2023-04-11,,Anual,Débito automático,Telefonía móvil,Centro,Hogar,41.82,0.0386,0,0,Sí,5
C01972,2023-04-11,2023-10-25,Mes a mes,Cheque electrónico,Telefonía móvil,AMBA,Hogar,53.14,0.0759,1,2,No,4
C01973,2023-04-11,2024-03-24,Mes a mes,Cheque electrónico,Telefonía móvil,NOA,Hogar,37.39,0.0729,1,0,No,3
C01974,2023-04-11,,Dos años,Débito automático,Internet fibra,AMBA,Hogar,70.66,0.0767,0,0,Sí,5
C01975,2023-04-11,,Anual,Transferencia,Telefonía móvil,Patagonia,Hogar,47.82,0.1195,3,0,No,2
C01976,2023-04-11,,Mes a mes,Tarjeta automática,Internet fibra,AMBA,Hogar,74.39,0.0206,0,0,Sí,4
C01977,2023-04-12,2025-11-12,Mes a mes,Débito automático,Internet fibra,AMBA,PyME,142.69,0.0164,1,0,Sí,4
C01978,2023-04-12,2025-06-10,Mes a mes,Tarjeta automática,Streaming,Litoral,Hogar,26.57,0.0271,1,0,Sí,4
C01979,2023-04-12,,Anual,Débito automático,Telefonía móvil,AMBA,PyME,84.73,0.0316,0,0,Sí,3
C01980,2023-04-12,,Dos años,Débito automático,Telefonía móvil,AMBA,PyME,112.63,0.0795,2,0,Sí,3
C01981,2023-04-12,,Dos años,Débito automático,Telefonía móvil,Patagonia,Profesional,73.61,0.0638,3,1,Sí,3
C01982,2023-04-13,,Mes a mes,Tarjeta automática,Internet fibra,AMBA,Hogar,67.49,0.0656,1,1,Sí,3
C01983,2023-04-13,2024-04-17,Mes a mes,Tarjeta automática,Internet fibra,Litoral,PyME,137.35,0.0169,2,0,Sí,3
C01984,2023-04-14,2024-05-09,Mes a mes,Tarjeta automática,Internet fibra,AMBA,Hogar,74.41,0.0105,2,2,Sí,2
C01985,2023-04-14,,Mes a mes,Transferencia,Streaming,AMBA,Hogar,35.81,0.0678,0,0,No,5
C01986,2023-04-14,2023-08-07,Mes a mes,Tarjeta automática,Internet estándar,Patagonia,PyME,94.37,0.0489,0,0,Sí,5
C01987,2023-04-14,,Anual,Tarjeta automática,Internet fibra,Cuyo,Hogar,87.59,0.0261,0,0,Sí,5
C01988,2023-04-14,,Mes a mes,Cheque electrónico,Internet estándar,AMBA,PyME,117.14,0.047,0,1,No,4
C01989,2023-04-15,,Dos años,Tarjeta automática,Internet estándar,Patagonia,Hogar,38.58,0.0246,1,1,Sí,3
C01990,2023-04-15,,Mes a mes,Cheque electrónico,Streaming,NOA,Hogar,29.74,0.0096,0,2,No,4
C01991,2023-04-15,2025-05-23,Mes a mes,Transferencia,Internet estándar,Litoral,Profesional,80.38,0.0258,0,0,No,4
C01992,2023-04-15,,Dos años,Transferencia,Internet estándar,Cuyo,Hogar,37.99,0.0488,1,0,No,4
C01993,2023-04-15,2024-11-15,Anual,Débito automático,Streaming,NOA,Hogar,21.64,0.0451,2,0,Sí,4
C01994,2023-04-16,,Mes a mes,Tarjeta automática,Streaming,Cuyo,PyME,91.28,0.0638,0,0,Sí,3
C01995,2023-04-16,2024-01-26,Anual,Cheque electrónico,Internet fibra,Litoral,Hogar,76.23,0.0285,1,1,No,3
C01996,2023-04-16,,Mes a mes,Cheque electrónico,Internet fibra,Cuyo,Hogar,60.67,0.0473,0,0,No,4
C01997,2023-04-16,,Mes a mes,Débito automático,Telefonía móvil,Patagonia,Profesional,56.48,0.042,0,0,Sí,3
C01998,2023-04-16,2025-09-04,Mes a mes,Transferencia,Streaming,Litoral,Hogar,48.21,0.0793,1,0,No,5
C01999,2023-04-17,2024-12-14,Mes a mes,Débito automático,Internet fibra,Cuyo,Hogar,100.69,0.0953,3,1,Sí,1
C02000,2023-04-17,,Anual,Cheque electrónico,Internet estándar,Cuyo,Hogar,41.99,0.0122,1,0,No,5
C02001,2023-04-17,2024-02-24,Mes a mes,Cheque electrónico,Streaming,Centro,Hogar,18.95,0.0492,0,0,No,3
C02002,2023-04-17,,Anual,Tarjeta automática,Internet fibra,Cuyo,PyME,127.96,0.0732,0,1,Sí,5
C02003,2023-04-18,,Anual,Cheque electrónico,Internet fibra,AMBA,Hogar,97.82,0.0522,4,1,No,3
C02004,2023-04-18,2024-03-22,Mes a mes,Cheque electrónico,Telefonía móvil,Cuyo,Profesional,69.26,0.0674,1,0,No,2
C02005,2023-04-18,,Mes a mes,Transferencia,Internet estándar,AMBA,Hogar,65.1,0.1071,1,0,No,4
C02006,2023-04-18,2025-08-27,Mes a mes,Tarjeta automática,Internet fibra,Centro,Hogar,88.99,0.0545,3,1,Sí,4
C02007,2023-04-18,,Anual,Cheque electrónico,Telefonía móvil,Cuyo,PyME,82.49,0.0409,0,1,No,4
C02008,2023-04-18,,Anual,Transferencia,Internet estándar,AMBA,Hogar,38.56,0.0517,1,0,No,5
C02009,2023-04-18,2023-06-03,Anual,Débito automático,Streaming,Centro,Hogar,21.34,0.0736,1,0,Sí,4
C02010,2023-04-18,2024-11-21,Mes a mes,Cheque electrónico,Internet fibra,Patagonia,Profesional,90.26,0.0601,0,0,No,5
C02011,2023-04-18,2025-03-17,Mes a mes,Débito automático,Internet fibra,NOA,Profesional,88.54,0.0533,1,0,Sí,5
C02012,2023-04-18,2023-10-26,Mes a mes,Cheque electrónico,Internet fibra,Litoral,Hogar,71.82,0.0357,1,1,No,3
C02013,2023-04-19,2023-05-15,Mes a mes,Transferencia,Telefonía móvil,Patagonia,Profesional,67.05,0.0498,0,1,No,4
C02014,2023-04-19,,Anual,Tarjeta automática,Streaming,Patagonia,PyME,85.49,0.0139,0,1,Sí,4
C02015,2023-04-19,2023-10-04,Mes a mes,Cheque electrónico,Telefonía móvil,NOA,Hogar,55.42,0.0455,7,3,No,1
C02016,2023-04-19,2024-10-12,Mes a mes,Débito automático,Internet fibra,NOA,Hogar,80.77,0.0605,0,0,Sí,5
C02017,2023-04-20,2023-10-05,Mes a mes,Débito automático,Telefonía móvil,AMBA,Hogar,34.56,0.0747,1,0,Sí,4
C02018,2023-04-20,,Mes a mes,Débito automático,Internet estándar,Cuyo,Hogar,51.07,0.0911,3,0,Sí,4
C02019,2023-04-21,2025-05-21,Anual,Tarjeta automática,Streaming,NOA,Hogar,18.0,0.048,0,0,Sí,5
C02020,2023-04-21,,Mes a mes,Transferencia,Internet estándar,NOA,Hogar,23.57,0.0022,0,0,No,4
C02021,2023-04-22,,Dos años,Débito automático,Streaming,Litoral,Profesional,54.08,0.0294,0,0,Sí,4
C02022,2023-04-22,2025-07-08,Anual,Cheque electrónico,Internet fibra,Cuyo,Hogar,89.2,0.1021,2,2,No,2
C02023,2023-04-22,,Dos años,Cheque electrónico,Internet fibra,AMBA,Hogar,78.79,0.0179,3,2,No,3
C02024,2023-04-22,,Anual,Transferencia,Telefonía móvil,Cuyo,Hogar,37.7,0.0754,0,0,No,3
C02025,2023-04-22,,Anual,Tarjeta automática,Internet fibra,Litoral,Hogar,63.24,0.0692,0,0,Sí,5
C02026,2023-04-23,,Anual,Transferencia,Internet fibra,Litoral,Hogar,90.84,0.0087,1,0,No,3
C02027,2023-04-23,2024-05-18,Mes a mes,Tarjeta automática,Telefonía móvil,Litoral,Hogar,47.42,0.0055,0,0,Sí,5
C02028,2023-04-23,2023-08-16,Mes a mes,Cheque electrónico,Internet fibra,Centro,Hogar,81.2,0.1228,1,1,No,4
C02029,2023-04-23,,Anual,Débito automático,Streaming,NOA,Hogar,28.95,0.0258,0,1,Sí,4
C02030,2023-04-23,,Mes a mes,Cheque electrónico,Telefonía móvil,Centro,Hogar,36.83,0.0268,0,0,No,5
C02031,2023-04-23,2023-09-17,Mes a mes,Débito automático,Streaming,Cuyo,Hogar,18.0,0.0277,2,2,Sí,2
C02032,2023-04-24,,Dos años,Tarjeta automática,Internet fibra,Litoral,Hogar,80.78,0.0617,2,0,Sí,3
C02033,2023-04-24,2025-05-14,Mes a mes,Cheque electrónico,Internet estándar,Centro,Profesional,61.08,0.0486,1,2,No,1
C02034,2023-04-24,,Mes a mes,Débito automático,Internet estándar,AMBA,Hogar,44.34,0.0459,1,0,Sí,4
C02035,2023-04-25,2024-09-18,Anual,Cheque electrónico,Internet estándar,Litoral,Hogar,67.9,0.0539,0,2,No,4
C02036,2023-04-25,2024-09-10,Mes a mes,Cheque electrónico,Streaming,Centro,Hogar,28.47,0.1439,0,3,No,3
C02037,2023-04-25,,Dos años,Débito automático,Telefonía móvil,NOA,Hogar,18.0,0.0371,1,1,Sí,3
C02038,2023-04-25,2025-09-05,Mes a mes,Débito automático,Internet fibra,Patagonia,Hogar,72.11,0.0418,1,0,Sí,3
C02039,2023-04-25,,Dos años,Débito automático,Internet fibra,Cuyo,Hogar,66.98,0.0923,0,0,Sí,4
C02040,2023-04-26,2023-08-26,Anual,Cheque electrónico,Streaming,Cuyo,PyME,82.47,0.0747,1,1,No,5
C02041,2023-04-26,2025-10-13,Mes a mes,Cheque electrónico,Internet estándar,NOA,Hogar,33.33,0.0552,1,1,No,4
C02042,2023-04-26,2024-07-01,Mes a mes,Débito automático,Telefonía móvil,AMBA,Hogar,46.77,0.0296,1,1,Sí,3
C02043,2023-04-27,2025-09-09,Mes a mes,Transferencia,Internet fibra,Cuyo,Profesional,92.74,0.0814,0,0,No,2
C02044,2023-04-27,2023-05-25,Mes a mes,Tarjeta automática,Internet fibra,AMBA,PyME,127.77,0.1066,2,0,Sí,5
C02045,2023-04-27,2023-06-22,Mes a mes,Transferencia,Streaming,AMBA,Hogar,30.65,0.126,0,0,No,2
C02046,2023-04-27,,Dos años,Cheque electrónico,Telefonía móvil,NOA,Hogar,41.16,0.0178,0,0,No,5
C02047,2023-04-27,2023-07-18,Mes a mes,Cheque electrónico,Internet fibra,AMBA,Hogar,76.52,0.0174,3,1,No,3
C02048,2023-04-28,,Anual,Débito automático,Telefonía móvil,NOA,Profesional,57.53,0.0448,0,1,Sí,4
C02049,2023-04-28,2024-03-22,Mes a mes,Débito automático,Internet estándar,Patagonia,Hogar,48.78,0.0612,3,0,Sí,2
C02050,2023-04-29,,Dos años,Tarjeta automática,Internet fibra,Litoral,Hogar,81.77,0.1249,1,0,Sí,4
C02051,2023-04-29,2024-08-22,Mes a mes,Tarjeta automática,Internet estándar,Patagonia,Hogar,51.4,0.1232,1,1,Sí,4
C02052,2023-04-29,,Mes a mes,Débito automático,Internet fibra,Centro,Hogar,90.4,0.0608,1,1,Sí,4
C02053,2023-04-29,,Mes a mes,Cheque electrónico,Streaming,AMBA,Profesional,40.99,0.0504,1,0,No,5
C02054,2023-04-29,,Mes a mes,Débito automático,Internet fibra,Cuyo,Hogar,80.62,0.032,0,0,Sí,3
C02055,2023-04-29,,Anual,Débito automático,Internet estándar,Patagonia,Hogar,75.91,0.1249,0,0,Sí,4
C02056,2023-04-29,2023-10-17,Mes a mes,Transferencia,Internet fibra,Centro,Hogar,77.55,0.0647,3,1,No,2
C02057,2023-04-30,,Mes a mes,Tarjeta automática,Telefonía móvil,Centro,Profesional,59.98,0.0373,1,0,Sí,4
C02058,2023-04-30,,Mes a mes,Tarjeta automática,Telefonía móvil,Patagonia,Hogar,28.1,0.0504,0,1,Sí,4
C02059,2023-04-30,,Anual,Cheque electrónico,Internet estándar,Litoral,PyME,96.15,0.0301,0,2,No,5
C02060,2023-04-30,2023-11-04,Mes a mes,Tarjeta automática,Internet estándar,Litoral,Hogar,47.83,0.0302,3,0,Sí,3
C02061,2023-04-30,,Mes a mes,Débito automático,Telefonía móvil,Cuyo,Hogar,47.87,0.0695,1,0,Sí,4
C02062,2023-04-30,,Mes a mes,Débito automático,Internet fibra,Patagonia,Hogar,85.14,0.08,0,1,Sí,4
C02063,2023-04-30,,Mes a mes,Tarjeta automática,Telefonía móvil,Patagonia,Hogar,45.59,0.0415,1,0,Sí,5
C02064,2023-05-01,2024-06-07,Mes a mes,Tarjeta automática,Internet estándar,Cuyo,Hogar,57.85,0.0832,1,0,Sí,3
C02065,2023-05-01,,Dos años,Tarjeta automática,Telefonía móvil,AMBA,Hogar,31.01,0.017,0,0,Sí,4
C02066,2023-05-01,,Mes a mes,Débito automático,Internet fibra,NOA,Hogar,83.38,0.0392,1,0,Sí,4
C02067,2023-05-01,,Anual,Cheque electrónico,Internet fibra,AMBA,Hogar,78.15,0.0436,0,0,No,5
C02068,2023-05-01,2023-05-04,Mes a mes,Débito automático,Internet estándar,Cuyo,Profesional,68.37,0.0362,3,0,Sí,2
C02069,2023-05-01,2025-11-24,Mes a mes,Débito automático,Internet fibra,NOA,Hogar,74.01,0.0284,3,1,Sí,2
C02070,2023-05-01,2025-01-22,Mes a mes,Débito automático,Internet fibra,Cuyo,Profesional,85.52,0.0564,5,0,Sí,1
C02071,2023-05-02,2025-11-18,Mes a mes,Cheque electrónico,Telefonía móvil,Patagonia,Profesional,46.63,0.0673,0,2,No,3
C02072,2023-05-02,,Mes a mes,Tarjeta automática,Internet fibra,Cuyo,Profesional,99.53,0.0588,1,0,Sí,3
C02073,2023-05-03,2024-04-08,Mes a mes,Cheque electrónico,Internet fibra,Patagonia,Hogar,83.48,0.0983,4,1,No,1
C02074,2023-05-03,,Mes a mes,Débito automático,Internet fibra,Litoral,Hogar,76.57,0.03,0,0,Sí,5
C02075,2023-05-04,,Dos años,Cheque electrónico,Internet estándar,Centro,Profesional,66.84,0.0958,0,2,No,4
C02076,2023-05-04,,Mes a mes,Débito automático,Internet estándar,NOA,Hogar,41.08,0.065,1,0,Sí,3
C02077,2023-05-04,,Mes a mes,Tarjeta automática,Internet fibra,Cuyo,Hogar,83.53,0.0213,0,1,Sí,5
C02078,2023-05-04,,Mes a mes,Débito automático,Telefonía móvil,Cuyo,Hogar,42.67,0.0826,1,0,Sí,5
C02079,2023-05-04,,Mes a mes,Tarjeta automática,Telefonía móvil,Litoral,Hogar,37.98,0.1036,1,1,Sí,5
C02080,2023-05-05,,Anual,Transferencia,Internet fibra,NOA,Hogar,87.53,0.0376,0,0,No,4
C02081,2023-05-05,2025-11-09,Mes a mes,Transferencia,Telefonía móvil,NOA,Hogar,49.1,0.0953,0,0,No,5
C02082,2023-05-05,,Anual,Transferencia,Internet estándar,Cuyo,Hogar,32.11,0.0931,1,0,No,5
C02083,2023-05-05,2024-07-09,Mes a mes,Tarjeta automática,Internet estándar,Centro,Hogar,49.54,0.0889,4,0,Sí,2
C02084,2023-05-05,2025-06-26,Mes a mes,Transferencia,Telefonía móvil,Centro,Hogar,31.46,0.1019,0,0,No,4
C02085,2023-05-05,2023-05-13,Dos años,Débito automático,Telefonía móvil,Centro,PyME,98.53,0.0882,0,0,Sí,4
C02086,2023-05-05,2024-12-12,Mes a mes,Cheque electrónico,Internet estándar,Centro,Hogar,18.0,0.0769,1,1,No,4
C02087,2023-05-05,,Anual,Transferencia,Internet estándar,Cuyo,Hogar,51.17,0.1418,0,0,No,5
C02088,2023-05-05,2023-08-14,Mes a mes,Transferencia,Internet fibra,AMBA,Hogar,85.83,0.146,0,0,No,4
C02089,2023-05-05,,Dos años,Cheque electrónico,Internet estándar,Litoral,Hogar,47.78,0.1132,1,3,No,3
C02090,2023-05-06,2023-09-05,Mes a mes,Débito automático,Streaming,NOA,Hogar,18.0,0.0685,5,0,Sí,2
C02091,2023-05-06,2025-06-15,Mes a mes,Débito automático,Internet fibra,Cuyo,Hogar,99.52,0.1245,5,0,Sí,3
C02092,2023-05-06,,Anual,Tarjeta automática,Telefonía móvil,AMBA,Profesional,72.72,0.0173,2,1,Sí,1
C02093,2023-05-06,2023-05-10,Mes a mes,Transferencia,Streaming,Cuyo,PyME,78.16,0.0245,2,2,No,3
C02094,2023-05-06,,Mes a mes,Débito automático,Internet fibra,Cuyo,Hogar,75.13,0.04,2,0,Sí,3
C02095,2023-05-07,,Dos años,Tarjeta automática,Telefonía móvil,Litoral,Profesional,38.21,0.0197,3,1,Sí,2
C02096,2023-05-07,2023-10-06,Mes a mes,Cheque electrónico,Streaming,Centro,Hogar,34.21,0.0441,2,1,No,2
C02097,2023-05-07,,Anual,Tarjeta automática,Internet estándar,Centro,Profesional,51.94,0.0757,2,1,Sí,4
C02098,2023-05-07,,Anual,Transferencia,Internet estándar,Patagonia,Hogar,56.33,0.0029,0,1,No,4
C02099,2023-05-08,,Anual,Tarjeta automática,Telefonía móvil,Centro,Hogar,53.29,0.0523,1,0,Sí,4
C02100,2023-05-08,2025-08-07,Dos años,Débito automático,Telefonía móvil,NOA,Hogar,41.23,0.1281,0,0,Sí,3
C02101,2023-05-08,2025-01-16,Mes a mes,Cheque electrónico,Internet fibra,Centro,Hogar,66.29,0.0455,1,0,No,2
C02102,2023-05-08,2023-07-03,Mes a mes,Tarjeta automática,Streaming,Patagonia,PyME,97.74,0.0607,7,2,Sí,1
C02103,2023-05-09,2024-09-06,Mes a mes,Transferencia,Telefonía móvil,AMBA,Hogar,42.02,0.1328,0,1,No,4
C02104,2023-05-09,,Anual,Transferencia,Telefonía móvil,Centro,Hogar,43.03,0.059,4,0,No,1
C02105,2023-05-09,2024-07-08,Anual,Cheque electrónico,Internet fibra,Cuyo,Hogar,67.75,0.0216,5,2,No,1
C02106,2023-05-10,2024-03-24,Mes a mes,Tarjeta automática,Internet estándar,Cuyo,PyME,106.12,0.1338,0,2,Sí,5
C02107,2023-05-10,2024-03-06,Mes a mes,Cheque electrónico,Telefonía móvil,AMBA,Hogar,39.77,0.066,0,2,No,2
C02108,2023-05-10,2025-03-08,Mes a mes,Débito automático,Internet fibra,Centro,Hogar,63.39,0.0178,1,1,Sí,3
C02109,2023-05-11,,Mes a mes,Débito automático,Internet estándar,NOA,Hogar,63.74,0.0499,0,0,Sí,4
C02110,2023-05-11,,Anual,Débito automático,Streaming,NOA,Hogar,48.35,0.0168,1,0,Sí,4
C02111,2023-05-11,2023-11-13,Mes a mes,Débito automático,Internet estándar,Cuyo,Hogar,60.2,0.0088,6,0,Sí,2
C02112,2023-05-12,,Anual,Débito automático,Streaming,AMBA,Profesional,56.56,0.059,0,1,Sí,4
C02113,2023-05-12,,Anual,Tarjeta automática,Internet fibra,Centro,PyME,152.42,0.0285,2,0,Sí,3
C02114,2023-05-12,,Dos años,Débito automático,Telefonía móvil,NOA,Profesional,48.48,0.1243,5,1,Sí,1
C02115,2023-05-13,,Mes a mes,Transferencia,Internet fibra,NOA,Hogar,66.35,0.0607,0,0,No,5
C02116,2023-05-13,,Dos años,Débito automático,Telefonía móvil,Patagonia,Hogar,37.44,0.0384,0,1,Sí,5
C02117,2023-05-13,,Anual,Tarjeta automática,Internet estándar,NOA,Profesional,70.28,0.1018,1,0,Sí,4
C02118,2023-05-13,,Anual,Débito automático,Internet fibra,Patagonia,Hogar,74.78,0.0163,0,1,Sí,5
C02119,2023-05-13,,Mes a mes,Débito automático,Telefonía móvil,Litoral,Profesional,48.78,0.0412,1,0,Sí,4
C02120,2023-05-13,2024-05-10,Mes a mes,Transferencia,Telefonía móvil,Patagonia,Hogar,42.06,0.0854,3,1,No,1
C02121,2023-05-14,,Anual,Cheque electrónico,Internet estándar,Litoral,PyME,102.96,0.0646,0,1,No,5
C02122,2023-05-14,2025-07-18,Mes a mes,Débito automático,Internet fibra,Cuyo,Hogar,87.25,0.1201,1,1,Sí,4
C02123,2023-05-14,2024-09-26,Mes a mes,Transferencia,Streaming,Litoral,PyME,84.49,0.1128,0,1,No,5
C02124,2023-05-14,2024-04-18,Mes a mes,Tarjeta automática,Telefonía móvil,Centro,Hogar,21.05,0.0213,0,0,Sí,5
C02125,2023-05-15,2025-08-03,Mes a mes,Cheque electrónico,Internet fibra,Litoral,Profesional,100.24,0.0303,0,1,No,5
C02126,2023-05-16,2024-03-06,Mes a mes,Débito automático,Telefonía móvil,Cuyo,Hogar,59.4,0.0418,1,2,Sí,3
C02127,2023-05-16,,Mes a mes,Débito automático,Internet estándar,Cuyo,Hogar,49.32,0.2299,0,0,Sí,4
C02128,2023-05-16,2025-04-01,Mes a mes,Tarjeta automática,Streaming,Centro,Hogar,39.86,0.032,3,0,Sí,3
C02129,2023-05-17,,Dos años,Tarjeta automática,Internet estándar,NOA,Hogar,43.44,0.0146,1,1,Sí,2
C02130,2023-05-17,,Dos años,Cheque electrónico,Internet fibra,Patagonia,Hogar,84.22,0.0928,4,1,No,1
C02131,2023-05-17,2024-07-02,Mes a mes,Tarjeta automática,Telefonía móvil,AMBA,Hogar,33.81,0.0751,1,1,Sí,3
C02132,2023-05-17,,Mes a mes,Tarjeta automática,Internet fibra,Cuyo,PyME,130.29,0.0278,0,0,Sí,3
C02133,2023-05-17,,Mes a mes,Tarjeta automática,Telefonía móvil,Cuyo,Profesional,57.38,0.0102,1,2,Sí,3
C02134,2023-05-18,,Mes a mes,Cheque electrónico,Internet fibra,NOA,Profesional,101.24,0.0339,0,1,No,4
C02135,2023-05-18,,Dos años,Cheque electrónico,Internet fibra,Patagonia,Hogar,68.93,0.0461,0,2,No,3
C02136,2023-05-18,2025-12-01,Mes a mes,Cheque electrónico,Telefonía móvil,NOA,Hogar,25.89,0.187,2,1,No,2
C02137,2023-05-18,2024-09-14,Mes a mes,Cheque electrónico,Streaming,Cuyo,Hogar,34.17,0.0319,0,1,No,3
C02138,2023-05-18,,Mes a mes,Cheque electrónico,Internet fibra,AMBA,Hogar,82.76,0.0261,1,3,No,3
C02139,2023-05-19,2024-07-03,Mes a mes,Débito automático,Streaming,Patagonia,Hogar,30.24,0.0527,1,0,Sí,4
C02140,2023-05-19,,Dos años,Tarjeta automática,Internet fibra,Centro,Profesional,106.26,0.0498,0,0,Sí,4
C02141,2023-05-19,,Anual,Débito automático,Telefonía móvil,Litoral,Hogar,39.77,0.0997,0,0,Sí,4
C02142,2023-05-19,2023-11-20,Mes a mes,Tarjeta automática,Internet fibra,Cuyo,Hogar,81.09,0.067,3,0,Sí,3
C02143,2023-05-19,2023-05-06,Mes a mes,Transferencia,Internet estándar,Cuyo,Hogar,45.15,0.0479,0,0,No,5
C02144,2023-05-19,,Dos años,Tarjeta automática,Internet fibra,AMBA,Hogar,75.16,0.0333,0,1,Sí,3
C02145,2023-05-20,2023-11-05,Mes a mes,Tarjeta automática,Streaming,Patagonia,Hogar,32.74,0.0776,3,1,Sí,2
C02146,2023-05-20,,Anual,Transferencia,Telefonía móvil,Patagonia,Hogar,66.93,0.0234,2,0,No,2
C02147,2023-05-21,,Dos años,Tarjeta automática,Telefonía móvil,Cuyo,Hogar,50.17,0.0143,2,0,Sí,4
C02148,2023-05-21,,Mes a mes,Tarjeta automática,Internet estándar,Patagonia,Hogar,55.03,0.0113,0,1,Sí,5
C02149,2023-05-21,,Dos años,Tarjeta automática,Internet fibra,NOA,Profesional,104.51,0.0764,1,0,Sí,5
C02150,2023-05-21,2024-12-15,Mes a mes,Transferencia,Internet fibra,Patagonia,PyME,107.17,0.0787,1,0,No,4
C02151,2023-05-22,,Anual,Tarjeta automática,Telefonía móvil,NOA,Hogar,45.51,0.0595,0,0,Sí,4
C02152,2023-05-23,,Mes a mes,Tarjeta automática,Internet fibra,Cuyo,Hogar,88.02,0.0677,0,0,Sí,5
C02153,2023-05-23,,Mes a mes,Tarjeta automática,Streaming,Cuyo,Hogar,29.93,0.0323,0,1,Sí,3
C02154,2023-05-23,,Mes a mes,Transferencia,Internet estándar,NOA,Profesional,66.53,0.0428,3,0,No,3
C02155,2023-05-23,,Mes a mes,Tarjeta automática,Telefonía móvil,Litoral,Hogar,31.66,0.013,0,2,Sí,4
C02156,2023-05-23,,Mes a mes,Tarjeta automática,Internet estándar,Litoral,Hogar,44.23,0.1569,0,0,Sí,4
C02157,2023-05-24,2024-04-14,Mes a mes,Cheque electrónico,Internet estándar,Litoral,Hogar,39.83,0.0436,0,0,No,4
C02158,2023-05-24,,Anual,Cheque electrónico,Telefonía móvil,NOA,PyME,107.99,0.1737,0,2,No,4
C02159,2023-05-24,2024-11-18,Mes a mes,Tarjeta automática,Telefonía móvil,Patagonia,Hogar,58.52,0.0564,2,0,Sí,2
C02160,2023-05-27,,Mes a mes,Tarjeta automática,Streaming,Patagonia,Hogar,50.29,0.044,1,0,Sí,3
C02161,2023-05-27,,Dos años,Tarjeta automática,Telefonía móvil,AMBA,Hogar,32.65,0.0305,0,0,Sí,5
C02162,2023-05-27,,Dos años,Transferencia,Streaming,Patagonia,Hogar,21.65,0.0112,6,0,No,1
C02163,2023-05-28,,Mes a mes,Tarjeta automática,Internet estándar,Centro,Hogar,40.75,0.0035,0,0,Sí,4
C02164,2023-05-28,2024-01-06,Mes a mes,Cheque electrónico,Internet fibra,AMBA,PyME,121.8,0.0439,1,0,No,5
C02165,2023-05-29,,Anual,Cheque electrónico,Streaming,Centro,Profesional,35.97,0.0593,1,0,No,4
C02166,2023-05-29,,Anual,Débito automático,Streaming,Patagonia,PyME,78.33,0.0669,3,0,Sí,3
C02167,2023-05-29,2025-12-05,Mes a mes,Tarjeta automática,Internet fibra,Patagonia,PyME,142.62,0.0627,1,0,Sí,4
C02168,2023-05-30,,Anual,Cheque electrónico,Internet fibra,Centro,Hogar,70.1,0.1103,1,1,No,5
C02169,2023-05-30,2024-05-08,Mes a mes,Transferencia,Streaming,Centro,Profesional,58.58,0.0427,3,0,No,2
C02170,2023-05-30,2023-10-24,Mes a mes,Cheque electrónico,Internet fibra,Cuyo,Profesional,111.04,0.0536,2,1,No,3
C02171,2023-05-30,,Anual,Tarjeta automática,Streaming,Centro,Hogar,32.14,0.0571,3,0,Sí,2
C02172,2023-05-30,,Anual,Transferencia,Streaming,Cuyo,Hogar,42.52,0.0856,3,0,No,2
C02173,2023-05-30,2023-10-20,Anual,Cheque electrónico,Internet estándar,Patagonia,PyME,89.03,0.1337,1,3,No,3
C02174,2023-05-30,2024-01-05,Mes a mes,Cheque electrónico,Internet fibra,Centro,Profesional,89.86,0.0109,0,1,No,5
C02175,2023-05-31,2023-07-21,Mes a mes,Débito automático,Internet estándar,Centro,Profesional,69.08,0.0209,5,0,Sí,1
C02176,2023-05-31,,Mes a mes,Débito automático,Internet estándar,AMBA,Hogar,51.46,0.015,0,1,Sí,5
C02177,2023-05-31,,Mes a mes,Débito automático,Streaming,Patagonia,Profesional,62.72,0.0703,0,0,Sí,4
C02178,2023-05-31,2024-12-17,Mes a mes,Transferencia,Streaming,Centro,Hogar,18.01,0.0312,2,0,No,3
C02179,2023-05-31,2024-08-22,Mes a mes,Cheque electrónico,Telefonía móvil,Centro,Hogar,36.09,0.0563,1,0,No,4
C02180,2023-05-31,,Mes a mes,Transferencia,Internet fibra,Patagonia,Profesional,95.07,0.0277,2,0,No,3
C02181,2023-06-01,,Anual,Tarjeta automática,Streaming,AMBA,Hogar,23.3,0.1313,0,0,Sí,4
C02182,2023-06-01,,Mes a mes,Tarjeta automática,Internet estándar,Litoral,Hogar,37.53,0.0987,0,0,Sí,3
C02183,2023-06-01,,Mes a mes,Transferencia,Telefonía móvil,AMBA,Profesional,54.76,0.0692,1,1,No,5
C02184,2023-06-01,,Anual,Cheque electrónico,Internet fibra,NOA,Hogar,75.3,0.0753,2,1,No,3
C02185,2023-06-02,2023-11-24,Mes a mes,Tarjeta automática,Internet estándar,Patagonia,Hogar,64.92,0.0408,1,1,Sí,5
C02186,2023-06-02,,Dos años,Débito automático,Internet estándar,Patagonia,Hogar,37.78,0.0939,4,0,Sí,2
C02187,2023-06-02,2023-09-04,Mes a mes,Cheque electrónico,Internet estándar,Litoral,Hogar,57.97,0.0802,1,2,No,4
C02188,2023-06-03,2024-02-14,Mes a mes,Débito automático,Telefonía móvil,Cuyo,Hogar,55.99,0.1127,4,0,Sí,1
C02189,2023-06-03,,Dos años,Tarjeta automática,Internet fibra,NOA,Hogar,72.36,0.0138,0,2,Sí,3
C02190,2023-06-03,,Anual,Débito automático,Internet fibra,Patagonia,PyME,135.86,0.0439,0,0,Sí,4
C02191,2023-06-03,,Anual,Débito automático,Streaming,AMBA,Hogar,35.34,0.0359,2,0,Sí,5
C02192,2023-06-04,,Anual,Tarjeta automática,Internet estándar,Litoral,PyME,108.52,0.0312,2,0,Sí,3
C02193,2023-06-05,,Mes a mes,Transferencia,Internet fibra,Litoral,Hogar,78.9,0.0076,1,0,No,5
C02194,2023-06-05,,Anual,Transferencia,Internet fibra,Centro,Hogar,70.53,0.0978,1,0,No,5
C02195,2023-06-05,2025-02-21,Dos años,Transferencia,Internet fibra,Cuyo,Profesional,103.29,0.0188,0,0,No,5
C02196,2023-06-06,,Dos años,Transferencia,Telefonía móvil,NOA,Hogar,37.88,0.0394,0,1,No,5
C02197,2023-06-06,2023-10-26,Mes a mes,Tarjeta automática,Internet estándar,AMBA,PyME,104.32,0.0705,1,3,Sí,3
C02198,2023-06-06,2024-10-07,Mes a mes,Tarjeta automática,Internet fibra,NOA,Hogar,79.93,0.0652,0,2,Sí,5
C02199,2023-06-06,,Anual,Tarjeta automática,Internet estándar,Patagonia,Profesional,76.42,0.0587,1,0,Sí,4
C02200,2023-06-07,,Mes a mes,Tarjeta automática,Telefonía móvil,AMBA,Hogar,63.21,0.0249,2,0,Sí,4
C02201,2023-06-07,,Mes a mes,Transferencia,Telefonía móvil,Centro,Profesional,51.88,0.0407,1,0,No,4
C02202,2023-06-07,2023-10-14,Mes a mes,Tarjeta automática,Internet fibra,NOA,Hogar,78.58,0.1145,5,0,Sí,2
C02203,2023-06-07,2024-01-15,Mes a mes,Transferencia,Streaming,Patagonia,Hogar,18.0,0.0363,3,0,No,3
C02204,2023-06-08,,Mes a mes,Tarjeta automática,Internet fibra,AMBA,Hogar,94.3,0.0417,0,1,Sí,4
C02205,2023-06-08,2023-09-22,Mes a mes,Tarjeta automática,Internet fibra,AMBA,Profesional,96.48,0.0702,1,0,Sí,3
C02206,2023-06-08,,Mes a mes,Tarjeta automática,Telefonía móvil,NOA,Hogar,38.7,0.0412,2,0,Sí,4
C02207,2023-06-08,2025-06-09,Mes a mes,Débito automático,Telefonía móvil,AMBA,Hogar,42.57,0.0274,0,1,Sí,4
C02208,2023-06-09,,Dos años,Transferencia,Internet fibra,Litoral,Hogar,79.13,0.0261,0,0,No,4
C02209,2023-06-09,2023-09-14,Mes a mes,Cheque electrónico,Telefonía móvil,NOA,Hogar,33.95,0.0322,1,1,No,4
C02210,2023-06-09,2023-09-27,Mes a mes,Tarjeta automática,Streaming,AMBA,Profesional,60.07,0.0541,2,0,Sí,4
C02211,2023-06-09,2023-06-05,Mes a mes,Transferencia,Telefonía móvil,AMBA,Profesional,67.09,0.1051,1,1,No,4
C02212,2023-06-09,2024-08-18,Mes a mes,Transferencia,Telefonía móvil,Patagonia,Hogar,50.63,0.0598,2,0,No,4
C02213,2023-06-10,,Dos años,Débito automático,Internet estándar,NOA,Profesional,59.52,0.0585,0,0,Sí,5
C02214,2023-06-10,,Dos años,Tarjeta automática,Telefonía móvil,Litoral,Hogar,33.92,0.0357,0,1,Sí,4
C02215,2023-06-11,2024-04-20,Mes a mes,Tarjeta automática,Internet fibra,Centro,Hogar,76.75,0.0795,1,0,Sí,4
C02216,2023-06-11,2024-02-21,Mes a mes,Tarjeta automática,Internet estándar,AMBA,Hogar,57.8,0.0975,4,3,Sí,1
C02217,2023-06-11,2023-12-17,Mes a mes,Cheque electrónico,Internet estándar,NOA,Hogar,54.52,0.0667,0,2,No,3
C02218,2023-06-11,2023-11-11,Mes a mes,Débito automático,Telefonía móvil,Patagonia,Profesional,51.45,0.0263,0,0,Sí,4
C02219,2023-06-12,2023-09-01,Mes a mes,Débito automático,Internet fibra,NOA,PyME,140.35,0.0749,1,0,Sí,4
C02220,2023-06-12,2024-05-09,Mes a mes,Transferencia,Internet estándar,Patagonia,PyME,93.31,0.0341,1,0,No,4
C02221,2023-06-12,2024-08-09,Mes a mes,Débito automático,Telefonía móvil,Cuyo,Profesional,52.72,0.0377,3,1,Sí,3
C02222,2023-06-12,,Mes a mes,Transferencia,Internet estándar,Cuyo,Hogar,50.73,0.0152,0,1,No,4
C02223,2023-06-13,2024-11-08,Mes a mes,Tarjeta automática,Internet fibra,Cuyo,Hogar,65.11,0.013,1,2,Sí,4
C02224,2023-06-13,2024-01-15,Mes a mes,Débito automático,Internet fibra,Patagonia,Hogar,67.4,0.0558,4,0,Sí,3
C02225,2023-06-13,,Mes a mes,Tarjeta automática,Streaming,AMBA,Profesional,64.07,0.0225,0,1,Sí,4
C02226,2023-06-13,,Mes a mes,Tarjeta automática,Internet fibra,AMBA,Hogar,93.03,0.0188,1,0,Sí,5
C02227,2023-06-13,,Mes a mes,Tarjeta automática,Internet estándar,NOA,PyME,129.19,0.0613,0,0,Sí,5
C02228,2023-06-13,,Mes a mes,Transferencia,Internet estándar,Centro,Hogar,53.96,0.0255,1,0,No,4
C02229,2023-06-14,,Mes a mes,Transferencia,Telefonía móvil,AMBA,Hogar,49.09,0.0393,1,0,No,3
C02230,2023-06-14,2023-12-05,Mes a mes,Transferencia,Telefonía móvil,Patagonia,Profesional,58.3,0.0266,5,1,No,1
C02231,2023-06-14,,Anual,Tarjeta automática,Internet fibra,Cuyo,Hogar,74.15,0.06,0,0,Sí,4
C02232,2023-06-14,,Dos años,Cheque electrónico,Telefonía móvil,Centro,Hogar,51.59,0.0627,0,2,No,4
C02233,2023-06-14,2024-11-13,Mes a mes,Tarjeta automática,Telefonía móvil,Cuyo,Hogar,56.98,0.0912,5,0,Sí,1
C02234,2023-06-14,2024-08-15,Mes a mes,Cheque electrónico,Streaming,Cuyo,PyME,92.65,0.0145,1,0,No,3
C02235,2023-06-15,,Anual,Transferencia,Internet estándar,Litoral,Hogar,39.76,0.0509,4,0,No,2
C02236,2023-06-15,,Anual,Transferencia,Internet fibra,NOA,Hogar,82.31,0.1141,0,0,No,4
C02237,2023-06-15,2024-05-21,Mes a mes,Débito automático,Streaming,NOA,Hogar,20.53,0.0418,2,1,Sí,1
C02238,2023-06-15,2023-09-25,Mes a mes,Transferencia,Internet estándar,Patagonia,Hogar,45.43,0.0741,3,0,No,3
C02239,2023-06-15,2025-10-13,Mes a mes,Transferencia,Internet fibra,Cuyo,Hogar,96.0,0.035,2,0,No,4
C02240,2023-06-15,2024-03-07,Mes a mes,Tarjeta automática,Internet fibra,Litoral,Hogar,64.8,0.0485,2,0,Sí,4
C02241,2023-06-15,,Mes a mes,Cheque electrónico,Internet fibra,AMBA,Hogar,101.86,0.0118,1,0,No,2
C02242,2023-06-16,2024-05-08,Mes a mes,Tarjeta automática,Streaming,Litoral,PyME,90.04,0.0594,1,0,Sí,4
C02243,2023-06-16,2023-09-13,Mes a mes,Débito automático,Internet fibra,Patagonia,Profesional,90.87,0.016,3,0,Sí,3
C02244,2023-06-16,2023-11-08,Mes a mes,Transferencia,Streaming,NOA,Profesional,47.75,0.1468,0,0,No,5
C02245,2023-06-17,2025-04-24,Mes a mes,Cheque electrónico,Telefonía móvil,AMBA,Hogar,34.47,0.0147,0,1,No,5
C02246,2023-06-17,,Anual,Débito automático,Internet estándar,NOA,Hogar,42.98,0.067,3,1,Sí,2
C02247,2023-06-17,,Mes a mes,Tarjeta automática,Internet fibra,Litoral,Hogar,78.81,0.0785,0,0,Sí,4
C02248,2023-06-17,,Mes a mes,Débito automático,Internet fibra,AMBA,Hogar,74.38,0.0003,0,1,Sí,5
C02249,2023-06-17,2023-09-03,Mes a mes,Tarjeta automática,Internet estándar,NOA,Hogar,38.74,0.1416,4,1,Sí,1
C02250,2023-06-18,,Anual,Débito automático,Telefonía móvil,Cuyo,Hogar,39.56,0.071,1,0,Sí,3
C02251,2023-06-18,2024-01-20,Mes a mes,Débito automático,Streaming,Cuyo,Hogar,18.0,0.0729,8,1,Sí,1
C02252,2023-06-19,,Mes a mes,Cheque electrónico,Telefonía móvil,Centro,Hogar,28.01,0.0389,0,0,No,5
C02253,2023-06-19,,Mes a mes,Tarjeta automática,Telefonía móvil,AMBA,Hogar,27.9,0.0886,1,0,Sí,4
C02254,2023-06-19,,Anual,Tarjeta automática,Internet fibra,AMBA,Hogar,96.38,0.0546,2,0,Sí,2
C02255,2023-06-19,,Anual,Débito automático,Streaming,Centro,Profesional,51.46,0.0298,0,1,Sí,2
C02256,2023-06-20,,Dos años,Tarjeta automática,Internet estándar,Centro,Hogar,55.55,0.0593,0,0,Sí,4
C02257,2023-06-20,2025-02-13,Anual,Tarjeta automática,Internet estándar,Cuyo,Profesional,67.12,0.0496,2,0,Sí,3
C02258,2023-06-20,,Mes a mes,Débito automático,Internet estándar,Litoral,Hogar,54.57,0.0223,1,0,Sí,4
C02259,2023-06-21,,Mes a mes,Débito automático,Internet estándar,NOA,PyME,116.93,0.0143,0,0,Sí,5
C02260,2023-06-21,,Mes a mes,Tarjeta automática,Streaming,Patagonia,Hogar,33.49,0.0278,0,0,Sí,5
C02261,2023-06-22,,Anual,Débito automático,Streaming,Cuyo,Hogar,47.04,0.0317,1,0,Sí,2
C02262,2023-06-23,,Anual,Cheque electrónico,Internet estándar,NOA,Hogar,48.59,0.0149,0,1,No,5
C02263,2023-06-23,2023-06-05,Mes a mes,Débito automático,Internet fibra,Litoral,Hogar,84.59,0.0547,1,1,Sí,1
C02264,2023-06-23,,Dos años,Tarjeta automática,Internet estándar,Cuyo,Hogar,56.74,0.0514,0,1,Sí,4
C02265,2023-06-23,,Mes a mes,Tarjeta automática,Streaming,Centro,Hogar,18.75,0.0841,0,0,Sí,4
C02266,2023-06-23,2024-06-20,Mes a mes,Tarjeta automática,Internet estándar,Cuyo,PyME,104.47,0.0933,1,0,Sí,4
C02267,2023-06-23,,Mes a mes,Débito automático,Internet fibra,AMBA,Profesional,75.74,0.0526,1,1,Sí,2
C02268,2023-06-24,,Dos años,Transferencia,Internet fibra,AMBA,Hogar,76.57,0.1549,3,0,No,3
C02269,2023-06-24,,Dos años,Tarjeta automática,Telefonía móvil,NOA,Profesional,56.93,0.0298,0,0,Sí,4
C02270,2023-06-24,,Mes a mes,Tarjeta automática,Streaming,Centro,Hogar,25.27,0.0617,3,0,Sí,3
C02271,2023-06-24,,Dos años,Débito automático,Internet fibra,Litoral,Hogar,73.52,0.0309,2,0,Sí,1
C02272,2023-06-24,,Dos años,Débito automático,Internet estándar,AMBA,Hogar,54.63,0.0431,2,0,Sí,3
C02273,2023-06-25,,Anual,Cheque electrónico,Internet estándar,Litoral,Hogar,39.26,0.0647,0,2,No,4
C02274,2023-06-25,2025-07-11,Dos años,Tarjeta automática,Streaming,NOA,PyME,104.46,0.0939,0,0,Sí,3
C02275,2023-06-25,2023-10-15,Mes a mes,Tarjeta automática,Internet fibra,Cuyo,Profesional,102.24,0.0805,3,1,Sí,3
C02276,2023-06-25,,Anual,Débito automático,Streaming,AMBA,PyME,75.17,0.0442,1,1,Sí,4
C02277,2023-06-25,,Anual,Tarjeta automática,Telefonía móvil,AMBA,Hogar,49.12,0.0325,2,0,Sí,3
C02278,2023-06-26,,Anual,Tarjeta automática,Internet estándar,Patagonia,Hogar,59.94,0.0572,0,0,Sí,4
C02279,2023-06-26,,Mes a mes,Débito automático,Internet estándar,AMBA,Profesional,71.06,0.0787,1,0,Sí,4
C02280,2023-06-26,,Anual,Tarjeta automática,Internet fibra,Centro,Hogar,66.94,0.041,2,0,Sí,4
C02281,2023-06-27,,Dos años,Tarjeta automática,Internet fibra,NOA,Profesional,120.61,0.0747,0,0,Sí,5
C02282,2023-06-27,,Mes a mes,Transferencia,Telefonía móvil,Litoral,Hogar,49.03,0.0247,0,0,No,4
C02283,2023-06-27,,Dos años,Débito automático,Telefonía móvil,NOA,Profesional,46.28,0.0901,1,1,Sí,3
C02284,2023-06-27,2024-01-27,Mes a mes,Tarjeta automática,Internet fibra,NOA,Profesional,98.3,0.038,0,0,Sí,5
C02285,2023-06-27,2023-09-11,Mes a mes,Cheque electrónico,Telefonía móvil,Litoral,Hogar,39.58,0.0707,2,1,No,2
C02286,2023-06-27,,Mes a mes,Tarjeta automática,Internet fibra,NOA,Hogar,78.07,0.1054,0,0,Sí,5
C02287,2023-06-28,2024-04-04,Anual,Cheque electrónico,Internet estándar,AMBA,Hogar,35.87,0.0629,6,2,No,2
C02288,2023-06-28,2024-02-07,Mes a mes,Cheque electrónico,Streaming,Centro,Hogar,29.6,0.0741,3,0,No,2
C02289,2023-06-28,,Mes a mes,Débito automático,Internet estándar,Centro,Profesional,57.86,0.0807,0,0,Sí,4
C02290,2023-06-28,,Anual,Tarjeta automática,Internet estándar,NOA,Hogar,45.16,0.098,4,0,Sí,3
C02291,2023-06-28,2023-06-17,Mes a mes,Cheque electrónico,Streaming,Litoral,Hogar,33.26,0.0916,1,0,No,4
C02292,2023-06-29,,Mes a mes,Débito automático,Internet fibra,Centro,Hogar,72.76,0.0525,1,0,Sí,4
C02293,2023-06-29,,Dos años,Tarjeta automática,Telefonía móvil,Centro,Hogar,38.81,0.0923,1,0,Sí,4
C02294,2023-06-29,,Anual,Débito automático,Internet fibra,Patagonia,Hogar,87.02,0.0584,3,1,Sí,3
C02295,2023-06-29,,Anual,Débito automático,Internet fibra,NOA,Profesional,86.23,0.0436,0,2,Sí,3
C02296,2023-06-29,,Anual,Cheque electrónico,Telefonía móvil,AMBA,Profesional,52.87,0.057,0,3,No,3
C02297,2023-06-30,,Dos años,Transferencia,Internet estándar,Cuyo,PyME,90.2,0.1116,1,1,No,2
C02298,2023-06-30,2024-09-01,Mes a mes,Cheque electrónico,Internet estándar,Litoral,Hogar,39.95,0.0859,2,0,No,2
C02299,2023-07-01,,Mes a mes,Transferencia,Internet fibra,Centro,Hogar,79.42,0.1,0,0,No,4
C02300,2023-07-01,,Mes a mes,Transferencia,Internet fibra,Patagonia,Hogar,85.03,0.0727,0,0,No,4
C02301,2023-07-02,,Mes a mes,Débito automático,Internet fibra,Patagonia,Hogar,69.13,0.0926,0,0,Sí,5
C02302,2023-07-02,2025-11-06,Anual,Cheque electrónico,Internet estándar,NOA,Hogar,55.71,0.0512,1,0,No,4
C02303,2023-07-03,,Anual,Cheque electrónico,Internet estándar,Patagonia,Hogar,50.16,0.0584,3,0,No,3
C02304,2023-07-03,2023-09-01,Mes a mes,Cheque electrónico,Internet estándar,NOA,Hogar,33.79,0.0398,2,0,No,3
C02305,2023-07-03,,Mes a mes,Transferencia,Telefonía móvil,Cuyo,Hogar,43.92,0.1317,0,0,No,5
C02306,2023-07-03,,Anual,Débito automático,Telefonía móvil,Centro,Hogar,55.14,0.0268,0,0,Sí,3
C02307,2023-07-03,,Dos años,Tarjeta automática,Internet estándar,Centro,Hogar,28.19,0.0453,0,1,Sí,4
C02308,2023-07-03,2024-07-13,Mes a mes,Cheque electrónico,Telefonía móvil,NOA,Profesional,82.06,0.0798,1,2,No,4
C02309,2023-07-04,,Mes a mes,Tarjeta automática,Telefonía móvil,Litoral,Hogar,35.28,0.0717,1,1,Sí,3
C02310,2023-07-04,2024-10-11,Mes a mes,Tarjeta automática,Telefonía móvil,Centro,Profesional,41.86,0.0388,1,1,Sí,3
C02311,2023-07-04,2025-07-09,Mes a mes,Débito automático,Streaming,Patagonia,Hogar,30.52,0.0575,0,0,Sí,3
C02312,2023-07-04,,Mes a mes,Débito automático,Internet fibra,Centro,Hogar,87.14,0.0803,0,0,Sí,4
C02313,2023-07-04,,Mes a mes,Débito automático,Internet fibra,Centro,Hogar,74.92,0.1091,3,1,Sí,4
C02314,2023-07-05,,Anual,Tarjeta automática,Telefonía móvil,AMBA,Hogar,45.43,0.0789,2,0,Sí,3
C02315,2023-07-05,,Mes a mes,Tarjeta automática,Internet estándar,NOA,Hogar,72.32,0.1075,1,0,Sí,5
C02316,2023-07-05,,Mes a mes,Tarjeta automática,Telefonía móvil,Centro,Profesional,62.26,0.0555,0,0,Sí,5
C02317,2023-07-05,2023-11-10,Mes a mes,Débito automático,Streaming,Patagonia,Profesional,79.81,0.0276,1,0,Sí,3
C02318,2023-07-05,,Dos años,Tarjeta automática,Internet fibra,AMBA,Hogar,91.91,0.0352,1,0,Sí,3
C02319,2023-07-06,,Mes a mes,Transferencia,Internet estándar,AMBA,Hogar,49.57,0.0375,0,0,No,5
C02320,2023-07-06,,Mes a mes,Tarjeta automática,Telefonía móvil,Patagonia,Hogar,45.21,0.0551,0,0,Sí,4
C02321,2023-07-06,2024-09-18,Mes a mes,Débito automático,Internet fibra,AMBA,PyME,129.49,0.0368,0,0,Sí,3
C02322,2023-07-07,,Anual,Débito automático,Streaming,AMBA,Hogar,31.75,0.0194,1,0,Sí,5
C02323,2023-07-07,2024-01-16,Dos años,Débito automático,Telefonía móvil,Centro,Hogar,48.18,0.0437,0,0,Sí,5
C02324,2023-07-08,2025-03-24,Mes a mes,Cheque electrónico,Internet fibra,Litoral,Hogar,73.55,0.0853,3,0,No,4
C02325,2023-07-09,,Mes a mes,Tarjeta automática,Internet fibra,AMBA,Profesional,80.82,0.003,0,0,Sí,5
C02326,2023-07-09,2024-11-22,Mes a mes,Débito automático,Internet estándar,AMBA,Hogar,63.53,0.179,0,0,Sí,5
C02327,2023-07-09,,Anual,Transferencia,Telefonía móvil,Cuyo,Hogar,52.71,0.0564,0,0,No,5
C02328,2023-07-09,,Dos años,Tarjeta automática,Internet estándar,Patagonia,Hogar,33.41,0.0341,0,0,Sí,4
C02329,2023-07-10,,Mes a mes,Cheque electrónico,Internet fibra,AMBA,Profesional,97.88,0.0497,1,1,No,4
C02330,2023-07-10,2024-02-27,Mes a mes,Cheque electrónico,Internet fibra,Centro,Hogar,89.3,0.0448,2,1,No,3
C02331,2023-07-10,,Anual,Transferencia,Internet estándar,Centro,PyME,114.16,0.0664,0,0,No,5
C02332,2023-07-10,,Anual,Cheque electrónico,Internet estándar,Centro,PyME,96.37,0.092,2,0,No,3
C02333,2023-07-11,2024-07-19,Mes a mes,Débito automático,Internet fibra,Centro,Hogar,88.8,0.0745,0,0,Sí,4
C02334,2023-07-11,2024-11-01,Mes a mes,Débito automático,Telefonía móvil,Litoral,PyME,97.17,0.034,1,0,Sí,3
C02335,2023-07-11,2023-10-18,Mes a mes,Tarjeta automática,Internet fibra,AMBA,Profesional,100.28,0.1169,0,1,Sí,5
C02336,2023-07-12,,Anual,Tarjeta automática,Telefonía móvil,NOA,Hogar,31.89,0.0425,2,1,Sí,5
C02337,2023-07-12,,Anual,Tarjeta automática,Telefonía móvil,Centro,Profesional,18.0,0.0067,0,0,Sí,5
C02338,2023-07-12,,Anual,Débito automático,Streaming,NOA,Hogar,20.45,0.1555,1,0,Sí,4
C02339,2023-07-12,,Anual,Débito automático,Streaming,Patagonia,Hogar,34.9,0.0287,0,0,Sí,4
C02340,2023-07-12,2023-09-10,Mes a mes,Tarjeta automática,Internet fibra,Cuyo,Hogar,75.74,0.0586,0,0,Sí,4
C02341,2023-07-13,,Mes a mes,Transferencia,Internet estándar,Centro,Profesional,74.15,0.1308,0,1,No,5
C02342,2023-07-14,,Mes a mes,Tarjeta automática,Internet estándar,NOA,PyME,116.17,0.029,1,0,Sí,3
C02343,2023-07-14,,Dos años,Débito automático,Internet fibra,NOA,Hogar,74.36,0.1094,0,0,Sí,3
C02344,2023-07-14,,Anual,Tarjeta automática,Streaming,Litoral,Hogar,24.28,0.047,0,1,Sí,5
C02345,2023-07-14,2024-10-19,Mes a mes,Transferencia,Internet fibra,AMBA,Hogar,53.94,0.0418,0,0,No,5
C02346,2023-07-14,,Mes a mes,Débito automático,Internet fibra,NOA,PyME,115.98,0.0293,0,0,Sí,4
C02347,2023-07-15,,Anual,Transferencia,Streaming,Cuyo,Hogar,18.0,0.0564,0,0,No,4
C02348,2023-07-15,,Anual,Tarjeta automática,Internet estándar,AMBA,Hogar,55.12,0.0323,3,0,Sí,3
C02349,2023-07-15,,Anual,Débito automático,Internet fibra,Patagonia,Hogar,74.47,0.0516,2,0,Sí,2
C02350,2023-07-15,,Mes a mes,Cheque electrónico,Internet fibra,AMBA,Hogar,72.12,0.047,1,0,No,3
C02351,2023-07-15,,Dos años,Tarjeta automática,Internet fibra,Cuyo,Hogar,70.86,0.0569,0,1,Sí,4
C02352,2023-07-16,,Anual,Débito automático,Internet estándar,AMBA,Hogar,40.43,0.0339,1,0,Sí,3
C02353,2023-07-16,,Anual,Tarjeta automática,Internet estándar,Cuyo,Hogar,59.16,0.0398,2,0,Sí,2
C02354,2023-07-16,,Anual,Tarjeta automática,Internet fibra,Patagonia,PyME,134.03,0.0675,3,0,Sí,2
C02355,2023-07-16,,Dos años,Débito automático,Streaming,AMBA,Hogar,39.9,0.0701,4,0,Sí,2
C02356,2023-07-16,,Dos años,Tarjeta automática,Telefonía móvil,AMBA,Hogar,18.0,0.1122,0,0,Sí,4
C02357,2023-07-16,,Anual,Débito automático,Streaming,NOA,Profesional,52.86,0.0081,0,0,Sí,4
C02358,2023-07-16,2024-09-13,Mes a mes,Cheque electrónico,Internet estándar,Centro,Hogar,43.68,0.0848,1,0,No,4
C02359,2023-07-17,,Mes a mes,Tarjeta automática,Streaming,AMBA,Profesional,43.9,0.0744,0,2,Sí,3
C02360,2023-07-17,,Anual,Tarjeta automática,Telefonía móvil,Litoral,Profesional,74.88,0.0612,3,0,Sí,3
C02361,2023-07-17,,Anual,Cheque electrónico,Telefonía móvil,Centro,Hogar,37.71,0.0059,1,2,No,3
C02362,2023-07-17,2025-04-14,Mes a mes,Débito automático,Internet fibra,NOA,Hogar,83.41,0.1103,4,1,Sí,2
C02363,2023-07-17,,Mes a mes,Cheque electrónico,Internet fibra,AMBA,Hogar,66.8,0.0523,0,0,No,4
C02364,2023-07-17,,Dos años,Tarjeta automática,Internet fibra,Litoral,Hogar,78.4,0.0587,0,2,Sí,2
C02365,2023-07-17,,Dos años,Transferencia,Telefonía móvil,NOA,Hogar,24.5,0.0182,1,0,No,4
C02366,2023-07-18,,Dos años,Cheque electrónico,Internet fibra,Patagonia,Hogar,77.37,0.03,0,1,No,5
C02367,2023-07-18,2023-09-14,Mes a mes,Tarjeta automática,Telefonía móvil,AMBA,Hogar,46.24,0.0322,0,0,Sí,5
C02368,2023-07-18,2024-06-16,Anual,Cheque electrónico,Internet fibra,Centro,Hogar,90.17,0.081,6,0,No,1
C02369,2023-07-18,,Anual,Transferencia,Streaming,AMBA,Hogar,20.0,0.1004,0,0,No,3
C02370,2023-07-18,2023-10-26,Mes a mes,Cheque electrónico,Internet fibra,NOA,Hogar,72.18,0.0437,4,1,No,3
C02371,2023-07-19,,Mes a mes,Tarjeta automática,Internet estándar,Centro,Hogar,41.91,0.0389,1,0,Sí,4
C02372,2023-07-19,,Dos años,Débito automático,Internet estándar,AMBA,Hogar,46.21,0.0482,4,0,Sí,2
C02373,2023-07-19,,Mes a mes,Tarjeta automática,Streaming,Cuyo,Profesional,36.4,0.0517,1,0,Sí,5
C02374,2023-07-19,2025-01-13,Anual,Cheque electrónico,Internet estándar,Centro,PyME,80.27,0.0263,0,0,No,5
C02375,2023-07-19,,Anual,Tarjeta automática,Internet estándar,AMBA,Profesional,55.53,0.0188,1,0,Sí,4
C02376,2023-07-19,,Anual,Tarjeta automática,Streaming,Cuyo,Hogar,28.46,0.1009,1,1,Sí,5
C02377,2023-07-20,2024-02-16,Mes a mes,Cheque electrónico,Telefonía móvil,NOA,Hogar,40.37,0.0397,1,1,No,5
C02378,2023-07-20,2023-09-04,Anual,Tarjeta automática,Telefonía móvil,Centro,Hogar,48.07,0.0847,2,0,Sí,4
C02379,2023-07-20,,Mes a mes,Transferencia,Streaming,NOA,Profesional,56.26,0.0174,1,0,No,4
C02380,2023-07-21,,Anual,Tarjeta automática,Internet estándar,Litoral,PyME,99.05,0.0358,2,0,Sí,3
C02381,2023-07-21,2024-02-26,Mes a mes,Transferencia,Telefonía móvil,Cuyo,Hogar,24.56,0.057,3,0,No,3
C02382,2023-07-21,,Anual,Tarjeta automática,Internet estándar,Patagonia,Hogar,53.44,0.0458,1,0,Sí,4
C02383,2023-07-21,,Anual,Débito automático,Telefonía móvil,Cuyo,Hogar,41.89,0.0334,2,0,Sí,3
C02384,2023-07-22,,Mes a mes,Débito automático,Telefonía móvil,Centro,PyME,94.16,0.0885,2,0,Sí,3
C02385,2023-07-22,,Mes a mes,Débito automático,Internet fibra,Centro,Hogar,91.42,0.0247,0,0,Sí,4
C02386,2023-07-23,,Anual,Tarjeta automática,Internet fibra,AMBA,Profesional,100.96,0.0516,2,0,Sí,3
C02387,2023-07-23,,Mes a mes,Tarjeta automática,Streaming,Litoral,Profesional,48.35,0.0732,0,2,Sí,3
C02388,2023-07-23,,Mes a mes,Transferencia,Streaming,AMBA,PyME,85.8,0.0557,2,1,No,3
C02389,2023-07-23,,Mes a mes,Tarjeta automática,Streaming,Centro,Hogar,38.35,0.093,3,0,Sí,2
C02390,2023-07-23,,Dos años,Tarjeta automática,Telefonía móvil,AMBA,PyME,89.41,0.0402,0,0,Sí,5
C02391,2023-07-24,,Mes a mes,Débito automático,Internet estándar,AMBA,PyME,94.32,0.0487,0,0,Sí,5
C02392,2023-07-24,,Mes a mes,Débito automático,Internet estándar,NOA,Profesional,64.42,0.0487,0,1,Sí,5
C02393,2023-07-24,,Dos años,Transferencia,Internet estándar,AMBA,PyME,91.04,0.0876,0,0,No,3
C02394,2023-07-24,,Mes a mes,Débito automático,Internet fibra,Litoral,Hogar,77.5,0.0266,1,0,Sí,4
C02395,2023-07-25,2025-12-13,Mes a mes,Cheque electrónico,Internet estándar,Centro,Profesional,68.07,0.0834,0,1,No,5
C02396,2023-07-25,,Mes a mes,Transferencia,Telefonía móvil,AMBA,Hogar,41.24,0.022,0,0,No,4
C02397,2023-07-25,2024-09-24,Mes a mes,Cheque electrónico,Internet fibra,Centro,Profesional,92.02,0.0234,0,0,No,5
C02398,2023-07-26,,Mes a mes,Transferencia,Telefonía móvil,AMBA,Profesional,78.18,0.0298,1,0,No,5
C02399,2023-07-26,,Anual,Tarjeta automática,Telefonía móvil,Centro,Profesional,70.35,0.0655,0,0,Sí,3
C02400,2023-07-27,,Mes a mes,Cheque electrónico,Internet fibra,Patagonia,Hogar,76.93,0.036,1,0,No,5
C02401,2023-07-27,,Anual,Cheque electrónico,Telefonía móvil,Litoral,Profesional,61.02,0.025,1,1,No,3
C02402,2023-07-27,,Mes a mes,Débito automático,Telefonía móvil,Patagonia,PyME,112.14,0.0299,1,0,Sí,3
C02403,2023-07-27,2024-08-01,Mes a mes,Tarjeta automática,Internet estándar,Patagonia,Hogar,42.57,0.0424,4,0,Sí,2
C02404,2023-07-28,,Mes a mes,Tarjeta automática,Internet fibra,NOA,Hogar,67.38,0.0655,0,0,Sí,4
C02405,2023-07-28,,Mes a mes,Transferencia,Internet fibra,AMBA,Profesional,98.5,0.0634,0,0,No,5
C02406,2023-07-28,,Anual,Débito automático,Streaming,AMBA,Profesional,51.55,0.0914,0,0,Sí,5
C02407,2023-07-28,,Mes a mes,Transferencia,Internet fibra,Cuyo,Hogar,83.37,0.0735,2,1,No,3
C02408,2023-07-28,,Mes a mes,Débito automático,Internet estándar,Litoral,Hogar,58.11,0.0414,0,0,Sí,4
C02409,2023-07-28,,Mes a mes,Débito automático,Telefonía móvil,Patagonia,Profesional,51.94,0.0041,2,0,Sí,3
C02410,2023-07-29,,Anual,Tarjeta automática,Streaming,AMBA,Profesional,31.51,0.0457,2,2,Sí,2
C02411,2023-07-29,,Mes a mes,Tarjeta automática,Streaming,AMBA,Hogar,22.57,0.0722,1,0,Sí,4
C02412,2023-07-29,2024-04-20,Anual,Tarjeta automática,Telefonía móvil,Patagonia,Hogar,48.4,0.049,0,0,Sí,5
C02413,2023-07-29,2024-04-12,Mes a mes,Cheque electrónico,Internet fibra,Litoral,PyME,122.86,0.0281,1,2,No,4
C02414,2023-07-30,2024-01-15,Mes a mes,Débito automático,Internet fibra,Cuyo,PyME,111.73,0.0582,4,0,Sí,1
C02415,2023-07-30,2025-06-27,Anual,Cheque electrónico,Streaming,Centro,Hogar,30.59,0.0808,0,1,No,4
C02416,2023-07-30,,Mes a mes,Transferencia,Internet estándar,Patagonia,PyME,97.76,0.075,0,0,No,5
C02417,2023-07-30,2025-06-04,Mes a mes,Transferencia,Internet fibra,Patagonia,Hogar,59.0,0.0892,0,1,No,5
C02418,2023-07-30,,Dos años,Débito automático,Telefonía móvil,AMBA,Hogar,42.82,0.0541,2,0,Sí,3
C02419,2023-07-30,2023-07-27,Mes a mes,Cheque electrónico,Internet fibra,AMBA,Profesional,91.75,0.0385,0,1,No,5
C02420,2023-07-31,2024-11-08,Mes a mes,Cheque electrónico,Internet estándar,Patagonia,Hogar,67.44,0.0713,0,0,No,3
C02421,2023-07-31,,Mes a mes,Transferencia,Internet estándar,NOA,Hogar,49.98,0.0479,0,0,No,4
C02422,2023-07-31,2024-03-05,Mes a mes,Tarjeta automática,Streaming,Centro,PyME,90.45,0.1112,1,1,Sí,4
C02423,2023-07-31,,Anual,Transferencia,Internet estándar,Patagonia,Hogar,48.81,0.1096,3,0,No,1
C02424,2023-07-31,,Mes a mes,Tarjeta automática,Internet fibra,NOA,Hogar,71.43,0.0437,0,0,Sí,5
C02425,2023-07-31,,Dos años,Tarjeta automática,Telefonía móvil,AMBA,Hogar,36.64,0.0736,0,0,Sí,5
C02426,2023-07-31,,Anual,Transferencia,Telefonía móvil,Centro,Hogar,53.89,0.0158,2,0,No,3
C02427,2023-08-01,,Dos años,Cheque electrónico,Internet estándar,AMBA,Hogar,57.23,0.0265,0,3,No,2
C02428,2023-08-01,,Anual,Tarjeta automática,Internet fibra,Patagonia,Hogar,61.63,0.0797,0,0,Sí,5
C02429,2023-08-01,,Dos años,Tarjeta automática,Streaming,Patagonia,Hogar,18.0,0.1081,3,0,Sí,4
C02430,2023-08-01,2024-12-11,Anual,Cheque electrónico,Internet estándar,AMBA,Hogar,35.88,0.0203,0,0,No,4
C02431,2023-08-01,,Mes a mes,Tarjeta automática,Internet fibra,Centro,Hogar,89.66,0.0277,0,1,Sí,4
C02432,2023-08-02,,Mes a mes,Tarjeta automática,Internet fibra,Litoral,PyME,113.95,0.0103,2,1,Sí,3
C02433,2023-08-02,,Anual,Transferencia,Internet fibra,NOA,Hogar,86.65,0.1491,0,1,No,5
C02434,2023-08-03,2024-05-13,Mes a mes,Cheque electrónico,Internet estándar,Patagonia,PyME,108.38,0.0687,1,0,No,5
C02435,2023-08-04,,Anual,Débito automático,Internet fibra,Centro,PyME,134.61,0.0247,1,0,Sí,4
C02436,2023-08-05,,Mes a mes,Débito automático,Telefonía móvil,Cuyo,Hogar,36.8,0.0722,0,0,Sí,4
C02437,2023-08-05,,Anual,Débito automático,Internet estándar,AMBA,Hogar,62.07,0.0316,0,0,Sí,5
C02438,2023-08-05,2023-09-12,Mes a mes,Tarjeta automática,Internet estándar,Centro,Hogar,50.25,0.013,0,0,Sí,3
C02439,2023-08-05,,Dos años,Transferencia,Internet fibra,Litoral,PyME,117.11,0.0373,0,1,No,5
C02440,2023-08-06,,Mes a mes,Cheque electrónico,Telefonía móvil,Cuyo,Hogar,28.68,0.1849,0,2,No,5
C02441,2023-08-06,2025-02-17,Mes a mes,Débito automático,Internet fibra,Litoral,Hogar,59.91,0.068,1,1,Sí,3
C02442,2023-08-06,,Anual,Tarjeta automática,Internet fibra,Centro,Profesional,109.2,0.0692,3,0,Sí,4
C02443,2023-08-06,,Anual,Tarjeta automática,Streaming,Litoral,Profesional,62.67,0.0201,0,2,Sí,5
C02444,2023-08-06,,Anual,Tarjeta automática,Streaming,Litoral,Hogar,40.95,0.0334,1,0,Sí,4
C02445,2023-08-07,,Dos años,Tarjeta automática,Telefonía móvil,Centro,Hogar,40.43,0.108,1,1,Sí,3
C02446,2023-08-07,,Mes a mes,Tarjeta automática,Internet estándar,AMBA,Hogar,33.31,0.0625,0,0,Sí,5
C02447,2023-08-07,2024-09-10,Anual,Cheque electrónico,Internet estándar,Cuyo,PyME,92.41,0.0256,2,3,No,2
C02448,2023-08-07,,Mes a mes,Tarjeta automática,Internet fibra,AMBA,Profesional,85.12,0.1181,0,0,Sí,5
C02449,2023-08-08,2024-09-09,Mes a mes,Transferencia,Internet estándar,AMBA,Hogar,48.5,0.0705,2,0,No,3
C02450,2023-08-08,,Mes a mes,Débito automático,Internet estándar,Centro,Profesional,82.26,0.016,0,0,Sí,5
C02451,2023-08-08,2024-07-14,Mes a mes,Cheque electrónico,Internet estándar,Cuyo,Hogar,64.22,0.0201,0,1,No,4
C02452,2023-08-08,,Anual,Cheque electrónico,Internet fibra,Centro,PyME,127.63,0.0949,0,1,No,3
C02453,2023-08-08,,Anual,Débito automático,Telefonía móvil,AMBA,Hogar,18.0,0.0499,2,0,Sí,4
C02454,2023-08-09,,Mes a mes,Tarjeta automática,Internet fibra,Centro,Hogar,65.16,0.0949,0,0,Sí,4
C02455,2023-08-09,,Dos años,Transferencia,Internet fibra,NOA,Hogar,91.07,0.1332,0,0,No,3
C02456,2023-08-09,2023-08-22,Mes a mes,Tarjeta automática,Telefonía móvil,Patagonia,Hogar,44.55,0.0533,1,0,Sí,5
C02457,2023-08-09,2024-07-06,Mes a mes,Tarjeta automática,Streaming,Cuyo,Profesional,43.09,0.0411,4,0,Sí,4
C02458,2023-08-09,,Anual,Tarjeta automática,Internet estándar,AMBA,Hogar,44.32,0.0062,1,0,Sí,4
C02459,2023-08-09,,Mes a mes,Cheque electrónico,Streaming,Cuyo,Hogar,20.74,0.0382,1,0,No,4
C02460,2023-08-10,,Mes a mes,Tarjeta automática,Internet fibra,NOA,Profesional,82.76,0.0225,0,0,Sí,5
C02461,2023-08-10,,Anual,Débito automático,Telefonía móvil,Patagonia,Hogar,64.79,0.0418,0,0,Sí,5
C02462,2023-08-10,2024-04-19,Mes a mes,Débito automático,Internet fibra,Patagonia,Hogar,96.9,0.079,1,0,Sí,4
C02463,2023-08-10,,Mes a mes,Transferencia,Telefonía móvil,Centro,Hogar,32.96,0.0397,1,1,No,4
C02464,2023-08-10,,Anual,Tarjeta automática,Internet fibra,Cuyo,PyME,113.71,0.0196,0,0,Sí,4
C02465,2023-08-10,2024-12-02,Mes a mes,Cheque electrónico,Streaming,AMBA,Hogar,30.86,0.0603,2,0,No,3
C02466,2023-08-10,,Anual,Transferencia,Internet estándar,NOA,Profesional,65.38,0.0512,1,0,No,3
C02467,2023-08-10,,Anual,Débito automático,Internet fibra,AMBA,Profesional,102.91,0.0413,3,1,Sí,3
C02468,2023-08-11,,Mes a mes,Débito automático,Internet estándar,Litoral,Hogar,58.4,0.1048,0,1,Sí,4
C02469,2023-08-12,2025-10-21,Mes a mes,Cheque electrónico,Telefonía móvil,Centro,Hogar,29.13,0.032,2,1,No,4
C02470,2023-08-12,,Mes a mes,Transferencia,Internet fibra,Litoral,Profesional,110.08,0.0674,2,2,No,3
C02471,2023-08-12,,Anual,Débito automático,Telefonía móvil,Patagonia,Hogar,38.12,0.0596,3,1,Sí,1
C02472,2023-08-12,,Mes a mes,Débito automático,Internet fibra,Centro,PyME,139.69,0.0816,0,0,Sí,5
C02473,2023-08-12,,Dos años,Tarjeta automática,Streaming,AMBA,Hogar,26.12,0.1467,1,0,Sí,5
C02474,2023-08-12,,Mes a mes,Tarjeta automática,Streaming,Litoral,Hogar,39.15,0.0777,0,0,Sí,4
C02475,2023-08-12,2024-11-09,Anual,Tarjeta automática,Internet estándar,Litoral,Hogar,23.01,0.0423,1,0,Sí,4
C02476,2023-08-12,,Mes a mes,Tarjeta automática,Streaming,AMBA,Hogar,37.12,0.0466,2,0,Sí,3
C02477,2023-08-13,,Mes a mes,Tarjeta automática,Streaming,AMBA,Hogar,19.85,0.0506,1,0,Sí,4
C02478,2023-08-13,2025-08-05,Mes a mes,Cheque electrónico,Streaming,Litoral,Profesional,47.81,0.0265,1,1,No,3
C02479,2023-08-13,2024-09-05,Anual,Cheque electrónico,Internet estándar,Litoral,Profesional,80.69,0.0788,0,1,No,3
C02480,2023-08-13,,Dos años,Cheque electrónico,Streaming,AMBA,PyME,75.17,0.0654,1,1,No,3
C02481,2023-08-14,2024-09-14,Mes a mes,Transferencia,Internet estándar,Litoral,Hogar,38.44,0.0451,2,1,No,4
C02482,2023-08-14,2023-10-06,Mes a mes,Transferencia,Internet fibra,Cuyo,Hogar,73.91,0.0339,3,1,No,3
C02483,2023-08-15,2025-12-25,Mes a mes,Tarjeta automática,Internet fibra,AMBA,PyME,128.21,0.0548,1,0,Sí,5
C02484,2023-08-15,2024-07-06,Mes a mes,Transferencia,Streaming,Litoral,Hogar,18.0,0.0322,0,1,No,4
C02485,2023-08-15,,Dos años,Tarjeta automática,Telefonía móvil,Litoral,Hogar,43.17,0.0746,2,0,Sí,2
C02486,2023-08-15,,Dos años,Débito automático,Internet fibra,AMBA,Hogar,79.74,0.0232,1,0,Sí,5
C02487,2023-08-15,,Dos años,Cheque electrónico,Internet estándar,Patagonia,Profesional,72.09,0.0749,0,0,No,5
C02488,2023-08-15,,Mes a mes,Cheque electrónico,Internet fibra,Centro,Profesional,86.98,0.0277,1,1,No,3
C02489,2023-08-16,,Mes a mes,Tarjeta automática,Internet estándar,Litoral,Hogar,38.62,0.1062,1,0,Sí,5
C02490,2023-08-16,,Anual,Transferencia,Streaming,Patagonia,Hogar,27.7,0.0392,2,0,No,4
C02491,2023-08-16,2024-09-14,Mes a mes,Tarjeta automática,Streaming,NOA,Hogar,26.3,0.0582,0,0,Sí,4
C02492,2023-08-16,,Anual,Tarjeta automática,Streaming,Centro,Hogar,26.52,0.0191,2,0,Sí,4
C02493,2023-08-16,2025-10-13,Mes a mes,Tarjeta automática,Telefonía móvil,Cuyo,Hogar,34.22,0.0416,1,0,Sí,3
C02494,2023-08-16,2025-12-14,Mes a mes,Tarjeta automática,Internet fibra,AMBA,Profesional,99.63,0.0543,3,0,Sí,1
C02495,2023-08-17,,Dos años,Transferencia,Internet estándar,NOA,PyME,93.63,0.0728,1,0,No,4
C02496,2023-08-17,2024-11-24,Mes a mes,Débito automático,Internet fibra,Centro,Profesional,94.66,0.1309,0,0,Sí,5
C02497,2023-08-17,,Dos años,Tarjeta automática,Telefonía móvil,Patagonia,Profesional,56.63,0.0133,0,0,Sí,4
C02498,2023-08-17,,Mes a mes,Cheque electrónico,Telefonía móvil,NOA,PyME,96.63,0.1061,1,0,No,3
C02499,2023-08-17,,Mes a mes,Débito automático,Internet fibra,Cuyo,Profesional,109.04,0.0556,1,0,Sí,4
C02500,2023-08-17,2024-06-09,Mes a mes,Débito automático,Internet fibra,Patagonia,Hogar,63.54,0.0154,2,0,Sí,3
C02501,2023-08-17,2025-11-12,Mes a mes,Débito automático,Internet estándar,Cuyo,Profesional,40.7,0.098,0,0,Sí,4
C02502,2023-08-17,,Mes a mes,Débito automático,Telefonía móvil,Litoral,Hogar,35.46,0.0692,0,0,Sí,5
C02503,2023-08-17,2024-01-05,Mes a mes,Débito automático,Internet fibra,Centro,Hogar,65.34,0.0444,6,0,Sí,1
C02504,2023-08-18,,Anual,Transferencia,Internet estándar,NOA,Hogar,18.0,0.1145,1,0,No,5
C02505,2023-08-18,,Dos años,Cheque electrónico,Internet estándar,AMBA,Hogar,68.21,0.0086,1,2,No,4
C02506,2023-08-18,,Mes a mes,Tarjeta automática,Streaming,Litoral,PyME,90.16,0.0929,2,0,Sí,4
C02507,2023-08-19,2023-11-02,Mes a mes,Débito automático,Streaming,NOA,Profesional,54.34,0.0165,2,0,Sí,2
C02508,2023-08-19,,Mes a mes,Tarjeta automática,Internet fibra,Patagonia,Hogar,74.86,0.0489,4,1,Sí,3
C02509,2023-08-19,,Anual,Cheque electrónico,Telefonía móvil,Patagonia,Hogar,46.63,0.0597,1,3,No,4
C02510,2023-08-19,,Anual,Tarjeta automática,Internet fibra,Litoral,Profesional,91.35,0.0446,2,0,Sí,2
C02511,2023-08-19,,Mes a mes,Tarjeta automática,Telefonía móvil,NOA,Profesional,68.96,0.0208,0,2,Sí,3
C02512,2023-08-20,2024-02-08,Mes a mes,Cheque electrónico,Internet fibra,NOA,Hogar,80.08,0.0356,0,2,No,3
C02513,2023-08-20,,Mes a mes,Débito automático,Streaming,Centro,Hogar,28.6,0.0649,1,1,Sí,4
C02514,2023-08-20,,Mes a mes,Tarjeta automática,Internet estándar,Litoral,Hogar,49.43,0.0911,1,0,Sí,5
C02515,2023-08-20,2024-09-16,Mes a mes,Tarjeta automática,Streaming,Cuyo,PyME,100.12,0.0226,2,0,Sí,3
C02516,2023-08-20,,Dos años,Débito automático,Internet fibra,Centro,Hogar,79.84,0.0228,1,0,Sí,3
C02517,2023-08-21,2025-02-13,Mes a mes,Cheque electrónico,Internet estándar,Patagonia,Profesional,55.67,0.0518,1,1,No,2
C02518,2023-08-21,,Mes a mes,Débito automático,Internet fibra,AMBA,Hogar,81.7,0.0242,0,0,Sí,3
C02519,2023-08-21,,Mes a mes,Tarjeta automática,Internet estándar,AMBA,PyME,109.38,0.0254,1,0,Sí,3
C02520,2023-08-21,,Anual,Débito automático,Telefonía móvil,AMBA,Hogar,40.41,0.0137,0,0,Sí,4
C02521,2023-08-21,,Mes a mes,Débito automático,Internet estándar,Centro,Profesional,66.43,0.0872,1,0,Sí,4
C02522,2023-08-22,2023-08-09,Mes a mes,Tarjeta automática,Internet estándar,Litoral,Profesional,55.27,0.1131,5,0,Sí,2
C02523,2023-08-22,2024-06-03,Mes a mes,Cheque electrónico,Streaming,NOA,Profesional,48.07,0.0418,1,2,No,3
C02524,2023-08-22,,Anual,Tarjeta automática,Internet estándar,NOA,Profesional,53.64,0.0799,0,1,Sí,4
C02525,2023-08-22,2025-10-14,Mes a mes,Cheque electrónico,Telefonía móvil,NOA,Hogar,39.24,0.0271,1,2,No,3
C02526,2023-08-22,,Dos años,Cheque electrónico,Internet estándar,Patagonia,Hogar,41.64,0.0813,1,1,No,3
C02527,2023-08-22,2024-11-10,Mes a mes,Tarjeta automática,Telefonía móvil,Cuyo,Hogar,52.81,0.0627,1,0,Sí,3
C02528,2023-08-22,2024-06-11,Mes a mes,Transferencia,Telefonía móvil,Patagonia,Profesional,77.05,0.0412,1,0,No,4
C02529,2023-08-22,,Dos años,Transferencia,Internet estándar,Centro,Profesional,54.41,0.0221,0,0,No,5
C02530,2023-08-22,,Anual,Transferencia,Internet estándar,Litoral,Hogar,48.95,0.043,1,0,No,5
C02531,2023-08-23,,Mes a mes,Débito automático,Streaming,AMBA,Profesional,43.59,0.0167,1,0,Sí,3
C02532,2023-08-23,,Dos años,Tarjeta automática,Streaming,NOA,Hogar,34.11,0.0161,1,0,Sí,4
C02533,2023-08-23,,Mes a mes,Tarjeta automática,Internet fibra,NOA,Hogar,79.06,0.0451,2,0,Sí,4
C02534,2023-08-24,,Mes a mes,Transferencia,Internet fibra,Patagonia,Hogar,73.74,0.0746,1,0,No,4
C02535,2023-08-24,,Anual,Tarjeta automática,Internet fibra,Centro,Profesional,97.03,0.061,0,0,Sí,4
C02536,2023-08-24,,Anual,Tarjeta automática,Telefonía móvil,Centro,Hogar,39.64,0.0446,2,0,Sí,4
C02537,2023-08-24,,Mes a mes,Débito automático,Streaming,Patagonia,PyME,101.48,0.0668,2,0,Sí,4
C02538,2023-08-24,,Anual,Tarjeta automática,Internet fibra,Cuyo,Profesional,87.27,0.102,1,0,Sí,4
C02539,2023-08-24,,Mes a mes,Cheque electrónico,Internet estándar,Litoral,Hogar,51.83,0.0544,0,0,No,4
C02540,2023-08-25,,Mes a mes,Cheque electrónico,Telefonía móvil,Cuyo,Hogar,47.61,0.0392,0,2,No,3
C02541,2023-08-25,,Dos años,Cheque electrónico,Telefonía móvil,NOA,Profesional,64.82,0.0693,1,1,No,4
C02542,2023-08-25,2023-11-19,Mes a mes,Tarjeta automática,Internet fibra,AMBA,PyME,129.72,0.0261,0,0,Sí,5
C02543,2023-08-26,,Anual,Débito automático,Internet fibra,Cuyo,Hogar,93.05,0.1027,0,0,Sí,3
C02544,2023-08-27,2023-12-21,Anual,Cheque electrónico,Internet estándar,Centro,Hogar,26.02,0.0199,7,2,No,1
C02545,2023-08-27,,Mes a mes,Débito automático,Streaming,Patagonia,Hogar,18.0,0.015,0,1,Sí,4
C02546,2023-08-28,,Mes a mes,Transferencia,Internet fibra,Centro,Hogar,85.3,0.0522,0,0,No,3
C02547,2023-08-28,2025-11-25,Dos años,Débito automático,Internet fibra,Centro,Hogar,68.32,0.0487,1,0,Sí,4
C02548,2023-08-28,,Anual,Débito automático,Telefonía móvil,Centro,Profesional,49.68,0.0456,0,0,Sí,4
C02549,2023-08-28,2025-01-08,Anual,Tarjeta automática,Internet estándar,NOA,Hogar,43.86,0.0634,5,2,Sí,1
C02550,2023-08-28,,Mes a mes,Transferencia,Internet fibra,Centro,Profesional,87.36,0.0636,0,0,No,5
C02551,2023-08-28,2025-01-25,Mes a mes,Tarjeta automática,Internet estándar,NOA,Hogar,56.01,0.0322,1,1,Sí,5
C02552,2023-08-29,2023-09-01,Mes a mes,Cheque electrónico,Internet fibra,NOA,Hogar,87.95,0.0391,4,0,No,3
C02553,2023-08-29,,Mes a mes,Débito automático,Internet estándar,NOA,PyME,104.97,0.0265,2,0,Sí,3
C02554,2023-08-29,,Mes a mes,Tarjeta automática,Internet estándar,Cuyo,Hogar,60.6,0.0296,1,0,Sí,2
C02555,2023-08-29,,Anual,Transferencia,Internet fibra,Litoral,Hogar,62.75,0.0572,0,0,No,5
C02556,2023-08-30,,Dos años,Débito automático,Internet fibra,Patagonia,Hogar,78.83,0.1047,2,0,Sí,3
C02557,2023-08-30,,Mes a mes,Tarjeta automática,Telefonía móvil,AMBA,Hogar,56.83,0.101,2,0,Sí,3
C02558,2023-08-30,,Mes a mes,Cheque electrónico,Telefonía móvil,AMBA,Profesional,70.75,0.1052,0,1,No,4
C02559,2023-08-31,,Anual,Transferencia,Internet fibra,Centro,Profesional,111.8,0.0176,1,1,No,5
C02560,2023-08-31,2025-07-02,Mes a mes,Transferencia,Streaming,NOA,Profesional,40.51,0.0382,3,0,No,4
C02561,2023-08-31,,Dos años,Cheque electrónico,Internet fibra,AMBA,PyME,143.09,0.0225,0,1,No,5
C02562,2023-08-31,,Mes a mes,Débito automático,Telefonía móvil,Patagonia,Hogar,37.31,0.0241,0,0,Sí,5
C02563,2023-08-31,2024-03-09,Mes a mes,Débito automático,Telefonía móvil,NOA,Hogar,48.55,0.0361,4,1,Sí,2
C02564,2023-08-31,,Mes a mes,Tarjeta automática,Streaming,NOA,Hogar,43.42,0.0288,1,1,Sí,3
C02565,2023-09-01,2024-06-07,Dos años,Tarjeta automática,Streaming,Litoral,Profesional,38.27,0.0808,3,1,Sí,3
C02566,2023-09-02,2023-09-09,Mes a mes,Débito automático,Internet estándar,Litoral,Hogar,28.59,0.0471,4,1,Sí,2
C02567,2023-09-02,,Anual,Débito automático,Internet fibra,Patagonia,Hogar,98.32,0.0483,2,1,Sí,3
C02568,2023-09-02,2024-09-02,Mes a mes,Transferencia,Internet estándar,Litoral,PyME,109.37,0.1473,1,0,No,4
C02569,2023-09-02,,Mes a mes,Débito automático,Internet fibra,Patagonia,Hogar,76.82,0.0447,0,0,Sí,5
C02570,2023-09-03,2023-12-24,Dos años,Transferencia,Streaming,Cuyo,Hogar,27.22,0.0819,0,2,No,5
C02571,2023-09-04,2023-12-04,Mes a mes,Cheque electrónico,Internet estándar,NOA,Hogar,25.94,0.0625,5,1,No,2
C02572,2023-09-04,2024-02-09,Mes a mes,Cheque electrónico,Internet fibra,Cuyo,Hogar,80.3,0.0519,1,1,No,3
C02573,2023-09-04,,Mes a mes,Débito automático,Streaming,Centro,Hogar,23.16,0.0704,1,1,Sí,2
C02574,2023-09-05,,Dos años,Cheque electrónico,Telefonía móvil,Patagonia,Hogar,42.58,0.0217,0,1,No,5
C02575,2023-09-05,2025-09-20,Mes a mes,Cheque electrónico,Streaming,Litoral,Hogar,29.33,0.0398,0,1,No,4
C02576,2023-09-05,,Mes a mes,Tarjeta automática,Internet estándar,AMBA,Profesional,29.84,0.0981,2,0,Sí,3
C02577,2023-09-05,,Dos años,Débito automático,Telefonía móvil,AMBA,Hogar,47.39,0.1489,1,0,Sí,2
C02578,2023-09-05,2023-11-16,Anual,Tarjeta automática,Internet fibra,AMBA,Profesional,98.08,0.01,1,0,Sí,4
C02579,2023-09-06,,Dos años,Transferencia,Streaming,Litoral,Profesional,50.56,0.0407,1,0,No,4
C02580,2023-09-06,,Anual,Débito automático,Internet estándar,NOA,Profesional,64.98,0.0327,0,1,Sí,4
C02581,2023-09-06,,Anual,Débito automático,Internet fibra,Centro,PyME,133.54,0.0099,1,0,Sí,4
C02582,2023-09-06,,Mes a mes,Transferencia,Telefonía móvil,AMBA,Hogar,43.9,0.0325,0,0,No,5
C02583,2023-09-07,,Mes a mes,Débito automático,Internet estándar,NOA,Hogar,52.02,0.005,1,0,Sí,3
C02584,2023-09-08,,Anual,Débito automático,Internet estándar,Patagonia,Hogar,54.23,0.1161,1,0,Sí,5
C02585,2023-09-09,,Anual,Cheque electrónico,Internet fibra,Litoral,Hogar,81.11,0.0209,1,2,No,3
C02586,2023-09-09,,Dos años,Cheque electrónico,Telefonía móvil,Centro,Profesional,80.35,0.0254,0,1,No,3
C02587,2023-09-09,,Mes a mes,Transferencia,Telefonía móvil,Patagonia,Hogar,34.01,0.0468,0,0,No,4
C02588,2023-09-09,,Mes a mes,Tarjeta automática,Internet fibra,Cuyo,Hogar,73.88,0.0219,0,1,Sí,5
C02589,2023-09-09,,Mes a mes,Tarjeta automática,Internet estándar,Centro,Hogar,67.62,0.0389,0,0,Sí,4
C02590,2023-09-09,,Anual,Tarjeta automática,Internet fibra,Centro,PyME,131.3,0.0386,1,1,Sí,3
C02591,2023-09-09,,Mes a mes,Débito automático,Streaming,AMBA,Hogar,39.25,0.0144,0,0,Sí,3
C02592,2023-09-09,,Anual,Tarjeta automática,Internet estándar,Cuyo,Hogar,50.49,0.0743,2,0,Sí,4
C02593,2023-09-10,,Anual,Cheque electrónico,Internet fibra,Patagonia,PyME,130.49,0.0292,0,3,No,3
C02594,2023-09-10,2023-11-15,Mes a mes,Transferencia,Internet estándar,Patagonia,Profesional,77.85,0.071,2,1,No,3
C02595,2023-09-10,2025-05-12,Mes a mes,Débito automático,Telefonía móvil,Patagonia,Hogar,47.7,0.0356,0,1,Sí,5
C02596,2023-09-10,2025-12-27,Anual,Tarjeta automática,Internet estándar,NOA,Hogar,32.13,0.0136,1,0,Sí,3
C02597,2023-09-10,,Dos años,Débito automático,Internet fibra,NOA,Profesional,97.91,0.0074,3,1,Sí,3
C02598,2023-09-10,,Mes a mes,Débito automático,Telefonía móvil,Centro,Hogar,31.05,0.0503,2,0,Sí,4
C02599,2023-09-11,2024-09-18,Anual,Transferencia,Internet fibra,Cuyo,PyME,146.98,0.1102,0,0,No,5
C02600,2023-09-12,,Mes a mes,Tarjeta automática,Internet estándar,Cuyo,Profesional,86.29,0.0235,0,1,Sí,3
C02601,2023-09-12,,Mes a mes,Cheque electrónico,Internet estándar,Patagonia,Hogar,69.61,0.0153,0,3,No,4
C02602,2023-09-12,2025-03-22,Mes a mes,Tarjeta automática,Internet fibra,NOA,Profesional,99.93,0.0889,0,1,Sí,4
C02603,2023-09-12,,Dos años,Tarjeta automática,Internet fibra,NOA,PyME,127.92,0.1154,2,0,Sí,3
C02604,2023-09-12,2025-04-24,Dos años,Cheque electrónico,Internet fibra,AMBA,Hogar,81.54,0.0662,4,3,No,2
C02605,2023-09-13,,Mes a mes,Tarjeta automática,Internet fibra,Litoral,Hogar,67.66,0.0168,0,0,Sí,3
C02606,2023-09-13,,Mes a mes,Tarjeta automática,Internet estándar,AMBA,Profesional,92.8,0.0213,0,1,Sí,4
C02607,2023-09-13,,Mes a mes,Transferencia,Telefonía móvil,Centro,Hogar,55.14,0.1204,0,1,No,4
C02608,2023-09-13,,Anual,Débito automático,Internet fibra,Cuyo,Profesional,99.35,0.1233,0,0,Sí,5
C02609,2023-09-13,,Mes a mes,Tarjeta automática,Streaming,Litoral,Hogar,39.97,0.0758,0,0,Sí,3
C02610,2023-09-13,,Anual,Tarjeta automática,Internet estándar,Patagonia,Hogar,43.59,0.0046,0,0,Sí,5
C02611,2023-09-13,,Mes a mes,Tarjeta automática,Internet fibra,NOA,Hogar,65.81,0.0924,1,1,Sí,3
C02612,2023-09-13,,Anual,Débito automático,Internet estándar,Cuyo,Profesional,42.65,0.0754,4,0,Sí,3
C02613,2023-09-14,2024-03-22,Mes a mes,Tarjeta automática,Internet fibra,Litoral,Hogar,78.91,0.0215,3,0,Sí,2
C02614,2023-09-14,,Anual,Transferencia,Streaming,AMBA,Hogar,26.71,0.0514,0,0,No,4
C02615,2023-09-14,,Anual,Cheque electrónico,Internet estándar,AMBA,Hogar,54.71,0.0758,1,1,No,3
C02616,2023-09-14,2024-09-19,Mes a mes,Tarjeta automática,Streaming,NOA,Hogar,29.14,0.0746,2,1,Sí,3
C02617,2023-09-14,2025-11-23,Mes a mes,Débito automático,Telefonía móvil,NOA,Hogar,47.21,0.0586,0,3,Sí,4
C02618,2023-09-14,,Anual,Tarjeta automática,Internet fibra,NOA,PyME,141.92,0.0883,0,0,Sí,5
C02619,2023-09-15,,Anual,Tarjeta automática,Telefonía móvil,Centro,Profesional,43.94,0.0059,2,2,Sí,3
C02620,2023-09-15,2024-05-20,Mes a mes,Tarjeta automática,Internet fibra,Litoral,Hogar,87.56,0.0829,0,0,Sí,5
C02621,2023-09-15,,Mes a mes,Cheque electrónico,Internet fibra,Centro,Hogar,73.53,0.0697,0,1,No,5
C02622,2023-09-15,,Mes a mes,Débito automático,Internet fibra,Patagonia,PyME,138.69,0.0283,1,2,Sí,3
C02623,2023-09-15,2024-01-27,Anual,Débito automático,Telefonía móvil,Cuyo,PyME,108.24,0.0579,2,1,Sí,3
C02624,2023-09-16,,Anual,Transferencia,Streaming,NOA,Profesional,58.32,0.0926,0,0,No,4
C02625,2023-09-16,2024-05-24,Mes a mes,Cheque electrónico,Telefonía móvil,Cuyo,Hogar,43.42,0.0482,0,0,No,5
C02626,2023-09-16,,Anual,Tarjeta automática,Streaming,Litoral,Hogar,30.96,0.0632,0,0,Sí,4
C02627,2023-09-16,,Anual,Tarjeta automática,Internet estándar,Litoral,Hogar,58.81,0.0202,0,0,Sí,5
C02628,2023-09-17,,Anual,Cheque electrónico,Telefonía móvil,Patagonia,Hogar,25.49,0.1009,0,0,No,4
C02629,2023-09-17,,Mes a mes,Débito automático,Telefonía móvil,AMBA,Hogar,31.53,0.0867,1,1,Sí,3
C02630,2023-09-17,2023-10-05,Mes a mes,Transferencia,Telefonía móvil,Cuyo,PyME,93.93,0.1035,1,1,No,4
C02631,2023-09-17,,Mes a mes,Transferencia,Internet estándar,Cuyo,Hogar,34.34,0.0997,3,0,No,3
C02632,2023-09-17,2024-01-17,Mes a mes,Débito automático,Telefonía móvil,Centro,Hogar,39.01,0.0344,3,1,Sí,2
C02633,2023-09-17,,Mes a mes,Tarjeta automática,Internet fibra,Patagonia,PyME,129.41,0.0977,0,0,Sí,4
C02634,2023-09-18,2025-03-05,Mes a mes,Tarjeta automática,Telefonía móvil,Patagonia,PyME,97.96,0.0754,3,0,Sí,4
C02635,2023-09-18,2025-11-27,Mes a mes,Débito automático,Telefonía móvil,AMBA,Hogar,41.37,0.1288,2,0,Sí,2
C02636,2023-09-18,,Anual,Débito automático,Streaming,Patagonia,Hogar,40.76,0.0571,1,1,Sí,4
C02637,2023-09-19,2024-05-13,Mes a mes,Transferencia,Internet fibra,NOA,Profesional,102.3,0.0368,1,0,No,5
C02638,2023-09-19,,Anual,Transferencia,Internet fibra,Centro,PyME,132.22,0.1006,0,0,No,4
C02639,2023-09-19,2024-07-04,Mes a mes,Cheque electrónico,Telefonía móvil,Litoral,Hogar,38.33,0.0769,3,0,No,3
C02640,2023-09-19,2023-09-08,Mes a mes,Cheque electrónico,Telefonía móvil,Litoral,Hogar,41.48,0.0117,0,0,No,4
C02641,2023-09-19,,Mes a mes,Transferencia,Streaming,AMBA,Profesional,46.67,0.0724,0,0,No,4
C02642,2023-09-19,,Anual,Tarjeta automática,Telefonía móvil,Patagonia,Profesional,87.71,0.052,1,1,Sí,3
C02643,2023-09-20,,Anual,Débito automático,Internet estándar,Patagonia,Hogar,32.97,0.077,1,0,Sí,5
C02644,2023-09-20,,Mes a mes,Transferencia,Telefonía móvil,Centro,Hogar,31.81,0.0866,0,1,No,4
C02645,2023-09-20,,Anual,Transferencia,Internet fibra,Centro,Profesional,84.2,0.0207,0,0,No,4
C02646,2023-09-21,2023-09-15,Mes a mes,Tarjeta automática,Internet fibra,Patagonia,Profesional,98.96,0.1174,2,1,Sí,2
C02647,2023-09-21,,Anual,Débito automático,Internet estándar,Patagonia,Hogar,51.53,0.0539,0,0,Sí,5
C02648,2023-09-21,2024-03-21,Mes a mes,Débito automático,Internet estándar,AMBA,Profesional,60.7,0.059,0,0,Sí,3
C02649,2023-09-21,,Mes a mes,Débito automático,Internet estándar,Cuyo,Profesional,76.86,0.0242,1,0,Sí,4
C02650,2023-09-21,2024-01-13,Mes a mes,Cheque electrónico,Telefonía móvil,Litoral,Hogar,46.07,0.0522,0,2,No,2
C02651,2023-09-22,,Dos años,Débito automático,Internet fibra,AMBA,Hogar,88.32,0.1238,0,0,Sí,4
C02652,2023-09-22,,Mes a mes,Débito automático,Streaming,NOA,Hogar,42.24,0.0524,0,0,Sí,4
C02653,2023-09-22,,Anual,Débito automático,Internet fibra,Centro,PyME,109.56,0.1516,1,1,Sí,3
C02654,2023-09-22,,Mes a mes,Débito automático,Telefonía móvil,NOA,Hogar,49.54,0.046,1,0,Sí,3
C02655,2023-09-23,,Mes a mes,Tarjeta automática,Internet fibra,AMBA,Profesional,81.81,0.0165,2,0,Sí,3
C02656,2023-09-23,2024-10-27,Mes a mes,Transferencia,Streaming,NOA,Hogar,31.74,0.0658,4,0,No,3
C02657,2023-09-23,,Dos años,Débito automático,Streaming,AMBA,PyME,83.2,0.0632,3,0,Sí,2
C02658,2023-09-23,,Anual,Transferencia,Internet estándar,Patagonia,PyME,103.67,0.0203,3,0,No,4
C02659,2023-09-23,,Mes a mes,Tarjeta automática,Internet fibra,Cuyo,PyME,119.75,0.0104,1,1,Sí,5
C02660,2023-09-25,,Anual,Cheque electrónico,Internet fibra,Cuyo,Profesional,107.34,0.0187,4,1,No,2
C02661,2023-09-25,2025-02-03,Mes a mes,Transferencia,Internet estándar,AMBA,Hogar,34.8,0.0638,0,0,No,5
C02662,2023-09-25,,Mes a mes,Débito automático,Internet fibra,Patagonia,Hogar,86.26,0.0402,2,0,Sí,4
C02663,2023-09-25,2025-10-26,Mes a mes,Tarjeta automática,Internet fibra,Litoral,Hogar,62.25,0.0565,2,0,Sí,4
C02664,2023-09-26,2023-10-08,Mes a mes,Débito automático,Streaming,Centro,Hogar,28.8,0.0203,4,0,Sí,1
C02665,2023-09-26,,Mes a mes,Transferencia,Internet fibra,Cuyo,Hogar,97.85,0.0771,2,0,No,4
C02666,2023-09-26,,Anual,Transferencia,Internet fibra,Litoral,Hogar,103.98,0.0102,1,0,No,4
C02667,2023-09-27,2024-01-25,Mes a mes,Transferencia,Internet estándar,Patagonia,Hogar,31.19,0.0351,0,0,No,4
C02668,2023-09-27,2024-03-03,Dos años,Cheque electrónico,Internet estándar,Litoral,Profesional,59.25,0.0691,1,2,No,5
C02669,2023-09-27,2024-11-01,Anual,Débito automático,Internet estándar,AMBA,Hogar,43.25,0.0889,0,0,Sí,5
C02670,2023-09-27,,Anual,Transferencia,Streaming,Litoral,Hogar,53.81,0.0106,0,0,No,3
C02671,2023-09-28,,Anual,Débito automático,Streaming,Cuyo,Hogar,28.25,0.0406,0,1,Sí,4
C02672,2023-09-28,,Dos años,Transferencia,Internet estándar,Cuyo,Hogar,60.82,0.029,2,0,No,3
C02673,2023-09-28,,Mes a mes,Débito automático,Internet estándar,Cuyo,PyME,107.3,0.0288,0,1,Sí,4
C02674,2023-09-28,2025-04-18,Mes a mes,Transferencia,Internet fibra,Cuyo,Hogar,64.81,0.0253,4,0,No,2
C02675,2023-09-28,,Mes a mes,Tarjeta automática,Streaming,Centro,Profesional,26.54,0.0743,2,1,Sí,2
C02676,2023-09-29,,Dos años,Tarjeta automática,Internet estándar,Centro,Hogar,42.26,0.0462,0,0,Sí,5
C02677,2023-09-29,2025-09-01,Mes a mes,Tarjeta automática,Telefonía móvil,Patagonia,Hogar,67.49,0.0412,0,0,Sí,5
C02678,2023-09-29,,Anual,Cheque electrónico,Streaming,Centro,Profesional,49.83,0.0691,4,1,No,2
C02679,2023-09-29,2025-11-23,Anual,Débito automático,Streaming,Patagonia,Hogar,40.6,0.0909,1,1,Sí,3
C02680,2023-09-29,,Mes a mes,Débito automático,Internet estándar,Cuyo,Profesional,51.4,0.0427,0,0,Sí,5
C02681,2023-09-29,2025-01-18,Dos años,Débito automático,Telefonía móvil,Litoral,PyME,93.42,0.0574,1,0,Sí,3
C02682,2023-09-30,2024-02-11,Mes a mes,Débito automático,Internet estándar,AMBA,Hogar,57.57,0.063,1,0,Sí,5
C02683,2023-09-30,2025-07-20,Mes a mes,Cheque electrónico,Internet estándar,Centro,Profesional,55.0,0.07,0,2,No,4
C02684,2023-09-30,2024-07-18,Anual,Cheque electrónico,Telefonía móvil,NOA,Hogar,41.3,0.064,4,1,No,1
C02685,2023-09-30,,Mes a mes,Cheque electrónico,Streaming,Patagonia,Hogar,19.32,0.0438,0,0,No,4
C02686,2023-10-01,,Mes a mes,Cheque electrónico,Internet estándar,AMBA,Hogar,58.09,0.0504,1,2,No,3
C02687,2023-10-01,2023-12-09,Mes a mes,Tarjeta automática,Internet fibra,NOA,Hogar,82.38,0.0041,6,0,Sí,1
C02688,2023-10-01,,Mes a mes,Tarjeta automática,Internet fibra,NOA,PyME,140.52,0.0249,1,0,Sí,3
C02689,2023-10-01,2024-03-16,Anual,Transferencia,Telefonía móvil,AMBA,Hogar,51.58,0.0223,1,0,No,4
C02690,2023-10-01,2025-11-24,Dos años,Transferencia,Internet fibra,Centro,Profesional,93.5,0.0673,1,1,No,2
C02691,2023-10-01,,Mes a mes,Tarjeta automática,Internet fibra,Centro,Hogar,89.04,0.0538,0,0,Sí,5
C02692,2023-10-01,,Mes a mes,Transferencia,Internet fibra,NOA,Hogar,71.51,0.1205,1,0,No,4
C02693,2023-10-01,2023-10-03,Mes a mes,Tarjeta automática,Telefonía móvil,NOA,Hogar,48.88,0.0623,1,0,Sí,3
C02694,2023-10-02,2024-02-06,Dos años,Tarjeta automática,Internet estándar,Patagonia,Profesional,45.32,0.0638,0,0,Sí,4
C02695,2023-10-02,,Anual,Tarjeta automática,Internet estándar,Centro,Profesional,58.79,0.0381,1,1,Sí,3
C02696,2023-10-02,,Mes a mes,Cheque electrónico,Telefonía móvil,NOA,PyME,122.47,0.0405,0,2,No,4
C02697,2023-10-02,,Mes a mes,Transferencia,Internet estándar,NOA,Hogar,55.72,0.0203,0,0,No,4
C02698,2023-10-02,,Dos años,Débito automático,Telefonía móvil,NOA,Hogar,48.72,0.0159,5,1,Sí,1
C02699,2023-10-02,,Dos años,Cheque electrónico,Streaming,Cuyo,Hogar,19.94,0.0542,0,1,No,4
C02700,2023-10-03,2025-07-27,Mes a mes,Cheque electrónico,Internet estándar,Patagonia,Profesional,54.96,0.0999,0,1,No,4
C02701,2023-10-03,,Anual,Débito automático,Telefonía móvil,Patagonia,Hogar,39.09,0.0723,1,1,Sí,5
C02702,2023-10-03,2025-01-27,Mes a mes,Cheque electrónico,Telefonía móvil,AMBA,Hogar,41.26,0.075,1,2,No,4
C02703,2023-10-03,,Mes a mes,Tarjeta automática,Internet fibra,Litoral,Profesional,117.06,0.1254,0,0,Sí,4
C02704,2023-10-04,,Anual,Débito automático,Internet fibra,Litoral,Hogar,89.21,0.054,2,0,Sí,4
C02705,2023-10-04,2025-10-05,Mes a mes,Tarjeta automática,Telefonía móvil,Litoral,Profesional,61.2,0.0361,1,0,Sí,5
C02706,2023-10-04,,Mes a mes,Débito automático,Internet estándar,Cuyo,PyME,104.72,0.0858,0,0,Sí,5
C02707,2023-10-05,,Dos años,Débito automático,Internet estándar,Patagonia,Hogar,57.34,0.0332,2,0,Sí,4
C02708,2023-10-05,,Anual,Tarjeta automática,Internet fibra,NOA,Hogar,63.49,0.0205,1,0,Sí,4
C02709,2023-10-05,2024-10-11,Mes a mes,Débito automático,Telefonía móvil,Litoral,PyME,75.87,0.0572,3,0,Sí,3
C02710,2023-10-05,2025-09-24,Anual,Transferencia,Streaming,NOA,Profesional,55.18,0.0289,0,1,No,5
C02711,2023-10-05,,Anual,Transferencia,Telefonía móvil,Patagonia,Hogar,42.79,0.0907,1,1,No,3
C02712,2023-10-05,,Mes a mes,Tarjeta automática,Internet estándar,Centro,Profesional,52.57,0.0119,1,1,Sí,3
C02713,2023-10-05,,Dos años,Tarjeta automática,Telefonía móvil,Patagonia,Hogar,18.96,0.0864,0,0,Sí,5
C02714,2023-10-05,2024-01-08,Anual,Débito automático,Internet estándar,Patagonia,Profesional,76.83,0.0833,5,0,Sí,2
C02715,2023-10-06,2024-03-15,Mes a mes,Cheque electrónico,Streaming,NOA,Hogar,23.26,0.0655,1,0,No,4
C02716,2023-10-06,,Mes a mes,Cheque electrónico,Streaming,Cuyo,Hogar,33.4,0.0968,0,1,No,5
C02717,2023-10-06,2025-02-24,Anual,Tarjeta automática,Internet estándar,AMBA,Profesional,64.1,0.0643,4,1,Sí,1
C02718,2023-10-07,,Dos años,Transferencia,Internet estándar,Patagonia,Hogar,48.62,0.0199,1,0,No,5
C02719,2023-10-07,2025-08-17,Mes a mes,Débito automático,Internet fibra,Litoral,PyME,126.49,0.105,1,0,Sí,3
C02720,2023-10-07,2024-04-27,Mes a mes,Cheque electrónico,Internet estándar,Litoral,Profesional,66.16,0.0475,0,2,No,4
C02721,2023-10-07,2024-04-09,Anual,Tarjeta automática,Streaming,Patagonia,PyME,90.35,0.1251,5,1,Sí,1
C02722,2023-10-07,2023-11-18,Mes a mes,Débito automático,Internet fibra,Litoral,Hogar,74.97,0.0697,0,0,Sí,4
C02723,2023-10-07,,Mes a mes,Transferencia,Streaming,AMBA,Hogar,25.34,0.1185,2,0,No,4
C02724,2023-10-07,,Dos años,Tarjeta automática,Internet fibra,NOA,Hogar,84.68,0.0646,0,0,Sí,5
C02725,2023-10-08,,Anual,Tarjeta automática,Internet fibra,Centro,Hogar,85.42,0.0356,0,0,Sí,4
C02726,2023-10-08,,Dos años,Tarjeta automática,Streaming,Centro,Hogar,18.0,0.024,0,1,Sí,4
C02727,2023-10-08,,Anual,Débito automático,Internet fibra,Patagonia,Hogar,77.68,0.0184,0,1,Sí,4
C02728,2023-10-08,,Mes a mes,Transferencia,Telefonía móvil,Patagonia,Hogar,36.24,0.1233,0,0,No,3
C02729,2023-10-08,,Dos años,Transferencia,Telefonía móvil,Litoral,PyME,97.15,0.0831,1,0,No,5
C02730,2023-10-09,,Mes a mes,Tarjeta automática,Internet estándar,Patagonia,Hogar,64.77,0.0395,1,0,Sí,4
C02731,2023-10-09,2023-12-10,Mes a mes,Cheque electrónico,Internet estándar,AMBA,Hogar,52.95,0.0304,0,1,No,3
C02732,2023-10-09,,Dos años,Débito automático,Internet fibra,Centro,Profesional,119.81,0.1569,0,0,Sí,5
C02733,2023-10-09,,Anual,Cheque electrónico,Telefonía móvil,Centro,Hogar,44.42,0.0576,1,2,No,3
C02734,2023-10-09,,Dos años,Tarjeta automática,Internet fibra,Cuyo,Profesional,94.17,0.0811,1,1,Sí,3
C02735,2023-10-10,2025-08-22,Mes a mes,Cheque electrónico,Telefonía móvil,Cuyo,Profesional,59.78,0.0178,1,0,No,3
C02736,2023-10-10,,Dos años,Cheque electrónico,Telefonía móvil,AMBA,Profesional,61.57,0.0229,4,1,No,1
C02737,2023-10-10,,Anual,Cheque electrónico,Internet fibra,Patagonia,Profesional,99.55,0.0099,1,1,No,3
C02738,2023-10-10,,Anual,Cheque electrónico,Streaming,Litoral,Profesional,36.09,0.1062,2,2,No,2
C02739,2023-10-10,,Dos años,Débito automático,Internet estándar,Cuyo,PyME,101.44,0.099,0,2,Sí,3
C02740,2023-10-10,,Mes a mes,Transferencia,Internet estándar,NOA,Hogar,41.03,0.078,0,0,No,4
C02741,2023-10-11,,Anual,Débito automático,Internet fibra,Cuyo,Hogar,89.33,0.0415,0,0,Sí,5
C02742,2023-10-11,2024-10-09,Anual,Débito automático,Streaming,AMBA,Profesional,25.82,0.0914,2,0,Sí,3
C02743,2023-10-11,,Anual,Cheque electrónico,Internet fibra,NOA,Hogar,79.73,0.0271,1,0,No,4
C02744,2023-10-12,,Dos años,Tarjeta automática,Telefonía móvil,AMBA,Hogar,25.3,0.0331,2,0,Sí,4
C02745,2023-10-12,,Anual,Débito automático,Internet estándar,AMBA,Hogar,53.75,0.0896,1,2,Sí,5
C02746,2023-10-12,2023-12-06,Mes a mes,Cheque electrónico,Streaming,Cuyo,Hogar,24.61,0.1027,1,1,No,4
C02747,2023-10-12,,Mes a mes,Tarjeta automática,Telefonía móvil,Litoral,Hogar,22.02,0.0372,0,0,Sí,5
C02748,2023-10-12,,Dos años,Tarjeta automática,Streaming,Centro,Profesional,57.36,0.0193,3,0,Sí,3
C02749,2023-10-12,,Dos años,Tarjeta automática,Internet estándar,NOA,Hogar,21.32,0.0619,0,0,Sí,5
C02750,2023-10-12,,Dos años,Transferencia,Internet estándar,Centro,Hogar,48.65,0.0462,1,0,No,2
C02751,2023-10-13,2024-02-25,Mes a mes,Cheque electrónico,Internet estándar,NOA,Profesional,74.6,0.0351,1,0,No,3
C02752,2023-10-13,,Mes a mes,Tarjeta automática,Internet estándar,Litoral,Profesional,82.14,0.018,1,2,Sí,4
C02753,2023-10-13,2024-08-05,Anual,Transferencia,Telefonía móvil,Centro,Hogar,24.29,0.0417,1,2,No,3
C02754,2023-10-13,2025-08-17,Anual,Débito automático,Internet fibra,Cuyo,Hogar,72.32,0.0384,4,0,Sí,1
C02755,2023-10-13,2023-11-17,Mes a mes,Transferencia,Internet estándar,AMBA,Hogar,60.92,0.053,0,0,No,4
C02756,2023-10-14,,Anual,Transferencia,Telefonía móvil,NOA,Profesional,72.66,0.0984,0,0,No,5
C02757,2023-10-14,,Mes a mes,Cheque electrónico,Internet estándar,Litoral,Hogar,63.09,0.0678,0,1,No,5
C02758,2023-10-14,,Mes a mes,Débito automático,Telefonía móvil,Cuyo,PyME,125.18,0.0078,0,1,Sí,4
C02759,2023-10-14,2023-10-13,Mes a mes,Tarjeta automática,Internet fibra,Patagonia,Profesional,90.4,0.078,0,0,Sí,3
C02760,2023-10-14,2025-08-18,Mes a mes,Débito automático,Internet fibra,Litoral,Hogar,82.1,0.0549,4,0,Sí,2
C02761,2023-10-15,2024-01-09,Mes a mes,Débito automático,Streaming,Litoral,Hogar,25.2,0.0121,6,1,Sí,1
C02762,2023-10-15,,Dos años,Débito automático,Internet estándar,Cuyo,PyME,82.27,0.0628,1,0,Sí,4
C02763,2023-10-15,,Anual,Tarjeta automática,Telefonía móvil,Cuyo,PyME,96.01,0.0234,2,0,Sí,4
C02764,2023-10-15,,Dos años,Tarjeta automática,Internet estándar,Centro,Hogar,27.06,0.0634,0,1,Sí,4
C02765,2023-10-15,2023-11-12,Mes a mes,Cheque electrónico,Internet fibra,Patagonia,Hogar,72.27,0.0858,2,1,No,2
C02766,2023-10-15,,Mes a mes,Tarjeta automática,Internet estándar,Cuyo,Profesional,50.85,0.0195,1,0,Sí,5
C02767,2023-10-16,2025-07-17,Mes a mes,Transferencia,Internet estándar,Cuyo,Profesional,71.83,0.1081,3,1,No,3
C02768,2023-10-16,,Anual,Transferencia,Streaming,Patagonia,Hogar,20.44,0.0494,1,0,No,3
C02769,2023-10-17,,Mes a mes,Tarjeta automática,Internet fibra,Litoral,Hogar,58.36,0.0487,0,0,Sí,5
C02770,2023-10-17,,Anual,Tarjeta automática,Internet estándar,NOA,PyME,113.52,0.0217,0,2,Sí,4
C02771,2023-10-17,,Anual,Débito automático,Telefonía móvil,Centro,Hogar,35.36,0.0374,2,0,Sí,3
C02772,2023-10-17,,Dos años,Débito automático,Internet estándar,AMBA,Hogar,44.25,0.0334,0,0,Sí,5
C02773,2023-10-18,2025-08-21,Mes a mes,Débito automático,Streaming,Cuyo,Hogar,18.24,0.0012,3,1,Sí,3
C02774,2023-10-18,2025-01-01,Mes a mes,Transferencia,Internet fibra,Litoral,Hogar,90.64,0.0715,0,3,No,4
C02775,2023-10-18,,Mes a mes,Tarjeta automática,Telefonía móvil,Patagonia,Hogar,44.98,0.0137,1,0,Sí,4
C02776,2023-10-18,,Mes a mes,Tarjeta automática,Internet fibra,Litoral,Hogar,71.26,0.0269,0,0,Sí,3
C02777,2023-10-18,,Anual,Tarjeta automática,Internet estándar,NOA,Hogar,27.95,0.1111,0,0,Sí,3
C02778,2023-10-19,,Mes a mes,Débito automático,Internet fibra,AMBA,Hogar,105.62,0.0866,0,0,Sí,4
C02779,2023-10-19,,Anual,Débito automático,Internet fibra,Litoral,Hogar,99.77,0.0049,0,1,Sí,2
C02780,2023-10-19,,Mes a mes,Cheque electrónico,Internet estándar,Patagonia,Hogar,64.87,0.0825,2,2,No,3
C02781,2023-10-20,,Dos años,Tarjeta automática,Internet fibra,Litoral,Hogar,70.27,0.0159,0,0,Sí,4
C02782,2023-10-20,,Dos años,Débito automático,Telefonía móvil,Centro,Hogar,36.49,0.0707,2,1,Sí,3
C02783,2023-10-20,,Mes a mes,Débito automático,Internet fibra,Patagonia,Hogar,82.41,0.0312,0,0,Sí,5
C02784,2023-10-20,,Dos años,Transferencia,Telefonía móvil,NOA,Profesional,50.17,0.039,3,0,No,2
C02785,2023-10-21,,Mes a mes,Transferencia,Internet estándar,Centro,Hogar,38.12,0.0281,0,0,No,4
C02786,2023-10-21,,Anual,Tarjeta automática,Internet fibra,Litoral,Profesional,112.04,0.0567,1,0,Sí,3
C02787,2023-10-21,,Dos años,Transferencia,Internet estándar,Patagonia,Hogar,48.39,0.0419,0,1,No,5
C02788,2023-10-21,,Anual,Débito automático,Internet fibra,AMBA,Hogar,65.68,0.0856,1,0,Sí,3
C02789,2023-10-22,,Anual,Transferencia,Telefonía móvil,AMBA,Hogar,52.48,0.0389,1,0,No,5
C02790,2023-10-22,2025-04-18,Mes a mes,Tarjeta automática,Internet fibra,Patagonia,Hogar,71.69,0.1029,0,0,Sí,4
C02791,2023-10-22,,Anual,Transferencia,Telefonía móvil,Patagonia,Hogar,20.23,0.0893,1,1,No,4
C02792,2023-10-23,2024-09-25,Anual,Transferencia,Internet fibra,AMBA,Profesional,83.52,0.0079,0,0,No,5
C02793,2023-10-23,,Mes a mes,Transferencia,Internet fibra,Litoral,Hogar,72.32,0.0861,1,0,No,5
C02794,2023-10-23,,Mes a mes,Tarjeta automática,Internet fibra,Patagonia,Hogar,80.42,0.0039,0,0,Sí,3
C02795,2023-10-23,,Anual,Transferencia,Streaming,NOA,Hogar,30.89,0.0715,1,0,No,3
C02796,2023-10-23,,Anual,Transferencia,Internet estándar,Patagonia,PyME,117.51,0.1159,1,2,No,3
C02797,2023-10-23,2023-10-05,Mes a mes,Débito automático,Telefonía móvil,Centro,Hogar,39.39,0.2287,7,0,Sí,1
C02798,2023-10-23,,Dos años,Débito automático,Internet estándar,Litoral,Hogar,43.88,0.0352,0,0,Sí,4
C02799,2023-10-24,,Anual,Tarjeta automática,Internet fibra,Patagonia,Hogar,91.7,0.0335,0,0,Sí,5
C02800,2023-10-24,2024-11-22,Mes a mes,Tarjeta automática,Telefonía móvil,Centro,PyME,107.77,0.1095,2,1,Sí,2
C02801,2023-10-24,2023-12-04,Mes a mes,Transferencia,Internet estándar,AMBA,PyME,101.65,0.0107,3,0,No,2
C02802,2023-10-24,,Anual,Débito automático,Telefonía móvil,Cuyo,Hogar,45.21,0.0493,1,1,Sí,3
C02803,2023-10-24,,Anual,Transferencia,Internet estándar,Patagonia,Hogar,43.77,0.0966,3,0,No,3
C02804,2023-10-25,,Mes a mes,Transferencia,Streaming,Litoral,Profesional,34.22,0.0597,1,1,No,4
C02805,2023-10-25,,Mes a mes,Transferencia,Internet fibra,Litoral,Hogar,102.17,0.0717,0,0,No,5
C02806,2023-10-25,,Anual,Transferencia,Telefonía móvil,Litoral,Hogar,36.04,0.0672,1,0,No,3
C02807,2023-10-25,,Anual,Transferencia,Internet fibra,NOA,Hogar,81.24,0.0558,1,0,No,3
C02808,2023-10-26,,Anual,Débito automático,Telefonía móvil,Litoral,Hogar,25.33,0.0528,0,0,Sí,5
C02809,2023-10-26,,Mes a mes,Tarjeta automática,Internet fibra,AMBA,Hogar,86.1,0.0697,0,1,Sí,4
C02810,2023-10-26,,Anual,Cheque electrónico,Telefonía móvil,Cuyo,Hogar,28.74,0.0735,3,2,No,3
C02811,2023-10-26,,Mes a mes,Cheque electrónico,Telefonía móvil,Centro,Profesional,78.46,0.0284,0,2,No,4
C02812,2023-10-26,,Mes a mes,Débito automático,Telefonía móvil,Patagonia,Hogar,61.77,0.0234,2,0,Sí,3
C02813,2023-10-26,,Anual,Cheque electrónico,Internet estándar,NOA,Hogar,55.22,0.079,1,0,No,5
C02814,2023-10-26,2023-10-26,Anual,Cheque electrónico,Internet estándar,Patagonia,Hogar,50.26,0.061,1,1,No,4
C02815,2023-10-27,2024-07-09,Mes a mes,Débito automático,Telefonía móvil,Centro,PyME,94.94,0.0713,1,0,Sí,4
C02816,2023-10-27,,Anual,Transferencia,Internet estándar,Patagonia,Hogar,48.48,0.0688,0,0,No,3
C02817,2023-10-27,,Mes a mes,Transferencia,Streaming,AMBA,Hogar,33.5,0.0404,1,0,No,4
C02818,2023-10-27,,Mes a mes,Tarjeta automática,Internet fibra,Centro,Hogar,78.99,0.0321,0,0,Sí,5
C02819,2023-10-27,2025-01-08,Mes a mes,Tarjeta automática,Internet estándar,Centro,Hogar,59.8,0.0324,0,0,Sí,4
C02820,2023-10-28,,Mes a mes,Débito automático,Internet estándar,Cuyo,Hogar,38.9,0.1183,2,0,Sí,3
C02821,2023-10-29,,Anual,Cheque electrónico,Streaming,Centro,Hogar,45.81,0.0854,0,0,No,3
C02822,2023-10-29,,Dos años,Débito automático,Internet fibra,Cuyo,Hogar,73.35,0.1348,0,0,Sí,4
C02823,2023-10-30,,Anual,Cheque electrónico,Internet estándar,AMBA,Hogar,40.8,0.0298,3,1,No,4
C02824,2023-10-30,2025-07-13,Mes a mes,Transferencia,Telefonía móvil,Patagonia,Profesional,63.99,0.039,2,2,No,3
C02825,2023-10-30,2025-02-08,Mes a mes,Transferencia,Internet estándar,Cuyo,Hogar,53.69,0.0439,0,0,No,5
C02826,2023-10-30,2024-02-09,Mes a mes,Tarjeta automática,Telefonía móvil,Patagonia,Hogar,22.9,0.0349,0,2,Sí,4
C02827,2023-10-31,,Anual,Débito automático,Internet fibra,AMBA,Profesional,90.71,0.0485,1,2,Sí,3
C02828,2023-10-31,,Mes a mes,Tarjeta automática,Internet estándar,NOA,PyME,80.11,0.127,0,0,Sí,4
C02829,2023-10-31,,Mes a mes,Tarjeta automática,Internet estándar,Litoral,Hogar,41.57,0.045,0,1,Sí,5
C02830,2023-10-31,,Anual,Tarjeta automática,Internet estándar,Centro,Profesional,60.04,0.0438,2,1,Sí,4
C02831,2023-10-31,,Anual,Tarjeta automática,Streaming,Patagonia,Hogar,32.27,0.0667,3,0,Sí,3
C02832,2023-10-31,2024-04-11,Mes a mes,Tarjeta automática,Internet fibra,Patagonia,Profesional,87.33,0.0613,5,0,Sí,1
C02833,2023-10-31,2024-02-27,Mes a mes,Débito automático,Internet estándar,Patagonia,Hogar,42.94,0.1393,5,0,Sí,2
C02834,2023-10-31,2023-11-24,Anual,Débito automático,Internet fibra,NOA,Hogar,92.34,0.082,5,2,Sí,1
C02835,2023-11-01,2024-08-06,Mes a mes,Tarjeta automática,Streaming,NOA,Hogar,51.71,0.031,0,0,Sí,5
C02836,2023-11-01,2024-12-22,Mes a mes,Cheque electrónico,Telefonía móvil,AMBA,Hogar,31.87,0.0425,0,1,No,2
C02837,2023-11-01,,Dos años,Débito automático,Internet fibra,Centro,Hogar,89.21,0.0326,1,1,Sí,2
C02838,2023-11-01,2024-03-11,Mes a mes,Cheque electrónico,Internet estándar,AMBA,PyME,108.27,0.0609,0,3,No,4
C02839,2023-11-01,2024-05-12,Mes a mes,Transferencia,Internet estándar,AMBA,Hogar,29.87,0.0574,0,0,No,5
C02840,2023-11-01,2024-01-12,Mes a mes,Tarjeta automática,Streaming,AMBA,Hogar,20.3,0.0301,5,2,Sí,1
C02841,2023-11-01,2025-07-23,Mes a mes,Cheque electrónico,Internet fibra,Patagonia,Hogar,44.69,0.0339,1,1,No,4
C02842,2023-11-01,,Mes a mes,Cheque electrónico,Internet estándar,Litoral,Hogar,52.56,0.0154,0,0,No,4
C02843,2023-11-02,2025-10-27,Mes a mes,Transferencia,Telefonía móvil,AMBA,Profesional,48.16,0.0585,1,0,No,5
C02844,2023-11-02,,Mes a mes,Débito automático,Internet estándar,Cuyo,Profesional,68.47,0.1143,1,0,Sí,5
C02845,2023-11-02,2024-05-12,Mes a mes,Débito automático,Streaming,AMBA,Hogar,57.28,0.041,0,1,Sí,2
C02846,2023-11-02,,Dos años,Débito automático,Internet estándar,Centro,Hogar,66.52,0.086,1,0,Sí,5
C02847,2023-11-02,,Dos años,Transferencia,Telefonía móvil,AMBA,Hogar,33.56,0.105,1,1,No,4
C02848,2023-11-02,,Mes a mes,Débito automático,Internet fibra,Litoral,PyME,121.9,0.0483,2,1,Sí,4
C02849,2023-11-03,2023-12-27,Mes a mes,Tarjeta automática,Internet fibra,AMBA,Hogar,92.22,0.065,1,0,Sí,4
C02850,2023-11-03,,Anual,Tarjeta automática,Internet estándar,Patagonia,Hogar,37.95,0.0528,0,0,Sí,5
C02851,2023-11-03,,Dos años,Tarjeta automática,Internet estándar,NOA,Hogar,59.9,0.0181,0,1,Sí,4
C02852,2023-11-03,,Dos años,Tarjeta automática,Streaming,NOA,Hogar,59.09,0.0426,0,1,Sí,5
C02853,2023-11-03,,Mes a mes,Débito automático,Internet fibra,Patagonia,Hogar,85.43,0.0644,1,0,Sí,4
C02854,2023-11-04,2025-03-27,Mes a mes,Cheque electrónico,Internet fibra,Patagonia,PyME,146.02,0.0315,2,1,No,3
C02855,2023-11-04,,Mes a mes,Tarjeta automática,Streaming,NOA,Hogar,40.75,0.0722,3,0,Sí,3
C02856,2023-11-04,,Anual,Débito automático,Internet fibra,NOA,Hogar,71.87,0.0462,1,1,Sí,2
C02857,2023-11-04,,Anual,Tarjeta automática,Streaming,Centro,Hogar,32.19,0.0618,1,0,Sí,4
C02858,2023-11-05,,Mes a mes,Débito automático,Streaming,Litoral,Hogar,18.48,0.0892,1,0,Sí,4
C02859,2023-11-05,,Mes a mes,Transferencia,Internet fibra,Centro,PyME,147.19,0.0466,2,0,No,3
C02860,2023-11-06,,Mes a mes,Débito automático,Streaming,NOA,Profesional,35.06,0.0586,1,0,Sí,5
C02861,2023-11-06,,Anual,Cheque electrónico,Telefonía móvil,AMBA,PyME,104.71,0.0236,2,1,No,4
C02862,2023-11-06,,Mes a mes,Cheque electrónico,Telefonía móvil,Cuyo,Profesional,72.45,0.0203,1,1,No,4
C02863,2023-11-06,,Anual,Cheque electrónico,Internet fibra,Cuyo,Hogar,72.59,0.0429,0,1,No,4
C02864,2023-11-06,,Anual,Cheque electrónico,Internet estándar,NOA,Hogar,41.07,0.0648,1,1,No,4
C02865,2023-11-06,,Anual,Débito automático,Telefonía móvil,Centro,Hogar,40.13,0.0466,0,0,Sí,3
C02866,2023-11-07,2025-02-03,Mes a mes,Débito automático,Streaming,NOA,Profesional,37.18,0.0337,1,0,Sí,3
C02867,2023-11-07,,Anual,Débito automático,Internet fibra,Cuyo,Profesional,97.72,0.0836,1,1,Sí,3
C02868,2023-11-07,,Anual,Cheque electrónico,Internet fibra,Patagonia,Hogar,67.91,0.055,0,2,No,5
C02869,2023-11-08,2024-09-25,Mes a mes,Tarjeta automática,Streaming,Litoral,Hogar,19.71,0.0804,0,0,Sí,4
C02870,2023-11-08,2025-05-09,Mes a mes,Tarjeta automática,Telefonía móvil,Cuyo,Profesional,66.02,0.0225,1,0,Sí,4
C02871,2023-11-08,,Anual,Tarjeta automática,Telefonía móvil,Centro,Hogar,48.79,0.0225,0,0,Sí,4
C02872,2023-11-08,2025-07-01,Mes a mes,Transferencia,Telefonía móvil,Centro,Hogar,38.77,0.0184,0,1,No,4
C02873,2023-11-09,,Mes a mes,Transferencia,Internet estándar,Litoral,Hogar,30.89,0.022,3,0,No,4
C02874,2023-11-09,,Mes a mes,Tarjeta automática,Streaming,Centro,Hogar,41.88,0.0424,0,1,Sí,4
C02875,2023-11-09,2025-10-07,Mes a mes,Débito automático,Internet fibra,NOA,Hogar,73.07,0.019,2,0,Sí,4
C02876,2023-11-09,2025-06-18,Mes a mes,Débito automático,Internet fibra,AMBA,Profesional,118.69,0.0895,2,0,Sí,3
C02877,2023-11-10,,Anual,Cheque electrónico,Internet fibra,Centro,Profesional,94.54,0.0376,0,1,No,3
C02878,2023-11-10,2024-04-26,Mes a mes,Tarjeta automática,Telefonía móvil,AMBA,Hogar,43.49,0.1204,0,1,Sí,5
C02879,2023-11-10,2025-07-04,Anual,Tarjeta automática,Internet fibra,NOA,Hogar,73.25,0.0262,2,1,Sí,3
C02880,2023-11-10,2024-11-13,Mes a mes,Transferencia,Internet estándar,Cuyo,Hogar,51.68,0.1412,0,1,No,5
C02881,2023-11-11,2023-11-15,Mes a mes,Transferencia,Internet estándar,AMBA,Hogar,87.24,0.0698,0,0,No,5
C02882,2023-11-11,,Mes a mes,Cheque electrónico,Internet estándar,AMBA,Hogar,45.16,0.0197,0,0,No,5
C02883,2023-11-11,,Anual,Transferencia,Internet estándar,NOA,Profesional,81.04,0.0724,1,0,No,4
C02884,2023-11-11,,Dos años,Cheque electrónico,Internet fibra,NOA,Profesional,97.0,0.1367,1,2,No,3
C02885,2023-11-11,,Mes a mes,Débito automático,Internet estándar,Centro,Hogar,61.91,0.1824,0,0,Sí,4
C02886,2023-11-11,,Mes a mes,Débito automático,Internet estándar,Litoral,Profesional,45.75,0.0186,1,0,Sí,4
C02887,2023-11-12,2024-09-21,Mes a mes,Cheque electrónico,Telefonía móvil,Centro,Hogar,63.39,0.0162,1,1,No,4
C02888,2023-11-12,2025-07-01,Mes a mes,Tarjeta automática,Streaming,NOA,Profesional,50.75,0.0642,1,0,Sí,4
C02889,2023-11-12,,Dos años,Cheque electrónico,Telefonía móvil,Patagonia,Hogar,39.05,0.0701,1,0,No,2
C02890,2023-11-12,2025-11-26,Mes a mes,Tarjeta automática,Internet estándar,Cuyo,Profesional,76.94,0.0887,3,0,Sí,4
C02891,2023-11-12,,Dos años,Débito automático,Internet fibra,NOA,Hogar,79.58,0.0087,2,0,Sí,3
C02892,2023-11-12,,Anual,Tarjeta automática,Internet estándar,Centro,Hogar,36.37,0.0185,4,1,Sí,3
C02893,2023-11-12,,Mes a mes,Transferencia,Telefonía móvil,NOA,Hogar,18.0,0.0222,2,1,No,2
C02894,2023-11-12,,Dos años,Cheque electrónico,Internet fibra,Centro,Profesional,116.09,0.0089,0,0,No,4
C02895,2023-11-12,,Mes a mes,Tarjeta automática,Internet fibra,NOA,PyME,130.55,0.0102,1,0,Sí,4
C02896,2023-11-13,,Anual,Tarjeta automática,Telefonía móvil,NOA,Hogar,35.26,0.0372,0,0,Sí,4
C02897,2023-11-13,,Mes a mes,Débito automático,Telefonía móvil,Litoral,Profesional,54.11,0.0526,0,0,Sí,5
C02898,2023-11-14,,Dos años,Tarjeta automática,Internet fibra,AMBA,Hogar,94.11,0.024,1,1,Sí,4
C02899,2023-11-14,,Mes a mes,Débito automático,Telefonía móvil,Patagonia,Profesional,54.61,0.0315,1,0,Sí,5
C02900,2023-11-14,,Mes a mes,Cheque electrónico,Internet estándar,Patagonia,Profesional,74.09,0.0114,1,2,No,3
C02901,2023-11-14,,Anual,Tarjeta automática,Internet estándar,NOA,Hogar,45.32,0.1056,1,0,Sí,3
C02902,2023-11-14,,Mes a mes,Débito automático,Internet estándar,Centro,Hogar,35.2,0.1113,0,1,Sí,5
C02903,2023-11-15,,Mes a mes,Débito automático,Telefonía móvil,Centro,Hogar,51.91,0.0216,0,1,Sí,3
C02904,2023-11-15,,Anual,Tarjeta automática,Internet fibra,Cuyo,Hogar,90.13,0.0904,1,0,Sí,4
C02905,2023-11-15,2025-07-14,Mes a mes,Tarjeta automática,Telefonía móvil,Cuyo,Hogar,34.53,0.129,3,0,Sí,2
C02906,2023-11-15,,Dos años,Transferencia,Internet fibra,AMBA,Profesional,95.58,0.0845,3,0,No,2
C02907,2023-11-15,,Anual,Transferencia,Streaming,AMBA,Profesional,48.07,0.0389,1,0,No,1
C02908,2023-11-15,,Anual,Cheque electrónico,Streaming,Cuyo,Hogar,33.9,0.1452,3,3,No,2
C02909,2023-11-16,,Mes a mes,Débito automático,Streaming,NOA,PyME,105.68,0.0743,0,2,Sí,5
C02910,2023-11-16,2025-07-13,Mes a mes,Transferencia,Telefonía móvil,AMBA,Profesional,56.44,0.1003,5,0,No,1
C02911,2023-11-16,,Dos años,Cheque electrónico,Streaming,Centro,Hogar,25.37,0.0536,0,1,No,4
C02912,2023-11-16,2025-11-07,Mes a mes,Cheque electrónico,Streaming,NOA,PyME,82.07,0.0905,1,1,No,4
C02913,2023-11-17,2024-06-07,Mes a mes,Cheque electrónico,Internet fibra,AMBA,PyME,122.64,0.0407,1,0,No,3
C02914,2023-11-17,2025-05-17,Mes a mes,Tarjeta automática,Telefonía móvil,AMBA,Hogar,23.06,0.0428,0,0,Sí,5
C02915,2023-11-17,2024-11-11,Mes a mes,Cheque electrónico,Internet estándar,NOA,PyME,105.47,0.0052,0,0,No,5
C02916,2023-11-18,,Anual,Cheque electrónico,Internet estándar,Centro,Hogar,54.8,0.028,0,2,No,4
C02917,2023-11-18,,Anual,Cheque electrónico,Internet estándar,Centro,Hogar,49.03,0.0243,2,2,No,3
C02918,2023-11-18,,Anual,Transferencia,Internet estándar,AMBA,Hogar,48.31,0.0304,1,0,No,4
C02919,2023-11-19,,Dos años,Cheque electrónico,Streaming,Cuyo,Profesional,37.11,0.0717,0,1,No,5
C02920,2023-11-19,,Mes a mes,Débito automático,Internet estándar,NOA,PyME,106.78,0.0655,0,0,Sí,3
C02921,2023-11-19,,Mes a mes,Transferencia,Internet fibra,NOA,Hogar,79.87,0.0287,1,0,No,4
C02922,2023-11-20,2024-06-20,Mes a mes,Transferencia,Telefonía móvil,Litoral,Hogar,47.22,0.112,1,1,No,5
C02923,2023-11-20,2023-12-07,Anual,Transferencia,Telefonía móvil,Patagonia,Hogar,45.56,0.1225,0,0,No,4
C02924,2023-11-20,,Mes a mes,Transferencia,Internet estándar,Litoral,Profesional,71.33,0.027,1,0,No,3
C02925,2023-11-20,,Mes a mes,Tarjeta automática,Telefonía móvil,Patagonia,Hogar,56.51,0.08,1,0,Sí,5
C02926,2023-11-20,2025-05-13,Mes a mes,Débito automático,Internet estándar,Litoral,Hogar,55.29,0.0743,0,1,Sí,4
C02927,2023-11-21,2025-07-27,Anual,Débito automático,Internet estándar,Centro,Hogar,54.29,0.0355,1,2,Sí,2
C02928,2023-11-21,,Anual,Transferencia,Telefonía móvil,NOA,Hogar,22.83,0.0552,0,1,No,4
C02929,2023-11-21,2025-03-01,Dos años,Transferencia,Streaming,NOA,PyME,95.59,0.1116,1,0,No,2
C02930,2023-11-21,2023-11-13,Mes a mes,Cheque electrónico,Telefonía móvil,AMBA,PyME,93.72,0.0461,3,0,No,3
C02931,2023-11-21,2024-09-18,Dos años,Cheque electrónico,Internet estándar,AMBA,Hogar,49.87,0.0983,3,2,No,2
C02932,2023-11-21,2024-06-05,Mes a mes,Transferencia,Internet estándar,Patagonia,Profesional,53.0,0.1241,2,0,No,4
C02933,2023-11-22,2025-06-08,Mes a mes,Tarjeta automática,Internet fibra,AMBA,Profesional,118.99,0.1257,0,0,Sí,4
C02934,2023-11-22,,Mes a mes,Transferencia,Telefonía móvil,Patagonia,Hogar,18.0,0.0326,0,0,No,5
C02935,2023-11-22,2025-09-06,Mes a mes,Cheque electrónico,Internet fibra,NOA,Hogar,94.37,0.0138,0,0,No,4
C02936,2023-11-23,,Mes a mes,Transferencia,Internet estándar,AMBA,Profesional,71.68,0.024,1,0,No,2
C02937,2023-11-26,,Mes a mes,Cheque electrónico,Internet fibra,Patagonia,Hogar,57.04,0.1022,2,1,No,4
C02938,2023-11-27,,Mes a mes,Cheque electrónico,Streaming,AMBA,Profesional,69.4,0.0444,0,0,No,4
C02939,2023-11-27,,Anual,Débito automático,Internet estándar,Centro,Hogar,54.65,0.1158,2,0,Sí,3
C02940,2023-11-27,,Anual,Transferencia,Telefonía móvil,Litoral,Profesional,34.06,0.108,3,0,No,4
C02941,2023-11-27,,Anual,Débito automático,Internet estándar,Patagonia,Hogar,44.35,0.1473,0,1,Sí,5
C02942,2023-11-28,,Anual,Débito automático,Internet fibra,AMBA,Hogar,83.88,0.0651,0,0,Sí,4
C02943,2023-11-29,2025-02-05,Mes a mes,Tarjeta automática,Internet fibra,AMBA,Hogar,96.85,0.1181,0,0,Sí,5
C02944,2023-11-30,,Anual,Tarjeta automática,Internet fibra,Centro,Hogar,73.5,0.0239,0,0,Sí,5
C02945,2023-11-30,,Mes a mes,Tarjeta automática,Streaming,Patagonia,Profesional,18.0,0.0163,0,1,Sí,4
C02946,2023-11-30,,Mes a mes,Transferencia,Telefonía móvil,Cuyo,Profesional,76.05,0.0868,0,0,No,3
C02947,2023-11-30,,Mes a mes,Tarjeta automática,Internet estándar,Centro,Hogar,54.48,0.0861,0,1,Sí,4
C02948,2023-11-30,2025-04-12,Anual,Débito automático,Internet estándar,AMBA,Hogar,24.44,0.1248,0,0,Sí,4
C02949,2023-12-01,2025-04-05,Mes a mes,Débito automático,Internet fibra,NOA,Hogar,81.77,0.0547,2,0,Sí,3
C02950,2023-12-01,,Anual,Débito automático,Telefonía móvil,Patagonia,Hogar,46.93,0.0775,1,0,Sí,3
C02951,2023-12-01,,Mes a mes,Cheque electrónico,Telefonía móvil,NOA,PyME,93.43,0.0503,3,0,No,3
C02952,2023-12-01,2024-05-05,Mes a mes,Débito automático,Streaming,Cuyo,Hogar,19.9,0.0756,0,0,Sí,4
C02953,2023-12-02,2024-03-11,Mes a mes,Tarjeta automática,Internet fibra,Patagonia,Profesional,89.29,0.0654,0,0,Sí,5
C02954,2023-12-02,2025-09-09,Mes a mes,Cheque electrónico,Internet estándar,Litoral,Hogar,45.42,0.0314,0,5,No,4
C02955,2023-12-02,,Mes a mes,Cheque electrónico,Telefonía móvil,Litoral,Hogar,45.9,0.0442,1,2,No,3
C02956,2023-12-02,,Anual,Transferencia,Internet fibra,Cuyo,Hogar,86.67,0.0226,1,1,No,3
C02957,2023-12-03,,Mes a mes,Transferencia,Streaming,Litoral,Profesional,23.37,0.0242,1,1,No,3
C02958,2023-12-03,,Mes a mes,Tarjeta automática,Telefonía móvil,Cuyo,Hogar,44.82,0.0161,1,0,Sí,4
C02959,2023-12-03,,Anual,Transferencia,Telefonía móvil,Litoral,Profesional,65.37,0.077,1,1,No,4
C02960,2023-12-03,,Mes a mes,Tarjeta automática,Streaming,Cuyo,Profesional,48.86,0.1128,1,0,Sí,3
C02961,2023-12-04,2024-06-14,Mes a mes,Débito automático,Internet estándar,NOA,Hogar,44.55,0.1048,1,1,Sí,3
C02962,2023-12-04,2025-02-01,Mes a mes,Tarjeta automática,Telefonía móvil,NOA,Hogar,57.62,0.0226,0,0,Sí,5
C02963,2023-12-05,2025-07-25,Mes a mes,Transferencia,Internet estándar,Cuyo,Hogar,63.79,0.0902,0,1,No,5
C02964,2023-12-05,2024-05-19,Mes a mes,Tarjeta automática,Telefonía móvil,Cuyo,Hogar,37.97,0.1072,3,2,Sí,2
C02965,2023-12-05,,Anual,Tarjeta automática,Internet estándar,Patagonia,Hogar,48.09,0.0595,0,0,Sí,5
C02966,2023-12-05,,Mes a mes,Tarjeta automática,Streaming,Litoral,Hogar,37.49,0.0788,0,0,Sí,4
C02967,2023-12-05,,Anual,Transferencia,Telefonía móvil,Centro,Hogar,56.11,0.0626,1,0,No,4
C02968,2023-12-05,2025-04-13,Mes a mes,Tarjeta automática,Internet estándar,NOA,Hogar,40.03,0.0402,1,0,Sí,3
C02969,2023-12-06,2025-08-04,Anual,Débito automático,Internet fibra,Patagonia,Hogar,66.49,0.0651,2,2,Sí,3
C02970,2023-12-06,,Anual,Débito automático,Internet fibra,Litoral,Hogar,81.02,0.0203,0,0,Sí,5
C02971,2023-12-06,2024-08-18,Mes a mes,Transferencia,Telefonía móvil,Patagonia,Profesional,47.64,0.0221,1,0,No,4
C02972,2023-12-06,2024-09-12,Mes a mes,Tarjeta automática,Streaming,Centro,Profesional,25.61,0.0845,1,1,Sí,4
C02973,2023-12-06,2024-04-09,Mes a mes,Cheque electrónico,Internet fibra,Patagonia,PyME,123.98,0.0508,0,0,No,4
C02974,2023-12-07,,Dos años,Débito automático,Telefonía móvil,AMBA,Profesional,64.59,0.0859,1,0,Sí,4
C02975,2023-12-07,,Dos años,Tarjeta automática,Telefonía móvil,Patagonia,Hogar,59.09,0.0348,4,0,Sí,1
C02976,2023-12-07,,Mes a mes,Tarjeta automática,Telefonía móvil,Litoral,Profesional,52.2,0.1231,0,2,Sí,4
C02977,2023-12-07,2024-11-12,Anual,Tarjeta automática,Streaming,Litoral,Profesional,45.63,0.1149,0,0,Sí,5
C02978,2023-12-08,,Mes a mes,Débito automático,Telefonía móvil,Patagonia,Hogar,43.71,0.0813,2,0,Sí,3
C02979,2023-12-08,,Mes a mes,Tarjeta automática,Telefonía móvil,Centro,Hogar,34.87,0.0479,1,0,Sí,4
C02980,2023-12-08,,Anual,Cheque electrónico,Internet fibra,Patagonia,Hogar,70.0,0.1176,1,2,No,4
C02981,2023-12-08,2024-02-16,Mes a mes,Débito automático,Telefonía móvil,AMBA,Hogar,45.68,0.1006,2,0,Sí,3
C02982,2023-12-08,,Mes a mes,Tarjeta automática,Internet estándar,Patagonia,Hogar,35.83,0.0174,0,0,Sí,5
C02983,2023-12-08,,Anual,Débito automático,Telefonía móvil,Patagonia,Hogar,33.56,0.0471,0,0,Sí,4
C02984,2023-12-08,2024-02-20,Mes a mes,Tarjeta automática,Telefonía móvil,AMBA,Hogar,39.77,0.0397,6,1,Sí,1
C02985,2023-12-08,,Anual,Tarjeta automática,Streaming,Patagonia,PyME,87.55,0.0366,1,0,Sí,4
C02986,2023-12-09,,Mes a mes,Tarjeta automática,Internet estándar,Patagonia,Hogar,32.33,0.0507,0,1,Sí,2
C02987,2023-12-09,,Mes a mes,Tarjeta automática,Internet fibra,Litoral,Hogar,76.56,0.0424,1,0,Sí,3
C02988,2023-12-09,,Mes a mes,Tarjeta automática,Internet fibra,Litoral,Profesional,81.8,0.0572,1,1,Sí,3
C02989,2023-12-09,,Dos años,Cheque electrónico,Streaming,AMBA,Profesional,39.47,0.0231,0,0,No,5
C02990,2023-12-10,2024-07-25,Mes a mes,Transferencia,Telefonía móvil,NOA,Hogar,50.67,0.0563,3,0,No,2
C02991,2023-12-10,2023-12-10,Mes a mes,Cheque electrónico,Internet fibra,NOA,Hogar,77.19,0.036,1,0,No,3
C02992,2023-12-10,,Anual,Tarjeta automática,Internet fibra,Patagonia,Hogar,96.36,0.1137,1,0,Sí,4
C02993,2023-12-10,,Dos años,Cheque electrónico,Streaming,AMBA,Hogar,28.21,0.0763,0,1,No,1
C02994,2023-12-11,,Dos años,Débito automático,Internet fibra,Cuyo,Profesional,106.65,0.0672,1,1,Sí,5
C02995,2023-12-11,,Anual,Tarjeta automática,Internet fibra,Patagonia,Hogar,86.74,0.1181,1,0,Sí,4
C02996,2023-12-11,2024-05-09,Mes a mes,Cheque electrónico,Internet fibra,Patagonia,PyME,132.85,0.0476,0,1,No,4
C02997,2023-12-11,,Anual,Tarjeta automática,Streaming,NOA,Hogar,18.0,0.08,0,1,Sí,5
C02998,2023-12-12,2025-07-21,Anual,Débito automático,Streaming,Litoral,Profesional,45.84,0.0274,2,1,Sí,3
C02999,2023-12-12,,Dos años,Cheque electrónico,Telefonía móvil,Patagonia,Hogar,36.14,0.0105,1,2,No,3
C03000,2023-12-12,2025-05-04,Anual,Transferencia,Internet estándar,Cuyo,PyME,97.71,0.0233,1,0,No,4
C03001,2023-12-12,,Mes a mes,Débito automático,Internet fibra,Patagonia,Hogar,79.71,0.0881,1,0,Sí,4
C03002,2023-12-12,,Mes a mes,Débito automático,Telefonía móvil,Litoral,Hogar,26.05,0.0297,2,0,Sí,3
C03003,2023-12-12,2024-04-24,Mes a mes,Tarjeta automática,Telefonía móvil,Patagonia,Hogar,32.39,0.026,3,1,Sí,3
C03004,2023-12-13,2024-08-15,Mes a mes,Cheque electrónico,Internet estándar,Centro,Hogar,37.87,0.1176,2,0,No,3
C03005,2023-12-13,,Mes a mes,Tarjeta automática,Telefonía móvil,Centro,Hogar,39.2,0.0158,0,0,Sí,4
C03006,2023-12-13,,Mes a mes,Tarjeta automática,Telefonía móvil,AMBA,Hogar,33.55,0.0394,0,0,Sí,3
C03007,2023-12-13,2025-08-08,Anual,Tarjeta automática,Telefonía móvil,Patagonia,Hogar,34.27,0.0532,0,1,Sí,3
C03008,2023-12-13,2025-02-08,Dos años,Cheque electrónico,Internet estándar,Patagonia,Hogar,50.49,0.042,2,2,No,1
C03009,2023-12-13,2024-09-26,Anual,Transferencia,Internet fibra,Centro,Profesional,91.1,0.0423,3,0,No,3
C03010,2023-12-14,,Dos años,Débito automático,Internet fibra,Cuyo,Profesional,96.05,0.0808,1,0,Sí,4
C03011,2023-12-14,,Anual,Cheque electrónico,Telefonía móvil,Litoral,Hogar,29.73,0.0167,0,3,No,3
C03012,2023-12-14,,Anual,Tarjeta automática,Telefonía móvil,Patagonia,Hogar,32.89,0.022,1,0,Sí,3
C03013,2023-12-14,2025-03-21,Mes a mes,Cheque electrónico,Internet estándar,Centro,Hogar,71.45,0.0232,1,1,No,3
C03014,2023-12-15,,Anual,Tarjeta automática,Internet fibra,Cuyo,Profesional,88.33,0.0797,5,0,Sí,2
C03015,2023-12-15,,Mes a mes,Débito automático,Internet fibra,Centro,Profesional,72.83,0.0327,2,1,Sí,4
C03016,2023-12-15,,Mes a mes,Tarjeta automática,Streaming,Patagonia,Hogar,32.76,0.047,1,0,Sí,5
C03017,2023-12-15,,Mes a mes,Cheque electrónico,Telefonía móvil,NOA,PyME,89.21,0.1046,0,1,No,4
C03018,2023-12-15,,Anual,Cheque electrónico,Internet estándar,Patagonia,Profesional,69.68,0.1107,0,1,No,4
C03019,2023-12-16,,Anual,Débito automático,Streaming,Patagonia,Profesional,46.02,0.0421,0,0,Sí,3
C03020,2023-12-16,,Dos años,Tarjeta automática,Internet estándar,Patagonia,Profesional,73.05,0.0612,0,0,Sí,3
C03021,2023-12-17,,Dos años,Tarjeta automática,Telefonía móvil,NOA,Hogar,40.9,0.0458,0,1,Sí,5
C03022,2023-12-17,,Dos años,Débito automático,Telefonía móvil,Cuyo,PyME,94.51,0.0587,2,0,Sí,3
C03023,2023-12-17,,Mes a mes,Débito automático,Internet fibra,Centro,PyME,145.63,0.0398,1,0,Sí,5
C03024,2023-12-17,,Dos años,Tarjeta automática,Streaming,NOA,Profesional,22.6,0.0716,1,0,Sí,2
C03025,2023-12-18,,Anual,Transferencia,Telefonía móvil,AMBA,PyME,82.42,0.0234,1,1,No,3
C03026,2023-12-18,2025-02-18,Dos años,Transferencia,Telefonía móvil,Cuyo,PyME,87.92,0.0158,3,0,No,1
C03027,2023-12-18,2024-11-04,Mes a mes,Cheque electrónico,Streaming,Patagonia,Profesional,28.38,0.0322,0,1,No,2
C03028,2023-12-18,,Mes a mes,Débito automático,Internet fibra,Patagonia,Hogar,72.73,0.0372,1,0,Sí,3
C03029,2023-12-19,,Dos años,Débito automático,Internet estándar,Patagonia,Hogar,42.64,0.063,2,0,Sí,5
C03030,2023-12-19,2024-09-03,Mes a mes,Débito automático,Streaming,Cuyo,Hogar,39.72,0.0774,4,1,Sí,1
C03031,2023-12-19,,Mes a mes,Tarjeta automática,Internet fibra,NOA,Profesional,95.03,0.0669,1,1,Sí,5
C03032,2023-12-20,2024-12-13,Mes a mes,Transferencia,Telefonía móvil,Centro,Hogar,39.66,0.0274,1,0,No,4
C03033,2023-12-20,,Mes a mes,Transferencia,Internet fibra,AMBA,Hogar,73.82,0.0726,0,0,No,5
C03034,2023-12-20,,Mes a mes,Tarjeta automática,Telefonía móvil,Litoral,PyME,85.43,0.0578,1,1,Sí,4
C03035,2023-12-21,,Dos años,Débito automático,Internet estándar,Centro,Hogar,58.8,0.1335,1,0,Sí,5
C03036,2023-12-21,,Dos años,Cheque electrónico,Internet fibra,Cuyo,Hogar,91.31,0.0358,1,2,No,3
C03037,2023-12-21,,Dos años,Débito automático,Internet estándar,Cuyo,Profesional,53.67,0.0254,0,0,Sí,5
C03038,2023-12-21,,Mes a mes,Débito automático,Streaming,Centro,Hogar,46.82,0.077,0,0,Sí,4
C03039,2023-12-21,2025-05-17,Mes a mes,Transferencia,Telefonía móvil,NOA,Hogar,34.62,0.0136,1,1,No,5
C03040,2023-12-21,2024-09-06,Mes a mes,Débito automático,Internet estándar,Cuyo,Hogar,40.72,0.0598,4,0,Sí,3
C03041,2023-12-22,2025-02-09,Mes a mes,Tarjeta automática,Internet fibra,Patagonia,PyME,138.2,0.03,0,0,Sí,4
C03042,2023-12-22,2024-05-16,Mes a mes,Cheque electrónico,Telefonía móvil,AMBA,Hogar,48.18,0.0686,0,2,No,5
C03043,2023-12-22,,Anual,Cheque electrónico,Internet estándar,NOA,Hogar,48.22,0.0401,1,1,No,5
C03044,2023-12-22,,Dos años,Tarjeta automática,Internet fibra,NOA,Hogar,74.19,0.033,0,0,Sí,4
C03045,2023-12-23,2025-12-14,Mes a mes,Tarjeta automática,Telefonía móvil,AMBA,Profesional,72.9,0.0877,0,0,Sí,5
C03046,2023-12-23,2023-12-17,Mes a mes,Transferencia,Internet fibra,Litoral,Hogar,71.14,0.0995,1,1,No,3
C03047,2023-12-23,,Mes a mes,Transferencia,Internet fibra,Litoral,Hogar,77.24,0.0337,2,0,No,2
C03048,2023-12-23,2024-03-01,Mes a mes,Débito automático,Internet estándar,Centro,Profesional,85.63,0.0476,3,0,Sí,3
C03049,2023-12-23,2024-07-03,Mes a mes,Débito automático,Streaming,Patagonia,PyME,69.29,0.0448,3,1,Sí,1
C03050,2023-12-23,2025-02-10,Mes a mes,Transferencia,Internet estándar,Patagonia,Hogar,43.95,0.061,3,0,No,3
C03051,2023-12-23,,Mes a mes,Débito automático,Telefonía móvil,NOA,Hogar,53.28,0.1458,1,0,Sí,4
C03052,2023-12-24,2024-06-21,Mes a mes,Tarjeta automática,Internet fibra,Litoral,Profesional,101.81,0.0479,0,0,Sí,4
C03053,2023-12-24,2024-12-20,Dos años,Tarjeta automática,Telefonía móvil,Patagonia,Hogar,51.83,0.075,0,0,Sí,4
C03054,2023-12-24,,Mes a mes,Débito automático,Internet fibra,Patagonia,Profesional,81.45,0.0594,1,1,Sí,3
C03055,2023-12-24,2024-07-14,Mes a mes,Cheque electrónico,Internet fibra,Patagonia,Hogar,81.53,0.0249,3,2,No,1
C03056,2023-12-24,2024-07-03,Mes a mes,Débito automático,Internet fibra,Litoral,Hogar,74.86,0.017,1,1,Sí,2
C03057,2023-12-24,,Mes a mes,Débito automático,Internet fibra,Patagonia,Hogar,103.0,0.0996,1,0,Sí,4
C03058,2023-12-24,,Anual,Cheque electrónico,Internet estándar,AMBA,Hogar,57.9,0.1532,5,2,No,1
C03059,2023-12-24,,Anual,Débito automático,Telefonía móvil,Litoral,Profesional,59.75,0.018,2,1,Sí,4
C03060,2023-12-25,,Dos años,Débito automático,Telefonía móvil,Centro,Profesional,63.14,0.0369,2,1,Sí,3
C03061,2023-12-25,,Anual,Tarjeta automática,Streaming,Cuyo,Profesional,47.6,0.0405,0,0,Sí,3
C03062,2023-12-25,,Mes a mes,Transferencia,Internet fibra,Patagonia,Profesional,103.69,0.034,0,0,No,4
C03063,2023-12-26,,Mes a mes,Transferencia,Telefonía móvil,AMBA,Hogar,32.58,0.1017,2,0,No,1
C03064,2023-12-26,,Mes a mes,Cheque electrónico,Internet estándar,Patagonia,PyME,119.02,0.0618,1,1,No,4
C03065,2023-12-26,2024-05-22,Mes a mes,Débito automático,Streaming,Centro,PyME,69.43,0.047,1,0,Sí,4
C03066,2023-12-26,,Dos años,Débito automático,Streaming,Patagonia,Hogar,31.26,0.0247,0,0,Sí,5
C03067,2023-12-26,,Mes a mes,Tarjeta automática,Internet fibra,Patagonia,Profesional,86.93,0.0033,4,2,Sí,2
C03068,2023-12-27,2024-02-20,Mes a mes,Cheque electrónico,Internet estándar,AMBA,Profesional,67.47,0.1357,1,1,No,3
C03069,2023-12-27,2025-05-03,Mes a mes,Tarjeta automática,Telefonía móvil,Centro,Hogar,52.87,0.0307,0,1,Sí,4
C03070,2023-12-27,2024-02-23,Mes a mes,Transferencia,Internet fibra,Patagonia,Hogar,59.16,0.1186,1,0,No,4
C03071,2023-12-27,,Dos años,Transferencia,Streaming,Cuyo,Hogar,27.14,0.0303,1,1,No,3
C03072,2023-12-27,,Mes a mes,Tarjeta automática,Telefonía móvil,Cuyo,PyME,81.16,0.0188,0,0,Sí,3
C03073,2023-12-28,,Mes a mes,Débito automático,Internet estándar,AMBA,Profesional,63.93,0.0706,2,0,Sí,3
C03074,2023-12-28,2024-03-01,Mes a mes,Tarjeta automática,Internet estándar,Patagonia,Profesional,51.13,0.0506,2,0,Sí,4
C03075,2023-12-28,,Anual,Débito automático,Internet estándar,AMBA,PyME,105.78,0.0515,1,0,Sí,4
C03076,2023-12-28,2025-07-24,Mes a mes,Cheque electrónico,Telefonía móvil,Centro,Hogar,37.31,0.0102,3,1,No,3
C03077,2023-12-28,,Anual,Débito automático,Internet estándar,Cuyo,PyME,112.22,0.0752,0,0,Sí,4
C03078,2023-12-28,2025-12-25,Mes a mes,Cheque electrónico,Internet estándar,Patagonia,Hogar,62.51,0.0519,1,0,No,5
C03079,2023-12-28,,Mes a mes,Tarjeta automática,Internet fibra,Cuyo,Profesional,96.12,0.1101,0,1,Sí,4
C03080,2023-12-29,,Dos años,Débito automático,Telefonía móvil,NOA,Hogar,51.83,0.1436,1,1,Sí,4
C03081,2023-12-29,2024-12-18,Mes a mes,Cheque electrónico,Telefonía móvil,Litoral,Hogar,57.21,0.1198,1,2,No,3
C03082,2023-12-29,2024-04-07,Mes a mes,Cheque electrónico,Streaming,Centro,Hogar,18.86,0.0899,1,0,No,2
C03083,2023-12-30,,Anual,Débito automático,Telefonía móvil,Centro,Hogar,57.78,0.0247,0,1,Sí,5
C03084,2023-12-30,2025-03-27,Mes a mes,Transferencia,Streaming,Patagonia,Hogar,28.59,0.0111,1,0,No,4
C03085,2023-12-30,,Mes a mes,Cheque electrónico,Telefonía móvil,Cuyo,Hogar,31.24,0.0665,1,1,No,3
C03086,2023-12-31,,Anual,Transferencia,Internet fibra,Litoral,Hogar,81.28,0.0553,0,0,No,5
C03087,2023-12-31,2024-12-21,Mes a mes,Transferencia,Internet fibra,Cuyo,PyME,132.21,0.0739,0,0,No,4
C03088,2024-01-01,,Mes a mes,Tarjeta automática,Telefonía móvil,Centro,Hogar,26.52,0.0734,0,0,Sí,4
C03089,2024-01-02,,Mes a mes,Tarjeta automática,Internet estándar,Litoral,Hogar,36.89,0.1021,0,0,Sí,4
C03090,2024-01-03,,Anual,Transferencia,Internet estándar,Centro,Hogar,67.01,0.1049,0,0,No,4
C03091,2024-01-03,2025-05-02,Mes a mes,Débito automático,Streaming,NOA,Profesional,50.06,0.0484,1,0,Sí,2
C03092,2024-01-03,,Mes a mes,Tarjeta automática,Streaming,Patagonia,Hogar,45.3,0.0856,1,0,Sí,3
C03093,2024-01-03,,Anual,Tarjeta automática,Internet estándar,Patagonia,PyME,99.42,0.0242,1,2,Sí,3
C03094,2024-01-04,,Anual,Débito automático,Internet estándar,Centro,Hogar,40.18,0.032,1,0,Sí,4
C03095,2024-01-04,,Dos años,Débito automático,Internet estándar,AMBA,Hogar,30.48,0.0641,1,0,Sí,2
C03096,2024-01-04,2025-01-12,Mes a mes,Débito automático,Internet fibra,AMBA,PyME,143.65,0.1025,2,0,Sí,3
C03097,2024-01-04,2024-05-08,Mes a mes,Débito automático,Internet fibra,NOA,Hogar,82.52,0.037,2,1,Sí,2
C03098,2024-01-04,2024-01-02,Mes a mes,Tarjeta automática,Internet estándar,NOA,Hogar,44.52,0.1393,1,1,Sí,4
C03099,2024-01-05,,Anual,Cheque electrónico,Telefonía móvil,Patagonia,PyME,88.28,0.0716,0,0,No,5
C03100,2024-01-05,2025-02-11,Mes a mes,Transferencia,Internet estándar,Litoral,Hogar,61.4,0.0493,0,1,No,2
C03101,2024-01-06,2024-10-21,Mes a mes,Tarjeta automática,Internet estándar,Centro,Hogar,47.05,0.0505,1,1,Sí,3
C03102,2024-01-06,,Mes a mes,Débito automático,Streaming,Patagonia,Hogar,27.17,0.0232,0,0,Sí,5
C03103,2024-01-06,,Dos años,Débito automático,Internet fibra,Litoral,Profesional,89.39,0.049,0,0,Sí,5
C03104,2024-01-06,,Anual,Transferencia,Internet estándar,Litoral,Profesional,62.52,0.0283,1,1,No,3
C03105,2024-01-06,2025-06-15,Mes a mes,Transferencia,Internet fibra,AMBA,Hogar,84.05,0.1053,1,0,No,4
C03106,2024-01-06,,Dos años,Transferencia,Streaming,Litoral,Hogar,18.0,0.0102,0,0,No,5
C03107,2024-01-06,,Dos años,Transferencia,Internet fibra,Patagonia,Hogar,78.89,0.1161,0,0,No,5
C03108,2024-01-07,,Mes a mes,Tarjeta automática,Internet estándar,Patagonia,Hogar,59.51,0.1843,0,0,Sí,4
C03109,2024-01-07,,Mes a mes,Tarjeta automática,Streaming,AMBA,Profesional,46.07,0.0319,0,2,Sí,5
C03110,2024-01-07,,Anual,Tarjeta automática,Telefonía móvil,AMBA,Hogar,53.6,0.0449,0,2,Sí,3
C03111,2024-01-08,2025-01-10,Mes a mes,Débito automático,Streaming,NOA,Profesional,61.75,0.0228,1,1,Sí,3
C03112,2024-01-08,,Mes a mes,Débito automático,Telefonía móvil,Centro,Profesional,69.94,0.0626,2,1,Sí,3
C03113,2024-01-08,,Mes a mes,Transferencia,Streaming,Cuyo,Hogar,23.09,0.0338,1,0,No,4
C03114,2024-01-08,,Dos años,Tarjeta automática,Internet estándar,Litoral,Profesional,66.61,0.0272,0,0,Sí,5
C03115,2024-01-08,,Mes a mes,Transferencia,Internet fibra,Cuyo,Profesional,99.8,0.0791,0,0,No,4
C03116,2024-01-09,,Anual,Tarjeta automática,Internet fibra,NOA,Hogar,72.83,0.062,1,1,Sí,3
C03117,2024-01-09,,Mes a mes,Débito automático,Internet fibra,NOA,Hogar,72.47,0.0195,0,0,Sí,4
C03118,2024-01-09,,Mes a mes,Transferencia,Internet fibra,Cuyo,Profesional,89.8,0.02,1,0,No,4
C03119,2024-01-09,,Dos años,Tarjeta automática,Internet estándar,Centro,Profesional,94.98,0.0849,0,0,Sí,4
C03120,2024-01-09,2024-05-16,Mes a mes,Débito automático,Streaming,NOA,Profesional,44.02,0.0246,1,2,Sí,4
C03121,2024-01-10,2025-07-14,Mes a mes,Débito automático,Streaming,Patagonia,Hogar,40.76,0.0768,0,0,Sí,5
C03122,2024-01-10,,Mes a mes,Transferencia,Internet estándar,Patagonia,Profesional,57.44,0.0788,0,0,No,5
C03123,2024-01-10,,Anual,Tarjeta automática,Internet estándar,Cuyo,Profesional,85.72,0.1316,1,0,Sí,5
C03124,2024-01-10,,Mes a mes,Cheque electrónico,Internet fibra,Cuyo,Hogar,73.84,0.0444,0,1,No,5
C03125,2024-01-11,2024-10-18,Mes a mes,Cheque electrónico,Internet estándar,Centro,Hogar,49.58,0.1524,0,3,No,3
C03126,2024-01-11,,Mes a mes,Cheque electrónico,Internet estándar,Cuyo,Hogar,28.84,0.0903,0,2,No,3
C03127,2024-01-11,,Mes a mes,Tarjeta automática,Internet fibra,Litoral,Profesional,108.28,0.033,1,0,Sí,3
C03128,2024-01-11,,Mes a mes,Transferencia,Internet fibra,AMBA,Hogar,92.67,0.0193,0,1,No,4
C03129,2024-01-12,,Mes a mes,Tarjeta automática,Telefonía móvil,Litoral,PyME,83.94,0.0634,0,1,Sí,4
C03130,2024-01-12,2024-03-17,Mes a mes,Cheque electrónico,Internet estándar,Litoral,Hogar,61.92,0.1186,0,3,No,4
C03131,2024-01-13,2024-05-13,Mes a mes,Débito automático,Internet estándar,NOA,Profesional,52.29,0.0423,2,0,Sí,3
C03132,2024-01-13,,Anual,Tarjeta automática,Internet fibra,AMBA,Hogar,84.95,0.1434,1,0,Sí,3
C03133,2024-01-13,,Anual,Débito automático,Internet fibra,Centro,Profesional,92.83,0.0069,1,0,Sí,5
C03134,2024-01-13,2025-06-14,Mes a mes,Cheque electrónico,Internet estándar,Cuyo,Hogar,63.7,0.0272,1,2,No,4
C03135,2024-01-13,2024-10-01,Mes a mes,Cheque electrónico,Telefonía móvil,NOA,Profesional,62.74,0.0885,0,3,No,4
C03136,2024-01-13,,Mes a mes,Débito automático,Internet fibra,Centro,PyME,143.25,0.0496,1,0,Sí,5
C03137,2024-01-13,,Dos años,Débito automático,Internet fibra,NOA,Hogar,91.62,0.0627,2,0,Sí,3
C03138,2024-01-14,2024-02-08,Mes a mes,Transferencia,Telefonía móvil,NOA,Hogar,38.8,0.0479,3,0,No,2
C03139,2024-01-14,,Mes a mes,Cheque electrónico,Internet estándar,AMBA,Hogar,48.68,0.026,0,1,No,4
C03140,2024-01-14,2024-08-11,Mes a mes,Transferencia,Internet estándar,Cuyo,Hogar,36.78,0.1404,0,0,No,5
C03141,2024-01-14,,Mes a mes,Débito automático,Streaming,Centro,Profesional,43.7,0.0131,3,0,Sí,3
C03142,2024-01-14,,Mes a mes,Transferencia,Internet estándar,Cuyo,Hogar,70.2,0.0694,2,0,No,5
C03143,2024-01-15,,Mes a mes,Cheque electrónico,Telefonía móvil,NOA,Profesional,68.31,0.0271,1,1,No,3
C03144,2024-01-15,,Anual,Tarjeta automática,Internet fibra,Cuyo,Hogar,66.51,0.1395,2,1,Sí,3
C03145,2024-01-15,,Anual,Débito automático,Telefonía móvil,Litoral,PyME,114.95,0.0345,0,0,Sí,4
C03146,2024-01-15,,Anual,Tarjeta automática,Internet fibra,AMBA,Hogar,82.28,0.0321,0,0,Sí,5
C03147,2024-01-16,,Anual,Débito automático,Telefonía móvil,Litoral,PyME,106.13,0.0178,5,0,Sí,2
C03148,2024-01-16,,Mes a mes,Transferencia,Telefonía móvil,Cuyo,Hogar,47.4,0.0473,5,0,No,2
C03149,2024-01-16,,Dos años,Tarjeta automática,Telefonía móvil,NOA,PyME,101.62,0.0496,1,1,Sí,4
C03150,2024-01-16,2024-08-26,Anual,Débito automático,Telefonía móvil,Patagonia,Hogar,20.03,0.0751,0,2,Sí,4
C03151,2024-01-16,,Anual,Tarjeta automática,Streaming,Centro,Hogar,41.18,0.084,1,0,Sí,5
C03152,2024-01-16,,Anual,Cheque electrónico,Internet fibra,Litoral,Profesional,71.2,0.054,1,0,No,3
C03153,2024-01-17,,Mes a mes,Cheque electrónico,Internet fibra,Cuyo,Hogar,89.18,0.0678,1,0,No,1
C03154,2024-01-17,2024-05-18,Mes a mes,Débito automático,Internet estándar,Cuyo,Hogar,50.1,0.0907,4,0,Sí,2
C03155,2024-01-17,2025-08-13,Mes a mes,Transferencia,Internet estándar,Cuyo,Hogar,58.19,0.0495,1,0,No,5
C03156,2024-01-17,,Mes a mes,Tarjeta automática,Internet fibra,Patagonia,PyME,134.74,0.0013,2,1,Sí,2
C03157,2024-01-17,2024-07-02,Mes a mes,Cheque electrónico,Streaming,Centro,Profesional,58.48,0.0652,5,2,No,2
C03158,2024-01-17,,Mes a mes,Transferencia,Streaming,AMBA,Hogar,29.18,0.0344,1,0,No,3
C03159,2024-01-17,,Mes a mes,Tarjeta automática,Telefonía móvil,Centro,Profesional,63.09,0.0378,0,0,Sí,5
C03160,2024-01-17,2024-10-04,Dos años,Cheque electrónico,Internet estándar,Patagonia,Hogar,53.45,0.051,4,4,No,2
C03161,2024-01-17,2025-11-04,Anual,Tarjeta automática,Telefonía móvil,Centro,Hogar,62.67,0.0388,5,0,Sí,1
C03162,2024-01-17,,Mes a mes,Transferencia,Streaming,AMBA,Hogar,35.6,0.0252,0,0,No,5
C03163,2024-01-17,2025-06-27,Mes a mes,Tarjeta automática,Telefonía móvil,Cuyo,Hogar,27.51,0.0296,1,0,Sí,5
C03164,2024-01-17,,Anual,Transferencia,Telefonía móvil,NOA,Profesional,53.8,0.0736,2,0,No,4
C03165,2024-01-18,,Dos años,Tarjeta automática,Internet fibra,NOA,Hogar,84.58,0.0745,1,0,Sí,4
C03166,2024-01-18,,Anual,Tarjeta automática,Internet fibra,NOA,Hogar,91.86,0.064,2,1,Sí,3
C03167,2024-01-18,,Anual,Débito automático,Telefonía móvil,Patagonia,Hogar,34.06,0.0721,6,0,Sí,1
C03168,2024-01-18,2024-08-03,Mes a mes,Cheque electrónico,Streaming,Patagonia,Profesional,71.64,0.1187,1,2,No,2
C03169,2024-01-19,,Mes a mes,Tarjeta automática,Telefonía móvil,Patagonia,Hogar,43.93,0.0237,2,1,Sí,3
C03170,2024-01-19,,Anual,Transferencia,Telefonía móvil,AMBA,Hogar,46.63,0.0495,1,0,No,4
C03171,2024-01-19,,Dos años,Débito automático,Streaming,Cuyo,Profesional,33.21,0.0977,3,0,Sí,3
C03172,2024-01-19,2024-08-07,Mes a mes,Cheque electrónico,Streaming,Litoral,Hogar,41.27,0.0599,3,1,No,3
C03173,2024-01-20,2024-12-11,Mes a mes,Tarjeta automática,Telefonía móvil,Cuyo,PyME,92.1,0.0363,1,0,Sí,4
C03174,2024-01-20,,Mes a mes,Débito automático,Telefonía móvil,Patagonia,Hogar,33.8,0.0469,3,1,Sí,4
C03175,2024-01-20,2025-12-03,Mes a mes,Cheque electrónico,Internet estándar,NOA,Hogar,45.51,0.0233,1,0,No,2
C03176,2024-01-20,,Dos años,Débito automático,Internet fibra,Litoral,Hogar,93.21,0.0069,0,2,Sí,5
C03177,2024-01-21,,Anual,Débito automático,Internet fibra,AMBA,Hogar,83.12,0.0077,1,0,Sí,4
C03178,2024-01-21,,Mes a mes,Cheque electrónico,Internet estándar,Cuyo,Hogar,39.22,0.056,3,1,No,2
C03179,2024-01-21,2025-11-08,Mes a mes,Débito automático,Telefonía móvil,Centro,Profesional,54.17,0.0114,0,0,Sí,4
C03180,2024-01-21,,Mes a mes,Débito automático,Telefonía móvil,Cuyo,Hogar,57.51,0.0432,0,0,Sí,5
C03181,2024-01-21,,Mes a mes,Tarjeta automática,Internet estándar,Centro,Hogar,46.4,0.0212,2,1,Sí,2
C03182,2024-01-22,2024-08-26,Mes a mes,Cheque electrónico,Internet fibra,AMBA,Hogar,84.16,0.1115,0,0,No,4
C03183,2024-01-22,,Anual,Cheque electrónico,Internet estándar,Centro,Profesional,75.86,0.0234,2,0,No,2
C03184,2024-01-22,2024-02-01,Anual,Transferencia,Telefonía móvil,Cuyo,PyME,59.39,0.0647,4,0,No,2
C03185,2024-01-22,2024-12-23,Mes a mes,Transferencia,Streaming,AMBA,Hogar,42.91,0.0413,2,0,No,4
C03186,2024-01-22,2025-03-18,Anual,Débito automático,Internet fibra,AMBA,Profesional,86.62,0.0419,4,0,Sí,2
C03187,2024-01-23,,Anual,Tarjeta automática,Internet estándar,Centro,Profesional,63.03,0.082,0,0,Sí,4
C03188,2024-01-23,2024-05-02,Mes a mes,Tarjeta automática,Internet estándar,Litoral,Hogar,65.93,0.0587,0,0,Sí,4
C03189,2024-01-23,,Anual,Tarjeta automática,Internet estándar,Litoral,Hogar,64.92,0.0845,1,0,Sí,4
C03190,2024-01-23,,Anual,Tarjeta automática,Telefonía móvil,Cuyo,Hogar,47.42,0.0504,0,0,Sí,5
C03191,2024-01-23,2025-06-02,Anual,Transferencia,Telefonía móvil,Litoral,Hogar,50.01,0.1156,0,0,No,5
C03192,2024-01-23,,Mes a mes,Tarjeta automática,Internet fibra,Centro,Profesional,106.76,0.0464,0,0,Sí,3
C03193,2024-01-23,,Mes a mes,Tarjeta automática,Internet fibra,Patagonia,Profesional,111.73,0.0432,1,1,Sí,3
C03194,2024-01-24,,Mes a mes,Débito automático,Internet estándar,AMBA,Hogar,66.13,0.0509,0,0,Sí,5
C03195,2024-01-24,2024-01-10,Mes a mes,Tarjeta automática,Internet fibra,AMBA,Hogar,79.18,0.1055,0,0,Sí,5
C03196,2024-01-24,,Mes a mes,Tarjeta automática,Internet estándar,NOA,PyME,95.89,0.1319,1,0,Sí,4
C03197,2024-01-24,,Anual,Tarjeta automática,Internet fibra,Cuyo,Hogar,75.19,0.0898,0,0,Sí,5
C03198,2024-01-25,,Mes a mes,Tarjeta automática,Internet fibra,Litoral,Hogar,79.4,0.0128,0,0,Sí,2
C03199,2024-01-25,,Mes a mes,Débito automático,Telefonía móvil,Cuyo,PyME,96.42,0.0376,2,0,Sí,4
C03200,2024-01-25,,Dos años,Transferencia,Internet fibra,Litoral,Hogar,66.87,0.1263,2,1,No,5
C03201,2024-01-25,2024-12-07,Mes a mes,Cheque electrónico,Telefonía móvil,Patagonia,Hogar,46.8,0.1091,1,0,No,4
C03202,2024-01-25,,Mes a mes,Transferencia,Internet fibra,Patagonia,Profesional,78.75,0.0156,1,0,No,4
C03203,2024-01-25,,Mes a mes,Transferencia,Internet fibra,Centro,Hogar,78.94,0.0575,0,0,No,4
C03204,2024-01-25,2025-03-26,Mes a mes,Cheque electrónico,Internet fibra,Litoral,Hogar,79.64,0.0836,2,2,No,2
C03205,2024-01-25,2024-05-05,Mes a mes,Débito automático,Internet fibra,Patagonia,PyME,134.27,0.0563,5,0,Sí,1
C03206,2024-01-26,2025-05-11,Anual,Transferencia,Internet estándar,Cuyo,Hogar,58.36,0.1169,4,0,No,3
C03207,2024-01-26,,Mes a mes,Débito automático,Telefonía móvil,Cuyo,Hogar,49.9,0.0322,0,0,Sí,5
C03208,2024-01-26,,Mes a mes,Débito automático,Telefonía móvil,Litoral,Hogar,66.45,0.0409,3,0,Sí,2
C03209,2024-01-26,2024-08-16,Mes a mes,Débito automático,Internet fibra,Litoral,Profesional,90.31,0.0311,1,0,Sí,3
C03210,2024-01-27,,Dos años,Tarjeta automática,Internet fibra,Centro,Hogar,81.07,0.044,3,0,Sí,2
C03211,2024-01-28,2024-06-15,Mes a mes,Cheque electrónico,Internet fibra,NOA,Hogar,80.37,0.0773,4,1,No,2
C03212,2024-01-28,,Anual,Tarjeta automática,Telefonía móvil,Litoral,Hogar,43.85,0.1205,0,0,Sí,4
C03213,2024-01-28,,Mes a mes,Transferencia,Internet fibra,Litoral,Hogar,64.09,0.0426,0,0,No,4
C03214,2024-01-28,,Anual,Cheque electrónico,Internet fibra,Centro,Profesional,82.98,0.0761,0,2,No,3
C03215,2024-01-28,,Mes a mes,Débito automático,Telefonía móvil,Patagonia,Profesional,60.07,0.0208,0,0,Sí,5
C03216,2024-01-28,,Mes a mes,Tarjeta automática,Telefonía móvil,NOA,Hogar,24.67,0.0108,1,1,Sí,4
C03217,2024-01-29,,Mes a mes,Débito automático,Streaming,Patagonia,Profesional,43.32,0.0178,1,0,Sí,3
C03218,2024-01-29,,Anual,Débito automático,Internet fibra,Litoral,Profesional,88.88,0.0257,0,2,Sí,3
C03219,2024-01-29,2024-02-21,Mes a mes,Cheque electrónico,Internet estándar,Litoral,Profesional,63.72,0.0429,4,0,No,2
C03220,2024-01-29,,Mes a mes,Transferencia,Internet fibra,Centro,Hogar,90.46,0.0095,3,0,No,4
C03221,2024-01-30,,Mes a mes,Transferencia,Streaming,AMBA,Hogar,18.0,0.0998,0,0,No,5
C03222,2024-01-30,2025-01-20,Mes a mes,Débito automático,Telefonía móvil,Litoral,Hogar,51.57,0.0463,2,3,Sí,2
C03223,2024-01-30,,Mes a mes,Transferencia,Internet fibra,Centro,Hogar,71.72,0.018,0,1,No,4
C03224,2024-01-30,,Mes a mes,Transferencia,Telefonía móvil,AMBA,Hogar,37.09,0.1351,1,0,No,2
C03225,2024-01-30,2025-12-20,Mes a mes,Tarjeta automática,Internet estándar,Patagonia,Hogar,54.12,0.0875,0,1,Sí,3
C03226,2024-01-30,2024-08-25,Mes a mes,Tarjeta automática,Telefonía móvil,Cuyo,Hogar,38.98,0.0298,2,0,Sí,3
C03227,2024-01-30,,Mes a mes,Tarjeta automática,Internet fibra,NOA,Hogar,68.18,0.1038,0,0,Sí,4
C03228,2024-01-30,,Mes a mes,Débito automático,Internet estándar,NOA,Hogar,44.93,0.0644,2,0,Sí,3
C03229,2024-01-30,,Mes a mes,Cheque electrónico,Internet fibra,AMBA,Hogar,58.46,0.0126,0,2,No,3
C03230,2024-01-30,,Mes a mes,Transferencia,Streaming,Patagonia,Hogar,33.19,0.0723,0,0,No,5
C03231,2024-01-31,,Dos años,Débito automático,Internet fibra,Cuyo,Hogar,43.88,0.0991,2,1,Sí,3
C03232,2024-01-31,2025-09-11,Mes a mes,Cheque electrónico,Internet estándar,Patagonia,Hogar,58.77,0.0142,2,3,No,3
C03233,2024-01-31,,Anual,Tarjeta automática,Telefonía móvil,AMBA,PyME,103.77,0.0322,2,0,Sí,5
C03234,2024-01-31,2024-05-19,Mes a mes,Tarjeta automática,Streaming,Cuyo,Hogar,46.62,0.0269,2,0,Sí,2
C03235,2024-02-01,2024-07-10,Mes a mes,Cheque electrónico,Streaming,Litoral,Hogar,53.0,0.0987,1,0,No,3
C03236,2024-02-01,2025-03-11,Mes a mes,Cheque electrónico,Streaming,Cuyo,Profesional,57.29,0.0027,1,2,No,5
C03237,2024-02-01,2024-02-17,Mes a mes,Transferencia,Streaming,Litoral,Hogar,22.1,0.119,1,1,No,4
C03238,2024-02-01,,Anual,Tarjeta automática,Streaming,AMBA,Hogar,52.9,0.0174,0,0,Sí,5
C03239,2024-02-01,,Anual,Cheque electrónico,Internet estándar,AMBA,Hogar,35.87,0.0471,2,0,No,2
C03240,2024-02-01,,Mes a mes,Transferencia,Internet fibra,Litoral,Hogar,57.07,0.134,2,0,No,2
C03241,2024-02-01,,Anual,Transferencia,Internet estándar,Cuyo,Hogar,69.38,0.0739,0,0,No,5
C03242,2024-02-01,,Mes a mes,Tarjeta automática,Internet fibra,Litoral,Hogar,84.62,0.0274,1,0,Sí,3
C03243,2024-02-01,,Mes a mes,Débito automático,Internet estándar,Cuyo,Hogar,28.37,0.1306,0,0,Sí,5
C03244,2024-02-01,,Anual,Cheque electrónico,Internet estándar,AMBA,Hogar,34.09,0.1622,0,3,No,4
C03245,2024-02-02,2024-06-23,Mes a mes,Cheque electrónico,Internet fibra,Patagonia,Hogar,84.06,0.037,0,2,No,3
C03246,2024-02-02,,Mes a mes,Débito automático,Telefonía móvil,AMBA,Profesional,50.43,0.0482,1,1,Sí,5
C03247,2024-02-02,,Dos años,Débito automático,Streaming,Patagonia,Hogar,21.01,0.0752,0,1,Sí,5
C03248,2024-02-02,,Dos años,Transferencia,Internet estándar,AMBA,Hogar,70.63,0.0887,0,0,No,4
C03249,2024-02-02,,Anual,Débito automático,Telefonía móvil,NOA,Hogar,65.63,0.0356,0,1,Sí,4
C03250,2024-02-03,,Mes a mes,Débito automático,Internet fibra,Centro,Profesional,97.61,0.0249,0,0,Sí,3
C03251,2024-02-03,,Anual,Tarjeta automática,Internet fibra,NOA,Hogar,76.34,0.0141,1,0,Sí,3
C03252,2024-02-03,2025-01-22,Mes a mes,Tarjeta automática,Internet fibra,AMBA,Profesional,105.93,0.0436,2,0,Sí,4
C03253,2024-02-03,2024-06-08,Mes a mes,Transferencia,Internet estándar,Cuyo,Hogar,42.82,0.0219,0,0,No,5
C03254,2024-02-03,,Mes a mes,Tarjeta automática,Internet fibra,Cuyo,PyME,108.46,0.0091,0,0,Sí,5
C03255,2024-02-03,,Dos años,Tarjeta automática,Telefonía móvil,AMBA,Hogar,18.0,0.1103,1,0,Sí,4
C03256,2024-02-03,,Dos años,Cheque electrónico,Internet fibra,Cuyo,Profesional,95.19,0.0186,1,3,No,2
C03257,2024-02-04,,Anual,Transferencia,Internet estándar,Centro,Hogar,58.7,0.0368,2,0,No,2
C03258,2024-02-04,,Mes a mes,Tarjeta automática,Internet estándar,Cuyo,Hogar,49.18,0.0428,1,0,Sí,3
C03259,2024-02-04,,Mes a mes,Débito automático,Internet fibra,Cuyo,Profesional,104.91,0.0695,0,1,Sí,4
C03260,2024-02-05,2024-04-22,Mes a mes,Transferencia,Streaming,Centro,PyME,94.01,0.0306,1,0,No,4
C03261,2024-02-06,,Dos años,Débito automático,Streaming,Patagonia,Profesional,62.25,0.0968,2,0,Sí,4
C03262,2024-02-06,,Mes a mes,Débito automático,Telefonía móvil,Litoral,Hogar,44.05,0.0604,0,0,Sí,5
C03263,2024-02-06,,Mes a mes,Débito automático,Streaming,NOA,Hogar,32.03,0.0485,4,1,Sí,3
C03264,2024-02-06,,Anual,Tarjeta automática,Internet estándar,Patagonia,Hogar,48.6,0.076,2,0,Sí,4
C03265,2024-02-07,2024-06-23,Mes a mes,Transferencia,Internet estándar,Centro,Hogar,46.16,0.0765,1,0,No,3
C03266,2024-02-07,,Anual,Tarjeta automática,Streaming,Centro,Hogar,18.0,0.0683,1,0,Sí,3
C03267,2024-02-07,,Mes a mes,Débito automático,Internet estándar,NOA,Hogar,61.89,0.0775,1,0,Sí,4
C03268,2024-02-08,,Anual,Tarjeta automática,Internet estándar,Centro,Hogar,44.78,0.1306,2,0,Sí,3
C03269,2024-02-08,2025-07-09,Mes a mes,Tarjeta automática,Internet fibra,AMBA,PyME,128.15,0.0365,0,1,Sí,5
C03270,2024-02-08,,Mes a mes,Tarjeta automática,Streaming,Litoral,Hogar,23.04,0.1841,0,0,Sí,4
C03271,2024-02-08,2024-10-16,Mes a mes,Cheque electrónico,Internet fibra,NOA,Hogar,63.26,0.0059,1,0,No,5
C03272,2024-02-08,,Mes a mes,Tarjeta automática,Telefonía móvil,Centro,Hogar,41.06,0.027,2,1,Sí,4
C03273,2024-02-08,,Anual,Tarjeta automática,Internet fibra,Litoral,Hogar,83.68,0.0258,3,1,Sí,2
C03274,2024-02-08,2024-03-10,Mes a mes,Tarjeta automática,Internet estándar,Cuyo,Hogar,41.24,0.0338,1,0,Sí,4
C03275,2024-02-08,2024-03-06,Mes a mes,Transferencia,Internet fibra,Cuyo,Profesional,107.41,0.0855,1,0,No,2
C03276,2024-02-09,,Anual,Débito automático,Internet fibra,Cuyo,Hogar,73.95,0.1066,0,0,Sí,4
C03277,2024-02-10,2024-02-01,Mes a mes,Cheque electrónico,Internet estándar,AMBA,Hogar,32.14,0.1361,4,0,No,1
C03278,2024-02-10,,Anual,Transferencia,Streaming,Cuyo,Hogar,44.11,0.1092,5,1,No,1
C03279,2024-02-10,,Anual,Débito automático,Internet fibra,Centro,Hogar,80.18,0.0787,3,0,Sí,2
C03280,2024-02-10,2024-03-01,Mes a mes,Transferencia,Internet fibra,Patagonia,Hogar,87.5,0.063,6,0,No,1
C03281,2024-02-10,,Anual,Tarjeta automática,Internet fibra,Centro,Hogar,87.76,0.0967,2,0,Sí,3
C03282,2024-02-10,2025-02-23,Mes a mes,Cheque electrónico,Internet estándar,NOA,Profesional,56.59,0.0121,0,3,No,2
C03283,2024-02-10,2024-03-27,Mes a mes,Cheque electrónico,Telefonía móvil,AMBA,Hogar,36.26,0.1131,0,2,No,5
C03284,2024-02-10,2025-08-22,Mes a mes,Tarjeta automática,Internet estándar,Cuyo,Hogar,60.38,0.0354,0,1,Sí,3
C03285,2024-02-11,,Anual,Transferencia,Telefonía móvil,Centro,Hogar,62.19,0.041,0,0,No,4
C03286,2024-02-11,2025-03-25,Mes a mes,Tarjeta automática,Internet estándar,Cuyo,Hogar,49.7,0.0517,2,0,Sí,3
C03287,2024-02-11,,Mes a mes,Débito automático,Internet estándar,Patagonia,Hogar,42.1,0.0756,0,2,Sí,5
C03288,2024-02-11,,Dos años,Transferencia,Telefonía móvil,NOA,Hogar,60.51,0.0184,2,0,No,3
C03289,2024-02-11,,Mes a mes,Cheque electrónico,Internet fibra,Patagonia,Profesional,89.11,0.1608,0,0,No,5
C03290,2024-02-11,,Dos años,Débito automático,Telefonía móvil,Litoral,Hogar,45.62,0.0267,1,0,Sí,4
C03291,2024-02-11,2025-07-18,Anual,Transferencia,Internet estándar,Litoral,Hogar,44.29,0.0929,0,0,No,4
C03292,2024-02-12,,Dos años,Transferencia,Internet estándar,NOA,Hogar,51.96,0.0478,8,0,No,1
C03293,2024-02-12,,Dos años,Tarjeta automática,Telefonía móvil,NOA,Hogar,31.6,0.0614,1,0,Sí,4
C03294,2024-02-12,,Dos años,Transferencia,Internet estándar,Patagonia,Hogar,44.88,0.0432,1,1,No,4
C03295,2024-02-12,,Mes a mes,Transferencia,Telefonía móvil,AMBA,Hogar,35.1,0.0452,1,0,No,4
C03296,2024-02-13,,Anual,Transferencia,Telefonía móvil,Centro,Hogar,49.28,0.0153,0,0,No,4
C03297,2024-02-13,2024-10-23,Anual,Cheque electrónico,Internet fibra,Centro,Profesional,97.8,0.024,3,2,No,2
C03298,2024-02-14,,Anual,Tarjeta automática,Internet estándar,Centro,Hogar,58.68,0.0215,2,1,Sí,3
C03299,2024-02-14,,Mes a mes,Tarjeta automática,Telefonía móvil,NOA,Hogar,32.92,0.0406,0,0,Sí,4
C03300,2024-02-14,,Dos años,Tarjeta automática,Internet fibra,AMBA,Profesional,93.71,0.1034,2,0,Sí,3
C03301,2024-02-15,2025-03-23,Mes a mes,Tarjeta automática,Streaming,NOA,Hogar,35.88,0.0672,2,1,Sí,2
C03302,2024-02-15,,Mes a mes,Débito automático,Internet fibra,Patagonia,Hogar,87.45,0.0746,0,0,Sí,5
C03303,2024-02-15,2025-06-10,Mes a mes,Cheque electrónico,Internet fibra,Litoral,Hogar,62.1,0.103,1,1,No,2
C03304,2024-02-15,,Mes a mes,Débito automático,Internet estándar,Centro,Hogar,52.5,0.0124,1,0,Sí,4
C03305,2024-02-15,,Anual,Transferencia,Streaming,Centro,Hogar,20.05,0.0583,5,0,No,2
C03306,2024-02-16,,Mes a mes,Débito automático,Streaming,Patagonia,Hogar,39.0,0.0336,2,0,Sí,3
C03307,2024-02-16,,Anual,Débito automático,Streaming,Patagonia,Hogar,49.47,0.0322,1,0,Sí,3
C03308,2024-02-16,,Dos años,Cheque electrónico,Internet fibra,Litoral,Hogar,49.27,0.0183,0,1,No,4
C03309,2024-02-16,2025-05-06,Mes a mes,Transferencia,Internet estándar,Litoral,Hogar,41.78,0.0515,0,0,No,4
C03310,2024-02-16,,Anual,Débito automático,Internet fibra,Patagonia,Hogar,80.9,0.0491,0,0,Sí,4
C03311,2024-02-17,,Mes a mes,Cheque electrónico,Internet fibra,Patagonia,Hogar,77.96,0.09,3,2,No,3
C03312,2024-02-17,,Dos años,Débito automático,Internet estándar,Patagonia,Hogar,59.34,0.0538,1,0,Sí,4
C03313,2024-02-17,2024-04-27,Dos años,Tarjeta automática,Streaming,Centro,Profesional,47.87,0.0465,0,0,Sí,4
C03314,2024-02-17,,Mes a mes,Débito automático,Internet fibra,AMBA,PyME,127.17,0.0471,0,0,Sí,4
C03315,2024-02-17,,Anual,Transferencia,Internet fibra,Cuyo,PyME,121.78,0.0603,2,0,No,4
C03316,2024-02-17,,Mes a mes,Débito automático,Streaming,Cuyo,Hogar,18.0,0.0367,0,1,Sí,5
C03317,2024-02-18,,Mes a mes,Cheque electrónico,Internet fibra,Cuyo,Hogar,69.83,0.0808,0,2,No,4
C03318,2024-02-18,2025-06-11,Anual,Débito automático,Telefonía móvil,Litoral,PyME,90.78,0.0728,2,0,Sí,4
C03319,2024-02-18,,Mes a mes,Débito automático,Internet estándar,NOA,Profesional,71.22,0.1102,2,0,Sí,3
C03320,2024-02-18,,Anual,Cheque electrónico,Internet fibra,Patagonia,Hogar,76.28,0.0204,1,1,No,4
C03321,2024-02-18,,Mes a mes,Débito automático,Telefonía móvil,Patagonia,Profesional,52.84,0.0213,0,0,Sí,4
C03322,2024-02-19,2024-08-12,Mes a mes,Débito automático,Streaming,Patagonia,Hogar,18.0,0.0809,0,0,Sí,4
C03323,2024-02-19,,Dos años,Tarjeta automática,Telefonía móvil,Cuyo,Profesional,52.27,0.0124,1,0,Sí,5
C03324,2024-02-19,,Mes a mes,Débito automático,Internet estándar,Litoral,PyME,97.8,0.0335,1,0,Sí,3
C03325,2024-02-19,,Anual,Débito automático,Internet estándar,Cuyo,PyME,95.77,0.084,0,0,Sí,4
C03326,2024-02-19,,Mes a mes,Tarjeta automática,Streaming,Patagonia,Hogar,36.4,0.0475,2,0,Sí,2
C03327,2024-02-20,,Dos años,Débito automático,Internet estándar,NOA,Hogar,64.05,0.0049,1,0,Sí,4
C03328,2024-02-20,,Anual,Tarjeta automática,Internet estándar,Cuyo,Hogar,36.06,0.0383,1,0,Sí,3
C03329,2024-02-20,,Mes a mes,Tarjeta automática,Internet fibra,Patagonia,Hogar,90.31,0.053,0,1,Sí,5
C03330,2024-02-20,,Mes a mes,Débito automático,Internet estándar,AMBA,Hogar,56.63,0.0499,0,1,Sí,5
C03331,2024-02-21,,Mes a mes,Tarjeta automática,Internet fibra,Cuyo,Hogar,79.98,0.0619,0,1,Sí,2
C03332,2024-02-21,,Dos años,Transferencia,Telefonía móvil,NOA,Hogar,58.79,0.0886,0,0,No,5
C03333,2024-02-21,,Mes a mes,Transferencia,Internet estándar,Patagonia,Hogar,47.13,0.0424,1,0,No,3
C03334,2024-02-22,,Mes a mes,Tarjeta automática,Telefonía móvil,Litoral,PyME,101.42,0.0543,1,1,Sí,5
C03335,2024-02-22,2025-09-12,Anual,Tarjeta automática,Internet fibra,Centro,Profesional,97.36,0.0191,6,0,Sí,2
C03336,2024-02-22,2025-07-17,Mes a mes,Débito automático,Internet estándar,Patagonia,Hogar,49.54,0.0462,3,0,Sí,4
C03337,2024-02-22,,Mes a mes,Tarjeta automática,Internet fibra,NOA,Hogar,83.05,0.0816,1,0,Sí,5
C03338,2024-02-23,,Mes a mes,Débito automático,Streaming,Cuyo,Hogar,29.51,0.069,1,0,Sí,3
C03339,2024-02-23,,Mes a mes,Transferencia,Telefonía móvil,Patagonia,Hogar,47.13,0.0245,0,0,No,3
C03340,2024-02-23,,Anual,Transferencia,Internet estándar,Litoral,Hogar,41.63,0.0571,5,1,No,2
C03341,2024-02-23,,Dos años,Débito automático,Internet estándar,Cuyo,Profesional,59.98,0.0482,1,0,Sí,4
C03342,2024-02-24,,Dos años,Cheque electrónico,Streaming,Centro,Profesional,39.58,0.1012,2,0,No,4
C03343,2024-02-24,2024-07-23,Dos años,Tarjeta automática,Internet fibra,Litoral,Hogar,73.99,0.0462,1,0,Sí,4
C03344,2024-02-24,,Mes a mes,Cheque electrónico,Streaming,Cuyo,PyME,95.15,0.1057,0,0,No,5
C03345,2024-02-24,,Mes a mes,Cheque electrónico,Streaming,Litoral,PyME,78.92,0.0381,0,2,No,3
C03346,2024-02-24,,Anual,Débito automático,Internet fibra,AMBA,Profesional,103.18,0.0662,2,0,Sí,5
C03347,2024-02-24,,Dos años,Tarjeta automática,Streaming,Cuyo,PyME,86.92,0.0725,0,0,Sí,5
C03348,2024-02-25,,Anual,Tarjeta automática,Streaming,Patagonia,Hogar,24.14,0.0101,4,0,Sí,1
C03349,2024-02-25,2025-10-24,Mes a mes,Cheque electrónico,Internet fibra,NOA,PyME,147.4,0.0553,3,3,No,3
C03350,2024-02-25,,Anual,Tarjeta automática,Internet estándar,Centro,PyME,112.1,0.0511,0,0,Sí,3
C03351,2024-02-26,,Anual,Cheque electrónico,Internet estándar,Litoral,Hogar,49.02,0.0617,2,0,No,4
C03352,2024-02-26,,Dos años,Débito automático,Telefonía móvil,Centro,Hogar,41.11,0.0664,1,0,Sí,3
C03353,2024-02-26,,Anual,Débito automático,Internet estándar,Patagonia,Hogar,50.03,0.0214,1,0,Sí,4
C03354,2024-02-26,2025-01-02,Mes a mes,Transferencia,Internet estándar,Cuyo,Hogar,32.18,0.0281,0,1,No,3
C03355,2024-02-26,,Mes a mes,Tarjeta automática,Internet estándar,Patagonia,Profesional,57.93,0.0857,0,1,Sí,4
C03356,2024-02-27,,Mes a mes,Débito automático,Internet fibra,Cuyo,Hogar,83.09,0.0181,0,1,Sí,4
C03357,2024-02-28,,Mes a mes,Cheque electrónico,Internet fibra,Centro,Profesional,78.59,0.1365,0,2,No,4
C03358,2024-02-28,,Dos años,Tarjeta automática,Internet fibra,Litoral,Profesional,87.78,0.0566,2,1,Sí,3
C03359,2024-02-28,2024-11-22,Mes a mes,Cheque electrónico,Internet fibra,Litoral,Hogar,73.68,0.0927,4,0,No,1
C03360,2024-02-29,2024-11-16,Mes a mes,Cheque electrónico,Internet fibra,Patagonia,Hogar,109.94,0.0648,0,2,No,4
C03361,2024-02-29,,Mes a mes,Tarjeta automática,Streaming,Patagonia,Profesional,54.41,0.0876,1,0,Sí,4
C03362,2024-02-29,,Anual,Débito automático,Streaming,Patagonia,Hogar,41.07,0.0449,1,0,Sí,2
C03363,2024-02-29,,Mes a mes,Tarjeta automática,Internet fibra,NOA,PyME,124.14,0.0492,1,0,Sí,4
C03364,2024-03-01,2024-08-03,Mes a mes,Transferencia,Streaming,Cuyo,Profesional,50.98,0.0231,1,0,No,3
C03365,2024-03-01,,Dos años,Cheque electrónico,Internet fibra,Litoral,Hogar,58.64,0.1174,0,0,No,4
C03366,2024-03-01,,Mes a mes,Cheque electrónico,Internet estándar,Cuyo,Hogar,45.36,0.0229,0,1,No,4
C03367,2024-03-01,2024-10-09,Mes a mes,Cheque electrónico,Telefonía móvil,Litoral,Profesional,65.56,0.0303,0,0,No,4
C03368,2024-03-01,2024-04-17,Mes a mes,Tarjeta automática,Internet estándar,AMBA,PyME,88.41,0.0886,1,0,Sí,4
C03369,2024-03-02,2025-12-17,Mes a mes,Débito automático,Internet fibra,NOA,Hogar,82.32,0.1082,4,0,Sí,3
C03370,2024-03-02,,Anual,Tarjeta automática,Internet estándar,Litoral,PyME,109.24,0.0195,1,0,Sí,4
C03371,2024-03-02,,Dos años,Cheque electrónico,Streaming,Litoral,Hogar,22.37,0.0245,1,0,No,5
C03372,2024-03-02,,Mes a mes,Tarjeta automática,Internet fibra,NOA,Hogar,68.82,0.0625,0,0,Sí,5
C03373,2024-03-02,,Dos años,Tarjeta automática,Telefonía móvil,Cuyo,Hogar,34.13,0.0174,3,1,Sí,2
C03374,2024-03-03,,Anual,Tarjeta automática,Internet estándar,Cuyo,Profesional,63.18,0.1005,2,0,Sí,3
C03375,2024-03-03,,Mes a mes,Tarjeta automática,Internet fibra,Litoral,PyME,129.52,0.0097,1,0,Sí,4
C03376,2024-03-03,2024-07-13,Mes a mes,Tarjeta automática,Internet estándar,NOA,Hogar,54.61,0.0975,1,0,Sí,5
C03377,2024-03-03,2024-08-09,Mes a mes,Tarjeta automática,Streaming,Centro,Hogar,23.12,0.0841,6,0,Sí,2
C03378,2024-03-03,,Dos años,Cheque electrónico,Internet estándar,AMBA,Hogar,66.62,0.0413,5,1,No,1
C03379,2024-03-04,,Mes a mes,Transferencia,Telefonía móvil,AMBA,PyME,114.54,0.0747,1,0,No,4
C03380,2024-03-04,,Mes a mes,Tarjeta automática,Telefonía móvil,Patagonia,Profesional,62.6,0.0315,1,0,Sí,3
C03381,2024-03-04,2025-10-27,Anual,Cheque electrónico,Internet fibra,AMBA,Hogar,74.21,0.0184,1,1,No,5
C03382,2024-03-04,,Dos años,Débito automático,Internet fibra,Patagonia,Profesional,90.13,0.0853,0,0,Sí,5
C03383,2024-03-04,,Anual,Transferencia,Internet estándar,NOA,Profesional,70.48,0.0457,2,0,No,2
C03384,2024-03-04,,Anual,Débito automático,Streaming,Patagonia,PyME,89.41,0.0568,0,0,Sí,4
C03385,2024-03-04,2024-05-04,Mes a mes,Débito automático,Streaming,Centro,Profesional,44.79,0.021,0,0,Sí,4
C03386,2024-03-04,,Dos años,Débito automático,Internet fibra,Litoral,Hogar,73.68,0.0627,0,0,Sí,4
C03387,2024-03-04,,Mes a mes,Tarjeta automática,Telefonía móvil,Cuyo,PyME,100.88,0.0845,1,0,Sí,4
C03388,2024-03-05,,Mes a mes,Débito automático,Internet fibra,AMBA,Hogar,78.76,0.0538,0,0,Sí,4
C03389,2024-03-05,2024-08-03,Dos años,Transferencia,Telefonía móvil,Centro,PyME,90.71,0.0139,0,0,No,4
C03390,2024-03-05,2025-09-18,Mes a mes,Transferencia,Telefonía móvil,Patagonia,Hogar,43.24,0.0328,4,0,No,2
C03391,2024-03-05,2024-04-16,Mes a mes,Débito automático,Internet fibra,Litoral,Profesional,89.34,0.0558,0,2,Sí,2
C03392,2024-03-05,,Anual,Débito automático,Internet fibra,Cuyo,Hogar,69.73,0.0521,3,0,Sí,1
C03393,2024-03-05,,Mes a mes,Transferencia,Internet fibra,Patagonia,Hogar,77.95,0.0524,0,0,No,4
C03394,2024-03-06,,Mes a mes,Tarjeta automática,Telefonía móvil,Litoral,PyME,90.68,0.0434,0,0,Sí,4
C03395,2024-03-06,,Anual,Tarjeta automática,Internet estándar,NOA,Hogar,40.94,0.0316,0,0,Sí,5
C03396,2024-03-06,,Anual,Débito automático,Telefonía móvil,AMBA,Hogar,53.5,0.0599,2,1,Sí,3
C03397,2024-03-06,,Anual,Tarjeta automática,Internet estándar,Centro,Profesional,62.69,0.072,1,0,Sí,4
C03398,2024-03-07,,Mes a mes,Débito automático,Internet estándar,Centro,Hogar,69.28,0.0118,1,1,Sí,4
C03399,2024-03-07,2024-09-25,Mes a mes,Tarjeta automática,Telefonía móvil,Cuyo,Hogar,48.89,0.0298,1,1,Sí,4
C03400,2024-03-07,,Anual,Transferencia,Internet estándar,NOA,PyME,94.97,0.0333,0,0,No,4
C03401,2024-03-07,,Mes a mes,Transferencia,Streaming,Cuyo,Hogar,41.76,0.0536,0,0,No,4
C03402,2024-03-08,,Mes a mes,Cheque electrónico,Internet estándar,Centro,Hogar,41.12,0.0835,1,2,No,5
C03403,2024-03-08,,Mes a mes,Transferencia,Internet fibra,AMBA,Profesional,117.71,0.0508,1,0,No,3
C03404,2024-03-08,2024-06-25,Mes a mes,Débito automático,Internet fibra,Cuyo,Profesional,98.49,0.0031,5,0,Sí,2
C03405,2024-03-09,2024-03-04,Mes a mes,Cheque electrónico,Internet fibra,Centro,Hogar,83.97,0.0198,0,0,No,5
C03406,2024-03-09,2024-05-19,Anual,Transferencia,Streaming,Centro,Hogar,29.34,0.1772,1,0,No,4
C03407,2024-03-09,2024-03-14,Dos años,Débito automático,Internet estándar,AMBA,Hogar,51.92,0.0473,4,0,Sí,3
C03408,2024-03-09,2024-08-11,Mes a mes,Tarjeta automática,Internet estándar,Litoral,Hogar,46.48,0.0442,4,0,Sí,2
C03409,2024-03-10,,Anual,Transferencia,Internet fibra,Patagonia,Hogar,67.82,0.0463,1,2,No,4
C03410,2024-03-10,,Mes a mes,Transferencia,Streaming,Patagonia,PyME,87.74,0.0325,0,1,No,4
C03411,2024-03-11,,Mes a mes,Transferencia,Telefonía móvil,AMBA,Hogar,53.27,0.008,2,2,No,2
C03412,2024-03-11,,Anual,Cheque electrónico,Streaming,NOA,Hogar,18.0,0.0231,0,2,No,4
C03413,2024-03-11,,Mes a mes,Cheque electrónico,Telefonía móvil,Litoral,PyME,113.95,0.0929,0,0,No,3
C03414,2024-03-12,,Dos años,Cheque electrónico,Internet fibra,Litoral,Hogar,84.61,0.0973,0,3,No,4
C03415,2024-03-12,2024-09-25,Mes a mes,Transferencia,Internet fibra,NOA,PyME,128.19,0.0323,0,0,No,5
C03416,2024-03-12,2024-03-24,Mes a mes,Cheque electrónico,Internet estándar,Centro,PyME,99.0,0.0347,3,2,No,3
C03417,2024-03-12,2024-08-09,Mes a mes,Cheque electrónico,Internet fibra,Litoral,Hogar,98.51,0.0433,2,0,No,2
C03418,2024-03-13,2024-08-27,Mes a mes,Tarjeta automática,Streaming,AMBA,Hogar,39.33,0.0233,2,0,Sí,3
C03419,2024-03-13,,Dos años,Transferencia,Telefonía móvil,Cuyo,Hogar,54.54,0.0929,0,3,No,4
C03420,2024-03-13,,Anual,Tarjeta automática,Internet fibra,Centro,Hogar,75.24,0.1227,1,3,Sí,5
C03421,2024-03-14,,Mes a mes,Tarjeta automática,Telefonía móvil,Centro,Hogar,48.11,0.0589,4,0,Sí,2
C03422,2024-03-14,,Mes a mes,Tarjeta automática,Internet fibra,Litoral,Hogar,81.84,0.0804,1,1,Sí,3
C03423,2024-03-14,,Anual,Débito automático,Streaming,AMBA,Hogar,27.08,0.0861,3,0,Sí,3
C03424,2024-03-14,,Anual,Tarjeta automática,Internet estándar,NOA,Profesional,68.2,0.0153,1,0,Sí,5
C03425,2024-03-15,,Mes a mes,Tarjeta automática,Streaming,Centro,Hogar,41.21,0.0875,1,1,Sí,4
C03426,2024-03-15,2024-11-21,Mes a mes,Tarjeta automática,Internet fibra,AMBA,Hogar,95.6,0.0342,1,0,Sí,4
C03427,2024-03-15,2025-12-15,Mes a mes,Transferencia,Telefonía móvil,Cuyo,Hogar,39.23,0.0898,3,0,No,3
C03428,2024-03-16,2025-06-11,Mes a mes,Cheque electrónico,Telefonía móvil,Cuyo,Hogar,27.56,0.024,3,0,No,3
C03429,2024-03-16,2024-08-16,Mes a mes,Cheque electrónico,Internet estándar,Litoral,Profesional,85.08,0.0963,0,0,No,5
C03430,2024-03-16,,Mes a mes,Débito automático,Internet estándar,Patagonia,Profesional,85.22,0.0132,1,0,Sí,3
C03431,2024-03-16,,Mes a mes,Tarjeta automática,Streaming,Litoral,Hogar,33.4,0.0407,1,0,Sí,3
C03432,2024-03-16,2024-03-20,Mes a mes,Cheque electrónico,Streaming,Litoral,Hogar,48.72,0.0749,0,0,No,3
C03433,2024-03-16,,Mes a mes,Tarjeta automática,Internet estándar,Patagonia,Hogar,52.6,0.0376,0,0,Sí,3
C03434,2024-03-16,,Dos años,Cheque electrónico,Streaming,Litoral,PyME,74.0,0.0105,2,2,No,4
C03435,2024-03-16,,Anual,Transferencia,Telefonía móvil,AMBA,Hogar,27.57,0.1053,0,0,No,3
C03436,2024-03-17,,Mes a mes,Débito automático,Streaming,Cuyo,Profesional,32.46,0.0272,1,0,Sí,5
C03437,2024-03-17,,Mes a mes,Tarjeta automática,Internet fibra,Patagonia,Hogar,78.05,0.0631,0,0,Sí,4
C03438,2024-03-18,,Mes a mes,Tarjeta automática,Telefonía móvil,Centro,Hogar,36.87,0.0737,0,0,Sí,5
C03439,2024-03-18,,Dos años,Débito automático,Internet fibra,NOA,Hogar,71.63,0.0671,1,0,Sí,5
C03440,2024-03-18,,Anual,Débito automático,Internet fibra,Cuyo,Hogar,76.82,0.0664,1,0,Sí,3
C03441,2024-03-18,2024-03-05,Mes a mes,Cheque electrónico,Telefonía móvil,Centro,Hogar,51.44,0.0397,0,3,No,4
C03442,2024-03-18,,Dos años,Transferencia,Internet fibra,Cuyo,Hogar,71.98,0.0265,1,0,No,3
C03443,2024-03-19,,Anual,Débito automático,Internet fibra,Litoral,Hogar,70.13,0.104,3,2,Sí,2
C03444,2024-03-19,,Anual,Tarjeta automática,Internet estándar,Patagonia,PyME,98.71,0.0289,5,1,Sí,2
C03445,2024-03-19,2025-05-13,Mes a mes,Débito automático,Telefonía móvil,Centro,Hogar,52.13,0.0409,0,0,Sí,5
C03446,2024-03-19,,Mes a mes,Tarjeta automática,Internet fibra,Centro,PyME,132.23,0.0325,1,1,Sí,4
C03447,2024-03-19,,Anual,Transferencia,Internet estándar,AMBA,Hogar,52.08,0.0376,0,0,No,5
C03448,2024-03-19,,Mes a mes,Transferencia,Internet fibra,Cuyo,Hogar,95.08,0.0432,0,1,No,4
C03449,2024-03-20,,Anual,Cheque electrónico,Internet estándar,NOA,Hogar,80.28,0.0345,2,3,No,4
C03450,2024-03-20,,Anual,Débito automático,Internet estándar,NOA,Profesional,74.04,0.0116,1,0,Sí,4
C03451,2024-03-20,2025-06-11,Mes a mes,Tarjeta automática,Internet fibra,Litoral,Profesional,101.95,0.0753,4,1,Sí,2
C03452,2024-03-21,,Mes a mes,Cheque electrónico,Telefonía móvil,Litoral,Profesional,46.97,0.0401,0,2,No,4
C03453,2024-03-21,,Mes a mes,Transferencia,Streaming,Litoral,Hogar,33.05,0.0452,1,0,No,3
C03454,2024-03-21,2025-05-09,Mes a mes,Transferencia,Telefonía móvil,Centro,Hogar,42.68,0.0169,3,0,No,3
C03455,2024-03-21,,Anual,Débito automático,Telefonía móvil,Cuyo,Profesional,69.81,0.0233,0,2,Sí,3
C03456,2024-03-22,2025-10-27,Anual,Cheque electrónico,Telefonía móvil,NOA,PyME,92.69,0.0424,5,6,No,1
C03457,2024-03-22,2024-08-06,Mes a mes,Tarjeta automática,Streaming,Litoral,Hogar,31.21,0.0069,2,2,Sí,3
C03458,2024-03-22,,Anual,Débito automático,Internet fibra,Centro,Profesional,102.66,0.0932,2,0,Sí,4
C03459,2024-03-22,2025-03-26,Mes a mes,Cheque electrónico,Telefonía móvil,AMBA,Hogar,62.88,0.0921,1,0,No,4
C03460,2024-03-22,,Anual,Tarjeta automática,Internet estándar,Patagonia,Hogar,66.2,0.0643,0,0,Sí,5
C03461,2024-03-22,2025-02-11,Mes a mes,Cheque electrónico,Internet fibra,NOA,Hogar,91.93,0.0942,1,0,No,2
C03462,2024-03-22,,Anual,Débito automático,Internet estándar,AMBA,Hogar,57.0,0.0245,3,1,Sí,1
C03463,2024-03-23,,Anual,Tarjeta automática,Internet fibra,Cuyo,Hogar,73.26,0.0276,1,0,Sí,3
C03464,2024-03-23,,Mes a mes,Tarjeta automática,Internet estándar,NOA,Profesional,74.99,0.0142,2,0,Sí,3
C03465,2024-03-23,2024-03-26,Mes a mes,Cheque electrónico,Telefonía móvil,Centro,PyME,88.51,0.0154,1,1,No,3
C03466,2024-03-23,,Dos años,Transferencia,Internet estándar,Centro,Hogar,46.73,0.0478,3,0,No,2
C03467,2024-03-24,2025-12-22,Mes a mes,Tarjeta automática,Internet fibra,Cuyo,Hogar,97.56,0.0335,0,2,Sí,3
C03468,2024-03-24,,Anual,Tarjeta automática,Internet fibra,Cuyo,Hogar,83.92,0.0321,0,0,Sí,3
C03469,2024-03-24,,Dos años,Tarjeta automática,Telefonía móvil,Cuyo,Hogar,44.5,0.0588,2,0,Sí,4
C03470,2024-03-24,,Dos años,Tarjeta automática,Internet estándar,NOA,Hogar,52.91,0.0125,0,0,Sí,5
C03471,2024-03-25,,Mes a mes,Transferencia,Internet estándar,NOA,Hogar,47.97,0.0769,1,0,No,3
C03472,2024-03-25,,Anual,Tarjeta automática,Telefonía móvil,Litoral,Hogar,18.29,0.0309,0,0,Sí,5
C03473,2024-03-26,,Dos años,Tarjeta automática,Telefonía móvil,AMBA,Profesional,46.09,0.0253,1,0,Sí,3
C03474,2024-03-26,2025-12-10,Mes a mes,Tarjeta automática,Internet estándar,Centro,Hogar,55.79,0.0307,0,0,Sí,4
C03475,2024-03-27,2025-09-24,Mes a mes,Transferencia,Streaming,Centro,Hogar,18.87,0.0712,0,0,No,5
C03476,2024-03-27,2025-07-05,Mes a mes,Transferencia,Internet fibra,AMBA,Profesional,94.82,0.1088,0,0,No,4
C03477,2024-03-27,,Anual,Transferencia,Telefonía móvil,Cuyo,Hogar,28.5,0.0487,0,0,No,3
C03478,2024-03-27,,Mes a mes,Débito automático,Internet estándar,AMBA,Hogar,41.09,0.0498,1,1,Sí,4
C03479,2024-03-27,,Mes a mes,Cheque electrónico,Streaming,Litoral,Hogar,28.95,0.0074,1,1,No,4
C03480,2024-03-28,,Mes a mes,Débito automático,Internet fibra,Centro,Hogar,88.16,0.1089,2,1,Sí,5
C03481,2024-03-28,,Anual,Cheque electrónico,Streaming,Patagonia,PyME,96.37,0.0701,0,1,No,5
C03482,2024-03-28,,Mes a mes,Transferencia,Internet estándar,Litoral,Profesional,58.92,0.0572,1,0,No,5
C03483,2024-03-28,,Dos años,Tarjeta automática,Internet estándar,NOA,Hogar,52.37,0.0292,3,0,Sí,2
C03484,2024-03-28,,Anual,Cheque electrónico,Streaming,Cuyo,Hogar,18.0,0.0192,1,1,No,2
C03485,2024-03-28,,Dos años,Débito automático,Telefonía móvil,AMBA,Hogar,42.62,0.0444,0,0,Sí,5
C03486,2024-03-28,,Dos años,Transferencia,Internet estándar,NOA,PyME,114.49,0.0261,0,0,No,5
C03487,2024-03-29,2025-12-08,Mes a mes,Tarjeta automática,Telefonía móvil,Centro,Profesional,59.26,0.0408,2,0,Sí,5
C03488,2024-03-29,,Anual,Débito automático,Internet fibra,Patagonia,Hogar,92.47,0.062,2,0,Sí,4
C03489,2024-03-29,,Mes a mes,Cheque electrónico,Internet estándar,Patagonia,Hogar,58.21,0.0067,0,3,No,5
C03490,2024-03-29,,Dos años,Tarjeta automática,Internet fibra,NOA,PyME,135.65,0.0512,3,2,Sí,3
C03491,2024-03-29,,Mes a mes,Tarjeta automática,Internet fibra,Litoral,Profesional,93.25,0.0209,2,0,Sí,3
C03492,2024-03-29,,Anual,Tarjeta automática,Telefonía móvil,Litoral,Hogar,36.12,0.0557,0,1,Sí,3
C03493,2024-03-31,,Dos años,Débito automático,Internet fibra,Cuyo,Hogar,61.96,0.0176,5,1,Sí,1
C03494,2024-03-31,2025-07-16,Mes a mes,Cheque electrónico,Telefonía móvil,Cuyo,Hogar,27.75,0.1357,0,1,No,4
C03495,2024-03-31,,Dos años,Transferencia,Internet estándar,Patagonia,Hogar,59.94,0.0016,1,1,No,4
C03496,2024-04-01,,Mes a mes,Cheque electrónico,Streaming,Litoral,Hogar,45.65,0.0879,1,1,No,3
C03497,2024-04-01,,Mes a mes,Débito automático,Internet fibra,AMBA,Hogar,66.11,0.0575,1,0,Sí,4
C03498,2024-04-01,2024-05-24,Mes a mes,Débito automático,Streaming,Cuyo,Profesional,47.75,0.0491,1,0,Sí,2
C03499,2024-04-01,,Mes a mes,Tarjeta automática,Telefonía móvil,NOA,Profesional,42.68,0.0521,2,0,Sí,3
C03500,2024-04-01,,Anual,Tarjeta automática,Internet estándar,Centro,Hogar,38.26,0.094,0,0,Sí,5
C03501,2024-04-02,,Dos años,Transferencia,Internet estándar,Cuyo,Hogar,51.86,0.0723,2,2,No,2
C03502,2024-04-02,2024-04-12,Mes a mes,Tarjeta automática,Telefonía móvil,NOA,Hogar,36.29,0.0089,2,1,Sí,2
C03503,2024-04-02,,Anual,Tarjeta automática,Streaming,Centro,Hogar,18.0,0.0274,2,0,Sí,2
C03504,2024-04-02,,Dos años,Cheque electrónico,Internet fibra,Patagonia,Profesional,114.91,0.0973,1,2,No,3
C03505,2024-04-03,,Anual,Débito automático,Streaming,Patagonia,Hogar,28.46,0.0551,1,0,Sí,3
C03506,2024-04-03,,Mes a mes,Tarjeta automática,Streaming,Centro,PyME,71.85,0.0268,1,1,Sí,4
C03507,2024-04-03,,Dos años,Transferencia,Streaming,NOA,Profesional,48.41,0.061,2,0,No,4
C03508,2024-04-04,,Mes a mes,Débito automático,Internet estándar,Cuyo,Profesional,66.11,0.0538,0,0,Sí,4
C03509,2024-04-05,2024-07-20,Anual,Cheque electrónico,Internet estándar,Centro,Hogar,53.64,0.01,1,1,No,3
C03510,2024-04-05,,Anual,Transferencia,Telefonía móvil,Centro,Hogar,38.26,0.0534,1,0,No,2
C03511,2024-04-05,,Anual,Tarjeta automática,Internet estándar,Centro,PyME,107.46,0.0216,1,0,Sí,4
C03512,2024-04-06,,Mes a mes,Tarjeta automática,Internet estándar,Litoral,Hogar,59.38,0.0986,0,0,Sí,4
C03513,2024-04-06,,Mes a mes,Tarjeta automática,Telefonía móvil,Centro,PyME,82.5,0.1161,2,0,Sí,3
C03514,2024-04-06,,Anual,Transferencia,Internet fibra,Cuyo,Hogar,70.37,0.0265,0,0,No,5
C03515,2024-04-07,,Mes a mes,Débito automático,Internet estándar,Patagonia,Hogar,58.23,0.0368,2,0,Sí,3
C03516,2024-04-07,,Mes a mes,Transferencia,Streaming,NOA,Hogar,22.93,0.0898,0,0,No,5
C03517,2024-04-07,,Anual,Débito automático,Streaming,Patagonia,Hogar,28.1,0.057,1,0,Sí,4
C03518,2024-04-07,,Anual,Débito automático,Telefonía móvil,Litoral,Hogar,36.83,0.0934,2,0,Sí,3
C03519,2024-04-08,2025-01-03,Mes a mes,Tarjeta automática,Streaming,Patagonia,PyME,79.51,0.136,4,0,Sí,1
C03520,2024-04-08,2025-04-26,Mes a mes,Tarjeta automática,Internet estándar,Cuyo,Profesional,61.58,0.0732,1,1,Sí,3
C03521,2024-04-08,,Dos años,Débito automático,Internet estándar,Centro,Hogar,35.15,0.0254,0,0,Sí,5
C03522,2024-04-08,,Mes a mes,Débito automático,Internet fibra,Patagonia,Hogar,83.05,0.0258,3,0,Sí,2
C03523,2024-04-09,2024-05-07,Mes a mes,Cheque electrónico,Telefonía móvil,AMBA,Hogar,53.69,0.0249,0,0,No,4
C03524,2024-04-09,,Mes a mes,Tarjeta automática,Internet fibra,NOA,Hogar,76.06,0.0144,1,0,Sí,3
C03525,2024-04-10,2024-10-08,Mes a mes,Transferencia,Internet estándar,Cuyo,PyME,114.44,0.092,2,0,No,3
C03526,2024-04-10,,Dos años,Tarjeta automática,Internet estándar,Patagonia,Profesional,61.6,0.0593,1,0,Sí,4
C03527,2024-04-10,,Mes a mes,Transferencia,Internet fibra,AMBA,Hogar,71.95,0.1294,1,1,No,4
C03528,2024-04-10,2024-10-25,Mes a mes,Tarjeta automática,Internet fibra,Cuyo,Profesional,100.52,0.0596,1,0,Sí,4
C03529,2024-04-10,,Mes a mes,Transferencia,Streaming,Cuyo,Hogar,33.7,0.03,0,0,No,3
C03530,2024-04-10,,Mes a mes,Tarjeta automática,Internet fibra,Cuyo,PyME,131.76,0.0307,0,2,Sí,4
C03531,2024-04-11,,Mes a mes,Tarjeta automática,Telefonía móvil,Litoral,Profesional,67.44,0.0039,0,0,Sí,5
C03532,2024-04-11,,Dos años,Débito automático,Telefonía móvil,Litoral,Hogar,27.84,0.0837,2,1,Sí,3
C03533,2024-04-11,,Anual,Débito automático,Internet fibra,NOA,Profesional,92.66,0.0894,0,0,Sí,4
C03534,2024-04-12,,Mes a mes,Débito automático,Telefonía móvil,Patagonia,Hogar,52.61,0.0962,1,0,Sí,4
C03535,2024-04-12,,Mes a mes,Tarjeta automática,Internet estándar,Centro,Hogar,59.58,0.0661,1,1,Sí,5
C03536,2024-04-12,,Mes a mes,Cheque electrónico,Internet fibra,NOA,Hogar,87.2,0.0376,1,1,No,4
C03537,2024-04-12,,Mes a mes,Tarjeta automática,Internet fibra,Cuyo,Hogar,89.23,0.0739,1,0,Sí,3
C03538,2024-04-13,,Anual,Débito automático,Telefonía móvil,Cuyo,Hogar,37.9,0.0741,4,0,Sí,1
C03539,2024-04-13,2024-11-05,Mes a mes,Cheque electrónico,Streaming,AMBA,Hogar,18.0,0.0199,1,1,No,4
C03540,2024-04-13,,Anual,Transferencia,Internet fibra,Patagonia,Hogar,75.15,0.0432,4,0,No,1
C03541,2024-04-13,,Dos años,Débito automático,Streaming,NOA,Profesional,54.0,0.0739,2,0,Sí,2
C03542,2024-04-13,,Mes a mes,Débito automático,Streaming,Centro,Hogar,37.79,0.1298,0,0,Sí,5
C03543,2024-04-13,,Dos años,Tarjeta automática,Streaming,NOA,Hogar,23.21,0.0538,0,0,Sí,5
C03544,2024-04-14,,Mes a mes,Débito automático,Internet estándar,AMBA,Hogar,38.35,0.0517,0,1,Sí,5
C03545,2024-04-15,,Mes a mes,Débito automático,Telefonía móvil,NOA,Hogar,32.45,0.0856,1,0,Sí,4
C03546,2024-04-15,,Dos años,Transferencia,Streaming,Centro,PyME,78.02,0.1197,1,1,No,2
C03547,2024-04-15,2024-04-06,Mes a mes,Cheque electrónico,Internet fibra,Cuyo,Hogar,57.13,0.093,0,1,No,2
C03548,2024-04-15,,Mes a mes,Tarjeta automática,Telefonía móvil,AMBA,Hogar,36.2,0.0712,1,1,Sí,3
C03549,2024-04-15,,Anual,Tarjeta automática,Internet estándar,NOA,Hogar,49.53,0.1146,0,0,Sí,5
C03550,2024-04-15,2025-09-01,Mes a mes,Débito automático,Streaming,Litoral,Hogar,27.92,0.1051,1,0,Sí,3
C03551,2024-04-16,,Dos años,Débito automático,Streaming,NOA,Hogar,25.37,0.0277,2,1,Sí,4
C03552,2024-04-16,,Mes a mes,Débito automático,Internet estándar,Cuyo,Hogar,41.42,0.0339,0,0,Sí,5
C03553,2024-04-16,,Anual,Transferencia,Internet fibra,AMBA,Hogar,71.7,0.0643,0,0,No,4
C03554,2024-04-16,,Mes a mes,Débito automático,Streaming,Patagonia,Profesional,40.89,0.0211,0,0,Sí,4
C03555,2024-04-17,2024-07-25,Mes a mes,Cheque electrónico,Telefonía móvil,AMBA,Hogar,49.76,0.0826,2,1,No,2
C03556,2024-04-17,2024-08-01,Mes a mes,Débito automático,Telefonía móvil,Litoral,Hogar,41.99,0.0877,0,0,Sí,5
C03557,2024-04-17,2025-02-26,Dos años,Tarjeta automática,Streaming,AMBA,Hogar,63.84,0.0711,0,1,Sí,4
C03558,2024-04-18,,Mes a mes,Tarjeta automática,Internet fibra,Centro,Hogar,74.34,0.0748,0,2,Sí,5
C03559,2024-04-18,,Dos años,Transferencia,Internet estándar,Litoral,Profesional,71.82,0.0918,2,0,No,3
C03560,2024-04-19,,Mes a mes,Tarjeta automática,Streaming,Patagonia,Hogar,25.59,0.0573,0,0,Sí,4
C03561,2024-04-19,,Mes a mes,Tarjeta automática,Internet estándar,AMBA,Hogar,45.32,0.0835,0,0,Sí,3
C03562,2024-04-19,2024-12-15,Mes a mes,Débito automático,Streaming,Centro,Hogar,46.19,0.0265,0,0,Sí,5
C03563,2024-04-19,2025-02-20,Mes a mes,Transferencia,Internet fibra,NOA,Hogar,88.97,0.0814,1,0,No,4
C03564,2024-04-19,2024-06-01,Dos años,Cheque electrónico,Internet fibra,AMBA,Hogar,58.7,0.0633,2,7,No,3
C03565,2024-04-20,,Mes a mes,Débito automático,Streaming,Centro,Hogar,18.0,0.0971,3,0,Sí,2
C03566,2024-04-20,,Anual,Tarjeta automática,Streaming,NOA,Hogar,27.5,0.0471,0,0,Sí,5
C03567,2024-04-20,,Anual,Débito automático,Streaming,Litoral,Hogar,23.31,0.0335,2,0,Sí,4
C03568,2024-04-20,2024-05-17,Mes a mes,Débito automático,Internet fibra,AMBA,Hogar,61.41,0.0158,4,0,Sí,1
C03569,2024-04-20,,Anual,Cheque electrónico,Telefonía móvil,NOA,Hogar,43.27,0.0574,2,0,No,3
C03570,2024-04-20,2024-09-07,Dos años,Débito automático,Internet estándar,Cuyo,Hogar,28.34,0.0783,2,1,Sí,2
C03571,2024-04-20,2025-07-21,Anual,Transferencia,Telefonía móvil,Patagonia,Profesional,61.39,0.0928,1,0,No,3
C03572,2024-04-21,,Mes a mes,Cheque electrónico,Streaming,Litoral,Hogar,37.03,0.0191,0,1,No,4
C03573,2024-04-21,,Anual,Transferencia,Internet estándar,Cuyo,Hogar,58.6,0.064,0,0,No,4
C03574,2024-04-21,,Anual,Tarjeta automática,Streaming,Cuyo,Hogar,27.41,0.1376,0,0,Sí,4
C03575,2024-04-21,2024-05-12,Mes a mes,Transferencia,Internet estándar,Litoral,Hogar,65.62,0.041,6,0,No,2
C03576,2024-04-21,,Anual,Débito automático,Internet estándar,Cuyo,Profesional,70.65,0.0765,4,0,Sí,3
C03577,2024-04-21,,Mes a mes,Débito automático,Streaming,Centro,Hogar,38.3,0.0646,0,0,Sí,5
C03578,2024-04-21,2024-07-25,Anual,Cheque electrónico,Internet fibra,Patagonia,Hogar,69.9,0.0608,0,0,No,4
C03579,2024-04-22,,Dos años,Tarjeta automática,Telefonía móvil,Patagonia,Hogar,58.74,0.0043,2,0,Sí,3
C03580,2024-04-22,,Dos años,Débito automático,Internet estándar,Litoral,Profesional,66.97,0.1144,1,1,Sí,3
C03581,2024-04-22,,Anual,Tarjeta automática,Internet fibra,Patagonia,PyME,150.34,0.042,1,0,Sí,4
C03582,2024-04-22,,Anual,Tarjeta automática,Telefonía móvil,Litoral,Hogar,56.94,0.0284,0,1,Sí,5
C03583,2024-04-23,,Anual,Transferencia,Internet fibra,NOA,Hogar,80.83,0.0407,0,0,No,5
C03584,2024-04-23,,Mes a mes,Transferencia,Telefonía móvil,NOA,Hogar,46.46,0.0261,1,0,No,4
C03585,2024-04-23,,Mes a mes,Transferencia,Internet estándar,NOA,PyME,102.02,0.078,1,1,No,3
C03586,2024-04-23,,Mes a mes,Débito automático,Internet fibra,AMBA,Profesional,86.99,0.0565,0,0,Sí,3
C03587,2024-04-23,,Mes a mes,Tarjeta automática,Internet fibra,AMBA,Hogar,84.55,0.1082,0,0,Sí,3
C03588,2024-04-23,,Dos años,Débito automático,Internet fibra,Cuyo,Hogar,83.98,0.1032,0,0,Sí,3
C03589,2024-04-24,,Dos años,Débito automático,Internet fibra,Patagonia,Hogar,60.19,0.04,1,1,Sí,4
C03590,2024-04-24,2025-03-23,Mes a mes,Transferencia,Internet fibra,Centro,Hogar,77.09,0.0312,0,0,No,5
C03591,2024-04-24,2024-04-27,Mes a mes,Transferencia,Internet estándar,AMBA,Profesional,76.55,0.049,2,0,No,5
C03592,2024-04-25,,Anual,Cheque electrónico,Internet estándar,AMBA,Hogar,65.12,0.0474,1,1,No,3
C03593,2024-04-25,,Mes a mes,Cheque electrónico,Internet estándar,Litoral,Hogar,56.98,0.0109,0,1,No,4
C03594,2024-04-25,,Anual,Débito automático,Internet fibra,NOA,PyME,116.31,0.0095,3,0,Sí,3
C03595,2024-04-25,,Dos años,Transferencia,Internet fibra,Cuyo,PyME,121.4,0.0465,1,1,No,4
C03596,2024-04-25,,Mes a mes,Transferencia,Internet fibra,Patagonia,Hogar,74.19,0.0255,0,0,No,4
C03597,2024-04-26,2025-04-12,Mes a mes,Cheque electrónico,Internet fibra,AMBA,Hogar,93.39,0.0243,3,1,No,2
C03598,2024-04-26,,Mes a mes,Débito automático,Internet estándar,Centro,PyME,97.32,0.1162,0,0,Sí,5
C03599,2024-04-26,,Mes a mes,Transferencia,Internet fibra,Patagonia,Hogar,89.64,0.0193,1,0,No,5
C03600,2024-04-26,2024-04-21,Mes a mes,Débito automático,Internet estándar,Cuyo,PyME,97.15,0.0409,1,1,Sí,3
C03601,2024-04-27,2025-05-20,Mes a mes,Transferencia,Telefonía móvil,AMBA,Hogar,47.86,0.0197,5,0,No,2
C03602,2024-04-27,,Mes a mes,Cheque electrónico,Internet fibra,Centro,Profesional,85.66,0.1179,1,0,No,4
C03603,2024-04-28,,Mes a mes,Cheque electrónico,Internet fibra,Patagonia,Hogar,75.87,0.0924,0,1,No,4
C03604,2024-04-28,,Mes a mes,Tarjeta automática,Streaming,Patagonia,Hogar,18.0,0.0479,1,0,Sí,5
C03605,2024-04-28,,Anual,Tarjeta automática,Internet estándar,Patagonia,Profesional,82.87,0.0889,0,1,Sí,5
C03606,2024-04-28,2024-05-04,Mes a mes,Transferencia,Internet fibra,Cuyo,Hogar,70.36,0.0226,2,0,No,4
C03607,2024-04-28,,Dos años,Transferencia,Telefonía móvil,NOA,Hogar,24.98,0.0201,2,0,No,3
C03608,2024-04-29,2025-10-21,Mes a mes,Cheque electrónico,Streaming,NOA,Hogar,18.0,0.0742,0,3,No,2
C03609,2024-04-29,2025-07-11,Mes a mes,Débito automático,Telefonía móvil,Cuyo,Hogar,41.06,0.0268,4,2,Sí,2
C03610,2024-04-29,,Mes a mes,Cheque electrónico,Telefonía móvil,Centro,Hogar,36.96,0.001,0,3,No,4
C03611,2024-04-29,,Anual,Transferencia,Streaming,NOA,Hogar,36.14,0.0202,1,1,No,3
C03612,2024-04-30,,Mes a mes,Tarjeta automática,Streaming,Cuyo,Hogar,26.41,0.0199,0,0,Sí,5
C03613,2024-04-30,2024-08-10,Mes a mes,Tarjeta automática,Internet estándar,Cuyo,Hogar,61.83,0.0948,1,0,Sí,5
C03614,2024-05-01,,Mes a mes,Transferencia,Telefonía móvil,NOA,Hogar,37.76,0.0921,0,1,No,5
C03615,2024-05-01,,Dos años,Tarjeta automática,Internet estándar,Centro,Profesional,78.29,0.0618,2,0,Sí,3
C03616,2024-05-01,2024-05-27,Mes a mes,Cheque electrónico,Internet estándar,NOA,Hogar,38.52,0.031,0,1,No,3
C03617,2024-05-02,2025-01-21,Mes a mes,Débito automático,Internet fibra,AMBA,Profesional,79.46,0.0288,0,0,Sí,5
C03618,2024-05-02,,Dos años,Débito automático,Streaming,Centro,Hogar,19.94,0.0267,0,0,Sí,5
C03619,2024-05-02,,Mes a mes,Tarjeta automática,Internet estándar,Cuyo,Hogar,36.58,0.0269,0,0,Sí,5
C03620,2024-05-03,2024-09-23,Mes a mes,Cheque electrónico,Telefonía móvil,Cuyo,Hogar,28.35,0.025,2,2,No,2
C03621,2024-05-03,,Anual,Transferencia,Internet fibra,Centro,Hogar,82.55,0.2018,2,0,No,3
C03622,2024-05-04,2025-08-11,Mes a mes,Transferencia,Telefonía móvil,NOA,Hogar,39.09,0.0462,0,0,No,5
C03623,2024-05-04,,Mes a mes,Transferencia,Internet fibra,Litoral,Profesional,97.56,0.0404,0,2,No,3
C03624,2024-05-04,,Mes a mes,Débito automático,Streaming,Patagonia,Hogar,34.8,0.0442,0,0,Sí,4
C03625,2024-05-04,,Mes a mes,Cheque electrónico,Internet estándar,Patagonia,Hogar,30.46,0.0288,1,0,No,5
C03626,2024-05-04,,Dos años,Débito automático,Internet estándar,Litoral,Profesional,73.27,0.0784,1,1,Sí,3
C03627,2024-05-04,,Anual,Débito automático,Internet estándar,Litoral,Hogar,35.74,0.0281,1,0,Sí,5
C03628,2024-05-05,,Anual,Tarjeta automática,Internet fibra,Litoral,Profesional,89.65,0.0325,1,0,Sí,4
C03629,2024-05-05,,Mes a mes,Tarjeta automática,Internet fibra,Patagonia,Hogar,57.19,0.0615,5,0,Sí,2
C03630,2024-05-05,,Anual,Transferencia,Telefonía móvil,NOA,Hogar,49.2,0.0114,2,1,No,4
C03631,2024-05-05,,Anual,Débito automático,Internet fibra,Centro,Hogar,59.42,0.075,0,0,Sí,4
C03632,2024-05-05,2025-02-23,Mes a mes,Transferencia,Streaming,Litoral,Hogar,18.0,0.1121,2,1,No,2
C03633,2024-05-05,,Dos años,Cheque electrónico,Streaming,Centro,Hogar,18.0,0.0748,6,1,No,1
C03634,2024-05-06,,Anual,Débito automático,Internet fibra,Centro,PyME,131.58,0.0364,1,0,Sí,4
C03635,2024-05-06,,Anual,Tarjeta automática,Telefonía móvil,NOA,Hogar,40.25,0.0545,0,1,Sí,4
C03636,2024-05-07,,Mes a mes,Transferencia,Telefonía móvil,Cuyo,PyME,105.93,0.0319,0,1,No,4
C03637,2024-05-07,,Mes a mes,Tarjeta automática,Telefonía móvil,Patagonia,Hogar,40.85,0.0221,2,1,Sí,2
C03638,2024-05-07,,Anual,Cheque electrónico,Telefonía móvil,Patagonia,Hogar,52.62,0.1592,0,0,No,5
C03639,2024-05-07,,Anual,Débito automático,Streaming,AMBA,Hogar,33.17,0.1402,3,0,Sí,3
C03640,2024-05-07,2025-01-05,Mes a mes,Débito automático,Telefonía móvil,Cuyo,PyME,86.6,0.0823,2,0,Sí,5
C03641,2024-05-08,,Mes a mes,Débito automático,Internet fibra,Centro,Hogar,70.66,0.0784,0,0,Sí,5
C03642,2024-05-09,,Anual,Débito automático,Internet fibra,Centro,Profesional,112.62,0.104,1,0,Sí,4
C03643,2024-05-09,,Mes a mes,Débito automático,Streaming,Centro,Hogar,42.5,0.0194,0,0,Sí,4
C03644,2024-05-09,,Mes a mes,Tarjeta automática,Internet fibra,Litoral,Profesional,105.06,0.0476,0,0,Sí,4
C03645,2024-05-09,,Anual,Débito automático,Streaming,AMBA,Profesional,57.51,0.0374,0,1,Sí,4
C03646,2024-05-10,2024-05-06,Mes a mes,Cheque electrónico,Internet estándar,Cuyo,Profesional,72.12,0.1049,1,1,No,4
C03647,2024-05-10,2025-07-18,Mes a mes,Tarjeta automática,Internet estándar,Centro,Hogar,52.69,0.0408,2,0,Sí,4
C03648,2024-05-10,,Mes a mes,Débito automático,Telefonía móvil,NOA,Hogar,42.55,0.0316,1,0,Sí,3
C03649,2024-05-10,,Dos años,Tarjeta automática,Internet fibra,Patagonia,PyME,151.69,0.0325,1,0,Sí,3
C03650,2024-05-10,,Mes a mes,Débito automático,Internet fibra,Cuyo,Hogar,72.89,0.1319,1,0,Sí,5
C03651,2024-05-11,,Anual,Tarjeta automática,Streaming,Centro,Hogar,31.64,0.0313,2,0,Sí,3
C03652,2024-05-11,,Dos años,Transferencia,Telefonía móvil,Patagonia,PyME,78.21,0.0247,1,0,No,3
C03653,2024-05-11,,Anual,Tarjeta automática,Telefonía móvil,Litoral,Profesional,44.26,0.014,0,0,Sí,5
C03654,2024-05-11,,Mes a mes,Transferencia,Internet fibra,Litoral,Hogar,97.97,0.079,0,0,No,5
C03655,2024-05-12,,Mes a mes,Tarjeta automática,Telefonía móvil,AMBA,Profesional,66.78,0.0103,0,0,Sí,5
C03656,2024-05-12,,Mes a mes,Débito automático,Streaming,AMBA,Hogar,26.66,0.0608,1,0,Sí,4
C03657,2024-05-12,,Anual,Tarjeta automática,Telefonía móvil,Litoral,Hogar,42.86,0.0917,0,0,Sí,4
C03658,2024-05-12,,Dos años,Transferencia,Internet fibra,Cuyo,Hogar,63.06,0.0395,1,0,No,4
C03659,2024-05-12,2025-01-12,Anual,Cheque electrónico,Internet estándar,Patagonia,Profesional,62.29,0.0326,2,1,No,3
C03660,2024-05-13,,Mes a mes,Tarjeta automática,Internet estándar,AMBA,Profesional,50.96,0.0237,3,0,Sí,2
C03661,2024-05-13,2024-08-17,Mes a mes,Cheque electrónico,Internet estándar,Centro,Profesional,63.75,0.0505,1,1,No,3
C03662,2024-05-13,2025-07-26,Dos años,Débito automático,Internet fibra,Patagonia,Hogar,85.48,0.0665,0,0,Sí,4
C03663,2024-05-13,,Mes a mes,Débito automático,Internet estándar,NOA,PyME,108.99,0.0625,0,2,Sí,3
C03664,2024-05-14,,Dos años,Transferencia,Streaming,Patagonia,Hogar,46.48,0.0441,1,0,No,3
C03665,2024-05-14,,Mes a mes,Tarjeta automática,Internet estándar,AMBA,Hogar,52.24,0.0019,0,0,Sí,3
C03666,2024-05-15,,Anual,Débito automático,Internet estándar,AMBA,PyME,76.74,0.0611,1,1,Sí,4
C03667,2024-05-15,,Anual,Tarjeta automática,Internet fibra,NOA,Hogar,99.46,0.1099,2,0,Sí,3
C03668,2024-05-15,2025-01-09,Mes a mes,Transferencia,Telefonía móvil,Cuyo,PyME,87.75,0.0072,1,0,No,5
C03669,2024-05-16,2024-05-11,Mes a mes,Débito automático,Streaming,Cuyo,Hogar,30.78,0.0735,5,0,Sí,1
C03670,2024-05-16,,Dos años,Cheque electrónico,Internet estándar,NOA,Hogar,50.12,0.0281,0,2,No,3
C03671,2024-05-16,,Mes a mes,Tarjeta automática,Telefonía móvil,Centro,Hogar,44.65,0.0878,1,0,Sí,5
C03672,2024-05-16,2025-06-26,Mes a mes,Cheque electrónico,Streaming,Centro,Profesional,47.53,0.021,2,0,No,2
C03673,2024-05-16,,Mes a mes,Tarjeta automática,Internet fibra,Patagonia,Hogar,78.72,0.0162,0,0,Sí,4
C03674,2024-05-17,2024-06-20,Mes a mes,Transferencia,Streaming,NOA,Profesional,32.46,0.1082,3,0,No,2
C03675,2024-05-17,,Anual,Tarjeta automática,Telefonía móvil,Cuyo,Hogar,70.46,0.1369,2,0,Sí,5
C03676,2024-05-17,,Mes a mes,Tarjeta automática,Internet fibra,AMBA,Hogar,85.17,0.051,1,0,Sí,4
C03677,2024-05-17,2025-04-15,Mes a mes,Tarjeta automática,Streaming,AMBA,Profesional,47.57,0.095,4,0,Sí,2
C03678,2024-05-17,,Dos años,Transferencia,Internet fibra,AMBA,PyME,153.26,0.065,0,0,No,5
C03679,2024-05-18,2025-12-06,Mes a mes,Tarjeta automática,Telefonía móvil,Cuyo,Hogar,30.21,0.0942,0,0,Sí,4
C03680,2024-05-18,,Mes a mes,Débito automático,Streaming,Litoral,Hogar,38.55,0.0658,0,1,Sí,4
C03681,2024-05-18,,Anual,Cheque electrónico,Telefonía móvil,Cuyo,Hogar,35.89,0.0445,1,4,No,2
C03682,2024-05-18,,Dos años,Débito automático,Streaming,Centro,Hogar,33.43,0.0121,0,0,Sí,5
C03683,2024-05-19,,Anual,Tarjeta automática,Internet fibra,Patagonia,Profesional,100.67,0.0396,0,0,Sí,5
C03684,2024-05-19,,Anual,Tarjeta automática,Internet estándar,NOA,Hogar,23.3,0.0298,1,0,Sí,3
C03685,2024-05-19,,Mes a mes,Tarjeta automática,Telefonía móvil,Centro,Hogar,26.25,0.1353,0,0,Sí,4
C03686,2024-05-19,,Mes a mes,Débito automático,Internet fibra,Patagonia,Profesional,113.45,0.0864,1,1,Sí,4
C03687,2024-05-20,,Dos años,Transferencia,Internet fibra,Litoral,Profesional,93.23,0.0771,1,0,No,3
C03688,2024-05-20,,Dos años,Tarjeta automática,Streaming,Patagonia,Hogar,51.02,0.0814,1,1,Sí,4
C03689,2024-05-20,2024-12-12,Mes a mes,Tarjeta automática,Internet estándar,AMBA,PyME,118.41,0.1545,2,0,Sí,2
C03690,2024-05-20,,Mes a mes,Transferencia,Internet fibra,Patagonia,Hogar,75.58,0.0207,1,0,No,2
C03691,2024-05-21,2024-09-25,Mes a mes,Tarjeta automática,Internet fibra,Patagonia,Hogar,74.61,0.0359,2,1,Sí,3
C03692,2024-05-21,2025-01-09,Mes a mes,Débito automático,Internet estándar,Patagonia,PyME,122.13,0.0376,0,0,Sí,5
C03693,2024-05-22,2024-10-07,Dos años,Cheque electrónico,Streaming,NOA,Hogar,52.13,0.0124,1,0,No,5
C03694,2024-05-22,,Anual,Tarjeta automática,Internet estándar,Patagonia,PyME,100.85,0.0316,2,0,Sí,4
C03695,2024-05-22,,Mes a mes,Débito automático,Internet estándar,NOA,Hogar,65.92,0.034,0,1,Sí,4
C03696,2024-05-22,2025-05-04,Mes a mes,Cheque electrónico,Telefonía móvil,Patagonia,PyME,108.33,0.0416,2,0,No,5
C03697,2024-05-22,2025-01-23,Mes a mes,Transferencia,Internet fibra,Cuyo,Hogar,91.23,0.0015,0,1,No,4
C03698,2024-05-22,2024-07-15,Mes a mes,Transferencia,Streaming,NOA,Hogar,30.11,0.074,0,0,No,4
C03699,2024-05-22,,Anual,Transferencia,Internet estándar,Patagonia,PyME,96.6,0.0436,0,1,No,5
C03700,2024-05-22,,Mes a mes,Débito automático,Internet estándar,Litoral,Profesional,55.4,0.0526,1,0,Sí,4
C03701,2024-05-23,2024-09-23,Mes a mes,Débito automático,Internet estándar,Litoral,PyME,89.65,0.0644,3,0,Sí,4
C03702,2024-05-23,,Anual,Transferencia,Streaming,Cuyo,Hogar,50.02,0.0042,0,0,No,5
C03703,2024-05-23,,Dos años,Transferencia,Telefonía móvil,Litoral,Hogar,42.12,0.0834,0,0,No,4
C03704,2024-05-23,2024-10-07,Mes a mes,Transferencia,Internet fibra,Cuyo,Hogar,65.41,0.0638,0,1,No,3
C03705,2024-05-23,,Mes a mes,Débito automático,Internet fibra,AMBA,Hogar,89.03,0.0368,0,0,Sí,4
C03706,2024-05-24,2024-05-15,Mes a mes,Cheque electrónico,Internet estándar,Cuyo,Hogar,43.73,0.0568,1,1,No,2
C03707,2024-05-24,,Mes a mes,Tarjeta automática,Internet estándar,NOA,Profesional,59.84,0.0456,1,0,Sí,4
C03708,2024-05-24,,Mes a mes,Tarjeta automática,Internet fibra,Centro,Hogar,100.75,0.068,0,1,Sí,5
C03709,2024-05-25,,Anual,Débito automático,Telefonía móvil,Patagonia,Hogar,27.36,0.0213,0,1,Sí,4
C03710,2024-05-25,,Mes a mes,Tarjeta automática,Telefonía móvil,Cuyo,Profesional,62.59,0.0768,4,1,Sí,2
C03711,2024-05-25,2024-11-03,Mes a mes,Transferencia,Internet estándar,Centro,PyME,97.5,0.0584,2,0,No,4
C03712,2024-05-25,,Dos años,Tarjeta automática,Internet estándar,Cuyo,Hogar,40.74,0.1077,4,0,Sí,3
C03713,2024-05-25,,Mes a mes,Transferencia,Internet fibra,NOA,Profesional,79.9,0.0719,0,0,No,4
C03714,2024-05-26,,Anual,Débito automático,Internet estándar,AMBA,Profesional,67.66,0.0132,1,0,Sí,4
C03715,2024-05-26,,Anual,Tarjeta automática,Streaming,Patagonia,Hogar,19.39,0.1441,1,0,Sí,3
C03716,2024-05-26,,Anual,Tarjeta automática,Telefonía móvil,Patagonia,Profesional,66.51,0.0053,5,0,Sí,3
C03717,2024-05-26,,Anual,Débito automático,Internet estándar,Centro,PyME,103.48,0.0286,0,0,Sí,4
C03718,2024-05-27,,Dos años,Transferencia,Internet fibra,Patagonia,Profesional,92.56,0.1373,0,1,No,5
C03719,2024-05-27,,Anual,Débito automático,Internet fibra,Litoral,Hogar,68.45,0.0999,1,0,Sí,4
C03720,2024-05-27,,Mes a mes,Tarjeta automática,Internet fibra,Cuyo,Hogar,93.74,0.0579,5,0,Sí,1
C03721,2024-05-27,2025-04-01,Mes a mes,Tarjeta automática,Telefonía móvil,Centro,Profesional,68.09,0.0179,5,1,Sí,2
C03722,2024-05-27,2025-07-13,Mes a mes,Tarjeta automática,Telefonía móvil,NOA,Hogar,34.51,0.0912,3,0,Sí,3
C03723,2024-05-27,2025-02-03,Mes a mes,Tarjeta automática,Telefonía móvil,Centro,Hogar,27.05,0.0435,0,0,Sí,3
C03724,2024-05-28,,Mes a mes,Cheque electrónico,Telefonía móvil,NOA,Hogar,21.23,0.0922,1,0,No,4
C03725,2024-05-28,,Mes a mes,Tarjeta automática,Internet fibra,Litoral,Profesional,108.51,0.0796,0,0,Sí,3
C03726,2024-05-28,2025-02-12,Mes a mes,Tarjeta automática,Streaming,NOA,Hogar,39.0,0.0693,0,0,Sí,5
C03727,2024-05-28,2024-05-03,Mes a mes,Cheque electrónico,Streaming,Centro,PyME,95.51,0.1608,0,2,No,3
C03728,2024-05-28,,Mes a mes,Transferencia,Internet fibra,AMBA,Hogar,76.68,0.0617,0,0,No,5
C03729,2024-05-28,,Anual,Débito automático,Internet estándar,Litoral,Profesional,75.87,0.0561,0,2,Sí,4
C03730,2024-05-28,2025-04-17,Anual,Transferencia,Streaming,Cuyo,Hogar,40.3,0.0555,0,0,No,5
C03731,2024-05-29,,Anual,Cheque electrónico,Telefonía móvil,Litoral,Profesional,59.23,0.1264,0,2,No,3
C03732,2024-05-29,2024-06-24,Mes a mes,Tarjeta automática,Internet fibra,Cuyo,Profesional,92.06,0.0798,5,1,Sí,2
C03733,2024-05-29,,Dos años,Tarjeta automática,Telefonía móvil,Centro,Hogar,31.26,0.0599,2,0,Sí,2
C03734,2024-05-29,,Anual,Cheque electrónico,Telefonía móvil,Patagonia,Hogar,46.69,0.0638,3,1,No,3
C03735,2024-05-30,2024-10-21,Mes a mes,Cheque electrónico,Telefonía móvil,Litoral,PyME,103.15,0.0475,8,0,No,1
C03736,2024-05-30,,Dos años,Cheque electrónico,Internet fibra,Litoral,Profesional,91.53,0.0714,2,1,No,3
C03737,2024-05-30,2025-01-20,Mes a mes,Débito automático,Internet fibra,Patagonia,Hogar,74.82,0.0619,1,1,Sí,5
C03738,2024-05-31,,Anual,Cheque electrónico,Streaming,Patagonia,Hogar,26.61,0.0504,0,1,No,4
C03739,2024-05-31,2024-10-14,Anual,Débito automático,Internet estándar,Centro,PyME,112.7,0.0736,0,0,Sí,4
C03740,2024-05-31,2025-02-13,Mes a mes,Transferencia,Internet fibra,Patagonia,Profesional,80.88,0.1574,6,1,No,1
C03741,2024-05-31,2025-05-12,Anual,Cheque electrónico,Telefonía móvil,Centro,Hogar,29.84,0.0555,2,1,No,3
C03742,2024-05-31,,Mes a mes,Tarjeta automática,Internet fibra,NOA,Hogar,66.06,0.0234,0,1,Sí,3
C03743,2024-05-31,,Mes a mes,Tarjeta automática,Internet estándar,Patagonia,Hogar,47.37,0.0141,1,0,Sí,3
C03744,2024-05-31,,Mes a mes,Débito automático,Telefonía móvil,Litoral,Profesional,63.47,0.0707,1,0,Sí,3
C03745,2024-05-31,,Mes a mes,Cheque electrónico,Internet estándar,Centro,Profesional,55.24,0.109,0,2,No,4
C03746,2024-05-31,,Mes a mes,Tarjeta automática,Telefonía móvil,NOA,Hogar,52.0,0.0464,1,0,Sí,3
C03747,2024-06-01,,Anual,Cheque electrónico,Internet estándar,Litoral,Hogar,65.09,0.0599,0,1,No,4
C03748,2024-06-01,2024-07-01,Mes a mes,Débito automático,Internet estándar,Patagonia,Hogar,53.55,0.0423,1,0,Sí,5
C03749,2024-06-02,,Mes a mes,Débito automático,Internet fibra,AMBA,Hogar,90.35,0.047,0,0,Sí,4
C03750,2024-06-02,,Anual,Débito automático,Internet estándar,Cuyo,PyME,93.93,0.0651,0,1,Sí,3
C03751,2024-06-02,2024-09-16,Mes a mes,Cheque electrónico,Internet estándar,Centro,Profesional,57.2,0.0951,3,1,No,3
C03752,2024-06-02,2024-08-19,Mes a mes,Tarjeta automática,Telefonía móvil,Patagonia,Hogar,47.66,0.0806,1,1,Sí,5
C03753,2024-06-02,,Anual,Débito automático,Telefonía móvil,Cuyo,Hogar,41.58,0.0846,1,0,Sí,4
C03754,2024-06-03,2025-11-22,Dos años,Tarjeta automática,Internet fibra,AMBA,Hogar,68.17,0.0861,1,1,Sí,3
C03755,2024-06-03,2024-06-27,Mes a mes,Cheque electrónico,Internet fibra,Litoral,Profesional,111.68,0.0609,2,2,No,3
C03756,2024-06-04,,Mes a mes,Cheque electrónico,Streaming,AMBA,Hogar,32.29,0.1023,1,2,No,3
C03757,2024-06-04,,Anual,Tarjeta automática,Internet estándar,Cuyo,Hogar,56.72,0.0431,0,0,Sí,5
C03758,2024-06-04,,Dos años,Tarjeta automática,Internet fibra,NOA,PyME,125.58,0.0645,1,0,Sí,2
C03759,2024-06-04,,Mes a mes,Débito automático,Internet fibra,Cuyo,Hogar,96.48,0.0468,1,0,Sí,4
C03760,2024-06-04,,Mes a mes,Débito automático,Internet fibra,Cuyo,Profesional,94.28,0.0412,1,0,Sí,4
C03761,2024-06-05,2024-11-24,Mes a mes,Cheque electrónico,Internet estándar,AMBA,Hogar,60.21,0.0249,1,1,No,4
C03762,2024-06-05,,Anual,Débito automático,Internet fibra,Cuyo,Hogar,71.59,0.0531,1,2,Sí,2
C03763,2024-06-05,,Dos años,Débito automático,Streaming,NOA,PyME,85.86,0.0941,4,0,Sí,1
C03764,2024-06-05,,Anual,Transferencia,Internet fibra,NOA,Profesional,102.14,0.0646,0,1,No,4
C03765,2024-06-05,2024-10-20,Mes a mes,Débito automático,Internet estándar,NOA,Profesional,88.95,0.0658,1,0,Sí,5
C03766,2024-06-05,,Anual,Tarjeta automática,Internet estándar,Cuyo,Hogar,44.16,0.0503,2,0,Sí,3
C03767,2024-06-05,,Anual,Tarjeta automática,Internet fibra,AMBA,Hogar,80.23,0.0646,0,2,Sí,4
C03768,2024-06-06,,Mes a mes,Débito automático,Telefonía móvil,Centro,Hogar,48.51,0.051,0,0,Sí,4
C03769,2024-06-06,,Anual,Transferencia,Streaming,Centro,Hogar,18.0,0.0097,0,0,No,4
C03770,2024-06-06,,Mes a mes,Tarjeta automática,Telefonía móvil,AMBA,Hogar,18.08,0.0928,0,0,Sí,4
C03771,2024-06-06,,Mes a mes,Débito automático,Internet estándar,Patagonia,Hogar,38.05,0.0109,1,0,Sí,3
C03772,2024-06-07,,Anual,Tarjeta automática,Internet estándar,Litoral,Hogar,59.64,0.0334,2,0,Sí,4
C03773,2024-06-07,2025-10-26,Mes a mes,Transferencia,Internet fibra,Patagonia,Hogar,96.88,0.0295,1,0,No,3
C03774,2024-06-08,,Dos años,Tarjeta automática,Internet estándar,Centro,Hogar,38.85,0.0383,1,1,Sí,4
C03775,2024-06-08,2025-03-26,Mes a mes,Débito automático,Streaming,Patagonia,Hogar,18.0,0.0283,1,1,Sí,3
C03776,2024-06-08,,Mes a mes,Tarjeta automática,Internet estándar,AMBA,Profesional,83.88,0.0164,0,0,Sí,5
C03777,2024-06-08,,Mes a mes,Débito automático,Internet fibra,Patagonia,PyME,126.78,0.0712,0,0,Sí,3
C03778,2024-06-08,,Mes a mes,Tarjeta automática,Internet fibra,Patagonia,Hogar,73.91,0.1359,3,1,Sí,3
C03779,2024-06-09,,Mes a mes,Débito automático,Internet fibra,Centro,Hogar,94.05,0.0473,0,0,Sí,4
C03780,2024-06-09,,Anual,Transferencia,Internet estándar,Centro,Profesional,81.24,0.085,0,1,No,3
C03781,2024-06-09,,Mes a mes,Tarjeta automática,Streaming,Cuyo,Hogar,39.27,0.0178,0,0,Sí,4
C03782,2024-06-10,,Mes a mes,Transferencia,Telefonía móvil,Litoral,Profesional,41.17,0.1024,0,1,No,4
C03783,2024-06-10,2025-11-22,Anual,Débito automático,Internet fibra,Litoral,Hogar,64.16,0.0184,6,0,Sí,1
C03784,2024-06-10,2024-12-27,Mes a mes,Débito automático,Internet fibra,AMBA,Hogar,90.33,0.0716,6,2,Sí,1
C03785,2024-06-10,,Anual,Transferencia,Internet fibra,Cuyo,Hogar,81.5,0.0977,0,1,No,3
C03786,2024-06-12,2025-06-20,Mes a mes,Débito automático,Internet fibra,Litoral,Profesional,87.44,0.0323,1,1,Sí,3
C03787,2024-06-12,2025-03-02,Mes a mes,Transferencia,Streaming,Litoral,Hogar,25.21,0.0329,2,2,No,4
C03788,2024-06-13,,Anual,Transferencia,Internet fibra,Litoral,Hogar,90.22,0.0348,2,1,No,3
C03789,2024-06-13,,Anual,Transferencia,Telefonía móvil,Litoral,Hogar,58.8,0.0654,5,1,No,1
C03790,2024-06-14,,Dos años,Tarjeta automática,Telefonía móvil,Cuyo,Hogar,41.93,0.0433,1,1,Sí,4
C03791,2024-06-14,2025-11-10,Mes a mes,Transferencia,Internet estándar,Litoral,PyME,96.44,0.0224,5,2,No,1
C03792,2024-06-14,,Mes a mes,Tarjeta automática,Telefonía móvil,Cuyo,Hogar,38.97,0.0051,0,0,Sí,5
C03793,2024-06-14,,Anual,Débito automático,Streaming,Centro,Hogar,43.77,0.0214,0,1,Sí,5
C03794,2024-06-14,2025-05-19,Anual,Tarjeta automática,Telefonía móvil,Centro,Hogar,56.56,0.0418,7,0,Sí,1
C03795,2024-06-15,2024-09-17,Anual,Tarjeta automática,Internet fibra,Cuyo,Hogar,80.14,0.0608,0,1,Sí,4
C03796,2024-06-15,2024-06-09,Mes a mes,Transferencia,Telefonía móvil,AMBA,PyME,91.18,0.0324,1,1,No,3
C03797,2024-06-15,2025-09-20,Anual,Cheque electrónico,Internet fibra,Centro,Profesional,107.91,0.0563,0,0,No,4
C03798,2024-06-15,,Mes a mes,Tarjeta automática,Internet estándar,AMBA,Hogar,66.85,0.0073,2,1,Sí,4
C03799,2024-06-15,,Mes a mes,Débito automático,Telefonía móvil,Cuyo,Hogar,26.01,0.0739,0,0,Sí,3
C03800,2024-06-15,2024-08-05,Mes a mes,Transferencia,Internet estándar,Cuyo,Profesional,64.44,0.0068,3,0,No,2
C03801,2024-06-15,2024-12-10,Mes a mes,Cheque electrónico,Internet fibra,AMBA,Hogar,90.72,0.0443,0,0,No,5
C03802,2024-06-16,,Anual,Transferencia,Internet fibra,AMBA,Hogar,78.81,0.0356,1,0,No,5
C03803,2024-06-16,2025-09-06,Mes a mes,Tarjeta automática,Internet fibra,Litoral,Hogar,72.63,0.07,0,0,Sí,5
C03804,2024-06-16,,Mes a mes,Tarjeta automática,Internet estándar,Centro,Hogar,51.04,0.0879,0,2,Sí,3
C03805,2024-06-17,2024-10-07,Dos años,Transferencia,Internet estándar,NOA,Hogar,53.08,0.0596,0,2,No,3
C03806,2024-06-18,,Anual,Tarjeta automática,Internet estándar,AMBA,Hogar,36.6,0.0513,0,1,Sí,4
C03807,2024-06-18,2024-11-08,Mes a mes,Cheque electrónico,Telefonía móvil,Cuyo,Profesional,61.0,0.1715,4,0,No,3
C03808,2024-06-18,,Dos años,Cheque electrónico,Internet fibra,Patagonia,Hogar,82.04,0.0834,0,1,No,4
C03809,2024-06-18,,Mes a mes,Cheque electrónico,Telefonía móvil,AMBA,Profesional,54.6,0.0189,3,1,No,5
C03810,2024-06-18,,Anual,Tarjeta automática,Internet estándar,Cuyo,Hogar,40.43,0.0155,0,0,Sí,5
C03811,2024-06-18,2024-08-27,Mes a mes,Transferencia,Streaming,Cuyo,Profesional,41.08,0.0551,1,0,No,5
C03812,2024-06-19,,Mes a mes,Transferencia,Streaming,Litoral,Hogar,18.32,0.0849,2,1,No,3
C03813,2024-06-19,,Mes a mes,Tarjeta automática,Telefonía móvil,NOA,Hogar,51.36,0.0286,2,0,Sí,3
C03814,2024-06-19,,Mes a mes,Tarjeta automática,Internet fibra,Litoral,Hogar,67.18,0.0507,0,0,Sí,5
C03815,2024-06-20,2024-08-09,Mes a mes,Tarjeta automática,Internet estándar,Cuyo,Hogar,51.08,0.1048,0,0,Sí,3
C03816,2024-06-20,2024-06-27,Mes a mes,Débito automático,Telefonía móvil,Cuyo,Hogar,37.88,0.1019,3,0,Sí,3
C03817,2024-06-21,,Anual,Cheque electrónico,Streaming,Litoral,Hogar,21.23,0.0508,1,1,No,4
C03818,2024-06-21,2025-08-11,Mes a mes,Cheque electrónico,Internet fibra,Centro,Hogar,93.08,0.0464,2,2,No,2
C03819,2024-06-21,,Mes a mes,Tarjeta automática,Streaming,Patagonia,Hogar,27.56,0.1925,0,0,Sí,5
C03820,2024-06-21,,Dos años,Débito automático,Telefonía móvil,Cuyo,Hogar,34.64,0.0726,4,0,Sí,2
C03821,2024-06-22,,Anual,Tarjeta automática,Internet fibra,AMBA,Hogar,69.58,0.0278,0,0,Sí,4
C03822,2024-06-22,,Dos años,Tarjeta automática,Streaming,Litoral,PyME,87.73,0.0477,0,0,Sí,3
C03823,2024-06-22,2025-06-19,Mes a mes,Tarjeta automática,Telefonía móvil,Centro,Profesional,69.09,0.034,0,0,Sí,5
C03824,2024-06-22,,Mes a mes,Transferencia,Internet estándar,Cuyo,PyME,117.98,0.1165,0,0,No,4
C03825,2024-06-22,,Anual,Transferencia,Internet fibra,Centro,PyME,131.16,0.0379,0,0,No,4
C03826,2024-06-23,2024-08-15,Mes a mes,Cheque electrónico,Internet estándar,AMBA,Hogar,46.49,0.0333,0,1,No,3
C03827,2024-06-23,2025-12-15,Mes a mes,Cheque electrónico,Streaming,Centro,Hogar,30.44,0.0694,1,1,No,3
C03828,2024-06-23,,Dos años,Tarjeta automática,Internet estándar,NOA,Hogar,50.84,0.0415,0,0,Sí,4
C03829,2024-06-23,,Anual,Transferencia,Streaming,Centro,Hogar,20.51,0.1119,1,1,No,2
C03830,2024-06-23,2024-09-17,Anual,Tarjeta automática,Internet estándar,Patagonia,Profesional,83.09,0.0791,5,0,Sí,1
C03831,2024-06-24,,Mes a mes,Débito automático,Telefonía móvil,Cuyo,PyME,97.24,0.0377,3,0,Sí,3
C03832,2024-06-24,,Anual,Débito automático,Telefonía móvil,AMBA,Hogar,47.88,0.0176,2,1,Sí,3
C03833,2024-06-24,2024-07-15,Mes a mes,Tarjeta automática,Telefonía móvil,NOA,PyME,101.67,0.0442,4,0,Sí,2
C03834,2024-06-25,,Dos años,Tarjeta automática,Internet estándar,NOA,Profesional,71.44,0.0351,1,1,Sí,3
C03835,2024-06-25,,Mes a mes,Tarjeta automática,Internet fibra,Centro,Hogar,66.95,0.0279,0,0,Sí,5
C03836,2024-06-25,2024-12-21,Mes a mes,Tarjeta automática,Streaming,Centro,Hogar,28.93,0.0581,2,0,Sí,4
C03837,2024-06-25,2024-09-25,Mes a mes,Cheque electrónico,Internet fibra,NOA,PyME,158.09,0.049,0,3,No,4
C03838,2024-06-26,,Anual,Tarjeta automática,Internet estándar,AMBA,Profesional,84.46,0.0257,0,0,Sí,5
C03839,2024-06-26,,Dos años,Débito automático,Internet fibra,NOA,Hogar,79.73,0.0504,0,0,Sí,5
C03840,2024-06-26,,Dos años,Cheque electrónico,Internet estándar,Centro,Hogar,44.96,0.0123,0,0,No,5
C03841,2024-06-26,,Anual,Débito automático,Streaming,NOA,Profesional,22.6,0.084,0,0,Sí,3
C03842,2024-06-26,,Dos años,Débito automático,Internet estándar,NOA,Profesional,61.53,0.0257,0,0,Sí,4
C03843,2024-06-26,2025-06-22,Anual,Cheque electrónico,Internet estándar,Centro,Hogar,48.14,0.0668,0,1,No,3
C03844,2024-06-26,2025-04-26,Mes a mes,Tarjeta automática,Internet fibra,Centro,PyME,129.51,0.0439,4,0,Sí,3
C03845,2024-06-27,,Anual,Tarjeta automática,Internet fibra,AMBA,Hogar,75.28,0.0741,1,1,Sí,3
C03846,2024-06-27,,Mes a mes,Débito automático,Internet estándar,Patagonia,PyME,110.85,0.0505,2,0,Sí,3
C03847,2024-06-28,2024-08-18,Mes a mes,Débito automático,Telefonía móvil,Cuyo,Hogar,31.0,0.117,0,0,Sí,5
C03848,2024-06-28,2024-06-24,Mes a mes,Cheque electrónico,Telefonía móvil,Litoral,Profesional,63.0,0.1003,2,1,No,4
C03849,2024-06-29,,Mes a mes,Tarjeta automática,Telefonía móvil,Litoral,PyME,95.79,0.007,3,1,Sí,3
C03850,2024-06-29,,Dos años,Transferencia,Internet fibra,Litoral,Profesional,86.29,0.0262,0,0,No,4
C03851,2024-06-29,,Dos años,Transferencia,Internet fibra,Centro,Hogar,96.42,0.0256,2,1,No,4
C03852,2024-06-29,2025-01-16,Mes a mes,Cheque electrónico,Internet estándar,Cuyo,Profesional,75.23,0.053,0,2,No,4
C03853,2024-06-29,,Anual,Tarjeta automática,Streaming,Litoral,Hogar,20.35,0.0561,0,1,Sí,3
C03854,2024-06-29,,Mes a mes,Tarjeta automática,Streaming,AMBA,Hogar,34.69,0.0282,3,0,Sí,2
C03855,2024-06-30,,Mes a mes,Cheque electrónico,Telefonía móvil,Cuyo,Profesional,44.72,0.0568,1,0,No,3
C03856,2024-06-30,2025-01-03,Mes a mes,Transferencia,Internet estándar,Patagonia,Hogar,41.7,0.1006,2,0,No,4
C03857,2024-06-30,2025-03-02,Mes a mes,Tarjeta automática,Internet estándar,Cuyo,Hogar,63.6,0.0403,4,0,Sí,3
C03858,2024-06-30,,Mes a mes,Tarjeta automática,Telefonía móvil,Cuyo,Hogar,45.87,0.0394,0,0,Sí,4
C03859,2024-06-30,2024-08-01,Mes a mes,Cheque electrónico,Internet fibra,NOA,Hogar,80.98,0.041,4,1,No,1
C03860,2024-07-01,2024-07-05,Mes a mes,Débito automático,Telefonía móvil,Litoral,Hogar,52.86,0.0542,0,0,Sí,5
C03861,2024-07-01,,Mes a mes,Débito automático,Streaming,Patagonia,Profesional,53.72,0.0572,0,0,Sí,5
C03862,2024-07-01,,Dos años,Cheque electrónico,Internet fibra,AMBA,Hogar,75.07,0.0686,0,1,No,2
C03863,2024-07-01,2024-11-26,Mes a mes,Tarjeta automática,Telefonía móvil,NOA,Hogar,52.3,0.067,3,0,Sí,1
C03864,2024-07-01,2025-11-20,Mes a mes,Tarjeta automática,Telefonía móvil,Patagonia,Hogar,23.42,0.0276,0,0,Sí,5
C03865,2024-07-01,,Mes a mes,Transferencia,Telefonía móvil,Patagonia,Hogar,34.66,0.0351,1,0,No,3
C03866,2024-07-02,2024-07-03,Mes a mes,Cheque electrónico,Internet fibra,Patagonia,Hogar,76.93,0.0208,0,0,No,5
C03867,2024-07-02,,Mes a mes,Tarjeta automática,Internet fibra,Litoral,Hogar,84.03,0.034,0,1,Sí,4
C03868,2024-07-02,,Mes a mes,Transferencia,Streaming,Litoral,PyME,80.43,0.0804,1,0,No,4
C03869,2024-07-02,,Anual,Tarjeta automática,Internet fibra,Litoral,PyME,113.38,0.0348,3,0,Sí,2
C03870,2024-07-03,,Mes a mes,Tarjeta automática,Internet fibra,Cuyo,Hogar,56.83,0.0332,0,0,Sí,4
C03871,2024-07-03,,Anual,Cheque electrónico,Internet estándar,Patagonia,Hogar,48.25,0.0239,0,1,No,4
C03872,2024-07-03,,Mes a mes,Tarjeta automática,Internet fibra,Cuyo,Hogar,72.74,0.1226,0,2,Sí,5
C03873,2024-07-03,,Mes a mes,Tarjeta automática,Streaming,Patagonia,Hogar,18.99,0.0565,1,1,Sí,4
C03874,2024-07-04,,Mes a mes,Transferencia,Internet estándar,Cuyo,Hogar,37.15,0.0796,0,0,No,4
C03875,2024-07-04,,Mes a mes,Débito automático,Internet fibra,Cuyo,Hogar,79.47,0.131,0,1,Sí,5
C03876,2024-07-04,2025-05-24,Mes a mes,Débito automático,Internet estándar,AMBA,Hogar,63.32,0.0271,2,0,Sí,4
C03877,2024-07-05,2024-12-01,Mes a mes,Cheque electrónico,Internet fibra,NOA,Hogar,79.47,0.0148,0,1,No,3
C03878,2024-07-06,2024-10-10,Mes a mes,Tarjeta automática,Internet fibra,Patagonia,PyME,147.47,0.0517,2,1,Sí,2
C03879,2024-07-06,,Anual,Transferencia,Internet estándar,Centro,Hogar,44.89,0.0542,0,2,No,4
C03880,2024-07-07,,Mes a mes,Débito automático,Internet estándar,AMBA,Hogar,53.88,0.1108,2,0,Sí,3
C03881,2024-07-07,,Mes a mes,Tarjeta automática,Internet estándar,NOA,PyME,118.87,0.0948,1,0,Sí,3
C03882,2024-07-07,2025-02-26,Anual,Transferencia,Streaming,AMBA,Hogar,27.26,0.0706,3,1,No,1
C03883,2024-07-07,,Mes a mes,Débito automático,Internet estándar,Cuyo,Hogar,49.29,0.0478,0,0,Sí,4
C03884,2024-07-07,,Anual,Cheque electrónico,Streaming,AMBA,Hogar,24.88,0.0995,0,1,No,4
C03885,2024-07-07,,Dos años,Cheque electrónico,Internet estándar,Patagonia,Profesional,73.52,0.0425,2,1,No,4
C03886,2024-07-07,2025-05-09,Dos años,Cheque electrónico,Streaming,Centro,Hogar,38.92,0.0597,8,1,No,1
C03887,2024-07-08,,Mes a mes,Débito automático,Internet estándar,Cuyo,Hogar,52.86,0.0461,0,0,Sí,4
C03888,2024-07-08,,Mes a mes,Tarjeta automática,Internet fibra,Litoral,Hogar,75.48,0.0436,0,0,Sí,4
C03889,2024-07-08,,Anual,Cheque electrónico,Streaming,Cuyo,Hogar,18.0,0.0823,0,1,No,4
C03890,2024-07-09,,Anual,Débito automático,Telefonía móvil,Patagonia,Hogar,41.47,0.0176,0,1,Sí,4
C03891,2024-07-09,,Anual,Transferencia,Internet fibra,Litoral,Hogar,75.89,0.0517,0,0,No,5
C03892,2024-07-09,2024-07-09,Mes a mes,Cheque electrónico,Streaming,Cuyo,Hogar,31.6,0.066,5,0,No,2
C03893,2024-07-09,2025-01-26,Mes a mes,Tarjeta automática,Telefonía móvil,Centro,Hogar,43.28,0.0182,0,0,Sí,5
C03894,2024-07-10,,Mes a mes,Tarjeta automática,Internet fibra,Cuyo,Profesional,113.3,0.0311,1,0,Sí,4
C03895,2024-07-11,,Mes a mes,Transferencia,Telefonía móvil,Centro,Hogar,34.34,0.1029,1,0,No,4
C03896,2024-07-12,,Mes a mes,Transferencia,Internet estándar,Litoral,Hogar,31.67,0.0156,3,0,No,2
C03897,2024-07-12,,Dos años,Tarjeta automática,Streaming,Patagonia,Hogar,18.0,0.0303,2,0,Sí,4
C03898,2024-07-12,,Mes a mes,Débito automático,Telefonía móvil,Litoral,Hogar,35.03,0.0839,1,1,Sí,4
C03899,2024-07-13,,Anual,Cheque electrónico,Telefonía móvil,AMBA,Hogar,53.9,0.0366,1,0,No,4
C03900,2024-07-13,,Dos años,Débito automático,Streaming,NOA,Hogar,18.0,0.0262,1,0,Sí,4
C03901,2024-07-14,2025-11-11,Mes a mes,Tarjeta automática,Streaming,Patagonia,Profesional,34.2,0.0802,1,0,Sí,4
C03902,2024-07-15,,Mes a mes,Transferencia,Internet fibra,Patagonia,Hogar,82.55,0.0218,2,0,No,5
C03903,2024-07-15,,Anual,Cheque electrónico,Internet fibra,AMBA,Hogar,87.34,0.0768,1,1,No,2
C03904,2024-07-15,2024-10-15,Mes a mes,Cheque electrónico,Telefonía móvil,Patagonia,Profesional,42.96,0.0179,2,1,No,4
C03905,2024-07-16,,Mes a mes,Tarjeta automática,Internet estándar,Cuyo,Hogar,29.51,0.0762,0,1,Sí,4
C03906,2024-07-16,,Anual,Cheque electrónico,Telefonía móvil,NOA,Hogar,33.35,0.044,3,1,No,2
C03907,2024-07-16,,Anual,Transferencia,Internet fibra,Patagonia,PyME,140.23,0.098,3,0,No,3
C03908,2024-07-16,,Anual,Transferencia,Internet fibra,NOA,Hogar,79.58,0.0325,0,1,No,4
C03909,2024-07-16,,Dos años,Débito automático,Internet fibra,AMBA,Hogar,69.75,0.023,1,0,Sí,3
C03910,2024-07-17,,Mes a mes,Tarjeta automática,Internet estándar,Litoral,Hogar,57.13,0.0932,0,0,Sí,5
C03911,2024-07-17,2025-07-11,Anual,Débito automático,Internet fibra,Patagonia,Hogar,79.37,0.052,5,1,Sí,2
C03912,2024-07-17,2025-02-04,Anual,Tarjeta automática,Internet estándar,Litoral,Hogar,47.82,0.0415,3,1,Sí,2
C03913,2024-07-18,,Anual,Tarjeta automática,Telefonía móvil,Patagonia,Profesional,42.24,0.0743,1,0,Sí,5
C03914,2024-07-18,2024-09-24,Anual,Cheque electrónico,Telefonía móvil,Patagonia,Profesional,51.52,0.0757,0,0,No,5
C03915,2024-07-18,,Anual,Tarjeta automática,Telefonía móvil,AMBA,Hogar,63.53,0.138,2,0,Sí,4
C03916,2024-07-18,,Dos años,Cheque electrónico,Internet fibra,Centro,Profesional,92.3,0.0397,1,2,No,4
C03917,2024-07-18,,Mes a mes,Débito automático,Internet estándar,Litoral,Profesional,56.48,0.0352,0,0,Sí,4
C03918,2024-07-19,,Anual,Cheque electrónico,Streaming,Cuyo,Hogar,24.8,0.1559,1,1,No,4
C03919,2024-07-19,,Mes a mes,Tarjeta automática,Internet fibra,Cuyo,Hogar,79.31,0.0553,5,0,Sí,2
C03920,2024-07-19,2025-03-10,Anual,Transferencia,Internet estándar,NOA,Hogar,58.72,0.0859,1,0,No,3
C03921,2024-07-19,,Anual,Débito automático,Telefonía móvil,AMBA,Hogar,48.83,0.0375,2,1,Sí,3
C03922,2024-07-19,2025-06-06,Anual,Cheque electrónico,Internet fibra,Litoral,Profesional,88.56,0.1055,2,1,No,3
C03923,2024-07-19,,Mes a mes,Tarjeta automática,Telefonía móvil,Centro,Profesional,73.99,0.026,0,1,Sí,5
C03924,2024-07-20,2025-04-19,Mes a mes,Tarjeta automática,Internet fibra,AMBA,PyME,141.96,0.0574,4,0,Sí,1
C03925,2024-07-20,2024-12-10,Mes a mes,Cheque electrónico,Internet fibra,Cuyo,Hogar,73.1,0.0269,5,0,No,2
C03926,2024-07-20,,Mes a mes,Tarjeta automática,Internet fibra,Cuyo,Hogar,76.59,0.0364,2,1,Sí,4
C03927,2024-07-20,,Mes a mes,Transferencia,Telefonía móvil,Cuyo,Hogar,48.61,0.047,0,1,No,3
C03928,2024-07-21,,Dos años,Tarjeta automática,Streaming,AMBA,Hogar,40.82,0.0821,0,1,Sí,4
C03929,2024-07-21,,Mes a mes,Tarjeta automática,Streaming,Patagonia,Hogar,18.0,0.0472,0,0,Sí,5
C03930,2024-07-21,,Dos años,Transferencia,Internet estándar,Cuyo,Hogar,49.77,0.043,0,0,No,4
C03931,2024-07-21,,Mes a mes,Débito automático,Telefonía móvil,Litoral,Hogar,41.66,0.0153,1,1,Sí,4
C03932,2024-07-21,,Anual,Débito automático,Streaming,Litoral,Hogar,22.72,0.032,0,0,Sí,4
C03933,2024-07-22,2025-09-20,Anual,Débito automático,Streaming,Litoral,Hogar,22.67,0.0451,0,0,Sí,4
C03934,2024-07-22,,Anual,Transferencia,Streaming,Litoral,Hogar,40.6,0.0239,0,0,No,4
C03935,2024-07-22,2025-01-22,Anual,Cheque electrónico,Telefonía móvil,Centro,Profesional,65.88,0.003,0,2,No,3
C03936,2024-07-22,,Anual,Tarjeta automática,Streaming,Cuyo,Hogar,52.17,0.1706,2,0,Sí,2
C03937,2024-07-22,,Dos años,Débito automático,Internet fibra,Litoral,Hogar,71.73,0.0526,2,1,Sí,4
C03938,2024-07-22,,Mes a mes,Débito automático,Telefonía móvil,AMBA,Hogar,43.51,0.0193,0,0,Sí,5
C03939,2024-07-22,,Mes a mes,Transferencia,Internet fibra,Patagonia,Hogar,81.41,0.0195,0,0,No,4
C03940,2024-07-22,,Mes a mes,Débito automático,Telefonía móvil,Cuyo,Hogar,51.86,0.0367,0,0,Sí,4
C03941,2024-07-22,,Anual,Transferencia,Internet estándar,Centro,Profesional,81.94,0.0181,0,0,No,4
C03942,2024-07-23,,Mes a mes,Débito automático,Internet fibra,AMBA,Hogar,79.03,0.0779,1,0,Sí,3
C03943,2024-07-23,2025-09-19,Mes a mes,Transferencia,Internet estándar,Centro,Hogar,36.96,0.0875,0,1,No,4
C03944,2024-07-23,2025-09-06,Anual,Cheque electrónico,Internet estándar,Cuyo,Hogar,41.18,0.0817,4,1,No,1
C03945,2024-07-23,,Mes a mes,Débito automático,Internet estándar,NOA,Hogar,50.57,0.0417,3,0,Sí,3
C03946,2024-07-23,,Anual,Débito automático,Telefonía móvil,Litoral,PyME,109.35,0.0537,1,0,Sí,2
C03947,2024-07-24,,Anual,Tarjeta automática,Streaming,Cuyo,Profesional,31.09,0.1027,0,1,Sí,4
C03948,2024-07-24,,Anual,Débito automático,Internet fibra,AMBA,Hogar,65.13,0.0567,0,0,Sí,4
C03949,2024-07-24,,Anual,Tarjeta automática,Internet estándar,Centro,Hogar,57.33,0.0488,0,0,Sí,5
C03950,2024-07-24,,Dos años,Cheque electrónico,Telefonía móvil,NOA,Hogar,27.77,0.0175,2,1,No,3
C03951,2024-07-25,,Anual,Débito automático,Telefonía móvil,AMBA,Hogar,29.62,0.0561,0,0,Sí,5
C03952,2024-07-25,,Dos años,Tarjeta automática,Internet estándar,Litoral,Hogar,61.5,0.0517,2,1,Sí,2
C03953,2024-07-25,,Mes a mes,Tarjeta automática,Telefonía móvil,Litoral,Profesional,57.57,0.0325,1,1,Sí,5
C03954,2024-07-25,,Anual,Débito automático,Internet fibra,Centro,Profesional,92.72,0.0325,1,0,Sí,3
C03955,2024-07-25,2024-11-05,Anual,Cheque electrónico,Streaming,NOA,Hogar,44.05,0.1446,3,0,No,2
C03956,2024-07-26,,Mes a mes,Tarjeta automática,Telefonía móvil,Cuyo,Profesional,48.31,0.0474,1,0,Sí,3
C03957,2024-07-26,,Mes a mes,Tarjeta automática,Internet estándar,Litoral,Hogar,35.1,0.0696,1,0,Sí,4
C03958,2024-07-26,2025-10-14,Mes a mes,Débito automático,Internet fibra,AMBA,Hogar,95.92,0.0186,1,0,Sí,4
C03959,2024-07-26,2025-06-07,Mes a mes,Cheque electrónico,Streaming,NOA,Hogar,31.57,0.0266,1,1,No,2
C03960,2024-07-27,2025-09-20,Dos años,Cheque electrónico,Internet estándar,AMBA,Hogar,56.48,0.085,0,1,No,3
C03961,2024-07-27,,Mes a mes,Tarjeta automática,Internet fibra,Centro,Hogar,74.58,0.0366,0,0,Sí,3
C03962,2024-07-27,,Mes a mes,Transferencia,Internet fibra,NOA,PyME,131.83,0.059,0,0,No,3
C03963,2024-07-27,2025-03-10,Anual,Cheque electrónico,Telefonía móvil,Litoral,Hogar,34.26,0.0008,4,2,No,1
C03964,2024-07-27,,Mes a mes,Transferencia,Internet fibra,Patagonia,Hogar,81.5,0.0882,1,0,No,5
C03965,2024-07-27,,Mes a mes,Débito automático,Internet estándar,Centro,Hogar,58.15,0.0236,1,0,Sí,4
C03966,2024-07-28,,Mes a mes,Transferencia,Telefonía móvil,Patagonia,Hogar,44.16,0.0748,0,0,No,4
C03967,2024-07-28,,Mes a mes,Débito automático,Streaming,NOA,Hogar,40.67,0.0134,0,1,Sí,4
C03968,2024-07-28,2025-09-21,Mes a mes,Tarjeta automática,Internet estándar,Litoral,Hogar,56.29,0.0444,5,1,Sí,1
C03969,2024-07-29,,Anual,Tarjeta automática,Internet estándar,Centro,Hogar,37.47,0.0309,1,0,Sí,3
C03970,2024-07-29,,Mes a mes,Débito automático,Internet fibra,NOA,Hogar,76.41,0.0293,1,0,Sí,3
C03971,2024-07-29,,Anual,Tarjeta automática,Internet estándar,AMBA,Hogar,44.07,0.0452,1,0,Sí,3
C03972,2024-07-29,,Mes a mes,Débito automático,Internet fibra,NOA,Hogar,86.29,0.0231,1,1,Sí,4
C03973,2024-07-30,2024-09-07,Mes a mes,Cheque electrónico,Internet fibra,AMBA,PyME,138.08,0.0131,2,3,No,4
C03974,2024-07-30,,Dos años,Cheque electrónico,Internet fibra,AMBA,Hogar,79.4,0.1108,2,2,No,3
C03975,2024-07-30,,Mes a mes,Tarjeta automática,Streaming,AMBA,Profesional,58.15,0.0341,1,0,Sí,3
C03976,2024-07-31,,Mes a mes,Tarjeta automática,Internet fibra,Centro,Hogar,57.48,0.0929,2,0,Sí,3
C03977,2024-07-31,,Anual,Transferencia,Internet fibra,Patagonia,Hogar,71.37,0.0467,0,1,No,5
C03978,2024-07-31,,Mes a mes,Débito automático,Telefonía móvil,Cuyo,Profesional,54.3,0.0641,2,0,Sí,4
C03979,2024-07-31,,Anual,Tarjeta automática,Internet fibra,AMBA,Hogar,80.77,0.0257,4,0,Sí,3
C03980,2024-07-31,,Anual,Cheque electrónico,Streaming,Cuyo,PyME,90.08,0.156,0,0,No,3
C03981,2024-07-31,,Dos años,Tarjeta automática,Internet estándar,NOA,Hogar,48.99,0.0339,0,0,Sí,4
C03982,2024-08-01,,Dos años,Tarjeta automática,Internet estándar,Litoral,Hogar,34.54,0.0514,2,1,Sí,3
C03983,2024-08-01,,Mes a mes,Transferencia,Internet fibra,Patagonia,Hogar,82.47,0.0465,0,0,No,4
C03984,2024-08-01,,Anual,Transferencia,Internet fibra,Centro,PyME,134.41,0.0567,0,0,No,3
C03985,2024-08-01,,Mes a mes,Débito automático,Telefonía móvil,Litoral,Hogar,25.84,0.0827,0,1,Sí,3
C03986,2024-08-02,,Anual,Transferencia,Internet estándar,Patagonia,PyME,100.75,0.0042,2,0,No,4
C03987,2024-08-02,,Anual,Cheque electrónico,Internet fibra,Patagonia,Hogar,82.11,0.0835,1,1,No,4
C03988,2024-08-02,2025-01-11,Mes a mes,Tarjeta automática,Internet estándar,AMBA,Profesional,85.19,0.0764,1,0,Sí,3
C03989,2024-08-03,,Mes a mes,Transferencia,Internet estándar,Litoral,Profesional,55.02,0.0471,0,0,No,3
C03990,2024-08-04,,Mes a mes,Tarjeta automática,Internet fibra,Patagonia,Profesional,104.69,0.0641,0,2,Sí,4
C03991,2024-08-04,2025-10-03,Mes a mes,Débito automático,Internet estándar,AMBA,Hogar,37.16,0.0409,1,1,Sí,3
C03992,2024-08-05,,Mes a mes,Débito automático,Internet estándar,Cuyo,Profesional,53.02,0.0228,1,0,Sí,2
C03993,2024-08-05,,Dos años,Débito automático,Streaming,Litoral,Hogar,18.0,0.0872,3,0,Sí,4
C03994,2024-08-05,,Mes a mes,Tarjeta automática,Telefonía móvil,AMBA,PyME,103.66,0.095,0,1,Sí,5
C03995,2024-08-05,,Anual,Cheque electrónico,Internet estándar,Patagonia,Profesional,68.43,0.0428,0,1,No,3
C03996,2024-08-05,2025-12-18,Anual,Débito automático,Telefonía móvil,NOA,Hogar,38.54,0.0686,2,1,Sí,4
C03997,2024-08-06,,Anual,Cheque electrónico,Internet estándar,Litoral,Hogar,54.04,0.0452,0,1,No,4
C03998,2024-08-06,,Mes a mes,Débito automático,Internet estándar,Cuyo,Hogar,49.45,0.0662,1,0,Sí,4
C03999,2024-08-06,,Dos años,Cheque electrónico,Streaming,AMBA,Hogar,30.22,0.1,0,0,No,4
C04000,2024-08-06,,Anual,Débito automático,Streaming,Patagonia,Hogar,25.66,0.0255,2,1,Sí,4
C04001,2024-08-07,,Anual,Débito automático,Internet fibra,NOA,Profesional,84.7,0.0435,0,0,Sí,5
C04002,2024-08-07,,Dos años,Transferencia,Telefonía móvil,NOA,PyME,115.6,0.1013,0,0,No,5
C04003,2024-08-07,,Anual,Cheque electrónico,Telefonía móvil,Litoral,Profesional,75.4,0.0423,0,0,No,5
C04004,2024-08-08,,Mes a mes,Débito automático,Internet fibra,AMBA,Hogar,95.49,0.0303,0,0,Sí,3
C04005,2024-08-08,,Dos años,Débito automático,Internet estándar,Centro,PyME,98.07,0.0325,1,0,Sí,5
C04006,2024-08-08,,Mes a mes,Débito automático,Telefonía móvil,Centro,Profesional,52.5,0.13,2,0,Sí,4
C04007,2024-08-08,,Anual,Débito automático,Telefonía móvil,AMBA,Profesional,55.44,0.0487,1,0,Sí,3
C04008,2024-08-09,,Mes a mes,Débito automático,Streaming,AMBA,Hogar,40.82,0.0425,1,0,Sí,4
C04009,2024-08-09,2024-11-08,Mes a mes,Transferencia,Internet fibra,Litoral,Profesional,96.0,0.0125,1,1,No,3
C04010,2024-08-09,2024-08-16,Mes a mes,Débito automático,Streaming,AMBA,Hogar,23.02,0.0532,0,0,Sí,5
C04011,2024-08-10,,Mes a mes,Débito automático,Internet fibra,AMBA,Hogar,82.0,0.0846,0,0,Sí,3
C04012,2024-08-10,,Dos años,Transferencia,Streaming,NOA,Hogar,20.9,0.0234,0,2,No,4
C04013,2024-08-10,,Mes a mes,Cheque electrónico,Streaming,Litoral,Profesional,32.09,0.0848,1,1,No,5
C04014,2024-08-11,,Anual,Tarjeta automática,Streaming,Patagonia,Hogar,30.42,0.0641,1,1,Sí,4
C04015,2024-08-11,2025-06-17,Mes a mes,Tarjeta automática,Internet fibra,Centro,PyME,127.32,0.0106,3,0,Sí,2
C04016,2024-08-11,,Dos años,Tarjeta automática,Internet estándar,Cuyo,Profesional,66.85,0.029,1,0,Sí,4
C04017,2024-08-12,2024-09-24,Mes a mes,Transferencia,Streaming,Litoral,Hogar,18.0,0.1225,3,0,No,3
C04018,2024-08-12,,Mes a mes,Débito automático,Internet fibra,Patagonia,Hogar,68.19,0.0505,0,0,Sí,3
C04019,2024-08-12,2025-02-06,Mes a mes,Débito automático,Internet fibra,Cuyo,Hogar,77.5,0.0157,2,0,Sí,4
C04020,2024-08-13,,Mes a mes,Tarjeta automática,Internet fibra,NOA,Hogar,61.32,0.0193,0,0,Sí,4
C04021,2024-08-13,,Dos años,Cheque electrónico,Telefonía móvil,Patagonia,Profesional,43.69,0.0877,0,0,No,3
C04022,2024-08-13,,Dos años,Débito automático,Internet estándar,Centro,Hogar,49.43,0.1336,0,0,Sí,5
C04023,2024-08-13,,Mes a mes,Transferencia,Streaming,AMBA,Hogar,36.72,0.0235,0,2,No,4
C04024,2024-08-13,2025-03-26,Mes a mes,Tarjeta automática,Internet estándar,AMBA,Hogar,39.19,0.0108,3,1,Sí,2
C04025,2024-08-13,,Mes a mes,Tarjeta automática,Telefonía móvil,NOA,Hogar,39.12,0.066,0,1,Sí,3
C04026,2024-08-14,,Mes a mes,Tarjeta automática,Internet estándar,Patagonia,Hogar,46.37,0.0237,0,0,Sí,4
C04027,2024-08-14,,Anual,Débito automático,Internet fibra,Cuyo,Hogar,60.81,0.0665,1,1,Sí,4
C04028,2024-08-14,2025-01-17,Mes a mes,Débito automático,Internet fibra,Patagonia,Hogar,91.02,0.0545,0,0,Sí,5
C04029,2024-08-14,,Anual,Tarjeta automática,Internet fibra,NOA,Hogar,75.99,0.015,0,0,Sí,4
C04030,2024-08-15,,Dos años,Débito automático,Telefonía móvil,AMBA,Profesional,58.11,0.0415,0,1,Sí,3
C04031,2024-08-15,,Mes a mes,Tarjeta automática,Streaming,NOA,Hogar,33.1,0.0409,2,0,Sí,3
C04032,2024-08-15,2024-11-16,Mes a mes,Débito automático,Streaming,Cuyo,Hogar,18.0,0.0439,4,0,Sí,2
C04033,2024-08-16,,Mes a mes,Tarjeta automática,Streaming,Cuyo,Hogar,39.12,0.0384,4,1,Sí,3
C04034,2024-08-16,,Mes a mes,Tarjeta automática,Telefonía móvil,AMBA,PyME,108.56,0.0656,0,0,Sí,5
C04035,2024-08-17,2025-11-08,Mes a mes,Tarjeta automática,Telefonía móvil,Patagonia,Hogar,43.55,0.0726,0,1,Sí,4
C04036,2024-08-17,,Anual,Transferencia,Streaming,Litoral,Hogar,34.08,0.0733,0,1,No,4
C04037,2024-08-17,2025-02-02,Mes a mes,Cheque electrónico,Internet fibra,AMBA,Hogar,74.41,0.0754,0,1,No,4
C04038,2024-08-17,,Anual,Transferencia,Internet fibra,Litoral,Hogar,87.5,0.0655,1,0,No,3
C04039,2024-08-17,,Dos años,Tarjeta automática,Streaming,AMBA,PyME,74.95,0.0379,0,0,Sí,4
C04040,2024-08-18,,Dos años,Cheque electrónico,Telefonía móvil,Centro,Profesional,59.64,0.0155,4,0,No,3
C04041,2024-08-18,,Anual,Cheque electrónico,Internet estándar,Litoral,Hogar,49.3,0.1506,0,3,No,4
C04042,2024-08-18,,Mes a mes,Débito automático,Internet fibra,Patagonia,PyME,132.57,0.043,2,1,Sí,4
C04043,2024-08-18,,Mes a mes,Tarjeta automática,Streaming,AMBA,Hogar,40.76,0.0225,2,0,Sí,4
C04044,2024-08-18,,Mes a mes,Transferencia,Internet estándar,Cuyo,Hogar,73.07,0.028,1,1,No,5
C04045,2024-08-19,2024-08-25,Dos años,Cheque electrónico,Internet fibra,Centro,Hogar,76.79,0.0198,1,2,No,3
C04046,2024-08-19,,Dos años,Transferencia,Telefonía móvil,Patagonia,Hogar,47.17,0.0431,0,1,No,3
C04047,2024-08-19,,Mes a mes,Transferencia,Internet estándar,Patagonia,PyME,95.17,0.0372,0,0,No,4
C04048,2024-08-19,,Mes a mes,Transferencia,Internet fibra,Litoral,Hogar,89.35,0.0735,1,1,No,4
C04049,2024-08-20,,Mes a mes,Cheque electrónico,Internet estándar,Patagonia,Hogar,43.31,0.1091,2,2,No,3
C04050,2024-08-20,2025-05-12,Mes a mes,Tarjeta automática,Internet estándar,Cuyo,PyME,138.6,0.0725,2,1,Sí,3
C04051,2024-08-21,,Dos años,Tarjeta automática,Internet estándar,Litoral,Hogar,30.62,0.1042,0,0,Sí,4
C04052,2024-08-21,2025-02-15,Mes a mes,Cheque electrónico,Internet fibra,Centro,Hogar,101.62,0.07,1,1,No,4
C04053,2024-08-21,,Mes a mes,Tarjeta automática,Streaming,NOA,Hogar,39.9,0.048,0,0,Sí,3
C04054,2024-08-22,,Mes a mes,Débito automático,Streaming,Centro,Profesional,34.66,0.026,1,0,Sí,3
C04055,2024-08-22,,Mes a mes,Tarjeta automática,Internet fibra,NOA,Profesional,121.51,0.0561,1,0,Sí,4
C04056,2024-08-22,2024-10-12,Mes a mes,Tarjeta automática,Internet estándar,Patagonia,Hogar,38.79,0.0666,1,2,Sí,4
C04057,2024-08-22,,Dos años,Tarjeta automática,Internet estándar,NOA,Hogar,45.54,0.081,3,1,Sí,3
C04058,2024-08-22,,Mes a mes,Débito automático,Internet estándar,Litoral,Hogar,34.74,0.0134,0,0,Sí,3
C04059,2024-08-22,,Anual,Débito automático,Internet estándar,Cuyo,Profesional,65.39,0.0319,4,0,Sí,1
C04060,2024-08-22,,Mes a mes,Débito automático,Internet estándar,Centro,Hogar,48.42,0.0465,0,0,Sí,5
C04061,2024-08-23,,Mes a mes,Tarjeta automática,Internet estándar,Centro,Hogar,58.13,0.065,0,0,Sí,4
C04062,2024-08-23,2024-10-01,Mes a mes,Cheque electrónico,Telefonía móvil,NOA,Hogar,68.82,0.0238,0,1,No,5
C04063,2024-08-23,,Mes a mes,Transferencia,Internet estándar,AMBA,Hogar,43.36,0.1144,0,0,No,4
C04064,2024-08-23,2025-08-17,Mes a mes,Cheque electrónico,Telefonía móvil,Patagonia,Hogar,18.0,0.0567,1,1,No,3
C04065,2024-08-23,,Mes a mes,Débito automático,Internet estándar,Patagonia,PyME,111.13,0.097,0,2,Sí,3
C04066,2024-08-23,2025-12-07,Anual,Tarjeta automática,Streaming,AMBA,PyME,77.95,0.1283,2,0,Sí,1
C04067,2024-08-25,,Anual,Cheque electrónico,Internet estándar,NOA,Hogar,69.0,0.1383,1,1,No,3
C04068,2024-08-25,,Dos años,Cheque electrónico,Telefonía móvil,AMBA,Profesional,59.62,0.1164,3,0,No,2
C04069,2024-08-25,,Mes a mes,Tarjeta automática,Telefonía móvil,AMBA,Hogar,33.65,0.0337,2,0,Sí,2
C04070,2024-08-26,2025-07-04,Anual,Transferencia,Internet estándar,Litoral,PyME,92.86,0.087,5,0,No,1
C04071,2024-08-26,,Anual,Transferencia,Internet estándar,AMBA,PyME,110.85,0.1024,1,0,No,3
C04072,2024-08-27,,Mes a mes,Tarjeta automática,Telefonía móvil,AMBA,Hogar,38.97,0.0901,1,0,Sí,4
C04073,2024-08-27,,Mes a mes,Débito automático,Telefonía móvil,Litoral,Hogar,58.14,0.0493,0,0,Sí,5
C04074,2024-08-27,2025-08-18,Mes a mes,Tarjeta automática,Telefonía móvil,NOA,Hogar,39.68,0.0391,0,0,Sí,2
C04075,2024-08-27,,Anual,Tarjeta automática,Internet fibra,AMBA,Hogar,93.56,0.0571,1,2,Sí,3
C04076,2024-08-27,2025-03-10,Mes a mes,Cheque electrónico,Internet fibra,Litoral,Hogar,62.82,0.0541,3,1,No,2
C04077,2024-08-27,,Mes a mes,Débito automático,Internet estándar,Litoral,Hogar,29.88,0.2201,1,0,Sí,2
C04078,2024-08-27,,Dos años,Cheque electrónico,Streaming,AMBA,Hogar,38.12,0.0261,2,0,No,4
C04079,2024-08-27,2024-11-21,Mes a mes,Transferencia,Internet fibra,AMBA,Profesional,90.89,0.0558,2,0,No,2
C04080,2024-08-28,,Dos años,Cheque electrónico,Internet estándar,Cuyo,PyME,101.1,0.0444,0,2,No,4
C04081,2024-08-28,,Anual,Débito automático,Streaming,Patagonia,Hogar,18.0,0.0556,2,1,Sí,2
C04082,2024-08-28,,Anual,Débito automático,Internet fibra,Centro,Hogar,66.06,0.0325,4,0,Sí,3
C04083,2024-08-29,,Anual,Tarjeta automática,Streaming,Cuyo,Profesional,53.99,0.0697,0,1,Sí,3
C04084,2024-08-29,,Mes a mes,Transferencia,Internet fibra,Cuyo,Hogar,77.79,0.018,1,0,No,3
C04085,2024-08-29,,Anual,Débito automático,Telefonía móvil,Patagonia,PyME,85.34,0.0784,0,0,Sí,4
C04086,2024-08-29,2025-11-02,Anual,Transferencia,Internet estándar,Centro,Hogar,57.7,0.0343,2,1,No,4
C04087,2024-08-29,,Anual,Débito automático,Streaming,Patagonia,Hogar,41.92,0.1093,1,1,Sí,4
C04088,2024-08-29,,Mes a mes,Tarjeta automática,Internet estándar,Patagonia,Hogar,47.8,0.0222,0,1,Sí,4
C04089,2024-08-30,,Mes a mes,Cheque electrónico,Internet fibra,Litoral,Hogar,89.04,0.0363,1,0,No,4
C04090,2024-08-30,2024-08-06,Mes a mes,Cheque electrónico,Internet estándar,Patagonia,Hogar,37.98,0.0507,2,3,No,2
C04091,2024-08-30,,Mes a mes,Débito automático,Telefonía móvil,Centro,Profesional,66.35,0.1544,1,0,Sí,5
C04092,2024-08-31,,Anual,Transferencia,Internet estándar,NOA,Hogar,50.78,0.0688,0,1,No,5
C04093,2024-08-31,2025-04-24,Anual,Débito automático,Internet fibra,Centro,Hogar,69.29,0.1158,4,1,Sí,2
C04094,2024-08-31,,Anual,Transferencia,Streaming,Centro,Hogar,51.58,0.0852,1,0,No,4
C04095,2024-09-01,,Anual,Débito automático,Internet fibra,Litoral,Hogar,80.56,0.0588,0,0,Sí,4
C04096,2024-09-01,,Mes a mes,Débito automático,Internet estándar,Cuyo,Hogar,42.5,0.0297,1,0,Sí,4
C04097,2024-09-01,,Mes a mes,Tarjeta automática,Internet estándar,Cuyo,Hogar,49.22,0.0464,1,0,Sí,4
C04098,2024-09-02,,Mes a mes,Tarjeta automática,Internet estándar,Patagonia,Hogar,39.43,0.0655,4,1,Sí,3
C04099,2024-09-02,2024-12-01,Mes a mes,Cheque electrónico,Internet fibra,Litoral,Profesional,83.27,0.0537,2,1,No,3
C04100,2024-09-02,,Mes a mes,Débito automático,Internet fibra,Cuyo,PyME,128.06,0.0575,0,0,Sí,3
C04101,2024-09-02,,Mes a mes,Tarjeta automática,Internet fibra,Patagonia,Hogar,73.8,0.091,1,0,Sí,4
C04102,2024-09-02,,Mes a mes,Tarjeta automática,Internet estándar,Cuyo,Profesional,58.15,0.0498,0,0,Sí,4
C04103,2024-09-03,,Anual,Débito automático,Streaming,NOA,PyME,97.76,0.0317,0,0,Sí,5
C04104,2024-09-03,,Mes a mes,Transferencia,Streaming,NOA,Hogar,20.58,0.0353,0,1,No,3
C04105,2024-09-03,,Mes a mes,Débito automático,Internet fibra,Cuyo,Hogar,67.75,0.0684,0,0,Sí,5
C04106,2024-09-03,,Mes a mes,Transferencia,Internet fibra,Patagonia,Hogar,64.96,0.01,3,0,No,3
C04107,2024-09-03,,Anual,Cheque electrónico,Streaming,Patagonia,Hogar,18.0,0.0826,4,1,No,2
C04108,2024-09-03,,Mes a mes,Débito automático,Internet estándar,NOA,Hogar,60.3,0.0102,1,0,Sí,5
C04109,2024-09-04,,Mes a mes,Cheque electrónico,Telefonía móvil,Cuyo,Hogar,44.84,0.0844,0,0,No,4
C04110,2024-09-04,2024-09-05,Mes a mes,Tarjeta automática,Internet fibra,Cuyo,Hogar,85.59,0.0256,1,1,Sí,5
C04111,2024-09-04,,Dos años,Débito automático,Internet fibra,Centro,Hogar,89.2,0.106,1,0,Sí,5
C04112,2024-09-04,,Anual,Tarjeta automática,Internet estándar,Litoral,Hogar,45.33,0.0731,0,1,Sí,3
C04113,2024-09-05,,Anual,Tarjeta automática,Streaming,Litoral,Hogar,45.19,0.0309,1,0,Sí,3
C04114,2024-09-05,2025-08-05,Mes a mes,Tarjeta automática,Internet estándar,Cuyo,Hogar,42.1,0.1104,2,1,Sí,3
C04115,2024-09-05,,Anual,Tarjeta automática,Internet fibra,Centro,Hogar,65.95,0.0933,0,0,Sí,4
C04116,2024-09-05,,Dos años,Cheque electrónico,Internet fibra,Cuyo,Hogar,82.11,0.1812,0,0,No,5
C04117,2024-09-06,2025-10-12,Mes a mes,Débito automático,Streaming,Litoral,Hogar,30.59,0.0356,2,0,Sí,4
C04118,2024-09-06,,Anual,Cheque electrónico,Internet fibra,AMBA,Profesional,97.57,0.0379,3,0,No,2
C04119,2024-09-07,2024-12-25,Mes a mes,Débito automático,Streaming,Litoral,Hogar,40.17,0.0607,0,1,Sí,3
C04120,2024-09-07,,Anual,Transferencia,Internet fibra,NOA,Hogar,79.17,0.0101,0,1,No,4
C04121,2024-09-07,,Mes a mes,Tarjeta automática,Internet estándar,Centro,Profesional,70.44,0.0748,0,0,Sí,5
C04122,2024-09-08,,Mes a mes,Débito automático,Internet fibra,Cuyo,Hogar,92.96,0.0456,0,0,Sí,3
C04123,2024-09-08,,Dos años,Débito automático,Telefonía móvil,AMBA,Hogar,44.93,0.1261,0,0,Sí,3
C04124,2024-09-08,,Dos años,Cheque electrónico,Internet fibra,Litoral,Hogar,83.44,0.0636,0,1,No,3
C04125,2024-09-08,2025-07-21,Mes a mes,Cheque electrónico,Internet fibra,Cuyo,Hogar,62.41,0.0189,1,2,No,3
C04126,2024-09-08,,Dos años,Tarjeta automática,Telefonía móvil,NOA,Profesional,100.91,0.0915,1,0,Sí,3
C04127,2024-09-09,2025-10-12,Mes a mes,Transferencia,Internet fibra,NOA,Profesional,78.5,0.0077,0,0,No,3
C04128,2024-09-09,,Mes a mes,Transferencia,Internet fibra,Patagonia,Hogar,72.07,0.0557,2,0,No,3
C04129,2024-09-10,,Dos años,Débito automático,Internet fibra,Centro,Hogar,71.73,0.0206,1,0,Sí,3
C04130,2024-09-10,,Mes a mes,Tarjeta automática,Streaming,Centro,Profesional,70.19,0.0627,1,0,Sí,4
C04131,2024-09-10,,Mes a mes,Transferencia,Internet estándar,Cuyo,Hogar,42.39,0.0343,0,0,No,3
C04132,2024-09-11,,Anual,Cheque electrónico,Telefonía móvil,Litoral,Hogar,46.86,0.1419,1,0,No,4
C04133,2024-09-11,,Mes a mes,Débito automático,Streaming,AMBA,Profesional,40.81,0.0115,0,1,Sí,4
C04134,2024-09-12,,Mes a mes,Débito automático,Internet estándar,Cuyo,Hogar,37.56,0.0591,1,0,Sí,5
C04135,2024-09-12,2025-03-03,Mes a mes,Tarjeta automática,Internet fibra,AMBA,PyME,139.27,0.0493,1,1,Sí,4
C04136,2024-09-12,,Anual,Cheque electrónico,Telefonía móvil,Centro,Profesional,52.09,0.0702,1,0,No,4
C04137,2024-09-12,,Mes a mes,Tarjeta automática,Telefonía móvil,Cuyo,Hogar,44.28,0.0463,0,0,Sí,4
C04138,2024-09-12,,Mes a mes,Tarjeta automática,Telefonía móvil,AMBA,Hogar,48.89,0.0683,2,1,Sí,3
C04139,2024-09-13,,Anual,Tarjeta automática,Internet fibra,Centro,Hogar,98.97,0.0387,1,1,Sí,3
C04140,2024-09-13,,Mes a mes,Cheque electrónico,Streaming,Litoral,Profesional,33.12,0.0592,0,1,No,4
C04141,2024-09-13,2025-04-05,Mes a mes,Transferencia,Streaming,NOA,Hogar,27.32,0.1558,7,0,No,1
C04142,2024-09-13,,Anual,Tarjeta automática,Telefonía móvil,Patagonia,Hogar,40.77,0.0966,3,0,Sí,2
C04143,2024-09-14,,Anual,Tarjeta automática,Internet fibra,Centro,Hogar,78.01,0.0402,2,2,Sí,2
C04144,2024-09-14,,Mes a mes,Transferencia,Telefonía móvil,NOA,Hogar,70.26,0.0237,0,1,No,4
C04145,2024-09-14,,Dos años,Débito automático,Streaming,Cuyo,Hogar,27.09,0.2332,2,0,Sí,3
C04146,2024-09-14,,Anual,Tarjeta automática,Telefonía móvil,Cuyo,Profesional,32.27,0.0872,1,1,Sí,4
C04147,2024-09-15,2025-10-01,Mes a mes,Cheque electrónico,Streaming,NOA,Hogar,26.82,0.0333,1,3,No,4
C04148,2024-09-16,,Anual,Tarjeta automática,Telefonía móvil,Cuyo,Hogar,40.7,0.0967,0,0,Sí,4
C04149,2024-09-16,,Anual,Débito automático,Internet estándar,Patagonia,Hogar,46.35,0.1578,1,1,Sí,2
C04150,2024-09-16,,Anual,Tarjeta automática,Internet fibra,AMBA,Hogar,70.09,0.076,0,0,Sí,5
C04151,2024-09-16,,Mes a mes,Transferencia,Internet estándar,Centro,Hogar,34.47,0.0464,0,0,No,5
C04152,2024-09-16,,Anual,Transferencia,Telefonía móvil,NOA,Hogar,65.75,0.0458,3,0,No,3
C04153,2024-09-17,,Dos años,Débito automático,Internet fibra,Centro,PyME,136.5,0.1406,0,1,Sí,4
C04154,2024-09-17,,Anual,Transferencia,Streaming,NOA,Hogar,26.89,0.0199,0,2,No,4
C04155,2024-09-17,,Anual,Cheque electrónico,Telefonía móvil,Cuyo,Hogar,65.4,0.0303,3,1,No,3
C04156,2024-09-18,2025-09-19,Anual,Cheque electrónico,Telefonía móvil,NOA,Profesional,50.44,0.0851,1,0,No,4
C04157,2024-09-18,,Dos años,Débito automático,Streaming,Cuyo,Hogar,35.63,0.1184,3,1,Sí,2
C04158,2024-09-18,,Dos años,Débito automático,Telefonía móvil,Cuyo,PyME,83.26,0.0601,1,0,Sí,5
C04159,2024-09-19,2024-10-14,Mes a mes,Cheque electrónico,Internet fibra,Cuyo,Hogar,86.26,0.0035,2,1,No,2
C04160,2024-09-19,2024-09-26,Mes a mes,Tarjeta automática,Internet estándar,Centro,Hogar,36.52,0.0755,2,1,Sí,4
C04161,2024-09-19,2024-10-02,Anual,Tarjeta automática,Internet estándar,NOA,Hogar,54.18,0.0237,0,0,Sí,5
C04162,2024-09-20,,Mes a mes,Tarjeta automática,Telefonía móvil,Litoral,Hogar,63.49,0.0902,0,0,Sí,5
C04163,2024-09-20,,Anual,Cheque electrónico,Internet fibra,Litoral,PyME,134.03,0.0386,0,1,No,5
C04164,2024-09-20,,Anual,Tarjeta automática,Internet fibra,Cuyo,PyME,108.88,0.1273,4,1,Sí,1
C04165,2024-09-22,,Dos años,Tarjeta automática,Streaming,Patagonia,Hogar,29.39,0.043,1,0,Sí,3
C04166,2024-09-22,2025-03-11,Mes a mes,Transferencia,Internet estándar,Cuyo,Hogar,54.28,0.0065,2,0,No,3
C04167,2024-09-23,,Anual,Tarjeta automática,Telefonía móvil,Centro,Hogar,51.91,0.0694,0,1,Sí,5
C04168,2024-09-23,,Mes a mes,Tarjeta automática,Internet estándar,AMBA,Hogar,65.21,0.0372,0,0,Sí,4
C04169,2024-09-23,2024-09-17,Mes a mes,Débito automático,Telefonía móvil,NOA,Hogar,58.77,0.0103,0,0,Sí,3
C04170,2024-09-23,,Mes a mes,Tarjeta automática,Internet estándar,AMBA,Hogar,47.56,0.0461,2,0,Sí,4
C04171,2024-09-24,,Mes a mes,Cheque electrónico,Telefonía móvil,NOA,Hogar,34.75,0.048,1,3,No,4
C04172,2024-09-24,2025-04-18,Mes a mes,Tarjeta automática,Streaming,Cuyo,Hogar,18.0,0.0149,4,0,Sí,1
C04173,2024-09-24,,Anual,Cheque electrónico,Internet fibra,AMBA,Profesional,90.06,0.023,0,0,No,4
C04174,2024-09-24,,Anual,Débito automático,Internet fibra,NOA,Hogar,83.24,0.0546,1,0,Sí,5
C04175,2024-09-24,,Mes a mes,Tarjeta automática,Telefonía móvil,Patagonia,Hogar,27.16,0.044,3,0,Sí,2
C04176,2024-09-25,2025-01-26,Mes a mes,Tarjeta automática,Internet fibra,Patagonia,Hogar,67.8,0.1218,1,0,Sí,3
C04177,2024-09-25,2025-11-18,Mes a mes,Débito automático,Streaming,Litoral,Profesional,53.19,0.0405,3,0,Sí,2
C04178,2024-09-25,,Dos años,Débito automático,Internet fibra,Patagonia,Profesional,88.89,0.0415,1,1,Sí,4
C04179,2024-09-25,,Dos años,Tarjeta automática,Streaming,AMBA,Hogar,33.07,0.0314,0,1,Sí,4
C04180,2024-09-26,,Mes a mes,Cheque electrónico,Internet fibra,Centro,Profesional,87.04,0.0602,0,0,No,4
C04181,2024-09-26,,Mes a mes,Débito automático,Streaming,Litoral,Profesional,50.17,0.0672,1,1,Sí,4
C04182,2024-09-27,2025-12-08,Mes a mes,Cheque electrónico,Internet estándar,Patagonia,Hogar,40.51,0.0123,2,0,No,4
C04183,2024-09-27,,Anual,Tarjeta automática,Internet fibra,Litoral,Hogar,57.08,0.1275,3,0,Sí,4
C04184,2024-09-27,,Mes a mes,Tarjeta automática,Internet estándar,Cuyo,PyME,114.52,0.0126,0,0,Sí,4
C04185,2024-09-27,,Mes a mes,Transferencia,Telefonía móvil,Patagonia,Hogar,34.35,0.0374,1,0,No,4
C04186,2024-09-27,,Mes a mes,Tarjeta automática,Streaming,AMBA,Hogar,26.27,0.1058,0,0,Sí,3
C04187,2024-09-27,,Mes a mes,Tarjeta automática,Telefonía móvil,Litoral,Hogar,34.4,0.0505,1,0,Sí,4
C04188,2024-09-27,,Mes a mes,Tarjeta automática,Telefonía móvil,Cuyo,Hogar,47.99,0.0447,1,2,Sí,4
C04189,2024-09-27,,Mes a mes,Tarjeta automática,Streaming,Cuyo,Profesional,50.66,0.1204,0,0,Sí,4
C04190,2024-09-28,,Anual,Transferencia,Internet estándar,AMBA,Profesional,72.96,0.0705,0,0,No,5
C04191,2024-09-28,,Mes a mes,Tarjeta automática,Telefonía móvil,NOA,Profesional,53.96,0.0304,1,0,Sí,4
C04192,2024-09-29,2025-02-01,Mes a mes,Cheque electrónico,Internet estándar,NOA,Hogar,48.45,0.0364,2,2,No,3
C04193,2024-09-29,2025-11-21,Mes a mes,Tarjeta automática,Internet estándar,NOA,Profesional,71.59,0.0219,2,0,Sí,4
C04194,2024-09-29,2025-04-15,Mes a mes,Débito automático,Telefonía móvil,NOA,Hogar,59.0,0.0811,5,0,Sí,2
C04195,2024-09-29,,Anual,Débito automático,Telefonía móvil,Litoral,PyME,100.37,0.0373,4,0,Sí,3
C04196,2024-09-30,,Dos años,Débito automático,Internet estándar,Centro,Hogar,37.96,0.0058,1,1,Sí,3
C04197,2024-10-01,,Mes a mes,Cheque electrónico,Internet fibra,AMBA,Hogar,80.95,0.0066,1,2,No,3
C04198,2024-10-01,,Dos años,Cheque electrónico,Streaming,Litoral,PyME,82.19,0.0812,1,3,No,3
C04199,2024-10-02,,Anual,Tarjeta automática,Streaming,NOA,PyME,62.01,0.0658,0,0,Sí,4
C04200,2024-10-02,,Anual,Débito automático,Internet estándar,Cuyo,Hogar,28.7,0.0329,1,0,Sí,4
C04201,2024-10-03,2025-12-26,Mes a mes,Cheque electrónico,Streaming,NOA,Hogar,28.27,0.0544,1,0,No,4
C04202,2024-10-03,,Mes a mes,Tarjeta automática,Internet estándar,AMBA,Hogar,49.2,0.0949,0,0,Sí,4
C04203,2024-10-04,,Mes a mes,Débito automático,Internet fibra,Centro,Hogar,74.76,0.054,1,0,Sí,4
C04204,2024-10-04,,Dos años,Tarjeta automática,Streaming,Litoral,Hogar,38.73,0.0936,0,0,Sí,5
C04205,2024-10-04,,Anual,Débito automático,Internet estándar,Cuyo,Hogar,38.71,0.0745,1,0,Sí,4
C04206,2024-10-04,,Mes a mes,Débito automático,Telefonía móvil,Patagonia,Hogar,26.75,0.0689,0,1,Sí,4
C04207,2024-10-04,2025-10-18,Mes a mes,Débito automático,Internet fibra,Cuyo,PyME,123.92,0.0546,3,0,Sí,2
C04208,2024-10-04,2025-11-10,Mes a mes,Cheque electrónico,Telefonía móvil,Patagonia,PyME,90.29,0.0315,2,0,No,2
C04209,2024-10-05,,Mes a mes,Débito automático,Internet fibra,Centro,PyME,132.36,0.0315,3,0,Sí,3
C04210,2024-10-05,,Anual,Cheque electrónico,Telefonía móvil,AMBA,Profesional,51.23,0.0667,3,1,No,2
C04211,2024-10-05,,Mes a mes,Transferencia,Streaming,Litoral,Hogar,18.0,0.1581,0,0,No,5
C04212,2024-10-05,,Anual,Débito automático,Internet fibra,Litoral,Hogar,49.74,0.1014,3,0,Sí,3
C04213,2024-10-05,,Anual,Débito automático,Telefonía móvil,Litoral,Hogar,43.35,0.0629,0,0,Sí,5
C04214,2024-10-06,,Anual,Débito automático,Internet estándar,AMBA,Hogar,36.58,0.0901,0,0,Sí,2
C04215,2024-10-06,,Anual,Cheque electrónico,Internet estándar,Cuyo,Hogar,26.94,0.0814,1,1,No,3
C04216,2024-10-06,,Mes a mes,Tarjeta automática,Telefonía móvil,AMBA,Hogar,48.87,0.0176,2,0,Sí,4
C04217,2024-10-06,2025-12-13,Anual,Cheque electrónico,Telefonía móvil,Patagonia,PyME,114.0,0.0274,1,1,No,2
C04218,2024-10-06,,Anual,Débito automático,Streaming,AMBA,Hogar,27.96,0.0072,3,1,Sí,2
C04219,2024-10-07,2025-03-14,Mes a mes,Transferencia,Telefonía móvil,NOA,Hogar,44.95,0.0974,1,0,No,2
C04220,2024-10-07,,Mes a mes,Débito automático,Internet estándar,AMBA,Profesional,70.05,0.0472,0,0,Sí,4
C04221,2024-10-08,,Mes a mes,Débito automático,Internet fibra,Litoral,Hogar,52.56,0.0462,1,0,Sí,4
C04222,2024-10-08,,Mes a mes,Transferencia,Internet fibra,Cuyo,Hogar,87.78,0.0388,2,0,No,4
C04223,2024-10-08,,Mes a mes,Transferencia,Internet estándar,AMBA,Profesional,80.64,0.0435,1,0,No,4
C04224,2024-10-08,,Mes a mes,Tarjeta automática,Streaming,Cuyo,Hogar,49.2,0.0658,2,0,Sí,2
C04225,2024-10-09,,Anual,Débito automático,Internet fibra,AMBA,Hogar,73.19,0.0499,0,1,Sí,4
C04226,2024-10-09,,Mes a mes,Débito automático,Internet estándar,Patagonia,Hogar,36.51,0.0443,2,1,Sí,3
C04227,2024-10-09,2024-12-16,Mes a mes,Transferencia,Internet fibra,NOA,PyME,147.94,0.0608,2,0,No,2
C04228,2024-10-09,2025-12-11,Mes a mes,Débito automático,Internet estándar,Centro,Hogar,54.49,0.0232,0,0,Sí,5
C04229,2024-10-09,,Mes a mes,Tarjeta automática,Streaming,Cuyo,Hogar,38.62,0.0089,0,0,Sí,5
C04230,2024-10-10,,Dos años,Transferencia,Internet fibra,AMBA,Hogar,70.88,0.0379,0,0,No,3
C04231,2024-10-10,,Mes a mes,Débito automático,Streaming,Cuyo,Hogar,31.99,0.04,0,0,Sí,4
C04232,2024-10-10,2025-10-10,Mes a mes,Débito automático,Telefonía móvil,NOA,PyME,85.41,0.0354,6,0,Sí,1
C04233,2024-10-10,,Mes a mes,Transferencia,Internet estándar,Litoral,Hogar,48.94,0.0215,0,0,No,3
C04234,2024-10-11,,Mes a mes,Transferencia,Telefonía móvil,NOA,Profesional,56.17,0.028,1,0,No,3
C04235,2024-10-11,,Anual,Transferencia,Telefonía móvil,Patagonia,Profesional,85.78,0.0486,2,0,No,3
C04236,2024-10-11,,Anual,Tarjeta automática,Internet fibra,AMBA,Hogar,84.03,0.0769,2,0,Sí,5
C04237,2024-10-11,2025-11-08,Mes a mes,Tarjeta automática,Streaming,AMBA,Profesional,23.33,0.1068,2,1,Sí,3
C04238,2024-10-11,,Anual,Transferencia,Internet fibra,Cuyo,PyME,132.98,0.0898,0,0,No,4
C04239,2024-10-11,,Mes a mes,Tarjeta automática,Internet estándar,NOA,PyME,108.05,0.0518,1,0,Sí,4
C04240,2024-10-12,,Dos años,Tarjeta automática,Streaming,Centro,Hogar,23.79,0.0223,0,0,Sí,4
C04241,2024-10-12,,Mes a mes,Tarjeta automática,Streaming,AMBA,Hogar,18.0,0.0178,1,0,Sí,4
C04242,2024-10-12,,Mes a mes,Débito automático,Telefonía móvil,NOA,Hogar,49.27,0.0629,1,1,Sí,3
C04243,2024-10-12,,Anual,Cheque electrónico,Streaming,Centro,Hogar,18.42,0.0564,4,1,No,1
C04244,2024-10-12,,Anual,Tarjeta automática,Telefonía móvil,Cuyo,Hogar,48.33,0.0786,5,0,Sí,1
C04245,2024-10-13,2025-11-10,Mes a mes,Tarjeta automática,Streaming,Patagonia,Hogar,18.0,0.0484,2,0,Sí,2
C04246,2024-10-13,,Dos años,Cheque electrónico,Internet fibra,AMBA,Profesional,90.13,0.0872,2,2,No,3
C04247,2024-10-13,,Dos años,Cheque electrónico,Internet fibra,Centro,Profesional,106.52,0.0296,1,2,No,3
C04248,2024-10-13,2025-01-21,Mes a mes,Tarjeta automática,Internet estándar,Patagonia,Hogar,54.38,0.0798,3,2,Sí,2
C04249,2024-10-14,,Anual,Cheque electrónico,Streaming,AMBA,PyME,84.35,0.0366,3,2,No,3
C04250,2024-10-14,,Anual,Tarjeta automática,Internet fibra,Patagonia,Hogar,77.67,0.0774,4,2,Sí,1
C04251,2024-10-14,2024-10-26,Mes a mes,Transferencia,Internet estándar,Litoral,Hogar,50.0,0.0187,1,1,No,1
C04252,2024-10-14,,Mes a mes,Tarjeta automática,Internet fibra,Centro,Profesional,87.29,0.1232,1,0,Sí,3
C04253,2024-10-14,,Dos años,Débito automático,Internet estándar,Litoral,Hogar,32.32,0.1277,1,0,Sí,4
C04254,2024-10-14,,Anual,Tarjeta automática,Internet estándar,Centro,Hogar,55.26,0.0663,0,0,Sí,5
C04255,2024-10-15,2025-02-04,Mes a mes,Transferencia,Internet fibra,NOA,PyME,149.83,0.0833,0,0,No,3
C04256,2024-10-16,,Mes a mes,Tarjeta automática,Internet fibra,Cuyo,PyME,139.65,0.0117,2,2,Sí,2
C04257,2024-10-16,,Mes a mes,Débito automático,Internet estándar,Patagonia,Profesional,69.8,0.0766,0,0,Sí,5
C04258,2024-10-16,,Dos años,Transferencia,Internet estándar,Centro,Hogar,35.71,0.0172,2,1,No,2
C04259,2024-10-16,,Anual,Tarjeta automática,Telefonía móvil,NOA,Hogar,51.65,0.0282,0,1,Sí,4
C04260,2024-10-16,,Mes a mes,Cheque electrónico,Internet fibra,Centro,Hogar,83.3,0.0743,2,0,No,3
C04261,2024-10-17,,Dos años,Débito automático,Internet estándar,Litoral,Hogar,57.36,0.0927,1,0,Sí,5
C04262,2024-10-17,,Anual,Tarjeta automática,Internet estándar,Patagonia,PyME,115.37,0.0899,1,1,Sí,3
C04263,2024-10-17,,Mes a mes,Tarjeta automática,Streaming,NOA,Hogar,46.45,0.0415,1,0,Sí,3
C04264,2024-10-18,2025-11-06,Mes a mes,Débito automático,Internet estándar,Patagonia,Profesional,54.74,0.0196,1,0,Sí,3
C04265,2024-10-18,,Mes a mes,Tarjeta automática,Internet fibra,Patagonia,Hogar,63.82,0.0437,0,0,Sí,5
C04266,2024-10-18,,Mes a mes,Débito automático,Telefonía móvil,Patagonia,Hogar,43.63,0.0662,1,0,Sí,4
C04267,2024-10-18,,Mes a mes,Transferencia,Telefonía móvil,Cuyo,Hogar,31.85,0.0246,0,0,No,5
C04268,2024-10-18,,Anual,Débito automático,Internet estándar,Patagonia,Hogar,36.95,0.1019,0,1,Sí,4
C04269,2024-10-18,,Dos años,Débito automático,Streaming,Litoral,Hogar,42.42,0.0241,0,0,Sí,4
C04270,2024-10-19,,Mes a mes,Cheque electrónico,Internet fibra,Litoral,PyME,121.9,0.0593,1,0,No,3
C04271,2024-10-19,,Dos años,Tarjeta automática,Internet fibra,Centro,Hogar,77.88,0.0882,1,0,Sí,3
C04272,2024-10-20,,Dos años,Transferencia,Internet fibra,Cuyo,Hogar,60.05,0.0755,1,0,No,4
C04273,2024-10-21,2024-12-07,Mes a mes,Cheque electrónico,Streaming,AMBA,Hogar,29.69,0.0892,3,1,No,1
C04274,2024-10-21,2025-11-19,Mes a mes,Tarjeta automática,Internet fibra,Patagonia,Profesional,109.01,0.0195,3,1,Sí,3
C04275,2024-10-21,,Anual,Transferencia,Internet fibra,AMBA,Profesional,109.34,0.0523,0,0,No,3
C04276,2024-10-21,,Anual,Cheque electrónico,Internet fibra,AMBA,Hogar,89.49,0.0397,0,2,No,4
C04277,2024-10-22,2024-10-27,Mes a mes,Débito automático,Internet fibra,Centro,Profesional,95.14,0.1329,0,0,Sí,4
C04278,2024-10-22,,Anual,Cheque electrónico,Internet estándar,AMBA,Profesional,79.23,0.0696,0,1,No,5
C04279,2024-10-22,,Anual,Débito automático,Internet estándar,Patagonia,PyME,108.73,0.0526,1,0,Sí,4
C04280,2024-10-22,,Anual,Débito automático,Internet estándar,AMBA,PyME,99.17,0.0147,0,3,Sí,4
C04281,2024-10-23,2025-06-22,Anual,Débito automático,Internet estándar,Cuyo,Hogar,53.2,0.0927,0,0,Sí,4
C04282,2024-10-23,2025-09-23,Mes a mes,Tarjeta automática,Internet estándar,Patagonia,Hogar,58.74,0.0392,0,0,Sí,5
C04283,2024-10-23,2025-04-17,Mes a mes,Cheque electrónico,Streaming,Litoral,Hogar,18.0,0.0718,1,3,No,3
C04284,2024-10-23,,Mes a mes,Tarjeta automática,Internet fibra,Litoral,Hogar,66.34,0.1316,0,0,Sí,4
C04285,2024-10-23,,Dos años,Cheque electrónico,Internet fibra,Cuyo,Hogar,76.42,0.0468,0,3,No,4
C04286,2024-10-23,,Dos años,Transferencia,Telefonía móvil,Cuyo,Hogar,28.56,0.057,2,0,No,3
C04287,2024-10-23,,Anual,Cheque electrónico,Streaming,Patagonia,Profesional,33.4,0.0918,0,2,No,5
C04288,2024-10-24,,Mes a mes,Cheque electrónico,Internet estándar,Cuyo,Hogar,44.37,0.0116,1,0,No,4
C04289,2024-10-25,,Anual,Débito automático,Internet fibra,Patagonia,Hogar,88.91,0.0172,0,0,Sí,4
C04290,2024-10-25,2024-11-09,Mes a mes,Cheque electrónico,Internet fibra,Patagonia,PyME,143.7,0.0301,1,1,No,3
C04291,2024-10-25,2024-12-12,Mes a mes,Transferencia,Internet fibra,Centro,Hogar,81.53,0.0628,2,1,No,5
C04292,2024-10-25,2025-05-17,Mes a mes,Débito automático,Telefonía móvil,AMBA,Hogar,43.98,0.0351,0,1,Sí,5
C04293,2024-10-25,,Anual,Transferencia,Streaming,Cuyo,Profesional,69.96,0.0129,1,1,No,3
C04294,2024-10-26,,Mes a mes,Tarjeta automática,Internet fibra,Cuyo,Hogar,72.07,0.0829,0,0,Sí,5
C04295,2024-10-26,,Anual,Tarjeta automática,Internet fibra,AMBA,Hogar,80.65,0.0577,1,1,Sí,5
C04296,2024-10-26,,Dos años,Tarjeta automática,Internet fibra,Patagonia,Profesional,89.52,0.0926,0,0,Sí,5
C04297,2024-10-26,,Anual,Débito automático,Internet fibra,Litoral,Hogar,63.84,0.0704,2,0,Sí,3
C04298,2024-10-26,,Mes a mes,Tarjeta automática,Internet estándar,Litoral,Hogar,62.03,0.0227,4,0,Sí,2
C04299,2024-10-26,2025-07-12,Dos años,Débito automático,Internet estándar,Patagonia,PyME,100.64,0.0299,1,0,Sí,4
C04300,2024-10-27,,Anual,Transferencia,Telefonía móvil,Cuyo,Hogar,49.64,0.0599,0,0,No,4
C04301,2024-10-28,,Mes a mes,Transferencia,Streaming,Litoral,Hogar,26.29,0.0631,2,0,No,3
C04302,2024-10-28,,Anual,Cheque electrónico,Telefonía móvil,Centro,Hogar,55.71,0.0575,1,1,No,3
C04303,2024-10-28,,Dos años,Cheque electrónico,Telefonía móvil,Patagonia,Hogar,31.03,0.0184,1,1,No,4
C04304,2024-10-28,2025-01-18,Mes a mes,Cheque electrónico,Telefonía móvil,NOA,Hogar,54.8,0.0548,1,2,No,4
C04305,2024-10-28,2025-05-09,Mes a mes,Transferencia,Telefonía móvil,NOA,Hogar,51.84,0.0233,1,0,No,3
C04306,2024-10-28,,Mes a mes,Tarjeta automática,Internet estándar,Cuyo,Hogar,29.26,0.0751,0,0,Sí,4
C04307,2024-10-29,2025-06-22,Mes a mes,Cheque electrónico,Internet fibra,AMBA,PyME,127.31,0.0496,3,3,No,3
C04308,2024-10-29,,Anual,Tarjeta automática,Internet fibra,NOA,Hogar,89.23,0.0225,2,0,Sí,3
C04309,2024-10-29,,Mes a mes,Tarjeta automática,Streaming,Litoral,Hogar,47.01,0.0228,0,1,Sí,2
C04310,2024-10-29,,Mes a mes,Débito automático,Streaming,Patagonia,Profesional,54.87,0.083,0,0,Sí,5
C04311,2024-10-29,,Mes a mes,Débito automático,Internet fibra,Centro,Hogar,73.64,0.09,1,1,Sí,4
C04312,2024-10-29,2025-06-19,Mes a mes,Transferencia,Telefonía móvil,NOA,Profesional,49.35,0.0518,0,0,No,5
C04313,2024-10-29,2025-08-21,Mes a mes,Tarjeta automática,Telefonía móvil,NOA,Hogar,48.23,0.0658,2,0,Sí,4
C04314,2024-10-30,,Anual,Transferencia,Streaming,AMBA,Profesional,42.31,0.0332,1,0,No,4
C04315,2024-10-30,,Mes a mes,Tarjeta automática,Internet estándar,Litoral,PyME,99.78,0.0636,0,1,Sí,2
C04316,2024-10-31,,Mes a mes,Tarjeta automática,Internet fibra,Cuyo,Hogar,75.53,0.1684,1,0,Sí,4
C04317,2024-10-31,,Dos años,Débito automático,Internet estándar,Litoral,Hogar,58.7,0.0661,0,0,Sí,4
C04318,2024-10-31,,Dos años,Débito automático,Internet fibra,Centro,Hogar,97.87,0.0966,0,0,Sí,4
C04319,2024-10-31,2025-10-22,Mes a mes,Transferencia,Streaming,AMBA,Hogar,40.3,0.0163,7,0,No,1
C04320,2024-10-31,,Mes a mes,Tarjeta automática,Internet fibra,Centro,Hogar,78.11,0.0509,1,0,Sí,5
C04321,2024-10-31,,Mes a mes,Tarjeta automática,Internet fibra,Litoral,Profesional,86.11,0.0205,0,0,Sí,4
C04322,2024-10-31,,Mes a mes,Tarjeta automática,Internet estándar,Centro,Hogar,56.34,0.0122,3,1,Sí,2
C04323,2024-11-01,,Mes a mes,Transferencia,Streaming,Cuyo,Hogar,47.32,0.0344,1,0,No,5
C04324,2024-11-01,,Dos años,Cheque electrónico,Internet estándar,Cuyo,Profesional,78.04,0.0951,1,2,No,3
C04325,2024-11-02,,Anual,Transferencia,Telefonía móvil,Patagonia,Hogar,44.29,0.0471,2,1,No,3
C04326,2024-11-02,,Mes a mes,Transferencia,Internet fibra,Cuyo,Hogar,72.62,0.0326,0,0,No,4
C04327,2024-11-02,,Dos años,Cheque electrónico,Telefonía móvil,AMBA,PyME,100.8,0.0444,1,3,No,2
C04328,2024-11-02,,Mes a mes,Tarjeta automática,Internet fibra,Litoral,PyME,145.7,0.0525,5,0,Sí,1
C04329,2024-11-03,,Mes a mes,Tarjeta automática,Internet fibra,Centro,PyME,135.56,0.0365,0,0,Sí,4
C04330,2024-11-03,2025-06-18,Mes a mes,Débito automático,Telefonía móvil,Centro,Hogar,40.86,0.0531,1,0,Sí,4
C04331,2024-11-03,2025-08-27,Mes a mes,Tarjeta automática,Streaming,Patagonia,Hogar,21.44,0.1019,7,0,Sí,1
C04332,2024-11-03,,Dos años,Débito automático,Streaming,Centro,Hogar,57.48,0.0868,1,0,Sí,4
C04333,2024-11-03,,Mes a mes,Débito automático,Streaming,AMBA,PyME,74.2,0.0645,2,0,Sí,4
C04334,2024-11-04,,Anual,Débito automático,Internet estándar,Cuyo,PyME,93.18,0.1881,1,1,Sí,3
C04335,2024-11-04,,Mes a mes,Débito automático,Telefonía móvil,Cuyo,Profesional,61.81,0.0528,1,0,Sí,3
C04336,2024-11-04,,Dos años,Débito automático,Internet fibra,Patagonia,Hogar,75.78,0.0669,0,0,Sí,5
C04337,2024-11-04,2025-11-26,Anual,Tarjeta automática,Telefonía móvil,Patagonia,Hogar,53.26,0.09,3,1,Sí,2
C04338,2024-11-05,,Mes a mes,Cheque electrónico,Telefonía móvil,AMBA,Profesional,71.63,0.1081,3,0,No,3
C04339,2024-11-05,2025-09-05,Mes a mes,Transferencia,Telefonía móvil,Patagonia,Hogar,28.64,0.0942,0,0,No,4
C04340,2024-11-05,2025-01-22,Dos años,Tarjeta automática,Streaming,Patagonia,Hogar,20.69,0.06,8,0,Sí,1
C04341,2024-11-05,2025-09-15,Mes a mes,Tarjeta automática,Streaming,Centro,Profesional,37.37,0.066,2,0,Sí,3
C04342,2024-11-06,,Mes a mes,Tarjeta automática,Internet estándar,Cuyo,Profesional,75.63,0.0614,1,0,Sí,3
C04343,2024-11-06,,Dos años,Tarjeta automática,Internet estándar,Patagonia,Hogar,53.71,0.0223,0,0,Sí,5
C04344,2024-11-06,,Mes a mes,Tarjeta automática,Telefonía móvil,Litoral,Profesional,55.91,0.0441,1,0,Sí,4
C04345,2024-11-06,,Mes a mes,Tarjeta automática,Streaming,Cuyo,Hogar,31.38,0.1133,0,1,Sí,5
C04346,2024-11-07,2024-11-07,Mes a mes,Cheque electrónico,Internet estándar,Patagonia,Hogar,36.61,0.1097,3,1,No,2
C04347,2024-11-07,2025-10-10,Mes a mes,Cheque electrónico,Telefonía móvil,Litoral,Hogar,33.83,0.051,0,2,No,2
C04348,2024-11-07,,Mes a mes,Cheque electrónico,Internet fibra,Litoral,Hogar,63.7,0.1097,1,0,No,2
C04349,2024-11-08,,Mes a mes,Transferencia,Telefonía móvil,AMBA,Hogar,43.6,0.047,3,1,No,3
C04350,2024-11-08,,Mes a mes,Transferencia,Telefonía móvil,Litoral,Hogar,43.56,0.0321,1,1,No,3
C04351,2024-11-09,2024-12-03,Mes a mes,Transferencia,Internet fibra,Centro,Hogar,67.17,0.0527,2,1,No,2
C04352,2024-11-09,2025-11-26,Mes a mes,Cheque electrónico,Internet fibra,NOA,Hogar,82.63,0.1047,0,1,No,5
C04353,2024-11-09,,Dos años,Transferencia,Streaming,Centro,Hogar,40.63,0.0559,1,0,No,5
C04354,2024-11-09,,Anual,Transferencia,Internet fibra,AMBA,Profesional,84.66,0.0866,0,0,No,4
C04355,2024-11-09,2024-12-22,Mes a mes,Cheque electrónico,Telefonía móvil,Cuyo,Hogar,38.41,0.0508,0,2,No,3
C04356,2024-11-09,2025-08-17,Mes a mes,Débito automático,Internet fibra,Cuyo,Hogar,83.65,0.0091,0,2,Sí,4
C04357,2024-11-10,,Anual,Tarjeta automática,Internet fibra,Cuyo,Hogar,77.93,0.009,2,1,Sí,4
C04358,2024-11-10,2025-12-11,Mes a mes,Tarjeta automática,Internet fibra,NOA,Hogar,62.91,0.0039,1,0,Sí,5
C04359,2024-11-10,,Mes a mes,Débito automático,Telefonía móvil,Centro,Hogar,37.15,0.0904,0,1,Sí,4
C04360,2024-11-10,,Anual,Tarjeta automática,Internet estándar,NOA,PyME,98.79,0.0266,0,1,Sí,4
C04361,2024-11-10,,Mes a mes,Tarjeta automática,Telefonía móvil,AMBA,Hogar,40.13,0.0249,1,0,Sí,5
C04362,2024-11-10,,Anual,Tarjeta automática,Telefonía móvil,Litoral,Hogar,40.59,0.1432,1,1,Sí,5
C04363,2024-11-11,,Dos años,Tarjeta automática,Streaming,AMBA,Hogar,46.23,0.0524,0,0,Sí,4
C04364,2024-11-11,,Anual,Cheque electrónico,Internet fibra,Centro,Hogar,75.71,0.0324,2,0,No,4
C04365,2024-11-11,,Mes a mes,Débito automático,Internet fibra,AMBA,PyME,114.1,0.0281,1,1,Sí,4
C04366,2024-11-11,,Mes a mes,Tarjeta automática,Telefonía móvil,Centro,Hogar,43.0,0.0858,0,0,Sí,5
C04367,2024-11-13,,Mes a mes,Débito automático,Internet fibra,Cuyo,Profesional,115.23,0.0241,0,0,Sí,4
C04368,2024-11-13,,Anual,Tarjeta automática,Telefonía móvil,NOA,PyME,95.16,0.0663,0,1,Sí,5
C04369,2024-11-14,,Dos años,Transferencia,Telefonía móvil,Patagonia,Hogar,37.18,0.0586,2,0,No,4
C04370,2024-11-14,,Dos años,Transferencia,Streaming,Patagonia,Hogar,25.64,0.0926,1,0,No,4
C04371,2024-11-14,,Mes a mes,Tarjeta automática,Streaming,Cuyo,Profesional,53.43,0.0447,0,0,Sí,4
C04372,2024-11-14,,Dos años,Débito automático,Telefonía móvil,Centro,Profesional,56.6,0.0502,0,1,Sí,4
C04373,2024-11-14,,Mes a mes,Tarjeta automática,Streaming,Centro,Hogar,18.0,0.0424,0,0,Sí,3
C04374,2024-11-14,,Anual,Transferencia,Streaming,AMBA,Hogar,21.61,0.0232,0,1,No,4
C04375,2024-11-14,,Mes a mes,Cheque electrónico,Internet estándar,Litoral,Hogar,48.29,0.0607,0,2,No,3
C04376,2024-11-14,,Mes a mes,Cheque electrónico,Internet estándar,Patagonia,Hogar,54.89,0.0366,0,0,No,5
C04377,2024-11-15,,Mes a mes,Tarjeta automática,Internet estándar,Litoral,Profesional,60.59,0.1562,0,1,Sí,5
C04378,2024-11-15,,Dos años,Transferencia,Telefonía móvil,Litoral,Hogar,38.74,0.0702,0,0,No,5
C04379,2024-11-15,2025-10-03,Mes a mes,Cheque electrónico,Streaming,Cuyo,Hogar,29.49,0.1302,1,2,No,4
C04380,2024-11-15,2025-03-27,Mes a mes,Cheque electrónico,Telefonía móvil,NOA,Hogar,33.45,0.0547,2,3,No,2
C04381,2024-11-15,,Mes a mes,Tarjeta automática,Internet fibra,NOA,Hogar,76.99,0.0604,3,0,Sí,4
C04382,2024-11-15,2025-12-07,Mes a mes,Débito automático,Telefonía móvil,Cuyo,Profesional,65.14,0.0393,1,0,Sí,5
C04383,2024-11-16,,Dos años,Tarjeta automática,Internet estándar,Patagonia,Hogar,35.95,0.1418,1,0,Sí,3
C04384,2024-11-16,,Mes a mes,Tarjeta automática,Streaming,Cuyo,Profesional,50.37,0.0538,0,2,Sí,4
C04385,2024-11-16,2024-11-13,Mes a mes,Transferencia,Internet fibra,AMBA,Hogar,66.01,0.0253,4,0,No,3
C04386,2024-11-16,,Anual,Débito automático,Telefonía móvil,Centro,Hogar,30.23,0.0691,6,1,Sí,1
C04387,2024-11-16,,Mes a mes,Tarjeta automática,Streaming,NOA,Hogar,21.71,0.06,1,0,Sí,3
C04388,2024-11-16,2024-12-26,Mes a mes,Cheque electrónico,Internet estándar,Cuyo,Hogar,64.02,0.0175,3,2,No,2
C04389,2024-11-16,,Mes a mes,Débito automático,Internet fibra,NOA,Profesional,77.13,0.0969,0,0,Sí,5
C04390,2024-11-17,2025-03-23,Mes a mes,Cheque electrónico,Internet estándar,Centro,Hogar,43.9,0.0388,0,2,No,4
C04391,2024-11-17,,Mes a mes,Cheque electrónico,Internet fibra,Cuyo,PyME,132.71,0.0754,2,1,No,2
C04392,2024-11-18,,Mes a mes,Cheque electrónico,Internet fibra,AMBA,Hogar,90.84,0.0586,0,3,No,3
C04393,2024-11-18,2025-08-14,Mes a mes,Transferencia,Internet estándar,Patagonia,Profesional,88.43,0.0337,1,1,No,4
C04394,2024-11-18,,Anual,Tarjeta automática,Internet estándar,Centro,Hogar,44.36,0.0721,0,0,Sí,4
C04395,2024-11-18,2025-08-05,Dos años,Tarjeta automática,Internet estándar,AMBA,Profesional,72.93,0.0993,2,1,Sí,5
C04396,2024-11-18,,Dos años,Cheque electrónico,Streaming,Centro,Hogar,27.96,0.1306,2,1,No,4
C04397,2024-11-19,,Mes a mes,Tarjeta automática,Internet estándar,Litoral,Hogar,47.89,0.0667,0,1,Sí,5
C04398,2024-11-19,2025-02-10,Mes a mes,Débito automático,Internet fibra,Patagonia,PyME,136.01,0.0317,3,0,Sí,3
C04399,2024-11-19,,Dos años,Transferencia,Telefonía móvil,NOA,Profesional,42.56,0.0866,5,0,No,1
C04400,2024-11-19,,Anual,Tarjeta automática,Internet estándar,Centro,Hogar,48.47,0.131,0,1,Sí,5
C04401,2024-11-19,,Mes a mes,Tarjeta automática,Streaming,Litoral,Profesional,51.96,0.0389,3,0,Sí,2
C04402,2024-11-19,,Mes a mes,Débito automático,Telefonía móvil,Cuyo,Hogar,32.54,0.0362,0,1,Sí,4
C04403,2024-11-20,2025-09-07,Mes a mes,Débito automático,Telefonía móvil,Patagonia,Profesional,65.03,0.0944,4,1,Sí,2
C04404,2024-11-20,2025-09-09,Mes a mes,Transferencia,Internet estándar,Patagonia,Hogar,29.99,0.0535,1,2,No,2
C04405,2024-11-20,,Mes a mes,Tarjeta automática,Internet estándar,AMBA,Profesional,68.03,0.0432,0,0,Sí,5
C04406,2024-11-20,,Mes a mes,Débito automático,Telefonía móvil,AMBA,Hogar,56.76,0.0715,0,0,Sí,5
C04407,2024-11-21,,Dos años,Tarjeta automática,Telefonía móvil,Litoral,Profesional,57.6,0.0604,0,0,Sí,4
C04408,2024-11-21,,Anual,Transferencia,Internet fibra,Litoral,PyME,122.24,0.0246,3,1,No,2
C04409,2024-11-21,,Anual,Tarjeta automática,Streaming,NOA,PyME,68.32,0.0595,2,0,Sí,3
C04410,2024-11-21,,Mes a mes,Tarjeta automática,Telefonía móvil,NOA,Profesional,64.3,0.0403,2,0,Sí,5
C04411,2024-11-21,,Anual,Cheque electrónico,Telefonía móvil,AMBA,Profesional,70.21,0.0374,1,1,No,4
C04412,2024-11-21,,Anual,Tarjeta automática,Internet fibra,Litoral,Hogar,77.38,0.039,0,0,Sí,5
C04413,2024-11-21,2025-08-26,Mes a mes,Transferencia,Internet estándar,Cuyo,Hogar,43.9,0.0679,2,0,No,3
C04414,2024-11-22,,Anual,Tarjeta automática,Internet estándar,Cuyo,Hogar,27.76,0.0411,1,0,Sí,4
C04415,2024-11-22,,Anual,Tarjeta automática,Internet fibra,AMBA,Hogar,79.36,0.0319,2,0,Sí,2
C04416,2024-11-22,,Anual,Tarjeta automática,Streaming,NOA,Hogar,21.42,0.0092,1,0,Sí,3
C04417,2024-11-22,2025-07-17,Mes a mes,Cheque electrónico,Internet estándar,AMBA,Profesional,60.05,0.1006,3,2,No,4
C04418,2024-11-22,2024-11-02,Dos años,Débito automático,Internet fibra,NOA,Hogar,95.78,0.1239,1,0,Sí,4
C04419,2024-11-22,,Mes a mes,Tarjeta automática,Internet estándar,NOA,Hogar,29.18,0.0726,1,0,Sí,4
C04420,2024-11-22,2024-12-25,Mes a mes,Débito automático,Telefonía móvil,Patagonia,Hogar,23.65,0.1718,2,1,Sí,1
C04421,2024-11-23,,Mes a mes,Débito automático,Telefonía móvil,AMBA,PyME,99.54,0.0635,0,0,Sí,5
C04422,2024-11-23,2024-11-21,Mes a mes,Cheque electrónico,Telefonía móvil,Cuyo,Hogar,37.76,0.0062,2,0,No,3
C04423,2024-11-23,2025-02-24,Mes a mes,Cheque electrónico,Telefonía móvil,AMBA,Hogar,36.29,0.0613,3,1,No,3
C04424,2024-11-23,,Mes a mes,Débito automático,Telefonía móvil,Litoral,Hogar,45.0,0.0489,2,0,Sí,2
C04425,2024-11-23,2025-06-12,Anual,Débito automático,Internet estándar,NOA,Hogar,51.81,0.0335,1,0,Sí,5
C04426,2024-11-23,2024-11-13,Mes a mes,Débito automático,Internet fibra,Litoral,Hogar,67.29,0.0946,0,2,Sí,3
C04427,2024-11-23,,Dos años,Cheque electrónico,Telefonía móvil,AMBA,Hogar,35.49,0.0317,4,0,No,1
C04428,2024-11-24,,Mes a mes,Débito automático,Streaming,Centro,PyME,84.55,0.0591,3,0,Sí,3
C04429,2024-11-24,,Anual,Tarjeta automática,Internet estándar,Centro,Profesional,68.84,0.0191,0,0,Sí,5
C04430,2024-11-24,,Dos años,Cheque electrónico,Telefonía móvil,Cuyo,Hogar,47.32,0.0405,2,2,No,3
C04431,2024-11-24,,Anual,Cheque electrónico,Internet estándar,Cuyo,Hogar,42.59,0.0964,1,3,No,3
C04432,2024-11-25,,Anual,Débito automático,Telefonía móvil,Patagonia,Hogar,45.82,0.0862,0,1,Sí,4
C04433,2024-11-25,,Anual,Débito automático,Streaming,Centro,Profesional,57.45,0.0408,2,1,Sí,4
C04434,2024-11-25,2025-06-03,Mes a mes,Transferencia,Internet fibra,Centro,PyME,133.52,0.0206,0,1,No,4
C04435,2024-11-26,2025-08-12,Mes a mes,Cheque electrónico,Telefonía móvil,Centro,Hogar,40.87,0.1637,1,0,No,2
C04436,2024-11-26,,Mes a mes,Débito automático,Telefonía móvil,NOA,Hogar,39.41,0.0326,0,0,Sí,5
C04437,2024-11-26,,Mes a mes,Débito automático,Streaming,Centro,PyME,77.21,0.0523,0,0,Sí,5
C04438,2024-11-27,2025-09-15,Mes a mes,Tarjeta automática,Streaming,NOA,Hogar,18.68,0.0475,2,0,Sí,3
C04439,2024-11-27,2025-04-08,Mes a mes,Débito automático,Internet fibra,Litoral,PyME,129.72,0.0407,4,1,Sí,3
C04440,2024-11-28,,Dos años,Tarjeta automática,Internet fibra,Centro,Hogar,82.96,0.0546,0,0,Sí,4
C04441,2024-11-28,,Dos años,Transferencia,Internet fibra,Litoral,Profesional,86.22,0.043,0,0,No,4
C04442,2024-11-28,,Anual,Tarjeta automática,Internet fibra,AMBA,Hogar,77.17,0.0914,2,1,Sí,3
C04443,2024-11-28,,Anual,Débito automático,Internet estándar,NOA,Profesional,64.89,0.0616,1,1,Sí,4
C04444,2024-11-29,,Mes a mes,Cheque electrónico,Internet estándar,NOA,PyME,123.56,0.0569,1,0,No,3
C04445,2024-11-29,,Mes a mes,Débito automático,Internet fibra,Centro,Hogar,85.95,0.0659,0,0,Sí,3
C04446,2024-11-29,,Anual,Tarjeta automática,Internet estándar,Centro,Profesional,74.77,0.0793,1,1,Sí,3
C04447,2024-11-29,,Anual,Cheque electrónico,Internet fibra,Cuyo,Hogar,88.12,0.089,0,2,No,3
C04448,2024-11-29,2024-12-05,Mes a mes,Tarjeta automática,Internet fibra,Patagonia,Hogar,72.0,0.0117,0,0,Sí,5
C04449,2024-11-29,2025-03-20,Mes a mes,Cheque electrónico,Telefonía móvil,Litoral,Hogar,57.14,0.0218,0,2,No,2
C04450,2024-11-29,,Mes a mes,Tarjeta automática,Telefonía móvil,AMBA,Hogar,43.75,0.0039,0,0,Sí,5
C04451,2024-11-30,,Mes a mes,Débito automático,Telefonía móvil,AMBA,Hogar,41.51,0.0143,1,0,Sí,2
C04452,2024-11-30,2025-10-14,Mes a mes,Transferencia,Internet fibra,Centro,Hogar,64.64,0.0663,1,0,No,4
C04453,2024-12-01,,Mes a mes,Débito automático,Streaming,Patagonia,Hogar,24.58,0.0307,5,1,Sí,1
C04454,2024-12-01,,Anual,Débito automático,Internet fibra,Centro,Hogar,58.57,0.0295,1,0,Sí,2
C04455,2024-12-01,,Dos años,Tarjeta automática,Internet estándar,NOA,Hogar,46.27,0.0428,1,0,Sí,5
C04456,2024-12-01,2024-12-11,Mes a mes,Débito automático,Telefonía móvil,Centro,Hogar,35.66,0.0608,2,0,Sí,4
C04457,2024-12-01,,Anual,Tarjeta automática,Internet estándar,NOA,Profesional,62.62,0.0396,1,0,Sí,4
C04458,2024-12-02,,Anual,Cheque electrónico,Telefonía móvil,NOA,Hogar,26.75,0.0524,0,0,No,4
C04459,2024-12-02,2025-06-25,Mes a mes,Débito automático,Streaming,Patagonia,PyME,91.74,0.0531,7,1,Sí,1
C04460,2024-12-02,,Anual,Débito automático,Internet fibra,Centro,Hogar,84.52,0.114,2,0,Sí,3
C04461,2024-12-02,,Mes a mes,Tarjeta automática,Internet fibra,AMBA,Hogar,96.59,0.0729,1,1,Sí,3
C04462,2024-12-02,,Anual,Débito automático,Telefonía móvil,Centro,Hogar,60.28,0.0177,7,1,Sí,1
C04463,2024-12-02,,Mes a mes,Débito automático,Internet estándar,Litoral,Hogar,50.72,0.0716,1,0,Sí,4
C04464,2024-12-02,,Dos años,Tarjeta automática,Internet fibra,Patagonia,Hogar,89.26,0.0722,0,0,Sí,5
C04465,2024-12-03,,Dos años,Transferencia,Internet fibra,NOA,Hogar,80.87,0.0813,1,0,No,4
C04466,2024-12-03,,Mes a mes,Tarjeta automática,Telefonía móvil,NOA,Hogar,37.3,0.0468,0,0,Sí,5
C04467,2024-12-03,2025-07-01,Mes a mes,Tarjeta automática,Internet fibra,Centro,Hogar,74.94,0.0286,3,0,Sí,2
C04468,2024-12-03,2025-11-23,Mes a mes,Transferencia,Telefonía móvil,Cuyo,Profesional,67.03,0.07,1,1,No,4
C04469,2024-12-03,,Anual,Tarjeta automática,Streaming,Patagonia,Hogar,73.97,0.0433,0,1,Sí,2
C04470,2024-12-03,,Anual,Tarjeta automática,Internet fibra,Patagonia,Hogar,90.84,0.0535,0,0,Sí,4
C04471,2024-12-03,,Mes a mes,Transferencia,Internet estándar,Centro,Hogar,51.71,0.0614,0,1,No,3
C04472,2024-12-03,,Anual,Transferencia,Telefonía móvil,AMBA,Hogar,47.32,0.1114,1,0,No,3
C04473,2024-12-04,,Mes a mes,Tarjeta automática,Internet estándar,AMBA,PyME,109.22,0.0719,2,0,Sí,3
C04474,2024-12-04,,Mes a mes,Tarjeta automática,Internet fibra,Patagonia,Hogar,77.01,0.1085,1,1,Sí,3
C04475,2024-12-04,,Mes a mes,Débito automático,Internet fibra,Cuyo,Hogar,86.32,0.0536,0,1,Sí,4
C04476,2024-12-04,,Mes a mes,Transferencia,Telefonía móvil,Patagonia,Hogar,40.29,0.0691,0,1,No,4
C04477,2024-12-05,,Mes a mes,Débito automático,Streaming,Patagonia,PyME,72.87,0.0302,0,0,Sí,5
C04478,2024-12-05,,Mes a mes,Transferencia,Internet estándar,NOA,Hogar,54.3,0.0686,1,2,No,3
C04479,2024-12-05,2025-09-15,Mes a mes,Transferencia,Internet fibra,Cuyo,Profesional,102.77,0.0143,1,0,No,3
C04480,2024-12-05,,Dos años,Cheque electrónico,Internet estándar,Litoral,Profesional,65.4,0.057,4,0,No,2
C04481,2024-12-06,,Mes a mes,Débito automático,Telefonía móvil,Centro,Hogar,45.41,0.0095,1,3,Sí,3
C04482,2024-12-06,,Dos años,Tarjeta automática,Internet fibra,NOA,Profesional,106.57,0.012,0,0,Sí,4
C04483,2024-12-06,,Mes a mes,Tarjeta automática,Telefonía móvil,NOA,Hogar,41.43,0.051,2,0,Sí,5
C04484,2024-12-06,,Anual,Tarjeta automática,Telefonía móvil,Cuyo,Hogar,37.08,0.0331,2,1,Sí,4
C04485,2024-12-07,2025-02-25,Mes a mes,Débito automático,Internet estándar,Cuyo,Hogar,41.2,0.0641,5,1,Sí,2
C04486,2024-12-07,,Anual,Cheque electrónico,Telefonía móvil,Patagonia,Hogar,39.21,0.0691,2,2,No,3
C04487,2024-12-07,,Mes a mes,Débito automático,Streaming,Cuyo,Hogar,45.88,0.0255,0,0,Sí,4
C04488,2024-12-07,2024-12-11,Mes a mes,Tarjeta automática,Streaming,Patagonia,Profesional,44.82,0.0604,1,1,Sí,1
C04489,2024-12-07,,Mes a mes,Débito automático,Internet fibra,AMBA,Profesional,99.95,0.0533,0,0,Sí,4
C04490,2024-12-08,,Mes a mes,Cheque electrónico,Telefonía móvil,Centro,Profesional,56.43,0.0973,0,1,No,4
C04491,2024-12-08,,Dos años,Tarjeta automática,Internet estándar,Patagonia,Hogar,44.49,0.1123,2,0,Sí,3
C04492,2024-12-08,,Dos años,Transferencia,Telefonía móvil,NOA,Hogar,32.33,0.0422,2,0,No,4
C04493,2024-12-08,,Anual,Cheque electrónico,Internet fibra,AMBA,Hogar,79.1,0.1106,0,0,No,3
C04494,2024-12-09,,Mes a mes,Débito automático,Internet fibra,Patagonia,Profesional,90.31,0.0534,1,0,Sí,5
C04495,2024-12-09,,Dos años,Transferencia,Telefonía móvil,AMBA,Hogar,56.01,0.03,1,0,No,4
C04496,2024-12-09,2024-12-05,Anual,Débito automático,Internet estándar,NOA,Hogar,47.82,0.0224,5,1,Sí,2
C04497,2024-12-09,,Mes a mes,Tarjeta automática,Internet fibra,Centro,Profesional,95.51,0.0485,1,1,Sí,4
C04498,2024-12-09,2025-03-02,Mes a mes,Débito automático,Telefonía móvil,Cuyo,Profesional,58.02,0.0576,0,1,Sí,3
C04499,2024-12-09,,Anual,Tarjeta automática,Internet fibra,Patagonia,Hogar,82.08,0.1427,0,0,Sí,5
C04500,2024-12-10,,Mes a mes,Transferencia,Telefonía móvil,NOA,Hogar,58.4,0.1065,4,0,No,1
C04501,2024-12-10,,Mes a mes,Cheque electrónico,Telefonía móvil,Cuyo,Hogar,30.56,0.0807,1,0,No,4
C04502,2024-12-10,,Anual,Tarjeta automática,Internet fibra,Centro,Profesional,99.06,0.1483,1,0,Sí,3
C04503,2024-12-10,2025-06-05,Mes a mes,Débito automático,Streaming,NOA,Profesional,29.74,0.0299,4,1,Sí,1
C04504,2024-12-10,2025-12-15,Mes a mes,Tarjeta automática,Telefonía móvil,NOA,Profesional,73.46,0.0489,0,0,Sí,4
C04505,2024-12-10,,Mes a mes,Tarjeta automática,Telefonía móvil,Litoral,Hogar,40.81,0.0275,4,0,Sí,2
C04506,2024-12-10,,Anual,Transferencia,Internet estándar,AMBA,Hogar,32.56,0.0351,0,0,No,4
C04507,2024-12-10,,Dos años,Tarjeta automática,Streaming,NOA,Hogar,18.0,0.0439,0,1,Sí,5
C04508,2024-12-11,2025-03-11,Dos años,Cheque electrónico,Streaming,Litoral,Hogar,37.95,0.0131,3,1,No,4
C04509,2024-12-11,,Anual,Tarjeta automática,Internet fibra,Litoral,PyME,114.69,0.1287,2,0,Sí,3
C04510,2024-12-11,,Anual,Cheque electrónico,Streaming,AMBA,Hogar,32.06,0.0114,2,0,No,3
C04511,2024-12-11,,Anual,Débito automático,Internet estándar,NOA,Hogar,44.29,0.0616,0,1,Sí,4
C04512,2024-12-12,,Mes a mes,Débito automático,Internet estándar,Patagonia,Hogar,46.86,0.0816,4,1,Sí,1
C04513,2024-12-12,2025-08-16,Mes a mes,Transferencia,Internet estándar,Centro,Hogar,41.59,0.0778,7,0,No,1
C04514,2024-12-12,,Anual,Débito automático,Telefonía móvil,Cuyo,Hogar,31.52,0.0419,2,0,Sí,2
C04515,2024-12-12,,Anual,Tarjeta automática,Internet fibra,Cuyo,Hogar,72.64,0.0352,0,0,Sí,4
C04516,2024-12-12,,Mes a mes,Cheque electrónico,Internet fibra,NOA,Hogar,84.29,0.0114,2,0,No,3
C04517,2024-12-13,,Dos años,Débito automático,Internet fibra,Cuyo,PyME,129.78,0.0313,0,0,Sí,3
C04518,2024-12-13,,Anual,Tarjeta automática,Internet fibra,NOA,Profesional,100.63,0.0316,1,0,Sí,3
C04519,2024-12-13,,Mes a mes,Débito automático,Telefonía móvil,Patagonia,PyME,94.34,0.0848,1,1,Sí,3
C04520,2024-12-13,,Mes a mes,Débito automático,Internet estándar,Cuyo,Hogar,55.72,0.0307,0,0,Sí,4
C04521,2024-12-13,,Mes a mes,Transferencia,Internet fibra,Cuyo,PyME,137.56,0.0428,0,0,No,5
C04522,2024-12-13,,Mes a mes,Cheque electrónico,Telefonía móvil,Patagonia,Hogar,36.05,0.0553,0,1,No,3
C04523,2024-12-14,,Mes a mes,Débito automático,Internet fibra,Cuyo,Hogar,67.51,0.0517,0,2,Sí,4
C04524,2024-12-14,,Mes a mes,Tarjeta automática,Internet estándar,Patagonia,Hogar,59.51,0.0775,1,1,Sí,3
C04525,2024-12-14,,Mes a mes,Tarjeta automática,Telefonía móvil,AMBA,Hogar,33.05,0.0559,1,0,Sí,4
C04526,2024-12-14,,Mes a mes,Tarjeta automática,Telefonía móvil,Cuyo,Profesional,65.51,0.0419,2,0,Sí,4
C04527,2024-12-15,2025-04-09,Anual,Transferencia,Internet fibra,Litoral,Hogar,78.34,0.1262,4,0,No,2
C04528,2024-12-15,,Anual,Tarjeta automática,Streaming,Cuyo,Hogar,23.91,0.024,2,0,Sí,2
C04529,2024-12-15,2025-07-21,Mes a mes,Transferencia,Streaming,NOA,Hogar,33.72,0.0046,1,1,No,3
C04530,2024-12-15,,Mes a mes,Transferencia,Streaming,Centro,Hogar,44.05,0.1363,0,0,No,5
C04531,2024-12-16,2025-10-13,Mes a mes,Cheque electrónico,Internet fibra,NOA,PyME,139.88,0.0599,0,4,No,4
C04532,2024-12-16,,Mes a mes,Tarjeta automática,Telefonía móvil,AMBA,Hogar,43.42,0.0269,1,0,Sí,3
C04533,2024-12-17,,Mes a mes,Tarjeta automática,Internet estándar,Cuyo,Hogar,66.84,0.0087,0,0,Sí,3
C04534,2024-12-17,2025-06-22,Mes a mes,Cheque electrónico,Streaming,Litoral,Profesional,28.58,0.0795,1,2,No,4
C04535,2024-12-17,,Mes a mes,Débito automático,Telefonía móvil,Centro,Profesional,47.77,0.0419,1,1,Sí,4
C04536,2024-12-17,,Dos años,Débito automático,Telefonía móvil,Litoral,Hogar,36.89,0.0544,0,0,Sí,3
C04537,2024-12-17,,Mes a mes,Transferencia,Telefonía móvil,NOA,Hogar,57.61,0.0244,1,2,No,2
C04538,2024-12-17,,Anual,Cheque electrónico,Internet fibra,Cuyo,PyME,143.37,0.0478,3,0,No,2
C04539,2024-12-18,2025-03-16,Mes a mes,Tarjeta automática,Internet fibra,Litoral,Hogar,59.12,0.0575,3,0,Sí,2
C04540,2024-12-18,2025-01-13,Mes a mes,Cheque electrónico,Internet estándar,NOA,Hogar,44.2,0.1144,1,1,No,4
C04541,2024-12-18,,Dos años,Tarjeta automática,Internet fibra,NOA,Hogar,63.44,0.1418,0,0,Sí,5
C04542,2024-12-19,2025-12-22,Mes a mes,Cheque electrónico,Streaming,AMBA,Hogar,28.56,0.0466,2,2,No,2
C04543,2024-12-19,,Anual,Tarjeta automática,Streaming,Patagonia,PyME,93.92,0.0546,0,0,Sí,4
C04544,2024-12-19,,Dos años,Tarjeta automática,Internet estándar,NOA,PyME,114.73,0.0501,3,0,Sí,2
C04545,2024-12-19,2025-04-25,Mes a mes,Tarjeta automática,Internet fibra,NOA,Hogar,80.95,0.0464,2,0,Sí,4
C04546,2024-12-20,2025-06-10,Mes a mes,Cheque electrónico,Telefonía móvil,Patagonia,Profesional,55.32,0.0266,1,2,No,4
C04547,2024-12-20,2025-02-02,Mes a mes,Cheque electrónico,Streaming,AMBA,Profesional,45.95,0.0168,2,0,No,2
C04548,2024-12-20,,Mes a mes,Tarjeta automática,Internet estándar,Patagonia,Hogar,56.52,0.0462,2,1,Sí,4
C04549,2024-12-20,,Mes a mes,Débito automático,Internet estándar,NOA,Profesional,92.82,0.0439,1,1,Sí,4
C04550,2024-12-20,2025-07-22,Mes a mes,Tarjeta automática,Internet fibra,Litoral,PyME,119.96,0.035,1,0,Sí,4
C04551,2024-12-20,2025-06-21,Dos años,Tarjeta automática,Streaming,AMBA,Hogar,46.48,0.0636,1,0,Sí,4
C04552,2024-12-20,,Anual,Cheque electrónico,Internet fibra,Centro,Hogar,80.68,0.0581,0,1,No,3
C04553,2024-12-20,,Mes a mes,Tarjeta automática,Internet estándar,Centro,Profesional,76.02,0.0258,0,1,Sí,5
C04554,2024-12-21,2025-09-16,Mes a mes,Cheque electrónico,Internet fibra,NOA,Profesional,98.04,0.0936,2,1,No,3
C04555,2024-12-22,,Anual,Cheque electrónico,Internet fibra,AMBA,Hogar,93.45,0.0626,2,0,No,4
C04556,2024-12-22,,Dos años,Tarjeta automática,Internet fibra,Patagonia,Hogar,81.63,0.0512,1,1,Sí,3
C04557,2024-12-22,,Mes a mes,Débito automático,Internet fibra,Centro,Profesional,88.86,0.0598,0,0,Sí,3
C04558,2024-12-22,2025-10-05,Mes a mes,Cheque electrónico,Telefonía móvil,Patagonia,Hogar,46.95,0.0833,1,0,No,4
C04559,2024-12-22,,Dos años,Cheque electrónico,Telefonía móvil,AMBA,PyME,109.39,0.0825,0,1,No,3
C04560,2024-12-22,,Dos años,Transferencia,Internet fibra,Centro,Profesional,96.0,0.0624,0,0,No,4
C04561,2024-12-22,,Dos años,Tarjeta automática,Internet fibra,AMBA,Hogar,55.19,0.0449,1,1,Sí,4
C04562,2024-12-22,,Mes a mes,Tarjeta automática,Telefonía móvil,Litoral,Profesional,58.74,0.1172,0,1,Sí,5
C04563,2024-12-22,,Mes a mes,Cheque electrónico,Internet fibra,Patagonia,Hogar,79.08,0.0415,1,1,No,4
C04564,2024-12-23,,Mes a mes,Débito automático,Internet estándar,Cuyo,Hogar,48.51,0.0413,1,0,Sí,5
C04565,2024-12-23,,Mes a mes,Transferencia,Internet fibra,Litoral,Hogar,72.55,0.1044,0,1,No,4
C04566,2024-12-23,,Dos años,Transferencia,Streaming,Litoral,Hogar,43.55,0.029,1,0,No,5
C04567,2024-12-24,,Mes a mes,Débito automático,Telefonía móvil,Cuyo,PyME,70.9,0.0673,0,0,Sí,5
C04568,2024-12-24,,Anual,Tarjeta automática,Internet fibra,Patagonia,PyME,134.03,0.1959,0,0,Sí,3
C04569,2024-12-25,,Dos años,Débito automático,Telefonía móvil,Centro,Hogar,43.19,0.0208,0,0,Sí,5
C04570,2024-12-25,,Dos años,Cheque electrónico,Telefonía móvil,Centro,Profesional,83.04,0.027,3,0,No,3
C04571,2024-12-25,,Anual,Débito automático,Telefonía móvil,Centro,Hogar,41.84,0.0967,2,2,Sí,2
C04572,2024-12-26,,Dos años,Tarjeta automática,Telefonía móvil,Centro,Hogar,46.9,0.0932,3,2,Sí,3
C04573,2024-12-26,,Mes a mes,Cheque electrónico,Telefonía móvil,AMBA,Hogar,43.38,0.0842,1,1,No,4
C04574,2024-12-26,,Mes a mes,Transferencia,Streaming,AMBA,PyME,85.04,0.0338,0,0,No,5
C04575,2024-12-26,,Mes a mes,Débito automático,Telefonía móvil,AMBA,Hogar,61.39,0.0157,2,0,Sí,2
C04576,2024-12-26,,Dos años,Cheque electrónico,Internet fibra,AMBA,Profesional,83.77,0.0305,0,1,No,2
C04577,2024-12-26,,Dos años,Débito automático,Streaming,Litoral,Hogar,21.66,0.1213,1,1,Sí,3
C04578,2024-12-27,2025-05-13,Mes a mes,Cheque electrónico,Streaming,Centro,Hogar,37.3,0.0152,5,2,No,1
C04579,2024-12-27,,Mes a mes,Cheque electrónico,Internet fibra,Litoral,Hogar,80.83,0.0585,1,2,No,4
C04580,2024-12-27,2025-05-27,Mes a mes,Tarjeta automática,Internet fibra,AMBA,Hogar,74.88,0.0548,1,1,Sí,1
C04581,2024-12-27,,Mes a mes,Débito automático,Internet fibra,Patagonia,PyME,132.22,0.0394,2,1,Sí,3
C04582,2024-12-27,,Dos años,Tarjeta automática,Internet estándar,Cuyo,Hogar,59.05,0.0404,0,0,Sí,5
C04583,2024-12-27,2024-12-22,Mes a mes,Transferencia,Internet fibra,Cuyo,Hogar,83.34,0.0271,0,0,No,5
C04584,2024-12-27,,Anual,Transferencia,Internet fibra,Patagonia,Hogar,70.16,0.0963,2,0,No,4
C04585,2024-12-27,,Mes a mes,Débito automático,Internet fibra,NOA,Profesional,98.62,0.0722,2,0,Sí,2
C04586,2024-12-28,,Mes a mes,Cheque electrónico,Streaming,Patagonia,Hogar,28.45,0.026,0,0,No,3
C04587,2024-12-28,,Mes a mes,Débito automático,Internet fibra,Cuyo,Profesional,101.17,0.0953,0,1,Sí,4
C04588,2024-12-28,,Dos años,Cheque electrónico,Internet fibra,Cuyo,Hogar,74.47,0.0052,2,1,No,3
C04589,2024-12-28,,Anual,Transferencia,Internet estándar,Cuyo,Hogar,35.71,0.0444,1,0,No,3
C04590,2024-12-28,,Mes a mes,Débito automático,Internet estándar,AMBA,Profesional,74.4,0.0974,0,0,Sí,4
C04591,2024-12-28,2025-09-17,Mes a mes,Tarjeta automática,Internet fibra,Cuyo,Hogar,84.03,0.0906,2,0,Sí,4
C04592,2024-12-28,,Dos años,Transferencia,Telefonía móvil,Patagonia,Hogar,57.57,0.0219,5,0,No,2
C04593,2024-12-29,,Anual,Transferencia,Internet fibra,Centro,Profesional,81.52,0.0512,0,0,No,4
C04594,2024-12-29,,Anual,Tarjeta automática,Internet fibra,Cuyo,Profesional,95.23,0.0461,0,1,Sí,4
C04595,2024-12-29,2025-09-06,Anual,Cheque electrónico,Internet estándar,AMBA,Hogar,46.47,0.0271,2,2,No,2
C04596,2024-12-29,,Dos años,Débito automático,Telefonía móvil,Centro,Hogar,37.64,0.0679,3,0,Sí,3
C04597,2024-12-29,2025-11-26,Mes a mes,Débito automático,Internet estándar,AMBA,Hogar,32.05,0.0549,1,1,Sí,4
C04598,2024-12-29,,Anual,Cheque electrónico,Internet fibra,Cuyo,Hogar,66.27,0.0568,2,1,No,2
C04599,2024-12-29,,Mes a mes,Débito automático,Internet estándar,Centro,Hogar,51.98,0.0133,4,0,Sí,4
C04600,2024-12-29,,Anual,Transferencia,Internet estándar,NOA,Hogar,43.5,0.0798,2,0,No,4
C04601,2024-12-30,,Dos años,Transferencia,Internet estándar,Litoral,Hogar,39.91,0.0391,0,0,No,5
C04602,2024-12-30,,Dos años,Tarjeta automática,Telefonía móvil,Cuyo,Profesional,75.73,0.0629,0,0,Sí,5
C04603,2024-12-30,,Mes a mes,Débito automático,Telefonía móvil,Litoral,Hogar,68.11,0.0418,1,0,Sí,4
C04604,2024-12-31,,Anual,Tarjeta automática,Internet estándar,NOA,Hogar,48.38,0.1079,0,0,Sí,4
C04605,2024-12-31,,Dos años,Tarjeta automática,Internet fibra,Centro,Hogar,61.48,0.0305,2,0,Sí,4
C04606,2024-12-31,,Dos años,Transferencia,Internet estándar,Centro,Hogar,53.36,0.0232,1,0,No,4
C04607,2024-12-31,,Anual,Tarjeta automática,Telefonía móvil,Litoral,Hogar,19.06,0.0179,4,0,Sí,3
C04608,2025-01-01,,Mes a mes,Cheque electrónico,Telefonía móvil,AMBA,Profesional,45.15,0.0282,0,2,No,5
C04609,2025-01-01,,Mes a mes,Débito automático,Internet fibra,Litoral,Hogar,82.55,0.1472,0,0,Sí,3
C04610,2025-01-01,,Dos años,Tarjeta automática,Internet fibra,AMBA,Profesional,80.78,0.053,3,1,Sí,3
C04611,2025-01-02,,Anual,Cheque electrónico,Internet fibra,NOA,Hogar,74.74,0.0443,6,2,No,1
C04612,2025-01-02,,Anual,Débito automático,Telefonía móvil,Patagonia,Hogar,25.68,0.0318,1,0,Sí,4
C04613,2025-01-02,,Anual,Transferencia,Internet estándar,AMBA,Hogar,49.62,0.0417,0,0,No,4
C04614,2025-01-02,2025-02-22,Mes a mes,Transferencia,Internet estándar,Litoral,Hogar,61.36,0.0381,0,2,No,5
C04615,2025-01-03,,Mes a mes,Cheque electrónico,Internet estándar,Centro,PyME,97.26,0.0924,0,1,No,4
C04616,2025-01-03,,Anual,Tarjeta automática,Internet fibra,Litoral,Profesional,95.79,0.0575,1,1,Sí,4
C04617,2025-01-04,,Mes a mes,Tarjeta automática,Telefonía móvil,Litoral,Hogar,33.03,0.0222,0,1,Sí,3
C04618,2025-01-04,,Anual,Cheque electrónico,Internet estándar,NOA,Hogar,40.8,0.0539,1,3,No,3
C04619,2025-01-04,,Anual,Tarjeta automática,Internet fibra,Centro,Profesional,86.85,0.0833,0,0,Sí,4
C04620,2025-01-04,,Dos años,Transferencia,Streaming,Litoral,Hogar,37.65,0.0932,1,1,No,4
C04621,2025-01-05,,Mes a mes,Transferencia,Streaming,NOA,PyME,68.45,0.0539,0,1,No,4
C04622,2025-01-05,,Anual,Débito automático,Streaming,AMBA,Hogar,25.35,0.0066,2,0,Sí,3
C04623,2025-01-05,2025-02-14,Mes a mes,Cheque electrónico,Telefonía móvil,Centro,Hogar,46.51,0.0671,0,2,No,2
C04624,2025-01-06,2025-09-07,Mes a mes,Cheque electrónico,Internet fibra,Patagonia,Hogar,88.01,0.1026,1,0,No,5
C04625,2025-01-06,,Mes a mes,Tarjeta automática,Internet fibra,AMBA,Hogar,82.85,0.0991,2,0,Sí,2
C04626,2025-01-06,,Mes a mes,Transferencia,Internet fibra,Centro,Hogar,77.2,0.0194,1,0,No,3
C04627,2025-01-06,,Dos años,Transferencia,Streaming,NOA,Hogar,22.74,0.024,0,0,No,5
C04628,2025-01-06,,Dos años,Tarjeta automática,Telefonía móvil,Litoral,PyME,107.18,0.1603,5,0,Sí,2
C04629,2025-01-06,2025-09-12,Mes a mes,Cheque electrónico,Internet estándar,AMBA,Hogar,39.46,0.0673,0,2,No,4
C04630,2025-01-06,,Anual,Débito automático,Telefonía móvil,NOA,Hogar,32.63,0.0636,1,0,Sí,4
C04631,2025-01-06,,Mes a mes,Tarjeta automática,Streaming,Litoral,Hogar,43.88,0.0369,2,0,Sí,4
C04632,2025-01-06,,Anual,Cheque electrónico,Telefonía móvil,Cuyo,Hogar,45.96,0.0148,0,1,No,2
C04633,2025-01-07,,Dos años,Cheque electrónico,Internet estándar,NOA,Hogar,53.35,0.0326,0,2,No,5
C04634,2025-01-07,,Anual,Tarjeta automática,Internet fibra,Centro,Profesional,102.58,0.0602,1,0,Sí,2
C04635,2025-01-07,2025-06-04,Mes a mes,Transferencia,Telefonía móvil,Cuyo,Profesional,58.96,0.0643,1,1,No,3
C04636,2025-01-07,,Mes a mes,Tarjeta automática,Telefonía móvil,Litoral,PyME,81.19,0.0411,0,2,Sí,4
C04637,2025-01-08,2025-12-05,Mes a mes,Tarjeta automática,Streaming,Centro,PyME,86.76,0.0586,1,0,Sí,3
C04638,2025-01-08,,Dos años,Tarjeta automática,Telefonía móvil,AMBA,Hogar,41.8,0.0471,3,0,Sí,2
C04639,2025-01-08,2025-03-06,Anual,Cheque electrónico,Internet estándar,AMBA,Hogar,39.55,0.0304,1,2,No,1
C04640,2025-01-08,,Mes a mes,Tarjeta automática,Streaming,Centro,Hogar,18.0,0.0481,1,0,Sí,3
C04641,2025-01-08,2025-02-14,Mes a mes,Tarjeta automática,Internet fibra,AMBA,Profesional,95.49,0.005,5,3,Sí,1
C04642,2025-01-08,,Dos años,Transferencia,Internet estándar,Litoral,Hogar,34.06,0.0339,0,0,No,3
C04643,2025-01-09,,Mes a mes,Débito automático,Internet fibra,NOA,Profesional,94.42,0.0318,0,0,Sí,4
C04644,2025-01-09,,Anual,Tarjeta automática,Internet fibra,Centro,PyME,130.1,0.0446,3,0,Sí,4
C04645,2025-01-09,,Anual,Tarjeta automática,Internet fibra,AMBA,Hogar,76.69,0.1036,2,1,Sí,4
C04646,2025-01-09,2025-10-13,Mes a mes,Cheque electrónico,Streaming,AMBA,Hogar,33.43,0.0496,0,0,No,5
C04647,2025-01-09,2025-03-06,Mes a mes,Transferencia,Telefonía móvil,AMBA,Hogar,48.84,0.116,3,1,No,3
C04648,2025-01-09,,Mes a mes,Transferencia,Internet estándar,Litoral,Hogar,41.17,0.0824,3,1,No,1
C04649,2025-01-09,,Mes a mes,Tarjeta automática,Internet estándar,Cuyo,Hogar,58.57,0.0102,0,4,Sí,4
C04650,2025-01-10,,Anual,Débito automático,Internet fibra,Cuyo,Hogar,75.59,0.0437,0,1,Sí,4
C04651,2025-01-10,,Anual,Cheque electrónico,Internet estándar,Patagonia,PyME,123.29,0.0353,0,0,No,5
C04652,2025-01-10,,Mes a mes,Tarjeta automática,Internet fibra,Cuyo,Profesional,89.56,0.1184,0,0,Sí,5
C04653,2025-01-11,,Mes a mes,Tarjeta automática,Internet estándar,Litoral,Hogar,31.28,0.0307,1,0,Sí,4
C04654,2025-01-11,,Mes a mes,Débito automático,Telefonía móvil,NOA,Hogar,51.17,0.0576,1,0,Sí,4
C04655,2025-01-11,,Mes a mes,Débito automático,Internet estándar,Centro,Profesional,71.68,0.0829,0,0,Sí,4
C04656,2025-01-11,,Anual,Tarjeta automática,Streaming,AMBA,Hogar,42.22,0.0457,2,0,Sí,2
C04657,2025-01-12,,Anual,Cheque electrónico,Streaming,Centro,PyME,87.41,0.0838,0,0,No,3
C04658,2025-01-12,,Anual,Débito automático,Internet fibra,AMBA,Hogar,103.74,0.0607,3,0,Sí,1
C04659,2025-01-12,,Mes a mes,Transferencia,Internet estándar,Patagonia,PyME,101.92,0.0241,1,0,No,3
C04660,2025-01-12,,Mes a mes,Tarjeta automática,Internet fibra,NOA,Profesional,107.51,0.0379,3,0,Sí,3
C04661,2025-01-12,,Mes a mes,Transferencia,Internet estándar,Litoral,PyME,98.22,0.067,2,0,No,4
C04662,2025-01-12,2025-12-06,Dos años,Débito automático,Telefonía móvil,AMBA,Profesional,65.41,0.0372,2,1,Sí,2
C04663,2025-01-13,,Anual,Cheque electrónico,Internet estándar,NOA,Hogar,56.46,0.062,0,1,No,4
C04664,2025-01-13,,Dos años,Débito automático,Internet estándar,NOA,Hogar,58.16,0.0679,0,0,Sí,4
C04665,2025-01-14,2025-09-20,Mes a mes,Cheque electrónico,Internet fibra,Cuyo,Profesional,104.54,0.0435,2,2,No,3
C04666,2025-01-14,,Mes a mes,Tarjeta automática,Internet estándar,Patagonia,Hogar,18.0,0.0311,1,0,Sí,3
C04667,2025-01-15,,Anual,Débito automático,Telefonía móvil,Litoral,Hogar,41.24,0.1019,1,0,Sí,3
C04668,2025-01-15,,Mes a mes,Cheque electrónico,Internet fibra,Litoral,Hogar,71.67,0.0374,1,0,No,3
C04669,2025-01-15,,Anual,Transferencia,Streaming,Cuyo,Hogar,24.84,0.0548,1,0,No,4
C04670,2025-01-15,,Mes a mes,Transferencia,Internet fibra,Centro,Hogar,74.88,0.0369,1,0,No,2
C04671,2025-01-16,,Dos años,Cheque electrónico,Internet fibra,Centro,Hogar,88.75,0.0758,0,3,No,4
C04672,2025-01-16,,Mes a mes,Cheque electrónico,Internet estándar,Cuyo,Hogar,51.23,0.0356,1,0,No,5
C04673,2025-01-16,,Dos años,Tarjeta automática,Telefonía móvil,Patagonia,Hogar,36.42,0.1083,0,2,Sí,3
C04674,2025-01-16,,Mes a mes,Tarjeta automática,Internet fibra,Patagonia,Profesional,79.85,0.0417,0,1,Sí,4
C04675,2025-01-17,,Mes a mes,Débito automático,Streaming,AMBA,Hogar,45.86,0.0259,1,0,Sí,3
C04676,2025-01-17,2025-04-08,Mes a mes,Cheque electrónico,Internet fibra,AMBA,PyME,125.88,0.1042,2,1,No,4
C04677,2025-01-17,,Mes a mes,Débito automático,Streaming,Cuyo,PyME,82.56,0.0402,3,0,Sí,4
C04678,2025-01-17,,Dos años,Débito automático,Streaming,Patagonia,Hogar,52.53,0.1096,0,0,Sí,5
C04679,2025-01-17,,Dos años,Débito automático,Streaming,Litoral,Hogar,22.18,0.0806,0,0,Sí,5
C04680,2025-01-17,,Dos años,Tarjeta automática,Internet fibra,Patagonia,Hogar,74.97,0.0878,2,0,Sí,4
C04681,2025-01-18,,Dos años,Tarjeta automática,Internet fibra,Patagonia,Profesional,98.55,0.0673,0,0,Sí,5
C04682,2025-01-18,,Anual,Tarjeta automática,Telefonía móvil,Patagonia,Hogar,24.33,0.1194,0,0,Sí,5
C04683,2025-01-18,,Mes a mes,Tarjeta automática,Internet estándar,Litoral,Hogar,30.06,0.0962,0,0,Sí,4
C04684,2025-01-18,,Dos años,Transferencia,Internet fibra,AMBA,Hogar,72.7,0.1533,4,1,No,1
C04685,2025-01-19,,Mes a mes,Débito automático,Internet estándar,Centro,Profesional,62.08,0.019,0,0,Sí,4
C04686,2025-01-19,,Anual,Tarjeta automática,Internet fibra,Patagonia,Hogar,79.48,0.1263,5,0,Sí,2
C04687,2025-01-19,,Mes a mes,Débito automático,Internet estándar,Centro,Hogar,38.24,0.0507,3,0,Sí,2
C04688,2025-01-19,,Anual,Débito automático,Internet estándar,Patagonia,PyME,108.77,0.0192,5,2,Sí,2
C04689,2025-01-20,,Mes a mes,Débito automático,Internet fibra,Cuyo,Hogar,54.28,0.0521,3,0,Sí,2
C04690,2025-01-20,,Mes a mes,Débito automático,Internet estándar,AMBA,Profesional,66.23,0.0244,1,0,Sí,5
C04691,2025-01-20,,Mes a mes,Tarjeta automática,Streaming,Patagonia,Profesional,50.96,0.0725,2,0,Sí,2
C04692,2025-01-20,,Mes a mes,Transferencia,Telefonía móvil,NOA,Hogar,45.61,0.0531,1,0,No,4
C04693,2025-01-20,,Mes a mes,Tarjeta automática,Streaming,Cuyo,Hogar,27.21,0.0636,0,0,Sí,4
C04694,2025-01-21,,Mes a mes,Tarjeta automática,Internet estándar,AMBA,Hogar,41.74,0.0309,1,0,Sí,3
C04695,2025-01-21,2025-04-01,Mes a mes,Tarjeta automática,Telefonía móvil,Cuyo,PyME,94.89,0.0309,0,0,Sí,4
C04696,2025-01-21,,Anual,Débito automático,Internet fibra,NOA,Profesional,109.57,0.0275,1,0,Sí,3
C04697,2025-01-21,,Mes a mes,Tarjeta automática,Streaming,Centro,Hogar,22.41,0.017,3,1,Sí,3
C04698,2025-01-21,,Anual,Débito automático,Internet fibra,AMBA,Profesional,106.76,0.0214,1,1,Sí,3
C04699,2025-01-22,,Mes a mes,Tarjeta automática,Internet fibra,Patagonia,Hogar,90.51,0.0436,1,0,Sí,4
C04700,2025-01-22,,Anual,Tarjeta automática,Streaming,Centro,Hogar,18.0,0.0275,0,1,Sí,4
C04701,2025-01-22,,Mes a mes,Cheque electrónico,Internet fibra,AMBA,Hogar,76.59,0.0392,0,0,No,5
C04702,2025-01-22,,Mes a mes,Tarjeta automática,Streaming,Patagonia,Profesional,36.24,0.1168,4,1,Sí,1
C04703,2025-01-22,,Mes a mes,Tarjeta automática,Streaming,Cuyo,Hogar,18.0,0.1528,1,0,Sí,5
C04704,2025-01-23,,Anual,Débito automático,Internet fibra,AMBA,Hogar,86.71,0.0655,0,1,Sí,5
C04705,2025-01-23,,Mes a mes,Tarjeta automática,Internet estándar,AMBA,Hogar,54.21,0.0518,0,0,Sí,3
C04706,2025-01-23,,Mes a mes,Transferencia,Streaming,Centro,Profesional,49.9,0.0432,2,2,No,4
C04707,2025-01-24,,Mes a mes,Tarjeta automática,Streaming,AMBA,Profesional,35.06,0.0807,1,0,Sí,3
C04708,2025-01-24,,Mes a mes,Débito automático,Telefonía móvil,AMBA,Hogar,44.32,0.0106,0,1,Sí,4
C04709,2025-01-24,2025-10-19,Mes a mes,Cheque electrónico,Internet estándar,Cuyo,Hogar,34.58,0.0432,0,3,No,4
C04710,2025-01-24,,Anual,Tarjeta automática,Telefonía móvil,Patagonia,Hogar,42.85,0.1148,3,0,Sí,2
C04711,2025-01-24,2025-06-04,Mes a mes,Tarjeta automática,Internet estándar,Cuyo,Hogar,41.72,0.0475,0,1,Sí,5
C04712,2025-01-24,,Anual,Transferencia,Internet fibra,AMBA,Hogar,89.56,0.0517,0,1,No,5
C04713,2025-01-24,,Mes a mes,Cheque electrónico,Streaming,NOA,Hogar,25.01,0.0139,2,0,No,3
C04714,2025-01-25,,Mes a mes,Débito automático,Internet fibra,Litoral,Hogar,80.54,0.0298,0,0,Sí,4
C04715,2025-01-25,,Mes a mes,Transferencia,Internet fibra,NOA,Profesional,98.57,0.0592,2,1,No,3
C04716,2025-01-25,,Mes a mes,Tarjeta automática,Internet fibra,Litoral,Hogar,77.17,0.0436,1,1,Sí,4
C04717,2025-01-26,,Mes a mes,Transferencia,Telefonía móvil,Cuyo,Hogar,43.16,0.0639,0,0,No,4
C04718,2025-01-26,,Anual,Tarjeta automática,Telefonía móvil,Litoral,Hogar,45.34,0.1114,2,0,Sí,4
C04719,2025-01-26,,Anual,Transferencia,Telefonía móvil,AMBA,Profesional,50.14,0.0944,1,0,No,5
C04720,2025-01-27,2025-02-13,Mes a mes,Tarjeta automática,Internet fibra,Cuyo,Hogar,82.43,0.0908,3,0,Sí,1
C04721,2025-01-27,2025-02-24,Mes a mes,Débito automático,Internet estándar,Cuyo,Hogar,58.5,0.0313,1,1,Sí,2
C04722,2025-01-27,,Dos años,Tarjeta automática,Telefonía móvil,Centro,Hogar,46.37,0.0695,1,0,Sí,4
C04723,2025-01-27,,Mes a mes,Transferencia,Internet estándar,NOA,Hogar,45.1,0.0943,1,0,No,3
C04724,2025-01-28,,Mes a mes,Transferencia,Internet estándar,NOA,PyME,105.92,0.0464,1,1,No,3
C04725,2025-01-28,,Dos años,Cheque electrónico,Internet fibra,Cuyo,Hogar,74.0,0.0999,0,1,No,3
C04726,2025-01-29,2025-11-02,Mes a mes,Cheque electrónico,Internet estándar,Patagonia,Hogar,47.69,0.0971,0,2,No,5
C04727,2025-01-29,,Mes a mes,Débito automático,Streaming,Centro,Hogar,18.0,0.0497,3,0,Sí,4
C04728,2025-01-29,,Mes a mes,Transferencia,Internet estándar,NOA,Hogar,64.18,0.0712,1,0,No,3
C04729,2025-01-29,,Anual,Tarjeta automática,Internet fibra,Patagonia,Profesional,117.29,0.0756,0,0,Sí,3
C04730,2025-01-29,2025-04-20,Mes a mes,Cheque electrónico,Streaming,Patagonia,Hogar,21.26,0.0471,3,1,No,2
C04731,2025-01-30,,Anual,Transferencia,Streaming,Litoral,Hogar,37.65,0.036,0,0,No,3
C04732,2025-01-30,,Mes a mes,Débito automático,Internet fibra,Patagonia,Hogar,94.04,0.0185,1,0,Sí,4
C04733,2025-01-30,,Mes a mes,Débito automático,Internet estándar,Litoral,Hogar,38.47,0.062,5,0,Sí,2
C04734,2025-01-30,2025-06-18,Mes a mes,Transferencia,Telefonía móvil,NOA,Hogar,18.26,0.0173,0,1,No,4
C04735,2025-01-30,,Anual,Cheque electrónico,Streaming,Litoral,Profesional,63.68,0.1759,3,0,No,3
C04736,2025-01-30,,Mes a mes,Cheque electrónico,Streaming,Cuyo,Hogar,28.89,0.04,2,1,No,2
C04737,2025-01-31,,Anual,Débito automático,Streaming,Centro,Hogar,23.29,0.108,1,1,Sí,3
C04738,2025-01-31,2025-05-25,Mes a mes,Débito automático,Telefonía móvil,NOA,Hogar,42.52,0.0571,0,0,Sí,5
C04739,2025-01-31,,Mes a mes,Cheque electrónico,Internet estándar,AMBA,Profesional,62.94,0.0237,1,1,No,3
C04740,2025-01-31,,Mes a mes,Transferencia,Internet fibra,AMBA,Hogar,110.55,0.0793,1,0,No,4
C04741,2025-01-31,2025-07-12,Mes a mes,Débito automático,Internet estándar,AMBA,Hogar,43.16,0.0431,3,0,Sí,2
C04742,2025-01-31,,Mes a mes,Transferencia,Telefonía móvil,AMBA,Hogar,45.6,0.0185,2,0,No,3
C04743,2025-01-31,,Anual,Transferencia,Internet fibra,Centro,Hogar,92.21,0.0307,0,0,No,5
C04744,2025-02-01,,Dos años,Transferencia,Internet fibra,Cuyo,Hogar,92.16,0.0415,2,0,No,2
C04745,2025-02-02,,Anual,Débito automático,Internet fibra,Centro,Profesional,108.06,0.0284,4,1,Sí,2
C04746,2025-02-02,,Anual,Cheque electrónico,Streaming,Cuyo,Hogar,24.32,0.0507,1,1,No,3
C04747,2025-02-03,,Mes a mes,Cheque electrónico,Streaming,Cuyo,PyME,82.33,0.0422,1,1,No,5
C04748,2025-02-04,,Anual,Débito automático,Internet estándar,Cuyo,Hogar,25.08,0.0037,0,0,Sí,4
C04749,2025-02-04,,Mes a mes,Tarjeta automática,Internet fibra,AMBA,Profesional,95.18,0.0069,0,0,Sí,3
C04750,2025-02-04,,Anual,Débito automático,Streaming,Litoral,Hogar,29.36,0.05,0,0,Sí,4
C04751,2025-02-04,,Dos años,Transferencia,Internet fibra,Centro,Hogar,86.16,0.0051,0,0,No,4
C04752,2025-02-05,,Mes a mes,Débito automático,Streaming,Litoral,Profesional,66.75,0.1296,1,1,Sí,4
C04753,2025-02-05,,Dos años,Cheque electrónico,Internet fibra,AMBA,Hogar,85.82,0.0508,3,2,No,2
C04754,2025-02-06,2025-10-27,Dos años,Tarjeta automática,Telefonía móvil,NOA,Hogar,53.78,0.0264,1,0,Sí,4
C04755,2025-02-06,,Mes a mes,Tarjeta automática,Internet estándar,Patagonia,Profesional,66.81,0.0521,0,0,Sí,3
C04756,2025-02-06,,Dos años,Cheque electrónico,Streaming,Cuyo,Hogar,43.13,0.0069,1,1,No,4
C04757,2025-02-07,,Mes a mes,Cheque electrónico,Internet fibra,Cuyo,Profesional,96.12,0.0197,1,2,No,4
C04758,2025-02-07,,Mes a mes,Débito automático,Internet fibra,Centro,Hogar,90.55,0.0942,1,0,Sí,4
C04759,2025-02-07,2025-11-01,Mes a mes,Tarjeta automática,Streaming,NOA,Hogar,37.85,0.0104,0,1,Sí,5
C04760,2025-02-07,,Mes a mes,Débito automático,Internet estándar,Patagonia,Hogar,53.32,0.0254,1,0,Sí,4
C04761,2025-02-08,,Mes a mes,Débito automático,Telefonía móvil,Cuyo,Hogar,25.05,0.1101,0,0,Sí,4
C04762,2025-02-08,,Dos años,Débito automático,Internet estándar,Litoral,Hogar,61.03,0.0966,0,0,Sí,3
C04763,2025-02-08,2025-02-14,Mes a mes,Tarjeta automática,Internet estándar,AMBA,Profesional,71.16,0.038,2,0,Sí,3
C04764,2025-02-08,,Mes a mes,Débito automático,Telefonía móvil,Patagonia,Profesional,67.73,0.0476,3,0,Sí,3
C04765,2025-02-09,,Anual,Transferencia,Internet estándar,Litoral,Hogar,52.45,0.0614,2,0,No,4
C04766,2025-02-09,,Mes a mes,Transferencia,Telefonía móvil,Centro,Hogar,47.35,0.0535,0,0,No,5
C04767,2025-02-10,,Anual,Transferencia,Internet estándar,Patagonia,Hogar,63.31,0.0804,1,0,No,3
C04768,2025-02-10,,Mes a mes,Débito automático,Internet estándar,AMBA,Hogar,43.79,0.0804,3,0,Sí,4
C04769,2025-02-10,,Dos años,Débito automático,Telefonía móvil,Cuyo,Hogar,47.14,0.1151,0,1,Sí,4
C04770,2025-02-10,,Anual,Débito automático,Internet fibra,NOA,Hogar,69.45,0.0794,0,0,Sí,5
C04771,2025-02-10,,Mes a mes,Cheque electrónico,Internet fibra,Patagonia,Hogar,84.34,0.0403,0,3,No,5
C04772,2025-02-11,,Mes a mes,Débito automático,Internet fibra,AMBA,PyME,135.76,0.0284,1,0,Sí,3
C04773,2025-02-11,,Mes a mes,Transferencia,Internet estándar,Litoral,PyME,97.06,0.0454,0,1,No,5
C04774,2025-02-11,,Dos años,Débito automático,Streaming,Patagonia,Hogar,30.03,0.0996,1,0,Sí,3
C04775,2025-02-11,,Anual,Cheque electrónico,Internet fibra,Litoral,Hogar,71.74,0.0336,1,2,No,3
C04776,2025-02-11,,Mes a mes,Débito automático,Internet fibra,Centro,Hogar,73.84,0.0422,0,0,Sí,5
C04777,2025-02-11,,Mes a mes,Débito automático,Internet fibra,Patagonia,Hogar,81.9,0.0243,0,0,Sí,4
C04778,2025-02-11,2025-06-04,Dos años,Cheque electrónico,Internet fibra,Cuyo,Hogar,80.95,0.0476,3,3,No,2
C04779,2025-02-11,2025-09-13,Mes a mes,Tarjeta automática,Internet fibra,NOA,Hogar,56.87,0.0181,2,1,Sí,3
C04780,2025-02-12,,Anual,Transferencia,Internet fibra,NOA,Profesional,100.08,0.0255,7,2,No,1
C04781,2025-02-12,,Anual,Débito automático,Telefonía móvil,NOA,Hogar,38.66,0.054,0,0,Sí,2
C04782,2025-02-12,,Mes a mes,Cheque electrónico,Streaming,Cuyo,Hogar,24.44,0.0195,0,1,No,5
C04783,2025-02-12,,Mes a mes,Transferencia,Internet fibra,Patagonia,Profesional,83.6,0.1155,1,0,No,3
C04784,2025-02-13,,Mes a mes,Tarjeta automática,Internet fibra,AMBA,Hogar,77.5,0.0188,1,0,Sí,3
C04785,2025-02-13,2025-06-06,Mes a mes,Cheque electrónico,Internet fibra,Patagonia,Hogar,72.25,0.1197,1,3,No,2
C04786,2025-02-13,2025-11-11,Dos años,Transferencia,Internet estándar,Patagonia,Hogar,63.01,0.0608,1,0,No,3
C04787,2025-02-13,,Anual,Débito automático,Internet estándar,Patagonia,Hogar,29.76,0.0656,1,0,Sí,4
C04788,2025-02-14,,Dos años,Tarjeta automática,Telefonía móvil,AMBA,Hogar,31.4,0.0659,0,1,Sí,5
C04789,2025-02-14,,Mes a mes,Tarjeta automática,Streaming,Cuyo,Hogar,18.0,0.0272,1,0,Sí,3
C04790,2025-02-14,,Mes a mes,Transferencia,Internet estándar,Centro,Hogar,51.85,0.0116,1,0,No,4
C04791,2025-02-14,,Anual,Débito automático,Internet fibra,NOA,Profesional,108.9,0.0791,1,0,Sí,4
C04792,2025-02-14,2025-02-09,Mes a mes,Cheque electrónico,Streaming,Litoral,Profesional,52.53,0.0392,3,1,No,1
C04793,2025-02-15,2025-09-01,Mes a mes,Tarjeta automática,Telefonía móvil,Litoral,Hogar,29.96,0.0572,4,0,Sí,1
C04794,2025-02-15,2025-11-05,Mes a mes,Transferencia,Internet fibra,Cuyo,Profesional,91.28,0.0915,1,0,No,3
C04795,2025-02-15,,Anual,Tarjeta automática,Telefonía móvil,AMBA,Hogar,33.1,0.0707,0,0,Sí,5
C04796,2025-02-15,,Anual,Transferencia,Internet fibra,Litoral,Hogar,83.59,0.0903,2,1,No,2
C04797,2025-02-15,,Mes a mes,Tarjeta automática,Streaming,Litoral,Hogar,24.05,0.1283,0,0,Sí,4
C04798,2025-02-15,,Dos años,Débito automático,Internet fibra,Cuyo,Hogar,62.46,0.0462,2,0,Sí,3
C04799,2025-02-16,,Mes a mes,Tarjeta automática,Streaming,Litoral,Hogar,35.43,0.0341,0,0,Sí,5
C04800,2025-02-16,,Mes a mes,Transferencia,Internet fibra,Cuyo,PyME,146.9,0.019,1,0,No,3
C04801,2025-02-16,,Mes a mes,Débito automático,Internet estándar,Litoral,Hogar,47.03,0.0394,0,0,Sí,5
C04802,2025-02-16,,Anual,Transferencia,Streaming,Cuyo,Hogar,30.32,0.0729,1,0,No,4
C04803,2025-02-16,,Mes a mes,Tarjeta automática,Streaming,Patagonia,Hogar,18.0,0.0458,0,1,Sí,4
C04804,2025-02-16,,Mes a mes,Débito automático,Streaming,NOA,PyME,61.35,0.1024,0,0,Sí,3
C04805,2025-02-16,,Mes a mes,Transferencia,Internet fibra,Cuyo,Hogar,57.66,0.0327,1,0,No,4
C04806,2025-02-17,,Anual,Tarjeta automática,Streaming,AMBA,PyME,83.51,0.0185,2,0,Sí,3
C04807,2025-02-17,,Anual,Tarjeta automática,Internet fibra,Patagonia,Hogar,74.61,0.02,1,0,Sí,4
C04808,2025-02-17,,Mes a mes,Tarjeta automática,Streaming,NOA,Profesional,53.01,0.0228,0,1,Sí,3
C04809,2025-02-17,,Dos años,Transferencia,Internet fibra,Patagonia,Hogar,75.83,0.0445,0,0,No,5
C04810,2025-02-18,2025-02-21,Mes a mes,Cheque electrónico,Internet estándar,Cuyo,Hogar,59.87,0.0289,1,3,No,2
C04811,2025-02-18,,Mes a mes,Tarjeta automática,Internet estándar,Litoral,Hogar,58.59,0.0538,4,0,Sí,2
C04812,2025-02-18,,Anual,Transferencia,Telefonía móvil,Cuyo,Hogar,38.45,0.0927,0,0,No,5
C04813,2025-02-18,,Anual,Transferencia,Streaming,Patagonia,Hogar,18.0,0.0836,0,0,No,4
C04814,2025-02-18,,Mes a mes,Transferencia,Internet fibra,Patagonia,Hogar,56.92,0.0218,1,0,No,4
C04815,2025-02-19,,Mes a mes,Débito automático,Streaming,Litoral,Hogar,44.77,0.029,1,0,Sí,3
C04816,2025-02-19,2025-02-09,Mes a mes,Cheque electrónico,Internet fibra,Cuyo,Hogar,67.63,0.0727,1,0,No,3
C04817,2025-02-19,,Mes a mes,Débito automático,Internet fibra,Centro,Hogar,61.54,0.057,0,0,Sí,5
C04818,2025-02-19,,Anual,Cheque electrónico,Internet estándar,Litoral,Profesional,68.43,0.0473,0,3,No,3
C04819,2025-02-19,,Dos años,Tarjeta automática,Telefonía móvil,Cuyo,Profesional,43.64,0.096,1,0,Sí,5
C04820,2025-02-19,,Mes a mes,Cheque electrónico,Telefonía móvil,NOA,PyME,98.42,0.0613,3,0,No,2
C04821,2025-02-19,,Anual,Cheque electrónico,Telefonía móvil,AMBA,Hogar,38.3,0.095,4,0,No,2
C04822,2025-02-19,,Anual,Cheque electrónico,Internet fibra,NOA,Hogar,88.16,0.0942,1,1,No,4
C04823,2025-02-19,,Mes a mes,Tarjeta automática,Internet fibra,Patagonia,PyME,142.2,0.0564,2,1,Sí,3
C04824,2025-02-19,2025-07-09,Mes a mes,Cheque electrónico,Telefonía móvil,Litoral,PyME,109.14,0.0795,0,0,No,4
C04825,2025-02-19,,Dos años,Tarjeta automática,Internet fibra,NOA,PyME,135.27,0.0392,0,0,Sí,4
C04826,2025-02-20,,Mes a mes,Transferencia,Streaming,Patagonia,Hogar,19.56,0.0602,1,0,No,5
C04827,2025-02-20,,Anual,Débito automático,Telefonía móvil,AMBA,Hogar,30.59,0.0997,1,0,Sí,3
C04828,2025-02-20,,Mes a mes,Transferencia,Internet fibra,Cuyo,PyME,127.16,0.072,0,1,No,3
C04829,2025-02-20,,Anual,Débito automático,Internet estándar,NOA,Hogar,70.94,0.0502,6,2,Sí,1
C04830,2025-02-20,,Mes a mes,Tarjeta automática,Telefonía móvil,Patagonia,Hogar,39.26,0.0187,3,1,Sí,2
C04831,2025-02-20,,Dos años,Tarjeta automática,Streaming,AMBA,PyME,85.77,0.026,0,0,Sí,3
C04832,2025-02-21,,Anual,Tarjeta automática,Telefonía móvil,Centro,Profesional,76.7,0.0877,3,0,Sí,3
C04833,2025-02-21,,Mes a mes,Débito automático,Streaming,NOA,Hogar,31.8,0.033,0,1,Sí,4
C04834,2025-02-21,,Anual,Cheque electrónico,Internet fibra,AMBA,Hogar,69.76,0.0269,4,1,No,1
C04835,2025-02-21,,Anual,Transferencia,Telefonía móvil,NOA,PyME,105.03,0.0599,1,0,No,2
C04836,2025-02-21,,Mes a mes,Cheque electrónico,Streaming,Litoral,Hogar,24.29,0.0806,3,1,No,3
C04837,2025-02-21,2025-11-22,Mes a mes,Cheque electrónico,Telefonía móvil,Patagonia,Profesional,63.18,0.068,2,1,No,2
C04838,2025-02-22,,Anual,Débito automático,Internet estándar,Centro,Hogar,54.63,0.0721,0,0,Sí,5
C04839,2025-02-22,,Anual,Débito automático,Internet estándar,Cuyo,Hogar,43.56,0.0817,2,1,Sí,3
C04840,2025-02-23,,Mes a mes,Débito automático,Internet estándar,Patagonia,Profesional,69.05,0.1101,0,0,Sí,5
C04841,2025-02-23,,Dos años,Tarjeta automática,Internet fibra,AMBA,PyME,150.6,0.0515,0,1,Sí,4
C04842,2025-02-24,,Mes a mes,Transferencia,Telefonía móvil,AMBA,Hogar,35.11,0.0401,0,0,No,5
C04843,2025-02-24,2025-04-20,Mes a mes,Transferencia,Telefonía móvil,Litoral,Hogar,56.49,0.0181,4,1,No,2
C04844,2025-02-24,,Anual,Transferencia,Internet estándar,AMBA,Hogar,42.5,0.0447,1,0,No,2
C04845,2025-02-25,,Mes a mes,Transferencia,Telefonía móvil,NOA,Hogar,61.82,0.0433,0,0,No,4
C04846,2025-02-25,,Mes a mes,Tarjeta automática,Internet estándar,Patagonia,PyME,94.59,0.0631,1,0,Sí,4
C04847,2025-02-25,,Mes a mes,Transferencia,Telefonía móvil,Patagonia,Hogar,37.67,0.0502,0,0,No,4
C04848,2025-02-25,2025-03-07,Mes a mes,Tarjeta automática,Streaming,Litoral,PyME,100.59,0.0667,0,1,Sí,5
C04849,2025-02-25,,Mes a mes,Cheque electrónico,Streaming,Litoral,Profesional,64.07,0.0227,0,0,No,5
C04850,2025-02-26,,Anual,Tarjeta automática,Streaming,NOA,Hogar,38.0,0.075,0,0,Sí,3
C04851,2025-02-26,,Mes a mes,Débito automático,Streaming,AMBA,Hogar,18.0,0.0775,0,0,Sí,4
C04852,2025-02-26,,Anual,Débito automático,Telefonía móvil,Centro,PyME,97.91,0.0447,0,0,Sí,4
C04853,2025-02-26,,Anual,Tarjeta automática,Internet estándar,Patagonia,Hogar,49.01,0.0109,0,0,Sí,4
C04854,2025-02-27,,Mes a mes,Débito automático,Telefonía móvil,AMBA,Profesional,50.59,0.0131,0,1,Sí,5
C04855,2025-02-27,,Mes a mes,Tarjeta automática,Internet fibra,Centro,Hogar,85.67,0.0179,2,0,Sí,4
C04856,2025-02-28,,Anual,Débito automático,Internet fibra,AMBA,Hogar,69.46,0.0339,1,0,Sí,4
C04857,2025-02-28,,Mes a mes,Cheque electrónico,Streaming,AMBA,Hogar,18.0,0.0869,0,1,No,5
C04858,2025-02-28,,Mes a mes,Débito automático,Streaming,Cuyo,Hogar,18.0,0.0191,0,1,Sí,5
C04859,2025-02-28,,Dos años,Débito automático,Telefonía móvil,Litoral,Profesional,78.84,0.0686,1,0,Sí,5
C04860,2025-02-28,,Anual,Cheque electrónico,Internet fibra,AMBA,Hogar,72.38,0.0538,1,2,No,4
C04861,2025-03-01,,Anual,Débito automático,Internet fibra,NOA,Hogar,72.62,0.0211,1,0,Sí,4
C04862,2025-03-01,,Mes a mes,Cheque electrónico,Internet estándar,Patagonia,Hogar,37.66,0.0605,0,2,No,3
C04863,2025-03-01,,Mes a mes,Débito automático,Telefonía móvil,Litoral,Hogar,57.05,0.0555,3,0,Sí,4
C04864,2025-03-01,,Mes a mes,Débito automático,Telefonía móvil,AMBA,PyME,81.82,0.0183,0,0,Sí,5
C04865,2025-03-01,,Anual,Tarjeta automática,Telefonía móvil,Litoral,PyME,83.75,0.0263,0,0,Sí,4
C04866,2025-03-01,,Mes a mes,Tarjeta automática,Internet estándar,NOA,Hogar,45.46,0.0337,3,0,Sí,3
C04867,2025-03-01,2025-04-12,Mes a mes,Transferencia,Telefonía móvil,Centro,PyME,96.76,0.0365,3,1,No,2
C04868,2025-03-01,,Mes a mes,Cheque electrónico,Internet fibra,Litoral,Hogar,85.24,0.0453,0,2,No,5
C04869,2025-03-02,,Anual,Tarjeta automática,Telefonía móvil,Litoral,Hogar,34.57,0.0317,1,0,Sí,4
C04870,2025-03-02,2025-03-12,Anual,Cheque electrónico,Internet estándar,Patagonia,Hogar,65.99,0.0726,2,3,No,1
C04871,2025-03-03,,Mes a mes,Débito automático,Internet estándar,NOA,Profesional,59.64,0.0224,1,0,Sí,4
C04872,2025-03-03,2025-09-14,Mes a mes,Débito automático,Streaming,AMBA,Hogar,18.0,0.0644,3,0,Sí,2
C04873,2025-03-04,2025-10-04,Mes a mes,Cheque electrónico,Telefonía móvil,AMBA,Profesional,47.86,0.0531,1,0,No,2
C04874,2025-03-04,2025-06-22,Mes a mes,Cheque electrónico,Internet fibra,AMBA,Hogar,69.49,0.0776,0,1,No,5
C04875,2025-03-05,2025-08-17,Mes a mes,Débito automático,Internet fibra,Centro,Hogar,65.15,0.0238,0,0,Sí,3
C04876,2025-03-05,2025-10-04,Mes a mes,Tarjeta automática,Streaming,Cuyo,Hogar,37.26,0.0659,1,0,Sí,3
C04877,2025-03-06,,Anual,Tarjeta automática,Telefonía móvil,NOA,Hogar,30.99,0.0102,0,1,Sí,4
C04878,2025-03-07,,Anual,Tarjeta automática,Streaming,Litoral,Hogar,27.54,0.1208,0,0,Sí,4
C04879,2025-03-07,,Dos años,Cheque electrónico,Internet fibra,Patagonia,Profesional,84.67,0.0653,0,1,No,4
C04880,2025-03-07,,Dos años,Débito automático,Streaming,Litoral,Hogar,18.0,0.0526,0,1,Sí,4
C04881,2025-03-07,,Mes a mes,Transferencia,Internet fibra,NOA,Hogar,90.17,0.0728,1,0,No,5
C04882,2025-03-08,,Mes a mes,Tarjeta automática,Internet fibra,Centro,Profesional,113.63,0.0566,0,1,Sí,3
C04883,2025-03-08,2025-03-26,Mes a mes,Débito automático,Internet fibra,Patagonia,Hogar,91.96,0.0402,0,0,Sí,4
C04884,2025-03-09,,Anual,Débito automático,Internet estándar,Centro,Profesional,50.82,0.0919,1,1,Sí,4
C04885,2025-03-09,,Mes a mes,Débito automático,Internet estándar,Centro,Hogar,34.34,0.0743,2,0,Sí,4
C04886,2025-03-10,,Mes a mes,Débito automático,Internet fibra,NOA,Profesional,117.76,0.0457,0,0,Sí,5
C04887,2025-03-10,2025-12-14,Mes a mes,Cheque electrónico,Internet fibra,AMBA,Hogar,75.2,0.1169,2,0,No,2
C04888,2025-03-10,,Mes a mes,Cheque electrónico,Streaming,Centro,Hogar,18.0,0.0268,2,1,No,5
C04889,2025-03-10,,Anual,Transferencia,Internet fibra,Cuyo,Hogar,89.9,0.049,2,0,No,3
C04890,2025-03-11,,Anual,Tarjeta automática,Internet fibra,AMBA,Hogar,78.74,0.0858,5,1,Sí,2
C04891,2025-03-11,,Mes a mes,Cheque electrónico,Internet estándar,Patagonia,Hogar,55.26,0.0118,2,0,No,3
C04892,2025-03-11,,Dos años,Cheque electrónico,Streaming,Cuyo,Hogar,18.0,0.1437,0,1,No,4
C04893,2025-03-12,,Mes a mes,Cheque electrónico,Telefonía móvil,Cuyo,Hogar,38.41,0.0697,2,0,No,4
C04894,2025-03-12,,Mes a mes,Débito automático,Internet estándar,Centro,Hogar,59.44,0.0103,2,0,Sí,4
C04895,2025-03-12,,Mes a mes,Tarjeta automática,Streaming,NOA,Profesional,39.96,0.076,1,1,Sí,3
C04896,2025-03-12,,Anual,Transferencia,Telefonía móvil,Cuyo,Hogar,55.59,0.0999,2,0,No,1
C04897,2025-03-13,,Anual,Débito automático,Streaming,Patagonia,Hogar,18.0,0.014,0,1,Sí,4
C04898,2025-03-13,,Mes a mes,Débito automático,Internet estándar,Litoral,Hogar,47.76,0.1633,0,0,Sí,4
C04899,2025-03-13,,Dos años,Débito automático,Internet fibra,NOA,Hogar,96.09,0.0305,2,0,Sí,3
C04900,2025-03-13,,Mes a mes,Débito automático,Internet fibra,Litoral,Profesional,83.34,0.0642,0,0,Sí,3
C04901,2025-03-14,,Mes a mes,Débito automático,Internet estándar,NOA,PyME,106.99,0.043,3,0,Sí,2
C04902,2025-03-14,,Anual,Transferencia,Internet estándar,Patagonia,Hogar,55.44,0.0334,0,0,No,5
C04903,2025-03-15,,Dos años,Transferencia,Telefonía móvil,AMBA,Hogar,43.01,0.0165,2,1,No,3
C04904,2025-03-16,,Anual,Débito automático,Internet fibra,AMBA,Hogar,75.25,0.0033,0,0,Sí,3
C04905,2025-03-16,,Dos años,Tarjeta automática,Internet estándar,Patagonia,Profesional,57.36,0.0329,2,1,Sí,1
C04906,2025-03-16,,Mes a mes,Cheque electrónico,Telefonía móvil,AMBA,Profesional,62.16,0.0876,1,0,No,2
C04907,2025-03-16,,Anual,Débito automático,Streaming,Centro,Hogar,27.87,0.1017,2,0,Sí,3
C04908,2025-03-16,,Anual,Débito automático,Internet fibra,Patagonia,Profesional,80.2,0.0116,0,0,Sí,3
C04909,2025-03-17,,Mes a mes,Débito automático,Telefonía móvil,Cuyo,Hogar,54.1,0.0075,0,0,Sí,4
C04910,2025-03-17,,Mes a mes,Débito automático,Internet estándar,Centro,Hogar,38.99,0.0064,1,0,Sí,4
C04911,2025-03-17,,Dos años,Transferencia,Internet fibra,Centro,Hogar,62.49,0.0382,1,1,No,4
C04912,2025-03-17,,Mes a mes,Tarjeta automática,Internet estándar,Centro,Hogar,42.45,0.064,2,0,Sí,3
C04913,2025-03-18,,Mes a mes,Cheque electrónico,Internet fibra,NOA,Hogar,68.18,0.024,0,1,No,5
C04914,2025-03-18,,Dos años,Tarjeta automática,Telefonía móvil,Cuyo,Hogar,39.16,0.088,1,0,Sí,3
C04915,2025-03-18,2025-03-17,Dos años,Cheque electrónico,Internet fibra,NOA,Hogar,64.33,0.0654,1,2,No,3
C04916,2025-03-18,,Dos años,Transferencia,Telefonía móvil,Patagonia,Hogar,46.93,0.0247,1,0,No,3
C04917,2025-03-19,,Dos años,Tarjeta automática,Internet fibra,Centro,Hogar,93.19,0.1142,2,0,Sí,3
C04918,2025-03-19,,Mes a mes,Débito automático,Telefonía móvil,AMBA,Hogar,43.16,0.0963,4,0,Sí,3
C04919,2025-03-20,,Dos años,Débito automático,Internet fibra,NOA,Profesional,80.11,0.0295,1,0,Sí,4
C04920,2025-03-20,,Mes a mes,Cheque electrónico,Telefonía móvil,NOA,Hogar,31.95,0.0918,1,4,No,1
C04921,2025-03-20,,Anual,Transferencia,Internet fibra,AMBA,Hogar,80.43,0.0498,0,0,No,3
C04922,2025-03-21,,Mes a mes,Débito automático,Telefonía móvil,Centro,Hogar,20.36,0.0486,0,1,Sí,5
C04923,2025-03-21,,Anual,Débito automático,Telefonía móvil,Patagonia,Hogar,28.44,0.0707,6,0,Sí,1
C04924,2025-03-21,,Anual,Cheque electrónico,Streaming,NOA,Hogar,18.0,0.0529,2,2,No,2
C04925,2025-03-21,,Dos años,Transferencia,Internet fibra,NOA,Hogar,79.27,0.0323,0,0,No,5
C04926,2025-03-21,,Mes a mes,Débito automático,Streaming,Centro,Hogar,52.78,0.075,1,0,Sí,5
C04927,2025-03-21,,Mes a mes,Débito automático,Streaming,NOA,Hogar,18.0,0.0439,0,0,Sí,5
C04928,2025-03-22,,Mes a mes,Débito automático,Internet estándar,Patagonia,Profesional,75.98,0.0615,0,0,Sí,3
C04929,2025-03-22,2025-06-21,Mes a mes,Transferencia,Streaming,Cuyo,Hogar,22.8,0.0649,6,0,No,1
C04930,2025-03-22,,Anual,Débito automático,Telefonía móvil,Cuyo,Hogar,27.48,0.0129,1,0,Sí,3
C04931,2025-03-22,,Mes a mes,Cheque electrónico,Telefonía móvil,Patagonia,Hogar,59.21,0.0866,1,4,No,2
C04932,2025-03-23,,Mes a mes,Débito automático,Internet estándar,NOA,PyME,127.76,0.0536,0,0,Sí,3
C04933,2025-03-23,,Mes a mes,Débito automático,Internet fibra,NOA,Profesional,100.53,0.0391,0,0,Sí,5
C04934,2025-03-23,,Mes a mes,Débito automático,Internet fibra,Cuyo,Hogar,81.99,0.0034,2,0,Sí,3
C04935,2025-03-23,,Anual,Transferencia,Streaming,Centro,PyME,84.68,0.0075,0,0,No,3
C04936,2025-03-24,,Mes a mes,Débito automático,Telefonía móvil,NOA,Hogar,40.37,0.1214,1,0,Sí,4
C04937,2025-03-24,2025-12-02,Mes a mes,Cheque electrónico,Internet estándar,Centro,Hogar,52.74,0.0185,0,1,No,4
C04938,2025-03-25,,Mes a mes,Débito automático,Internet fibra,Patagonia,Profesional,103.44,0.0584,0,0,Sí,5
C04939,2025-03-25,,Mes a mes,Transferencia,Internet estándar,Litoral,Hogar,67.3,0.0624,0,2,No,3
C04940,2025-03-25,,Anual,Cheque electrónico,Internet estándar,Litoral,Profesional,61.25,0.1467,0,1,No,4
C04941,2025-03-25,,Mes a mes,Transferencia,Telefonía móvil,Centro,Hogar,43.4,0.1339,0,1,No,4
C04942,2025-03-26,,Mes a mes,Débito automático,Streaming,Centro,Hogar,28.03,0.123,1,0,Sí,4
C04943,2025-03-26,,Anual,Transferencia,Internet fibra,Litoral,Hogar,89.26,0.0338,2,0,No,2
C04944,2025-03-26,,Mes a mes,Tarjeta automática,Internet estándar,Centro,Hogar,75.4,0.0154,1,0,Sí,3
C04945,2025-03-27,,Anual,Tarjeta automática,Internet fibra,Patagonia,Hogar,89.64,0.0319,1,0,Sí,4
C04946,2025-03-27,,Mes a mes,Cheque electrónico,Streaming,NOA,Hogar,37.78,0.0099,0,3,No,4
C04947,2025-03-27,,Dos años,Cheque electrónico,Streaming,AMBA,Hogar,38.99,0.0061,1,0,No,4
C04948,2025-03-27,,Mes a mes,Tarjeta automática,Internet fibra,NOA,Hogar,91.94,0.1095,0,0,Sí,4
C04949,2025-03-27,,Mes a mes,Cheque electrónico,Internet estándar,Centro,Profesional,93.56,0.021,0,1,No,4
C04950,2025-03-27,,Dos años,Débito automático,Telefonía móvil,AMBA,Profesional,41.46,0.0199,1,0,Sí,5
C04951,2025-03-27,,Anual,Cheque electrónico,Telefonía móvil,NOA,Profesional,66.6,0.1138,1,0,No,4
C04952,2025-03-28,,Anual,Cheque electrónico,Internet estándar,Centro,Hogar,20.61,0.0497,0,1,No,4
C04953,2025-03-28,,Dos años,Cheque electrónico,Internet estándar,Litoral,Hogar,59.46,0.0801,5,1,No,1
C04954,2025-03-28,2025-10-19,Mes a mes,Cheque electrónico,Telefonía móvil,AMBA,Hogar,48.06,0.0909,0,1,No,4
C04955,2025-03-28,,Anual,Cheque electrónico,Streaming,AMBA,Hogar,22.98,0.0578,1,2,No,4
C04956,2025-03-28,,Anual,Transferencia,Telefonía móvil,Centro,Hogar,18.0,0.034,0,0,No,5
C04957,2025-03-28,,Mes a mes,Tarjeta automática,Internet fibra,Litoral,Profesional,95.84,0.0532,0,1,Sí,3
C04958,2025-03-28,,Mes a mes,Débito automático,Internet fibra,Centro,Hogar,80.45,0.089,0,0,Sí,5
C04959,2025-03-28,,Mes a mes,Transferencia,Internet fibra,Centro,Hogar,77.31,0.0598,0,0,No,4
C04960,2025-03-29,,Dos años,Tarjeta automática,Telefonía móvil,NOA,Hogar,35.16,0.0189,1,0,Sí,5
C04961,2025-03-29,,Mes a mes,Cheque electrónico,Streaming,Centro,Hogar,19.14,0.0661,1,1,No,5
C04962,2025-03-29,,Mes a mes,Tarjeta automática,Internet fibra,AMBA,Hogar,77.43,0.0596,1,0,Sí,4
C04963,2025-03-29,,Anual,Cheque electrónico,Telefonía móvil,AMBA,Profesional,51.18,0.2056,1,1,No,3
C04964,2025-03-29,,Anual,Débito automático,Telefonía móvil,NOA,Profesional,68.9,0.0251,3,0,Sí,2
C04965,2025-03-29,2025-07-24,Mes a mes,Cheque electrónico,Internet fibra,Cuyo,Profesional,95.13,0.0262,1,1,No,3
C04966,2025-03-30,,Anual,Cheque electrónico,Streaming,NOA,PyME,65.03,0.026,1,1,No,5
C04967,2025-03-30,,Mes a mes,Débito automático,Streaming,Patagonia,Hogar,30.94,0.0712,3,0,Sí,2
C04968,2025-03-30,,Dos años,Transferencia,Internet fibra,Centro,Profesional,100.56,0.11,1,0,No,4
C04969,2025-03-30,,Mes a mes,Tarjeta automática,Streaming,Patagonia,PyME,101.8,0.1118,0,4,Sí,3
C04970,2025-03-31,,Mes a mes,Cheque electrónico,Internet fibra,Cuyo,Hogar,88.21,0.0384,2,1,No,3
C04971,2025-03-31,,Anual,Cheque electrónico,Telefonía móvil,Litoral,Profesional,50.11,0.1091,0,1,No,4
C04972,2025-03-31,,Mes a mes,Tarjeta automática,Telefonía móvil,Litoral,PyME,112.68,0.0358,0,0,Sí,5
C04973,2025-03-31,2025-11-18,Mes a mes,Tarjeta automática,Telefonía móvil,Patagonia,Hogar,26.75,0.0599,1,0,Sí,5
C04974,2025-04-01,,Mes a mes,Débito automático,Streaming,Centro,Hogar,29.31,0.02,3,1,Sí,1
C04975,2025-04-01,,Anual,Tarjeta automática,Internet fibra,AMBA,Hogar,86.29,0.0801,1,1,Sí,2
C04976,2025-04-01,,Dos años,Cheque electrónico,Internet estándar,Patagonia,Profesional,83.05,0.059,0,1,No,5
C04977,2025-04-01,,Anual,Tarjeta automática,Streaming,NOA,Profesional,67.78,0.1788,1,1,Sí,4
C04978,2025-04-01,,Dos años,Cheque electrónico,Internet estándar,Litoral,Hogar,63.02,0.0554,1,3,No,2
C04979,2025-04-01,,Dos años,Cheque electrónico,Streaming,AMBA,Hogar,27.5,0.0176,1,1,No,3
C04980,2025-04-01,2025-05-17,Mes a mes,Cheque electrónico,Internet estándar,AMBA,Hogar,55.38,0.0706,0,5,No,4
C04981,2025-04-02,,Mes a mes,Transferencia,Internet fibra,Litoral,Hogar,80.47,0.0566,2,0,No,4
C04982,2025-04-02,,Dos años,Tarjeta automática,Internet estándar,NOA,Profesional,59.2,0.0911,2,0,Sí,3
C04983,2025-04-02,,Dos años,Cheque electrónico,Streaming,Litoral,Hogar,27.73,0.0899,1,2,No,4
C04984,2025-04-03,,Dos años,Transferencia,Internet estándar,Centro,Hogar,68.78,0.0355,0,0,No,4
C04985,2025-04-03,,Anual,Cheque electrónico,Streaming,Litoral,Hogar,36.11,0.0072,4,2,No,1
C04986,2025-04-04,2025-07-04,Mes a mes,Débito automático,Internet estándar,AMBA,Hogar,71.65,0.0511,1,0,Sí,5
C04987,2025-04-04,,Dos años,Tarjeta automática,Telefonía móvil,Cuyo,Profesional,48.09,0.1141,1,1,Sí,3
C04988,2025-04-04,,Dos años,Cheque electrónico,Streaming,NOA,Hogar,24.8,0.0405,0,1,No,4
C04989,2025-04-05,2025-12-27,Anual,Cheque electrónico,Internet estándar,Litoral,Hogar,53.57,0.0274,2,2,No,4
C04990,2025-04-05,,Dos años,Tarjeta automática,Internet estándar,AMBA,Profesional,75.17,0.0279,1,0,Sí,3
C04991,2025-04-05,,Mes a mes,Transferencia,Internet estándar,Centro,Hogar,47.72,0.1061,0,1,No,5
C04992,2025-04-05,,Dos años,Tarjeta automática,Internet fibra,AMBA,Hogar,86.81,0.0571,2,0,Sí,3
C04993,2025-04-05,,Mes a mes,Débito automático,Streaming,Cuyo,Hogar,37.72,0.0628,1,1,Sí,4
C04994,2025-04-05,,Dos años,Débito automático,Internet fibra,Centro,Hogar,62.73,0.0727,0,0,Sí,5
C04995,2025-04-05,,Mes a mes,Débito automático,Telefonía móvil,NOA,Hogar,50.29,0.0376,1,1,Sí,4
C04996,2025-04-05,,Mes a mes,Tarjeta automática,Telefonía móvil,Centro,Hogar,53.81,0.0243,1,0,Sí,5
C04997,2025-04-06,,Mes a mes,Tarjeta automática,Internet estándar,AMBA,Hogar,52.26,0.0336,1,0,Sí,4
C04998,2025-04-06,,Mes a mes,Débito automático,Telefonía móvil,Cuyo,Profesional,39.76,0.0334,1,0,Sí,4
C04999,2025-04-06,,Mes a mes,Tarjeta automática,Streaming,Patagonia,Hogar,25.95,0.0337,0,1,Sí,4
C05000,2025-04-07,,Dos años,Débito automático,Internet fibra,Patagonia,Profesional,100.82,0.0818,0,0,Sí,4
C05001,2025-04-07,,Mes a mes,Débito automático,Streaming,NOA,Profesional,37.48,0.0655,3,1,Sí,3
C05002,2025-04-07,,Dos años,Transferencia,Telefonía móvil,Cuyo,Profesional,70.1,0.0574,1,3,No,4
C05003,2025-04-07,,Mes a mes,Transferencia,Internet fibra,Litoral,Hogar,86.03,0.0254,3,0,No,2
C05004,2025-04-08,,Mes a mes,Tarjeta automática,Internet fibra,Litoral,Hogar,79.48,0.0264,0,0,Sí,3
C05005,2025-04-08,,Anual,Tarjeta automática,Streaming,AMBA,PyME,84.19,0.0426,1,0,Sí,3
C05006,2025-04-08,,Anual,Cheque electrónico,Internet estándar,AMBA,PyME,106.12,0.0882,0,2,No,3
C05007,2025-04-09,,Mes a mes,Cheque electrónico,Streaming,Patagonia,PyME,83.96,0.0799,0,0,No,5
C05008,2025-04-09,,Anual,Cheque electrónico,Streaming,Cuyo,PyME,69.86,0.089,0,0,No,4
C05009,2025-04-09,,Dos años,Cheque electrónico,Telefonía móvil,Patagonia,Hogar,37.27,0.0288,0,0,No,5
C05010,2025-04-09,,Anual,Transferencia,Internet fibra,NOA,Hogar,78.8,0.1492,0,0,No,5
C05011,2025-04-09,,Dos años,Cheque electrónico,Internet estándar,Centro,Profesional,82.6,0.0544,0,1,No,3
C05012,2025-04-10,,Anual,Débito automático,Telefonía móvil,Patagonia,Hogar,49.61,0.1209,1,0,Sí,5
C05013,2025-04-10,,Anual,Cheque electrónico,Internet estándar,Centro,Profesional,83.2,0.0363,1,0,No,4
C05014,2025-04-10,,Mes a mes,Cheque electrónico,Internet estándar,Patagonia,Profesional,51.55,0.0704,0,0,No,4
C05015,2025-04-10,2025-12-12,Mes a mes,Cheque electrónico,Internet fibra,AMBA,Hogar,74.08,0.1211,3,3,No,2
C05016,2025-04-10,,Mes a mes,Débito automático,Internet fibra,Centro,Hogar,100.81,0.0659,2,0,Sí,3
C05017,2025-04-10,,Anual,Débito automático,Internet estándar,Cuyo,Hogar,40.83,0.1203,0,0,Sí,4
C05018,2025-04-11,,Anual,Tarjeta automática,Internet estándar,Cuyo,PyME,95.61,0.0917,0,1,Sí,4
C05019,2025-04-11,,Mes a mes,Débito automático,Streaming,AMBA,Hogar,26.01,0.0242,0,0,Sí,4
C05020,2025-04-11,2025-04-01,Anual,Cheque electrónico,Streaming,NOA,Hogar,51.2,0.006,2,3,No,3
C05021,2025-04-11,,Mes a mes,Transferencia,Telefonía móvil,AMBA,Profesional,52.61,0.0725,1,0,No,4
C05022,2025-04-11,,Mes a mes,Tarjeta automática,Telefonía móvil,NOA,Profesional,66.13,0.0503,2,1,Sí,2
C05023,2025-04-12,,Dos años,Transferencia,Internet fibra,Centro,Hogar,82.31,0.0506,0,0,No,5
C05024,2025-04-12,2025-10-14,Mes a mes,Débito automático,Internet fibra,Patagonia,Hogar,56.79,0.0479,4,0,Sí,3
C05025,2025-04-12,,Mes a mes,Débito automático,Telefonía móvil,Patagonia,Hogar,41.83,0.0248,1,1,Sí,3
C05026,2025-04-12,2025-12-19,Mes a mes,Débito automático,Internet estándar,Cuyo,Hogar,42.92,0.1053,1,0,Sí,4
C05027,2025-04-12,,Mes a mes,Débito automático,Internet estándar,Litoral,PyME,111.46,0.0227,0,0,Sí,3
C05028,2025-04-12,2025-10-24,Anual,Transferencia,Internet fibra,AMBA,Hogar,97.13,0.0279,0,1,No,5
C05029,2025-04-12,,Dos años,Transferencia,Streaming,NOA,Hogar,25.21,0.0435,3,0,No,3
C05030,2025-04-13,,Anual,Transferencia,Internet fibra,AMBA,Hogar,74.21,0.0988,1,1,No,4
C05031,2025-04-13,,Anual,Débito automático,Internet fibra,Litoral,Hogar,105.7,0.0779,0,0,Sí,4
C05032,2025-04-13,,Mes a mes,Transferencia,Internet estándar,AMBA,Hogar,41.17,0.0405,0,0,No,5
C05033,2025-04-13,,Mes a mes,Tarjeta automática,Streaming,Patagonia,Profesional,32.23,0.0849,1,0,Sí,4
C05034,2025-04-13,2025-08-21,Mes a mes,Débito automático,Internet fibra,Cuyo,Hogar,93.15,0.018,1,2,Sí,4
C05035,2025-04-14,,Mes a mes,Débito automático,Streaming,Cuyo,Hogar,28.44,0.0963,1,0,Sí,5
C05036,2025-04-14,,Dos años,Transferencia,Internet estándar,AMBA,Hogar,52.12,0.0288,1,1,No,3
C05037,2025-04-15,,Mes a mes,Cheque electrónico,Internet estándar,Centro,PyME,128.55,0.0615,2,3,No,4
C05038,2025-04-15,,Mes a mes,Tarjeta automática,Internet estándar,Cuyo,Hogar,33.57,0.0224,0,0,Sí,5
C05039,2025-04-15,2025-05-21,Mes a mes,Cheque electrónico,Internet fibra,Patagonia,Hogar,75.85,0.0154,0,1,No,3
C05040,2025-04-15,,Anual,Débito automático,Internet estándar,Litoral,Hogar,35.4,0.0101,5,0,Sí,3
C05041,2025-04-15,,Mes a mes,Débito automático,Telefonía móvil,Centro,PyME,100.69,0.0501,1,0,Sí,3
C05042,2025-04-16,,Mes a mes,Cheque electrónico,Internet fibra,Litoral,Profesional,89.92,0.0215,0,1,No,4
C05043,2025-04-16,,Dos años,Transferencia,Telefonía móvil,Centro,Hogar,29.1,0.0522,0,1,No,4
C05044,2025-04-17,,Mes a mes,Cheque electrónico,Internet fibra,Litoral,Hogar,86.06,0.0344,1,1,No,3
C05045,2025-04-17,,Dos años,Cheque electrónico,Internet estándar,Litoral,Hogar,49.11,0.0694,1,1,No,4
C05046,2025-04-17,,Mes a mes,Tarjeta automática,Streaming,Centro,PyME,70.23,0.0709,0,1,Sí,4
C05047,2025-04-17,,Anual,Cheque electrónico,Telefonía móvil,Centro,Hogar,28.91,0.1047,2,5,No,1
C05048,2025-04-17,,Dos años,Cheque electrónico,Internet fibra,Litoral,Profesional,98.29,0.1061,1,1,No,3
C05049,2025-04-17,,Mes a mes,Débito automático,Internet fibra,Litoral,Profesional,77.62,0.0783,0,0,Sí,3
C05050,2025-04-17,2025-10-08,Anual,Tarjeta automática,Streaming,NOA,Hogar,31.5,0.0653,2,0,Sí,2
C05051,2025-04-17,2025-04-22,Mes a mes,Tarjeta automática,Internet fibra,Cuyo,Hogar,92.74,0.0189,1,1,Sí,4
C05052,2025-04-18,2025-06-04,Anual,Cheque electrónico,Streaming,Cuyo,Hogar,36.34,0.0422,1,0,No,2
C05053,2025-04-19,,Dos años,Cheque electrónico,Telefonía móvil,Cuyo,Hogar,35.14,0.0654,0,3,No,4
C05054,2025-04-19,,Anual,Cheque electrónico,Internet fibra,NOA,PyME,136.02,0.0762,1,2,No,3
C05055,2025-04-19,,Dos años,Débito automático,Telefonía móvil,Centro,Profesional,46.23,0.016,1,1,Sí,4
C05056,2025-04-19,,Anual,Tarjeta automática,Internet fibra,Cuyo,Hogar,79.5,0.0728,2,1,Sí,3
C05057,2025-04-19,,Anual,Débito automático,Telefonía móvil,Cuyo,PyME,93.4,0.0174,1,0,Sí,3
C05058,2025-04-20,,Mes a mes,Débito automático,Telefonía móvil,Litoral,Hogar,30.57,0.0875,6,0,Sí,2
C05059,2025-04-20,,Anual,Tarjeta automática,Streaming,Patagonia,Hogar,35.86,0.0475,1,0,Sí,3
C05060,2025-04-20,,Dos años,Tarjeta automática,Telefonía móvil,Cuyo,Hogar,20.25,0.0509,1,0,Sí,4
C05061,2025-04-20,,Anual,Tarjeta automática,Telefonía móvil,Centro,PyME,83.96,0.1007,1,0,Sí,4
C05062,2025-04-20,,Mes a mes,Tarjeta automática,Internet fibra,Patagonia,Hogar,66.28,0.076,1,0,Sí,3
C05063,2025-04-20,,Mes a mes,Transferencia,Internet fibra,Centro,Hogar,72.45,0.0298,0,0,No,4
C05064,2025-04-21,,Anual,Débito automático,Internet fibra,NOA,Hogar,92.29,0.0363,0,0,Sí,4
C05065,2025-04-21,,Dos años,Débito automático,Internet estándar,Litoral,Hogar,57.3,0.0905,2,0,Sí,3
C05066,2025-04-22,,Mes a mes,Transferencia,Streaming,Cuyo,Hogar,30.16,0.0268,0,0,No,4
C05067,2025-04-22,,Mes a mes,Cheque electrónico,Internet estándar,Centro,Hogar,49.64,0.0689,1,1,No,2
C05068,2025-04-22,,Mes a mes,Transferencia,Streaming,Patagonia,Profesional,46.87,0.0399,1,1,No,4
C05069,2025-04-22,2025-11-22,Mes a mes,Transferencia,Internet estándar,Litoral,PyME,119.09,0.0681,2,0,No,3
C05070,2025-04-22,,Dos años,Transferencia,Internet fibra,NOA,Hogar,58.03,0.1178,1,3,No,2
C05071,2025-04-22,,Mes a mes,Transferencia,Internet fibra,Patagonia,PyME,141.49,0.1279,0,1,No,3
C05072,2025-04-23,,Mes a mes,Transferencia,Telefonía móvil,Patagonia,Profesional,54.41,0.0444,1,0,No,2
C05073,2025-04-23,,Mes a mes,Débito automático,Internet estándar,AMBA,PyME,109.53,0.0869,0,0,Sí,5
C05074,2025-04-23,,Mes a mes,Débito automático,Internet estándar,AMBA,Hogar,54.59,0.0534,0,1,Sí,4
C05075,2025-04-23,,Dos años,Débito automático,Internet fibra,Litoral,Profesional,104.07,0.059,0,0,Sí,5
C05076,2025-04-24,,Mes a mes,Débito automático,Telefonía móvil,AMBA,Hogar,59.42,0.0533,2,0,Sí,4
C05077,2025-04-24,,Mes a mes,Tarjeta automática,Internet fibra,NOA,Hogar,62.92,0.1111,1,1,Sí,5
C05078,2025-04-24,,Mes a mes,Débito automático,Streaming,NOA,Profesional,58.06,0.0365,0,0,Sí,4
C05079,2025-04-24,,Dos años,Débito automático,Internet fibra,Litoral,Hogar,77.3,0.0434,0,0,Sí,4
C05080,2025-04-24,,Dos años,Débito automático,Internet fibra,Patagonia,Profesional,90.93,0.0516,1,0,Sí,3
C05081,2025-04-24,,Mes a mes,Débito automático,Streaming,Cuyo,Hogar,51.37,0.0171,0,0,Sí,4
C05082,2025-04-25,,Anual,Tarjeta automática,Streaming,NOA,Hogar,36.72,0.029,1,0,Sí,2
C05083,2025-04-25,,Mes a mes,Débito automático,Streaming,AMBA,Hogar,24.41,0.0893,1,0,Sí,5
C05084,2025-04-25,2025-12-11,Anual,Débito automático,Internet fibra,Centro,PyME,143.53,0.0484,0,0,Sí,5
C05085,2025-04-25,,Mes a mes,Transferencia,Telefonía móvil,Patagonia,Hogar,41.49,0.0505,1,0,No,4
C05086,2025-04-25,,Anual,Débito automático,Internet estándar,Patagonia,Profesional,62.24,0.0363,0,0,Sí,3
C05087,2025-04-26,,Dos años,Tarjeta automática,Telefonía móvil,Centro,Profesional,53.33,0.106,1,1,Sí,5
C05088,2025-04-26,,Mes a mes,Tarjeta automática,Internet fibra,Patagonia,Hogar,81.35,0.0403,2,1,Sí,3
C05089,2025-04-26,,Mes a mes,Débito automático,Internet estándar,Cuyo,Hogar,42.25,0.0058,0,0,Sí,5
C05090,2025-04-26,2025-04-10,Mes a mes,Tarjeta automática,Internet estándar,NOA,PyME,105.71,0.0449,1,0,Sí,4
C05091,2025-04-26,2025-10-07,Mes a mes,Débito automático,Streaming,Centro,PyME,93.76,0.0606,0,0,Sí,4
C05092,2025-04-27,,Mes a mes,Débito automático,Streaming,Patagonia,Hogar,30.22,0.055,1,0,Sí,3
C05093,2025-04-27,,Mes a mes,Cheque electrónico,Internet estándar,Centro,Hogar,70.74,0.0969,1,0,No,5
C05094,2025-04-27,,Dos años,Transferencia,Internet fibra,AMBA,Hogar,78.15,0.0042,4,0,No,1
C05095,2025-04-27,2025-05-10,Mes a mes,Tarjeta automática,Internet fibra,Patagonia,Profesional,110.84,0.0553,5,1,Sí,2
C05096,2025-04-28,,Dos años,Débito automático,Internet fibra,Patagonia,Hogar,88.74,0.1067,0,0,Sí,5
C05097,2025-04-28,,Mes a mes,Cheque electrónico,Telefonía móvil,Centro,Hogar,58.78,0.0303,0,0,No,3
C05098,2025-04-28,,Mes a mes,Tarjeta automática,Internet fibra,Litoral,Hogar,99.69,0.0366,1,0,Sí,5
C05099,2025-04-29,,Mes a mes,Cheque electrónico,Internet fibra,NOA,PyME,113.63,0.0553,0,0,No,5
C05100,2025-04-29,,Dos años,Débito automático,Internet estándar,Cuyo,Hogar,51.92,0.0222,0,0,Sí,5
C05101,2025-04-29,2025-12-21,Mes a mes,Tarjeta automática,Internet fibra,Litoral,Profesional,94.77,0.0226,4,1,Sí,2
C05102,2025-04-29,,Mes a mes,Tarjeta automática,Telefonía móvil,Centro,Hogar,43.23,0.0625,1,0,Sí,4
C05103,2025-04-29,2025-04-06,Anual,Cheque electrónico,Internet estándar,Litoral,Hogar,44.63,0.06,1,0,No,4
C05104,2025-04-30,2025-05-06,Anual,Cheque electrónico,Telefonía móvil,NOA,Hogar,36.02,0.0644,2,2,No,2
C05105,2025-04-30,2025-06-13,Anual,Cheque electrónico,Streaming,Litoral,PyME,71.9,0.1033,0,3,No,4
C05106,2025-04-30,,Mes a mes,Débito automático,Internet estándar,AMBA,Profesional,68.07,0.0252,1,0,Sí,4
C05107,2025-04-30,2025-05-22,Mes a mes,Transferencia,Internet estándar,Patagonia,Hogar,59.27,0.0249,1,0,No,5
C05108,2025-04-30,,Anual,Tarjeta automática,Streaming,Cuyo,Hogar,23.57,0.0437,1,0,Sí,4
C05109,2025-04-30,2025-09-01,Anual,Débito automático,Streaming,AMBA,Hogar,25.39,0.0427,3,0,Sí,3
C05110,2025-05-01,,Anual,Transferencia,Internet fibra,Litoral,Hogar,70.32,0.0386,2,1,No,3
C05111,2025-05-01,,Mes a mes,Cheque electrónico,Telefonía móvil,Centro,PyME,86.06,0.0177,1,0,No,4
C05112,2025-05-01,2025-08-11,Mes a mes,Débito automático,Internet estándar,NOA,Hogar,46.4,0.0757,3,2,Sí,2
C05113,2025-05-01,,Dos años,Débito automático,Internet estándar,NOA,Profesional,70.78,0.0465,0,0,Sí,5
C05114,2025-05-01,,Anual,Tarjeta automática,Internet estándar,Patagonia,Hogar,62.83,0.0419,1,0,Sí,4
C05115,2025-05-01,,Mes a mes,Débito automático,Streaming,Litoral,PyME,70.89,0.1175,0,0,Sí,5
C05116,2025-05-01,,Dos años,Tarjeta automática,Internet estándar,Centro,PyME,103.67,0.0512,2,1,Sí,2
C05117,2025-05-01,,Anual,Cheque electrónico,Internet estándar,AMBA,Hogar,61.96,0.0486,0,3,No,3
C05118,2025-05-01,,Mes a mes,Tarjeta automática,Internet fibra,AMBA,Hogar,65.03,0.0738,4,1,Sí,3
C05119,2025-05-02,,Mes a mes,Transferencia,Internet estándar,Cuyo,PyME,117.94,0.0593,0,0,No,5
C05120,2025-05-02,,Anual,Tarjeta automática,Internet fibra,Centro,PyME,128.17,0.0664,0,1,Sí,5
C05121,2025-05-02,,Mes a mes,Débito automático,Telefonía móvil,NOA,Hogar,49.82,0.0118,1,0,Sí,3
C05122,2025-05-02,,Anual,Tarjeta automática,Internet estándar,Centro,PyME,101.6,0.0577,0,1,Sí,3
C05123,2025-05-02,,Anual,Débito automático,Telefonía móvil,Centro,PyME,102.05,0.1089,1,2,Sí,4
C05124,2025-05-02,,Mes a mes,Débito automático,Streaming,Patagonia,Hogar,46.7,0.0774,0,2,Sí,5
C05125,2025-05-03,,Dos años,Transferencia,Streaming,NOA,Hogar,27.66,0.014,3,0,No,2
C05126,2025-05-03,2025-07-03,Mes a mes,Cheque electrónico,Telefonía móvil,Cuyo,Hogar,52.96,0.0786,3,1,No,2
C05127,2025-05-03,2025-12-12,Mes a mes,Débito automático,Internet fibra,AMBA,Hogar,81.02,0.0537,2,0,Sí,3
C05128,2025-05-03,,Anual,Débito automático,Internet estándar,AMBA,PyME,95.35,0.0678,0,0,Sí,5
C05129,2025-05-03,,Anual,Cheque electrónico,Internet fibra,Litoral,PyME,131.4,0.0321,2,2,No,3
C05130,2025-05-03,,Mes a mes,Tarjeta automática,Internet fibra,NOA,Hogar,75.71,0.1428,0,2,Sí,4
C05131,2025-05-04,,Anual,Cheque electrónico,Internet estándar,Cuyo,Hogar,33.47,0.0229,0,0,No,4
C05132,2025-05-04,,Dos años,Cheque electrónico,Streaming,AMBA,Hogar,34.05,0.0644,1,2,No,3
C05133,2025-05-05,2025-12-17,Anual,Cheque electrónico,Telefonía móvil,Cuyo,Hogar,49.24,0.0759,1,4,No,4
C05134,2025-05-05,,Anual,Débito automático,Internet fibra,AMBA,Profesional,104.94,0.0394,0,0,Sí,4
C05135,2025-05-05,,Mes a mes,Transferencia,Streaming,Cuyo,Hogar,44.73,0.0132,0,1,No,5
C05136,2025-05-05,,Mes a mes,Débito automático,Internet fibra,Cuyo,Hogar,88.49,0.0451,0,1,Sí,5
C05137,2025-05-05,,Mes a mes,Transferencia,Internet fibra,Patagonia,Hogar,71.37,0.1715,0,1,No,3
C05138,2025-05-05,,Mes a mes,Cheque electrónico,Internet fibra,AMBA,PyME,128.71,0.0622,2,1,No,4
C05139,2025-05-06,,Anual,Tarjeta automática,Streaming,Cuyo,Hogar,38.23,0.0153,3,1,Sí,4
C05140,2025-05-06,2025-10-04,Mes a mes,Cheque electrónico,Internet estándar,Centro,Hogar,53.29,0.0839,1,2,No,2
C05141,2025-05-06,2025-11-16,Mes a mes,Débito automático,Internet fibra,Cuyo,PyME,132.8,0.0685,0,0,Sí,4
C05142,2025-05-06,,Mes a mes,Tarjeta automática,Internet fibra,NOA,Profesional,86.38,0.0207,0,1,Sí,4
C05143,2025-05-06,,Mes a mes,Transferencia,Internet estándar,Patagonia,Profesional,61.16,0.0271,3,0,No,3
C05144,2025-05-06,2025-08-20,Mes a mes,Cheque electrónico,Telefonía móvil,NOA,Hogar,48.41,0.0963,5,2,No,1
C05145,2025-05-06,,Anual,Débito automático,Internet fibra,AMBA,Hogar,56.54,0.0646,0,1,Sí,3
C05146,2025-05-07,,Anual,Cheque electrónico,Streaming,Patagonia,Hogar,18.0,0.0329,0,1,No,3
C05147,2025-05-07,,Mes a mes,Débito automático,Streaming,NOA,Hogar,36.63,0.0106,0,1,Sí,4
C05148,2025-05-07,,Mes a mes,Cheque electrónico,Internet estándar,Patagonia,Hogar,43.13,0.0751,0,1,No,4
C05149,2025-05-08,,Anual,Transferencia,Internet fibra,Patagonia,Hogar,83.15,0.0787,3,0,No,3
C05150,2025-05-08,2025-05-25,Mes a mes,Cheque electrónico,Telefonía móvil,AMBA,Hogar,59.34,0.0445,2,2,No,4
C05151,2025-05-08,,Mes a mes,Tarjeta automática,Internet estándar,Patagonia,PyME,92.86,0.0782,0,1,Sí,3
C05152,2025-05-08,,Mes a mes,Débito automático,Internet estándar,NOA,Profesional,48.63,0.1016,0,0,Sí,5
C05153,2025-05-08,,Anual,Cheque electrónico,Telefonía móvil,Centro,Hogar,38.96,0.0717,0,3,No,4
C05154,2025-05-08,,Dos años,Tarjeta automática,Telefonía móvil,Cuyo,Hogar,34.47,0.0454,1,0,Sí,5
C05155,2025-05-09,,Anual,Débito automático,Streaming,Cuyo,Hogar,28.72,0.0698,0,0,Sí,4
C05156,2025-05-09,,Dos años,Cheque electrónico,Telefonía móvil,AMBA,Hogar,47.92,0.0208,0,0,No,5
C05157,2025-05-09,,Dos años,Transferencia,Internet fibra,AMBA,Hogar,81.59,0.0928,0,2,No,5
C05158,2025-05-09,,Mes a mes,Cheque electrónico,Telefonía móvil,Centro,PyME,97.51,0.0439,3,1,No,1
C05159,2025-05-09,,Mes a mes,Transferencia,Internet estándar,AMBA,PyME,115.64,0.0652,0,0,No,5
C05160,2025-05-10,2025-05-12,Mes a mes,Cheque electrónico,Telefonía móvil,Litoral,PyME,104.38,0.0308,3,1,No,2
C05161,2025-05-11,,Mes a mes,Débito automático,Internet estándar,AMBA,Hogar,47.0,0.0841,0,0,Sí,3
C05162,2025-05-11,2025-10-06,Mes a mes,Transferencia,Internet fibra,AMBA,Profesional,102.99,0.1162,3,0,No,3
C05163,2025-05-11,2025-06-08,Mes a mes,Cheque electrónico,Internet estándar,Litoral,Profesional,50.0,0.0182,0,3,No,4
C05164,2025-05-12,2025-11-05,Mes a mes,Transferencia,Streaming,Centro,Hogar,40.7,0.0319,2,0,No,4
C05165,2025-05-12,,Mes a mes,Tarjeta automática,Internet estándar,Cuyo,Hogar,49.24,0.1189,1,0,Sí,4
C05166,2025-05-12,,Anual,Débito automático,Telefonía móvil,Cuyo,Hogar,28.79,0.0463,1,0,Sí,4
C05167,2025-05-12,,Anual,Débito automático,Internet fibra,Cuyo,Hogar,73.42,0.0431,1,0,Sí,5
C05168,2025-05-13,,Dos años,Transferencia,Internet fibra,Cuyo,PyME,144.41,0.0164,1,0,No,5
C05169,2025-05-13,,Mes a mes,Débito automático,Internet estándar,AMBA,Profesional,58.56,0.0262,0,0,Sí,5
C05170,2025-05-13,,Mes a mes,Transferencia,Internet estándar,AMBA,PyME,108.52,0.022,1,0,No,4
C05171,2025-05-14,,Dos años,Cheque electrónico,Streaming,Cuyo,Hogar,38.67,0.0487,0,1,No,5
C05172,2025-05-14,,Anual,Tarjeta automática,Telefonía móvil,Litoral,Hogar,42.27,0.0956,1,0,Sí,4
C05173,2025-05-14,,Anual,Transferencia,Streaming,Patagonia,Hogar,19.49,0.0766,0,2,No,3
C05174,2025-05-14,,Mes a mes,Débito automático,Internet estándar,Centro,Hogar,48.3,0.0448,2,0,Sí,3
C05175,2025-05-15,,Mes a mes,Tarjeta automática,Internet estándar,AMBA,PyME,88.5,0.0304,0,0,Sí,4
C05176,2025-05-15,,Dos años,Débito automático,Telefonía móvil,Litoral,Hogar,36.62,0.1149,3,0,Sí,3
C05177,2025-05-15,,Anual,Débito automático,Streaming,NOA,Hogar,18.0,0.0751,1,0,Sí,3
C05178,2025-05-15,2025-08-02,Anual,Cheque electrónico,Telefonía móvil,Centro,Hogar,41.48,0.0874,0,1,No,3
C05179,2025-05-15,,Mes a mes,Débito automático,Internet fibra,AMBA,Profesional,82.04,0.0447,0,0,Sí,5
C05180,2025-05-15,,Mes a mes,Tarjeta automática,Streaming,Cuyo,Hogar,29.92,0.101,0,0,Sí,4
C05181,2025-05-15,,Mes a mes,Débito automático,Internet fibra,Litoral,Hogar,90.46,0.0667,0,0,Sí,4
C05182,2025-05-15,,Anual,Cheque electrónico,Streaming,Litoral,Profesional,60.15,0.0132,0,1,No,4
C05183,2025-05-15,,Mes a mes,Débito automático,Telefonía móvil,AMBA,Hogar,28.3,0.0527,0,0,Sí,4
C05184,2025-05-15,,Mes a mes,Débito automático,Telefonía móvil,Litoral,Hogar,34.67,0.0934,1,0,Sí,4
C05185,2025-05-16,2025-05-07,Mes a mes,Cheque electrónico,Internet fibra,Cuyo,Hogar,87.38,0.0107,1,1,No,2
C05186,2025-05-16,,Dos años,Tarjeta automática,Telefonía móvil,AMBA,Hogar,49.74,0.1155,0,0,Sí,4
C05187,2025-05-16,,Mes a mes,Débito automático,Internet fibra,NOA,Hogar,71.23,0.0493,0,0,Sí,5
C05188,2025-05-16,,Mes a mes,Débito automático,Internet estándar,Litoral,Hogar,43.65,0.0482,0,0,Sí,4
C05189,2025-05-16,,Anual,Transferencia,Streaming,Centro,Hogar,29.9,0.0811,0,1,No,3
C05190,2025-05-17,,Anual,Cheque electrónico,Internet estándar,Patagonia,Hogar,28.83,0.0756,0,1,No,4
C05191,2025-05-17,,Anual,Tarjeta automática,Internet estándar,Patagonia,Hogar,54.78,0.0143,0,0,Sí,4
C05192,2025-05-18,,Dos años,Cheque electrónico,Streaming,Centro,Hogar,40.91,0.0698,0,0,No,4
C05193,2025-05-18,,Mes a mes,Transferencia,Streaming,NOA,Profesional,42.72,0.0903,1,0,No,3
C05194,2025-05-18,,Dos años,Cheque electrónico,Streaming,Litoral,Profesional,31.39,0.025,1,0,No,4
C05195,2025-05-18,2025-07-13,Dos años,Cheque electrónico,Internet estándar,Centro,Profesional,82.54,0.0494,0,2,No,4
C05196,2025-05-18,,Mes a mes,Transferencia,Streaming,Cuyo,PyME,86.41,0.0618,0,0,No,5
C05197,2025-05-19,,Anual,Tarjeta automática,Internet estándar,Centro,Hogar,56.8,0.0834,2,0,Sí,5
C05198,2025-05-19,,Mes a mes,Débito automático,Internet fibra,NOA,Hogar,63.47,0.0113,0,0,Sí,5
C05199,2025-05-19,,Mes a mes,Cheque electrónico,Internet estándar,Centro,Hogar,34.51,0.0115,0,1,No,4
C05200,2025-05-19,,Mes a mes,Transferencia,Streaming,Cuyo,Profesional,51.56,0.1176,1,0,No,5
C05201,2025-05-19,,Mes a mes,Débito automático,Internet fibra,AMBA,Hogar,89.3,0.0408,0,0,Sí,4
C05202,2025-05-20,,Dos años,Cheque electrónico,Internet fibra,NOA,PyME,120.58,0.0733,1,1,No,3
C05203,2025-05-20,2025-06-24,Mes a mes,Cheque electrónico,Telefonía móvil,Centro,Hogar,40.88,0.047,0,1,No,3
C05204,2025-05-20,,Anual,Transferencia,Telefonía móvil,Litoral,Hogar,24.54,0.0579,1,0,No,4
C05205,2025-05-20,,Mes a mes,Cheque electrónico,Streaming,Cuyo,Profesional,39.28,0.0283,0,1,No,4
C05206,2025-05-21,2025-05-18,Mes a mes,Tarjeta automática,Telefonía móvil,Litoral,Hogar,39.17,0.0463,0,0,Sí,5
C05207,2025-05-21,,Mes a mes,Transferencia,Telefonía móvil,Litoral,PyME,102.38,0.0123,3,0,No,3
C05208,2025-05-21,2025-06-21,Mes a mes,Cheque electrónico,Internet estándar,Centro,Hogar,25.84,0.0416,2,3,No,2
C05209,2025-05-22,,Anual,Tarjeta automática,Internet fibra,Cuyo,Profesional,110.52,0.0245,1,0,Sí,3
C05210,2025-05-22,,Dos años,Tarjeta automática,Streaming,Litoral,Hogar,27.12,0.0851,0,1,Sí,4
C05211,2025-05-22,2025-05-15,Mes a mes,Cheque electrónico,Telefonía móvil,Centro,Hogar,56.24,0.0543,2,1,No,4
C05212,2025-05-23,,Dos años,Débito automático,Streaming,AMBA,Profesional,54.69,0.0521,2,0,Sí,4
C05213,2025-05-23,,Anual,Tarjeta automática,Internet fibra,Centro,Hogar,87.38,0.0551,1,0,Sí,5
C05214,2025-05-24,,Anual,Tarjeta automática,Telefonía móvil,Cuyo,Hogar,64.22,0.0421,0,0,Sí,5
C05215,2025-05-24,,Mes a mes,Débito automático,Streaming,Centro,Hogar,20.4,0.0721,0,0,Sí,5
C05216,2025-05-24,,Mes a mes,Débito automático,Internet estándar,Centro,Profesional,68.49,0.0955,1,0,Sí,5
C05217,2025-05-24,,Dos años,Cheque electrónico,Telefonía móvil,Patagonia,Profesional,49.1,0.047,0,2,No,5
C05218,2025-05-25,,Anual,Transferencia,Streaming,Patagonia,Hogar,27.88,0.05,4,1,No,2
C05219,2025-05-25,,Mes a mes,Transferencia,Telefonía móvil,NOA,Profesional,67.92,0.0309,1,0,No,4
C05220,2025-05-25,,Anual,Tarjeta automática,Telefonía móvil,Patagonia,PyME,109.4,0.0507,0,0,Sí,5
C05221,2025-05-25,,Mes a mes,Débito automático,Internet fibra,Cuyo,Hogar,73.8,0.0395,1,1,Sí,2
C05222,2025-05-25,,Anual,Débito automático,Telefonía móvil,NOA,PyME,83.75,0.0687,0,0,Sí,5
C05223,2025-05-25,,Mes a mes,Cheque electrónico,Internet estándar,NOA,Hogar,49.81,0.0927,1,0,No,5
C05224,2025-05-26,,Dos años,Cheque electrónico,Telefonía móvil,Centro,Profesional,50.63,0.0517,2,0,No,4
C05225,2025-05-26,2025-12-10,Mes a mes,Débito automático,Telefonía móvil,Centro,Hogar,35.64,0.0308,3,1,Sí,2
C05226,2025-05-26,,Mes a mes,Cheque electrónico,Telefonía móvil,NOA,PyME,104.39,0.0833,1,1,No,4
C05227,2025-05-27,,Anual,Tarjeta automática,Telefonía móvil,NOA,Hogar,47.34,0.0469,2,1,Sí,4
C05228,2025-05-28,,Mes a mes,Débito automático,Telefonía móvil,NOA,Hogar,51.18,0.1325,1,1,Sí,4
C05229,2025-05-28,,Dos años,Transferencia,Internet fibra,Cuyo,Profesional,92.29,0.0425,1,2,No,3
C05230,2025-05-28,,Anual,Débito automático,Internet estándar,NOA,Profesional,78.1,0.0731,0,1,Sí,4
C05231,2025-05-30,,Mes a mes,Cheque electrónico,Internet fibra,Patagonia,Hogar,78.16,0.0613,0,0,No,5
C05232,2025-05-30,,Mes a mes,Tarjeta automática,Telefonía móvil,Patagonia,Hogar,38.87,0.0766,1,0,Sí,3
C05233,2025-05-30,,Dos años,Cheque electrónico,Streaming,Litoral,Profesional,34.91,0.148,4,2,No,1
C05234,2025-05-30,,Anual,Tarjeta automática,Streaming,Centro,Hogar,18.0,0.0307,0,0,Sí,4
C05235,2025-05-30,,Dos años,Tarjeta automática,Internet fibra,Patagonia,Hogar,60.8,0.1539,2,1,Sí,5
C05236,2025-05-31,,Mes a mes,Débito automático,Streaming,NOA,Hogar,31.37,0.0364,0,0,Sí,5
C05237,2025-06-01,2025-07-11,Dos años,Cheque electrónico,Internet estándar,NOA,Hogar,39.02,0.0445,3,1,No,2
C05238,2025-06-01,,Mes a mes,Débito automático,Telefonía móvil,Litoral,Profesional,41.9,0.0316,4,0,Sí,4
C05239,2025-06-01,,Anual,Transferencia,Telefonía móvil,AMBA,Hogar,37.39,0.012,1,1,No,3
C05240,2025-06-01,2025-06-12,Mes a mes,Tarjeta automática,Internet estándar,Patagonia,Hogar,52.08,0.044,0,0,Sí,4
C05241,2025-06-01,,Mes a mes,Tarjeta automática,Telefonía móvil,Centro,Hogar,46.57,0.0549,0,0,Sí,3
C05242,2025-06-01,,Dos años,Tarjeta automática,Internet fibra,Centro,PyME,132.68,0.0685,2,1,Sí,3
C05243,2025-06-01,,Dos años,Cheque electrónico,Internet fibra,AMBA,Hogar,77.33,0.0296,0,1,No,5
C05244,2025-06-02,2025-08-12,Mes a mes,Tarjeta automática,Streaming,AMBA,Hogar,23.08,0.0556,4,0,Sí,2
C05245,2025-06-02,2025-09-24,Dos años,Débito automático,Streaming,Cuyo,Profesional,53.97,0.0344,1,1,Sí,5
C05246,2025-06-02,,Mes a mes,Transferencia,Internet fibra,Centro,Hogar,76.06,0.0489,4,0,No,2
C05247,2025-06-02,,Mes a mes,Débito automático,Internet fibra,Cuyo,Profesional,95.16,0.0215,0,1,Sí,4
C05248,2025-06-02,,Mes a mes,Débito automático,Internet estándar,Litoral,Hogar,60.42,0.0353,0,0,Sí,5
C05249,2025-06-02,,Mes a mes,Tarjeta automática,Internet fibra,Litoral,Profesional,104.71,0.0573,0,1,Sí,5
C05250,2025-06-03,,Mes a mes,Débito automático,Internet estándar,Cuyo,Hogar,46.97,0.0557,1,0,Sí,4
C05251,2025-06-03,,Mes a mes,Transferencia,Internet estándar,Cuyo,Hogar,45.4,0.0972,0,0,No,4
C05252,2025-06-04,,Mes a mes,Tarjeta automática,Telefonía móvil,NOA,Hogar,38.32,0.1109,1,0,Sí,5
C05253,2025-06-04,,Anual,Transferencia,Internet estándar,Centro,Hogar,26.77,0.104,3,0,No,3
C05254,2025-06-04,,Anual,Tarjeta automática,Internet fibra,AMBA,Profesional,108.07,0.0504,1,0,Sí,4
C05255,2025-06-04,,Anual,Cheque electrónico,Internet fibra,Patagonia,Hogar,70.47,0.0391,0,1,No,4
C05256,2025-06-04,2025-08-24,Mes a mes,Cheque electrónico,Internet fibra,AMBA,Hogar,87.4,0.0298,1,3,No,2
C05257,2025-06-05,,Anual,Tarjeta automática,Streaming,Patagonia,Hogar,29.46,0.0243,1,0,Sí,3
C05258,2025-06-05,,Mes a mes,Débito automático,Internet estándar,Centro,Profesional,82.31,0.0326,1,0,Sí,5
C05259,2025-06-05,,Anual,Débito automático,Internet fibra,NOA,PyME,138.82,0.0754,0,0,Sí,5
C05260,2025-06-05,,Mes a mes,Cheque electrónico,Telefonía móvil,Centro,Hogar,52.03,0.0125,2,1,No,3
C05261,2025-06-05,,Mes a mes,Débito automático,Telefonía móvil,AMBA,Hogar,35.49,0.1187,0,0,Sí,4
C05262,2025-06-05,2025-09-24,Mes a mes,Transferencia,Internet fibra,Cuyo,Profesional,81.86,0.117,6,1,No,1
C05263,2025-06-05,,Anual,Tarjeta automática,Internet fibra,Cuyo,PyME,134.62,0.0681,0,1,Sí,4
C05264,2025-06-06,,Dos años,Tarjeta automática,Telefonía móvil,Patagonia,Hogar,20.91,0.0162,1,0,Sí,4
C05265,2025-06-06,,Anual,Transferencia,Streaming,Litoral,Hogar,23.85,0.0476,1,0,No,4
C05266,2025-06-07,,Dos años,Transferencia,Telefonía móvil,NOA,Profesional,46.92,0.1328,0,0,No,4
C05267,2025-06-07,,Dos años,Cheque electrónico,Internet fibra,Patagonia,Hogar,68.76,0.0849,0,0,No,5
C05268,2025-06-07,,Mes a mes,Cheque electrónico,Telefonía móvil,Centro,PyME,103.55,0.129,1,1,No,4
C05269,2025-06-08,,Anual,Transferencia,Internet fibra,AMBA,Profesional,101.83,0.0239,1,1,No,3
C05270,2025-06-08,,Mes a mes,Débito automático,Internet estándar,Centro,PyME,102.22,0.0402,0,1,Sí,4
C05271,2025-06-09,,Mes a mes,Cheque electrónico,Streaming,NOA,Profesional,50.52,0.0131,0,1,No,4
C05272,2025-06-09,,Mes a mes,Cheque electrónico,Streaming,Patagonia,PyME,78.05,0.0343,1,0,No,5
C05273,2025-06-09,,Dos años,Cheque electrónico,Internet fibra,Patagonia,Hogar,104.69,0.0959,6,2,No,1
C05274,2025-06-09,,Anual,Cheque electrónico,Internet fibra,Centro,PyME,136.31,0.1078,2,1,No,2
C05275,2025-06-10,,Mes a mes,Débito automático,Telefonía móvil,Cuyo,Hogar,35.51,0.0295,1,1,Sí,2
C05276,2025-06-10,2025-07-01,Mes a mes,Transferencia,Internet fibra,Patagonia,Hogar,87.63,0.0287,4,1,No,1
C05277,2025-06-10,,Mes a mes,Transferencia,Internet estándar,NOA,Hogar,62.64,0.0301,0,0,No,5
C05278,2025-06-10,,Anual,Tarjeta automática,Internet fibra,Litoral,Hogar,69.48,0.064,0,1,Sí,5
C05279,2025-06-11,,Dos años,Transferencia,Internet fibra,AMBA,Hogar,62.4,0.0444,7,0,No,1
C05280,2025-06-11,,Mes a mes,Débito automático,Telefonía móvil,NOA,Hogar,28.58,0.0092,0,0,Sí,4
C05281,2025-06-11,,Mes a mes,Débito automático,Internet fibra,NOA,Hogar,70.63,0.0961,0,0,Sí,4
C05282,2025-06-11,,Anual,Tarjeta automática,Internet estándar,AMBA,Hogar,48.4,0.0312,2,0,Sí,5
C05283,2025-06-11,,Mes a mes,Transferencia,Streaming,Cuyo,Hogar,18.0,0.1117,1,0,No,4
C05284,2025-06-12,,Mes a mes,Transferencia,Internet fibra,NOA,Profesional,91.4,0.0877,1,0,No,3
C05285,2025-06-12,,Mes a mes,Débito automático,Streaming,NOA,Hogar,26.71,0.0189,1,0,Sí,4
C05286,2025-06-13,,Mes a mes,Tarjeta automática,Internet estándar,NOA,Profesional,70.57,0.1021,2,0,Sí,4
C05287,2025-06-13,,Mes a mes,Débito automático,Telefonía móvil,NOA,Profesional,66.73,0.1065,3,0,Sí,3
C05288,2025-06-13,,Dos años,Tarjeta automática,Telefonía móvil,AMBA,Profesional,64.42,0.1202,2,1,Sí,4
C05289,2025-06-13,,Mes a mes,Débito automático,Telefonía móvil,AMBA,Hogar,61.71,0.0353,0,0,Sí,5
C05290,2025-06-13,,Mes a mes,Débito automático,Internet estándar,Cuyo,Hogar,61.04,0.0117,1,1,Sí,3
C05291,2025-06-13,,Anual,Cheque electrónico,Telefonía móvil,Litoral,Hogar,44.44,0.0967,4,0,No,2
C05292,2025-06-14,,Dos años,Débito automático,Streaming,Cuyo,Hogar,18.32,0.0882,1,0,Sí,4
C05293,2025-06-14,,Mes a mes,Transferencia,Internet estándar,Centro,PyME,96.57,0.0942,3,0,No,2
C05294,2025-06-14,2025-11-11,Mes a mes,Cheque electrónico,Internet fibra,Centro,Hogar,62.28,0.1303,0,2,No,3
C05295,2025-06-14,,Anual,Débito automático,Internet fibra,Litoral,PyME,134.69,0.0176,2,0,Sí,3
C05296,2025-06-14,,Mes a mes,Cheque electrónico,Internet fibra,NOA,Hogar,81.64,0.0268,1,2,No,3
C05297,2025-06-14,,Anual,Tarjeta automática,Internet fibra,Patagonia,Profesional,105.82,0.0145,1,1,Sí,3
C05298,2025-06-15,,Mes a mes,Débito automático,Telefonía móvil,Centro,Hogar,44.94,0.0145,3,1,Sí,1
C05299,2025-06-15,2025-11-01,Mes a mes,Tarjeta automática,Telefonía móvil,AMBA,PyME,108.59,0.0274,2,0,Sí,2
C05300,2025-06-15,,Mes a mes,Débito automático,Internet fibra,Centro,Profesional,107.82,0.0456,0,0,Sí,4
C05301,2025-06-16,,Anual,Cheque electrónico,Telefonía móvil,Patagonia,Hogar,30.69,0.0341,0,0,No,4
C05302,2025-06-16,,Mes a mes,Transferencia,Streaming,AMBA,Hogar,23.3,0.0452,1,1,No,4
C05303,2025-06-17,,Mes a mes,Transferencia,Internet estándar,Patagonia,Hogar,48.88,0.0209,1,0,No,4
C05304,2025-06-17,2025-11-27,Mes a mes,Tarjeta automática,Telefonía móvil,Litoral,Hogar,34.23,0.0951,3,1,Sí,2
C05305,2025-06-17,,Anual,Cheque electrónico,Streaming,Litoral,Hogar,26.32,0.0915,1,1,No,4
C05306,2025-06-17,,Mes a mes,Débito automático,Streaming,NOA,PyME,87.31,0.044,0,1,Sí,4
C05307,2025-06-18,,Anual,Tarjeta automática,Internet fibra,Litoral,Hogar,76.65,0.0273,3,0,Sí,2
C05308,2025-06-18,,Anual,Cheque electrónico,Internet fibra,Litoral,Hogar,78.0,0.068,0,3,No,5
C05309,2025-06-19,,Mes a mes,Débito automático,Telefonía móvil,Cuyo,Hogar,31.63,0.0184,0,0,Sí,2
C05310,2025-06-19,,Dos años,Débito automático,Internet fibra,Litoral,Hogar,83.57,0.0508,0,0,Sí,5
C05311,2025-06-20,,Dos años,Tarjeta automática,Internet fibra,Cuyo,Profesional,100.77,0.0158,0,2,Sí,5
C05312,2025-06-20,,Mes a mes,Tarjeta automática,Internet fibra,AMBA,Hogar,69.61,0.0258,1,1,Sí,4
C05313,2025-06-21,,Mes a mes,Cheque electrónico,Internet estándar,AMBA,Hogar,34.77,0.0331,0,0,No,5
C05314,2025-06-21,,Mes a mes,Débito automático,Internet estándar,Patagonia,Hogar,62.53,0.0306,2,1,Sí,2
C05315,2025-06-21,,Mes a mes,Cheque electrónico,Telefonía móvil,Litoral,PyME,116.23,0.1116,2,1,No,5
C05316,2025-06-21,,Mes a mes,Tarjeta automática,Internet estándar,Cuyo,Hogar,51.58,0.0358,0,1,Sí,3
C05317,2025-06-21,,Dos años,Transferencia,Telefonía móvil,Patagonia,Profesional,56.02,0.064,1,0,No,3
C05318,2025-06-21,,Dos años,Transferencia,Streaming,Cuyo,Hogar,40.51,0.0555,4,0,No,2
C05319,2025-06-22,,Mes a mes,Transferencia,Internet estándar,Centro,Profesional,72.17,0.0614,1,0,No,3
C05320,2025-06-22,,Mes a mes,Débito automático,Internet fibra,Litoral,Hogar,75.68,0.0194,2,0,Sí,2
C05321,2025-06-22,,Mes a mes,Débito automático,Internet fibra,Cuyo,Profesional,106.65,0.0419,0,0,Sí,4
C05322,2025-06-23,2025-12-19,Mes a mes,Transferencia,Telefonía móvil,NOA,PyME,88.09,0.0579,0,2,No,2
C05323,2025-06-23,,Mes a mes,Cheque electrónico,Telefonía móvil,Patagonia,Hogar,34.4,0.0812,1,0,No,4
C05324,2025-06-23,,Dos años,Débito automático,Internet estándar,Patagonia,Hogar,53.0,0.0321,0,0,Sí,4
C05325,2025-06-23,,Dos años,Débito automático,Telefonía móvil,Patagonia,PyME,98.26,0.092,1,0,Sí,4
C05326,2025-06-23,,Mes a mes,Transferencia,Telefonía móvil,Patagonia,Hogar,49.01,0.0754,1,0,No,4
C05327,2025-06-23,,Anual,Débito automático,Internet fibra,Patagonia,Profesional,109.13,0.0166,0,0,Sí,4
C05328,2025-06-23,,Mes a mes,Tarjeta automática,Streaming,Cuyo,Profesional,29.92,0.0433,1,0,Sí,3
C05329,2025-06-24,,Anual,Cheque electrónico,Telefonía móvil,Patagonia,Hogar,42.43,0.0912,0,0,No,5
C05330,2025-06-24,,Mes a mes,Tarjeta automática,Telefonía móvil,AMBA,Hogar,62.91,0.0654,0,1,Sí,4
C05331,2025-06-24,2025-06-14,Mes a mes,Tarjeta automática,Internet fibra,Litoral,Hogar,71.44,0.0345,0,1,Sí,3
C05332,2025-06-25,,Anual,Transferencia,Internet fibra,Litoral,Hogar,70.14,0.0521,0,0,No,4
C05333,2025-06-25,,Mes a mes,Tarjeta automática,Internet estándar,AMBA,Hogar,24.35,0.031,1,4,Sí,4
C05334,2025-06-26,,Anual,Tarjeta automática,Internet fibra,Litoral,Profesional,97.12,0.0481,0,2,Sí,3
C05335,2025-06-26,,Mes a mes,Tarjeta automática,Internet fibra,AMBA,Hogar,84.39,0.0692,0,0,Sí,5
C05336,2025-06-26,,Anual,Tarjeta automática,Streaming,Patagonia,Profesional,53.36,0.0564,1,0,Sí,3
C05337,2025-06-26,,Anual,Débito automático,Internet estándar,Litoral,Hogar,37.59,0.0265,1,0,Sí,4
C05338,2025-06-27,2025-06-26,Mes a mes,Cheque electrónico,Internet fibra,Litoral,Hogar,77.9,0.1131,1,1,No,4
C05339,2025-06-27,,Mes a mes,Débito automático,Streaming,Litoral,Hogar,31.44,0.0188,1,0,Sí,3
C05340,2025-06-27,,Anual,Débito automático,Internet fibra,Centro,Hogar,78.57,0.1175,1,0,Sí,4
C05341,2025-06-27,,Mes a mes,Transferencia,Internet estándar,Litoral,Hogar,36.96,0.0345,2,1,No,2
C05342,2025-06-29,,Mes a mes,Tarjeta automática,Telefonía móvil,Centro,PyME,97.85,0.0644,0,1,Sí,3
C05343,2025-06-29,,Anual,Débito automático,Telefonía móvil,Patagonia,Hogar,33.04,0.0371,1,0,Sí,4
C05344,2025-06-29,,Mes a mes,Débito automático,Internet fibra,AMBA,Hogar,57.41,0.0154,4,0,Sí,4
C05345,2025-06-29,,Anual,Débito automático,Telefonía móvil,AMBA,Profesional,67.49,0.0136,1,1,Sí,4
C05346,2025-06-30,,Mes a mes,Débito automático,Telefonía móvil,Patagonia,Profesional,61.54,0.0249,2,3,Sí,3
C05347,2025-06-30,,Anual,Tarjeta automática,Streaming,AMBA,Hogar,35.51,0.0215,0,0,Sí,5
C05348,2025-06-30,,Mes a mes,Cheque electrónico,Telefonía móvil,NOA,Hogar,36.12,0.0453,0,2,No,3
C05349,2025-06-30,,Mes a mes,Cheque electrónico,Internet fibra,AMBA,Hogar,84.89,0.0109,0,2,No,5
C05350,2025-06-30,2025-10-02,Mes a mes,Cheque electrónico,Internet fibra,Litoral,Hogar,89.24,0.02,0,2,No,4
C05351,2025-07-01,,Dos años,Tarjeta automática,Telefonía móvil,NOA,Hogar,61.29,0.0427,2,0,Sí,4
C05352,2025-07-01,,Dos años,Transferencia,Internet estándar,Patagonia,Hogar,57.95,0.1061,2,1,No,4
C05353,2025-07-01,,Anual,Débito automático,Internet estándar,Litoral,Hogar,53.23,0.1132,0,3,Sí,4
C05354,2025-07-01,,Mes a mes,Tarjeta automática,Internet fibra,Patagonia,PyME,117.82,0.0612,0,1,Sí,4
C05355,2025-07-01,,Mes a mes,Cheque electrónico,Internet fibra,Patagonia,Hogar,76.83,0.0605,0,2,No,5
C05356,2025-07-01,,Anual,Transferencia,Internet fibra,AMBA,Hogar,62.35,0.0186,2,1,No,3
C05357,2025-07-02,,Anual,Tarjeta automática,Internet fibra,Centro,PyME,123.99,0.0873,0,0,Sí,4
C05358,2025-07-02,,Mes a mes,Cheque electrónico,Telefonía móvil,Centro,Hogar,63.51,0.0562,0,0,No,4
C05359,2025-07-03,,Dos años,Tarjeta automática,Internet fibra,Centro,Profesional,84.75,0.0035,0,0,Sí,5
C05360,2025-07-03,,Mes a mes,Débito automático,Telefonía móvil,Centro,PyME,71.23,0.0202,2,1,Sí,2
C05361,2025-07-03,,Mes a mes,Tarjeta automática,Internet fibra,Litoral,Profesional,104.94,0.159,0,2,Sí,3
C05362,2025-07-04,,Dos años,Tarjeta automática,Internet estándar,NOA,Profesional,59.6,0.1029,0,0,Sí,3
C05363,2025-07-04,,Mes a mes,Cheque electrónico,Telefonía móvil,Litoral,Hogar,50.45,0.0025,1,0,No,4
C05364,2025-07-04,,Mes a mes,Débito automático,Internet fibra,AMBA,PyME,120.13,0.1371,1,0,Sí,5
C05365,2025-07-05,,Mes a mes,Tarjeta automática,Internet fibra,Patagonia,Profesional,91.31,0.043,2,0,Sí,5
C05366,2025-07-05,,Dos años,Transferencia,Telefonía móvil,Litoral,Hogar,55.15,0.0557,1,1,No,4
C05367,2025-07-06,,Mes a mes,Cheque electrónico,Internet fibra,Patagonia,Hogar,63.46,0.1228,0,2,No,5
C05368,2025-07-06,,Anual,Cheque electrónico,Internet fibra,Cuyo,Hogar,76.14,0.0348,1,0,No,4
C05369,2025-07-06,,Mes a mes,Cheque electrónico,Telefonía móvil,Cuyo,Hogar,45.2,0.031,0,0,No,4
C05370,2025-07-06,,Mes a mes,Cheque electrónico,Internet estándar,Litoral,Hogar,41.09,0.0524,1,1,No,3
C05371,2025-07-06,,Mes a mes,Transferencia,Streaming,Patagonia,Hogar,31.66,0.0319,0,0,No,4
C05372,2025-07-07,,Mes a mes,Débito automático,Internet fibra,Centro,Hogar,78.17,0.0759,1,0,Sí,4
C05373,2025-07-07,,Mes a mes,Cheque electrónico,Internet fibra,Litoral,Hogar,83.88,0.0195,0,1,No,4
C05374,2025-07-07,,Mes a mes,Tarjeta automática,Internet estándar,NOA,Hogar,69.26,0.1233,3,0,Sí,4
C05375,2025-07-07,,Anual,Tarjeta automática,Streaming,AMBA,Hogar,58.43,0.0934,1,0,Sí,4
C05376,2025-07-08,,Anual,Débito automático,Internet fibra,Centro,Hogar,83.1,0.1672,0,0,Sí,4
C05377,2025-07-08,,Anual,Tarjeta automática,Telefonía móvil,Litoral,Hogar,40.79,0.0261,0,0,Sí,5
C05378,2025-07-08,,Anual,Transferencia,Telefonía móvil,NOA,Hogar,46.85,0.0455,1,1,No,4
C05379,2025-07-08,2025-08-19,Mes a mes,Cheque electrónico,Internet estándar,NOA,PyME,101.45,0.1386,3,2,No,1
C05380,2025-07-08,2025-12-08,Mes a mes,Débito automático,Internet estándar,Litoral,Hogar,31.54,0.0556,5,0,Sí,3
C05381,2025-07-09,,Mes a mes,Débito automático,Streaming,Litoral,Hogar,28.49,0.0208,1,0,Sí,5
C05382,2025-07-09,2025-09-10,Mes a mes,Débito automático,Streaming,Cuyo,PyME,95.9,0.022,4,0,Sí,2
C05383,2025-07-09,2025-09-18,Mes a mes,Transferencia,Internet fibra,Cuyo,Profesional,79.89,0.0445,4,2,No,3
C05384,2025-07-10,2025-10-12,Mes a mes,Tarjeta automática,Telefonía móvil,Patagonia,Hogar,31.17,0.1062,1,0,Sí,5
C05385,2025-07-11,2025-08-21,Mes a mes,Tarjeta automática,Internet estándar,Litoral,Hogar,42.6,0.0444,2,0,Sí,3
C05386,2025-07-11,,Mes a mes,Transferencia,Telefonía móvil,Litoral,PyME,101.1,0.0689,1,0,No,4
C05387,2025-07-11,,Dos años,Débito automático,Telefonía móvil,NOA,Hogar,68.15,0.0222,1,0,Sí,5
C05388,2025-07-11,,Anual,Débito automático,Internet fibra,AMBA,Hogar,69.1,0.0423,0,0,Sí,4
C05389,2025-07-12,,Mes a mes,Débito automático,Internet estándar,NOA,Hogar,50.0,0.0884,3,1,Sí,2
C05390,2025-07-12,,Mes a mes,Tarjeta automática,Internet estándar,Patagonia,Hogar,49.06,0.0111,1,0,Sí,4
C05391,2025-07-13,,Anual,Transferencia,Internet estándar,Litoral,Hogar,45.69,0.0669,1,0,No,4
C05392,2025-07-14,,Mes a mes,Débito automático,Telefonía móvil,Litoral,PyME,96.48,0.0356,5,0,Sí,4
C05393,2025-07-14,,Mes a mes,Débito automático,Internet fibra,Litoral,PyME,127.89,0.1454,1,0,Sí,5
C05394,2025-07-14,,Anual,Cheque electrónico,Streaming,Litoral,Hogar,59.17,0.0499,2,1,No,5
C05395,2025-07-14,,Mes a mes,Transferencia,Telefonía móvil,Cuyo,PyME,105.25,0.0892,3,0,No,4
C05396,2025-07-14,,Mes a mes,Tarjeta automática,Telefonía móvil,Patagonia,Profesional,54.98,0.0354,1,0,Sí,4
C05397,2025-07-14,,Mes a mes,Transferencia,Internet fibra,Centro,PyME,146.02,0.1272,1,0,No,2
C05398,2025-07-14,,Anual,Tarjeta automática,Telefonía móvil,Litoral,PyME,99.82,0.0616,1,0,Sí,4
C05399,2025-07-14,,Dos años,Tarjeta automática,Internet fibra,Litoral,PyME,133.64,0.0326,0,0,Sí,3
C05400,2025-07-15,,Anual,Transferencia,Internet estándar,Cuyo,Hogar,47.0,0.2004,1,0,No,3
C05401,2025-07-15,2025-11-19,Mes a mes,Tarjeta automática,Internet fibra,Patagonia,Hogar,75.25,0.055,1,0,Sí,5
C05402,2025-07-15,,Mes a mes,Tarjeta automática,Streaming,Centro,Hogar,18.0,0.0999,0,0,Sí,3
C05403,2025-07-15,,Anual,Cheque electrónico,Internet fibra,Litoral,Hogar,59.59,0.0233,1,1,No,3
C05404,2025-07-16,2025-09-24,Anual,Transferencia,Internet fibra,Centro,PyME,137.08,0.1043,0,0,No,4
C05405,2025-07-16,,Dos años,Cheque electrónico,Internet fibra,Centro,PyME,130.89,0.0647,0,0,No,5
C05406,2025-07-16,,Anual,Cheque electrónico,Telefonía móvil,Litoral,Profesional,69.65,0.0865,0,2,No,4
C05407,2025-07-16,2025-09-01,Mes a mes,Débito automático,Streaming,NOA,Profesional,37.21,0.0385,1,0,Sí,4
C05408,2025-07-18,,Anual,Transferencia,Streaming,Centro,Hogar,18.0,0.0973,0,0,No,5
C05409,2025-07-18,,Dos años,Débito automático,Streaming,AMBA,Hogar,37.54,0.0435,5,0,Sí,1
C05410,2025-07-19,,Anual,Transferencia,Internet estándar,AMBA,Hogar,45.75,0.047,0,2,No,5
C05411,2025-07-19,,Anual,Débito automático,Internet fibra,Cuyo,Hogar,87.41,0.0377,0,0,Sí,3
C05412,2025-07-19,,Mes a mes,Tarjeta automática,Internet fibra,Patagonia,Profesional,96.37,0.0852,2,1,Sí,2
C05413,2025-07-19,,Anual,Tarjeta automática,Internet estándar,Patagonia,Hogar,69.65,0.045,1,0,Sí,5
C05414,2025-07-19,,Mes a mes,Transferencia,Telefonía móvil,Centro,Hogar,50.31,0.037,0,1,No,4
C05415,2025-07-20,,Mes a mes,Tarjeta automática,Internet fibra,NOA,Hogar,82.51,0.0277,0,0,Sí,5
C05416,2025-07-21,,Anual,Transferencia,Streaming,AMBA,Hogar,37.8,0.1144,0,0,No,5
C05417,2025-07-21,,Dos años,Cheque electrónico,Telefonía móvil,Litoral,Profesional,57.0,0.0194,1,2,No,4
C05418,2025-07-21,,Dos años,Transferencia,Telefonía móvil,NOA,Profesional,41.93,0.1127,3,0,No,2
C05419,2025-07-22,,Mes a mes,Débito automático,Internet fibra,Patagonia,Hogar,81.97,0.024,0,1,Sí,4
C05420,2025-07-23,,Mes a mes,Tarjeta automática,Telefonía móvil,Patagonia,Profesional,81.36,0.1201,4,1,Sí,3
C05421,2025-07-23,2025-11-16,Mes a mes,Cheque electrónico,Streaming,Centro,Hogar,18.0,0.1117,1,0,No,3
C05422,2025-07-23,,Dos años,Débito automático,Internet estándar,Patagonia,Hogar,54.16,0.1639,3,0,Sí,3
C05423,2025-07-23,2025-07-01,Anual,Débito automático,Telefonía móvil,Cuyo,Hogar,25.11,0.0575,2,0,Sí,4
C05424,2025-07-24,,Dos años,Cheque electrónico,Internet fibra,Cuyo,Profesional,95.74,0.0526,1,1,No,3
C05425,2025-07-24,,Mes a mes,Tarjeta automática,Telefonía móvil,Litoral,PyME,97.87,0.0929,0,1,Sí,4
C05426,2025-07-24,,Mes a mes,Débito automático,Streaming,Litoral,Hogar,37.22,0.0816,0,0,Sí,4
C05427,2025-07-24,,Anual,Tarjeta automática,Telefonía móvil,Centro,Profesional,62.31,0.0183,1,0,Sí,4
C05428,2025-07-24,,Mes a mes,Tarjeta automática,Telefonía móvil,NOA,PyME,112.11,0.0423,2,0,Sí,2
C05429,2025-07-25,,Dos años,Débito automático,Streaming,NOA,PyME,96.83,0.1063,1,0,Sí,4
C05430,2025-07-25,,Anual,Transferencia,Internet fibra,Centro,Hogar,75.84,0.0485,1,1,No,5
C05431,2025-07-25,,Mes a mes,Débito automático,Internet fibra,Centro,Hogar,90.04,0.0367,0,0,Sí,2
C05432,2025-07-25,,Mes a mes,Transferencia,Telefonía móvil,AMBA,Hogar,38.56,0.0864,0,0,No,5
C05433,2025-07-25,,Dos años,Cheque electrónico,Streaming,Cuyo,PyME,78.67,0.054,0,1,No,2
C05434,2025-07-26,,Anual,Cheque electrónico,Telefonía móvil,Centro,Hogar,28.75,0.0497,5,3,No,2
C05435,2025-07-26,,Anual,Tarjeta automática,Internet estándar,NOA,Hogar,63.43,0.1151,0,0,Sí,4
C05436,2025-07-27,,Anual,Transferencia,Internet estándar,NOA,PyME,100.7,0.0321,0,0,No,4
C05437,2025-07-27,,Mes a mes,Tarjeta automática,Telefonía móvil,Patagonia,Hogar,18.0,0.0718,1,0,Sí,3
C05438,2025-07-27,,Anual,Transferencia,Telefonía móvil,Centro,Hogar,47.96,0.0477,0,0,No,5
C05439,2025-07-27,,Dos años,Débito automático,Internet estándar,Patagonia,PyME,99.23,0.0562,0,1,Sí,5
C05440,2025-07-28,2025-09-07,Mes a mes,Transferencia,Internet fibra,Cuyo,Hogar,74.72,0.0529,1,1,No,3
C05441,2025-07-28,,Anual,Tarjeta automática,Telefonía móvil,Centro,Hogar,39.43,0.0618,0,0,Sí,3
C05442,2025-07-28,2025-09-19,Mes a mes,Transferencia,Telefonía móvil,Litoral,Hogar,38.3,0.043,4,0,No,3
C05443,2025-07-28,,Mes a mes,Tarjeta automática,Internet estándar,AMBA,Hogar,79.01,0.0286,0,0,Sí,5
C05444,2025-07-28,,Mes a mes,Tarjeta automática,Internet estándar,NOA,Hogar,67.29,0.0136,1,0,Sí,3
C05445,2025-07-29,,Dos años,Transferencia,Internet fibra,AMBA,Hogar,85.69,0.0516,0,0,No,3
C05446,2025-07-29,,Mes a mes,Débito automático,Internet estándar,Centro,Hogar,51.65,0.0353,0,0,Sí,5
C05447,2025-07-29,,Mes a mes,Transferencia,Internet fibra,Centro,Hogar,90.42,0.0614,0,0,No,4
C05448,2025-07-29,,Anual,Transferencia,Internet fibra,Litoral,Profesional,98.68,0.0959,0,1,No,4
C05449,2025-07-29,,Mes a mes,Transferencia,Telefonía móvil,Patagonia,Hogar,50.97,0.1206,3,0,No,3
C05450,2025-07-30,,Anual,Transferencia,Internet estándar,NOA,Profesional,73.14,0.1207,1,1,No,2
C05451,2025-07-30,,Dos años,Cheque electrónico,Telefonía móvil,Cuyo,PyME,98.41,0.0214,0,0,No,4
C05452,2025-07-30,2025-07-20,Mes a mes,Cheque electrónico,Internet estándar,Centro,Profesional,77.34,0.0348,4,3,No,1
C05453,2025-07-30,,Mes a mes,Tarjeta automática,Internet fibra,AMBA,Hogar,73.38,0.017,1,0,Sí,2
C05454,2025-07-30,,Dos años,Débito automático,Internet estándar,Litoral,Hogar,49.64,0.0416,1,0,Sí,3
C05455,2025-07-30,,Mes a mes,Transferencia,Internet fibra,NOA,Hogar,67.23,0.0225,1,0,No,4
C05456,2025-07-30,,Mes a mes,Tarjeta automática,Streaming,AMBA,Hogar,19.5,0.0515,0,0,Sí,4
C05457,2025-07-31,,Dos años,Tarjeta automática,Telefonía móvil,NOA,Hogar,18.0,0.0917,2,0,Sí,3
C05458,2025-07-31,,Dos años,Tarjeta automática,Telefonía móvil,Centro,PyME,102.02,0.0789,4,1,Sí,1
C05459,2025-07-31,,Anual,Débito automático,Telefonía móvil,NOA,Hogar,50.05,0.0285,1,0,Sí,4
C05460,2025-07-31,,Mes a mes,Débito automático,Telefonía móvil,AMBA,Hogar,53.94,0.0626,0,0,Sí,5
C05461,2025-08-01,,Dos años,Transferencia,Telefonía móvil,NOA,Profesional,47.87,0.0964,3,1,No,3
C05462,2025-08-01,,Anual,Transferencia,Internet estándar,Centro,PyME,108.84,0.0883,0,1,No,4
C05463,2025-08-01,,Anual,Transferencia,Streaming,Centro,Profesional,46.99,0.0174,0,0,No,5
C05464,2025-08-02,,Dos años,Tarjeta automática,Internet estándar,Centro,Hogar,57.11,0.0149,1,1,Sí,3
C05465,2025-08-02,,Anual,Transferencia,Internet fibra,AMBA,Hogar,70.83,0.0791,0,0,No,4
C05466,2025-08-02,,Mes a mes,Transferencia,Streaming,Patagonia,Hogar,25.3,0.0288,0,0,No,4
C05467,2025-08-02,,Mes a mes,Tarjeta automática,Streaming,AMBA,Hogar,18.0,0.058,0,1,Sí,4
C05468,2025-08-02,,Mes a mes,Tarjeta automática,Internet fibra,Cuyo,Profesional,88.11,0.0177,1,0,Sí,5
C05469,2025-08-03,,Mes a mes,Tarjeta automática,Telefonía móvil,NOA,Profesional,60.03,0.086,0,1,Sí,5
C05470,2025-08-03,,Mes a mes,Cheque electrónico,Internet fibra,Cuyo,Hogar,79.92,0.0215,5,1,No,4
C05471,2025-08-04,,Mes a mes,Débito automático,Streaming,Patagonia,PyME,65.46,0.053,2,0,Sí,4
C05472,2025-08-04,,Anual,Tarjeta automática,Telefonía móvil,Patagonia,Hogar,36.37,0.1062,3,0,Sí,3
C05473,2025-08-04,,Mes a mes,Tarjeta automática,Internet fibra,Patagonia,Hogar,79.76,0.0303,2,0,Sí,2
C05474,2025-08-05,,Mes a mes,Tarjeta automática,Telefonía móvil,NOA,Profesional,75.49,0.0287,0,0,Sí,4
C05475,2025-08-05,,Mes a mes,Débito automático,Telefonía móvil,AMBA,Hogar,32.7,0.1121,1,1,Sí,3
C05476,2025-08-05,2025-11-04,Mes a mes,Cheque electrónico,Streaming,Centro,Hogar,34.39,0.0803,1,2,No,3
C05477,2025-08-05,,Anual,Débito automático,Telefonía móvil,Centro,Hogar,35.82,0.1029,0,0,Sí,5
C05478,2025-08-06,,Mes a mes,Cheque electrónico,Streaming,AMBA,Hogar,24.1,0.0902,0,2,No,5
C05479,2025-08-06,,Mes a mes,Tarjeta automática,Internet estándar,AMBA,Hogar,39.35,0.1051,0,2,Sí,3
C05480,2025-08-06,,Anual,Débito automático,Streaming,AMBA,Profesional,35.51,0.0735,1,0,Sí,3
C05481,2025-08-06,,Mes a mes,Cheque electrónico,Internet estándar,NOA,Hogar,43.78,0.0516,1,0,No,4
C05482,2025-08-06,2025-10-10,Mes a mes,Transferencia,Internet estándar,NOA,PyME,115.53,0.1048,5,1,No,1
C05483,2025-08-06,,Anual,Cheque electrónico,Internet fibra,Litoral,Profesional,87.7,0.1324,1,0,No,5
C05484,2025-08-07,,Mes a mes,Tarjeta automática,Internet estándar,NOA,Profesional,56.98,0.1118,1,1,Sí,4
C05485,2025-08-07,,Anual,Débito automático,Telefonía móvil,Cuyo,PyME,99.3,0.0343,1,0,Sí,3
C05486,2025-08-07,,Anual,Transferencia,Telefonía móvil,Cuyo,Profesional,60.06,0.0422,0,0,No,3
C05487,2025-08-07,,Dos años,Tarjeta automática,Telefonía móvil,NOA,Hogar,41.25,0.0467,1,0,Sí,5
C05488,2025-08-07,,Mes a mes,Cheque electrónico,Internet fibra,AMBA,PyME,135.79,0.0056,1,2,No,4
C05489,2025-08-08,,Anual,Débito automático,Internet estándar,AMBA,Hogar,37.89,0.0632,0,0,Sí,5
C05490,2025-08-08,,Anual,Tarjeta automática,Internet estándar,Litoral,Hogar,39.11,0.07,1,0,Sí,3
C05491,2025-08-09,,Mes a mes,Transferencia,Internet fibra,Centro,Hogar,88.85,0.0538,0,0,No,5
C05492,2025-08-09,,Dos años,Transferencia,Streaming,Patagonia,Hogar,27.39,0.0555,0,0,No,4
C05493,2025-08-09,,Mes a mes,Cheque electrónico,Internet estándar,Litoral,Hogar,55.56,0.0409,3,2,No,2
C05494,2025-08-09,,Dos años,Cheque electrónico,Telefonía móvil,Centro,PyME,110.46,0.0428,0,1,No,3
C05495,2025-08-09,,Anual,Tarjeta automática,Internet fibra,AMBA,Profesional,105.3,0.0707,0,0,Sí,4
C05496,2025-08-09,,Mes a mes,Transferencia,Telefonía móvil,AMBA,Hogar,26.93,0.0146,0,1,No,4
C05497,2025-08-10,,Mes a mes,Cheque electrónico,Telefonía móvil,Cuyo,Hogar,40.72,0.0077,1,1,No,3
C05498,2025-08-10,,Dos años,Tarjeta automática,Streaming,Centro,Hogar,40.45,0.0337,2,0,Sí,4
C05499,2025-08-10,,Mes a mes,Débito automático,Internet fibra,AMBA,Hogar,83.75,0.1257,1,1,Sí,3
C05500,2025-08-10,2025-11-22,Mes a mes,Cheque electrónico,Internet fibra,Patagonia,Hogar,80.02,0.0532,0,2,No,4
C05501,2025-08-10,,Mes a mes,Tarjeta automática,Telefonía móvil,NOA,Profesional,41.96,0.1152,2,0,Sí,3
C05502,2025-08-11,2025-10-26,Anual,Cheque electrónico,Internet fibra,NOA,Hogar,71.22,0.0609,0,0,No,4
C05503,2025-08-11,2025-11-21,Mes a mes,Débito automático,Internet fibra,AMBA,Hogar,78.76,0.0839,5,1,Sí,2
C05504,2025-08-11,,Anual,Cheque electrónico,Telefonía móvil,Centro,Hogar,26.32,0.0595,1,1,No,3
C05505,2025-08-11,,Anual,Transferencia,Telefonía móvil,Cuyo,Hogar,50.73,0.0612,1,0,No,4
C05506,2025-08-11,2025-08-23,Mes a mes,Transferencia,Streaming,NOA,Hogar,27.71,0.0669,0,0,No,4
C05507,2025-08-11,,Mes a mes,Transferencia,Internet fibra,Litoral,Hogar,56.22,0.0214,1,1,No,5
C05508,2025-08-11,,Mes a mes,Tarjeta automática,Internet estándar,Cuyo,Hogar,42.77,0.0459,0,0,Sí,4
C05509,2025-08-12,,Dos años,Transferencia,Telefonía móvil,NOA,Hogar,38.85,0.0315,2,1,No,3
C05510,2025-08-12,,Dos años,Cheque electrónico,Internet estándar,Litoral,Hogar,47.57,0.0528,0,1,No,4
C05511,2025-08-12,,Mes a mes,Cheque electrónico,Internet fibra,NOA,Hogar,93.62,0.0156,0,1,No,4
C05512,2025-08-12,,Mes a mes,Cheque electrónico,Internet fibra,NOA,Hogar,84.36,0.0409,0,3,No,3
C05513,2025-08-12,,Mes a mes,Transferencia,Streaming,NOA,Hogar,18.0,0.0234,1,1,No,3
C05514,2025-08-13,,Dos años,Transferencia,Internet fibra,Litoral,Profesional,79.62,0.022,3,0,No,2
C05515,2025-08-13,,Mes a mes,Débito automático,Telefonía móvil,Cuyo,Hogar,39.07,0.0266,5,0,Sí,2
C05516,2025-08-13,,Mes a mes,Transferencia,Internet fibra,AMBA,Profesional,97.39,0.0603,0,2,No,5
C05517,2025-08-13,,Dos años,Transferencia,Internet fibra,Patagonia,Hogar,88.92,0.0576,1,0,No,4
C05518,2025-08-13,,Mes a mes,Tarjeta automática,Telefonía móvil,Centro,Hogar,61.03,0.0374,4,0,Sí,1
C05519,2025-08-13,,Mes a mes,Tarjeta automática,Telefonía móvil,AMBA,Hogar,61.63,0.029,3,0,Sí,1
C05520,2025-08-14,,Mes a mes,Transferencia,Streaming,Patagonia,PyME,79.13,0.0731,5,0,No,4
C05521,2025-08-14,,Anual,Débito automático,Telefonía móvil,Cuyo,Hogar,52.28,0.0372,0,0,Sí,4
C05522,2025-08-14,,Mes a mes,Tarjeta automática,Internet fibra,Litoral,Profesional,100.68,0.0007,1,0,Sí,5
C05523,2025-08-14,,Dos años,Tarjeta automática,Internet estándar,Patagonia,PyME,92.0,0.0624,2,1,Sí,3
C05524,2025-08-14,2025-08-06,Mes a mes,Cheque electrónico,Internet fibra,Centro,Hogar,57.23,0.0191,2,2,No,2
C05525,2025-08-15,,Mes a mes,Cheque electrónico,Internet estándar,Patagonia,Hogar,50.59,0.0272,1,1,No,3
C05526,2025-08-15,,Anual,Transferencia,Telefonía móvil,Litoral,Hogar,25.55,0.0293,1,0,No,4
C05527,2025-08-15,,Anual,Cheque electrónico,Telefonía móvil,Litoral,Profesional,50.63,0.1408,1,1,No,3
C05528,2025-08-15,,Anual,Cheque electrónico,Internet fibra,Centro,Hogar,70.47,0.0926,4,0,No,2
C05529,2025-08-15,,Anual,Tarjeta automática,Internet estándar,Patagonia,PyME,106.41,0.0047,0,0,Sí,3
C05530,2025-08-15,,Mes a mes,Tarjeta automática,Telefonía móvil,Centro,Hogar,56.09,0.1081,1,0,Sí,3
C05531,2025-08-15,,Anual,Tarjeta automática,Streaming,Litoral,PyME,84.14,0.0687,2,0,Sí,4
C05532,2025-08-15,,Mes a mes,Tarjeta automática,Internet fibra,Patagonia,Hogar,72.07,0.0689,3,1,Sí,1
C05533,2025-08-16,,Mes a mes,Débito automático,Internet estándar,AMBA,Hogar,26.25,0.0352,1,0,Sí,3
C05534,2025-08-16,,Dos años,Tarjeta automática,Internet estándar,Cuyo,Hogar,54.04,0.1222,0,0,Sí,5
C05535,2025-08-16,,Anual,Cheque electrónico,Internet estándar,Patagonia,PyME,104.31,0.0834,0,4,No,4
C05536,2025-08-17,,Mes a mes,Transferencia,Internet estándar,Centro,Hogar,42.95,0.171,1,0,No,3
C05537,2025-08-17,,Mes a mes,Débito automático,Internet estándar,AMBA,Profesional,79.83,0.0154,1,0,Sí,5
C05538,2025-08-18,,Dos años,Cheque electrónico,Internet estándar,Cuyo,Hogar,35.9,0.0598,3,0,No,3
C05539,2025-08-18,2025-11-27,Mes a mes,Cheque electrónico,Internet estándar,Cuyo,Hogar,41.47,0.0607,0,0,No,3
C05540,2025-08-18,,Mes a mes,Transferencia,Internet fibra,NOA,Hogar,75.3,0.2034,3,0,No,3
C05541,2025-08-18,,Mes a mes,Cheque electrónico,Internet fibra,Patagonia,Profesional,89.82,0.0517,0,1,No,3
C05542,2025-08-18,,Mes a mes,Cheque electrónico,Internet estándar,Centro,Hogar,55.06,0.093,0,1,No,3
C05543,2025-08-18,,Mes a mes,Transferencia,Telefonía móvil,Centro,Profesional,65.1,0.0885,1,0,No,4
C05544,2025-08-18,,Dos años,Cheque electrónico,Telefonía móvil,Centro,Profesional,71.56,0.0587,3,0,No,3
C05545,2025-08-18,,Mes a mes,Tarjeta automática,Internet fibra,NOA,PyME,138.53,0.0192,2,0,Sí,3
C05546,2025-08-19,,Mes a mes,Débito automático,Internet estándar,Cuyo,Profesional,65.73,0.0787,0,0,Sí,4
C05547,2025-08-19,,Anual,Débito automático,Streaming,NOA,Hogar,25.26,0.0318,0,0,Sí,4
C05548,2025-08-19,,Mes a mes,Tarjeta automática,Internet estándar,AMBA,Hogar,54.01,0.1114,0,2,Sí,5
C05549,2025-08-19,,Anual,Tarjeta automática,Streaming,Litoral,Hogar,26.91,0.0681,0,1,Sí,5
C05550,2025-08-19,,Anual,Tarjeta automática,Telefonía móvil,AMBA,Hogar,42.52,0.0805,0,0,Sí,3
C05551,2025-08-19,,Anual,Tarjeta automática,Internet fibra,Litoral,Profesional,101.61,0.0447,1,0,Sí,2
C05552,2025-08-19,,Anual,Tarjeta automática,Internet estándar,AMBA,Hogar,50.52,0.017,0,0,Sí,3
C05553,2025-08-19,,Anual,Débito automático,Internet estándar,AMBA,Hogar,52.39,0.0082,1,1,Sí,5
C05554,2025-08-20,,Anual,Cheque electrónico,Internet estándar,AMBA,Hogar,40.3,0.0113,0,2,No,1
C05555,2025-08-20,,Anual,Transferencia,Internet fibra,Patagonia,Profesional,110.85,0.1443,3,0,No,2
C05556,2025-08-20,,Mes a mes,Transferencia,Streaming,Litoral,Hogar,18.0,0.1177,1,0,No,5
C05557,2025-08-21,,Anual,Tarjeta automática,Internet fibra,Litoral,PyME,137.83,0.0546,0,0,Sí,5
C05558,2025-08-21,,Anual,Cheque electrónico,Streaming,Centro,Hogar,23.66,0.0459,2,0,No,3
C05559,2025-08-21,,Mes a mes,Tarjeta automática,Streaming,Centro,Hogar,40.91,0.0745,4,0,Sí,3
C05560,2025-08-21,,Dos años,Tarjeta automática,Internet estándar,Cuyo,PyME,113.72,0.0206,2,0,Sí,3
C05561,2025-08-21,,Mes a mes,Débito automático,Telefonía móvil,NOA,Hogar,41.98,0.0632,2,1,Sí,3
C05562,2025-08-21,,Mes a mes,Cheque electrónico,Telefonía móvil,Patagonia,Hogar,59.1,0.0711,1,1,No,4
C05563,2025-08-22,,Dos años,Cheque electrónico,Internet estándar,AMBA,PyME,101.94,0.1011,0,1,No,5
C05564,2025-08-22,,Mes a mes,Cheque electrónico,Telefonía móvil,AMBA,Hogar,51.7,0.1207,0,1,No,2
C05565,2025-08-22,,Mes a mes,Transferencia,Telefonía móvil,Cuyo,Hogar,34.01,0.1226,2,1,No,2
C05566,2025-08-22,,Mes a mes,Débito automático,Internet fibra,Centro,PyME,137.45,0.0626,1,1,Sí,3
C05567,2025-08-22,,Dos años,Transferencia,Streaming,Cuyo,Hogar,18.74,0.0593,1,0,No,3
C05568,2025-08-22,,Mes a mes,Tarjeta automática,Streaming,NOA,PyME,84.21,0.0356,2,0,Sí,3
C05569,2025-08-22,,Anual,Tarjeta automática,Streaming,Centro,Profesional,46.43,0.0943,1,0,Sí,4
C05570,2025-08-22,,Anual,Cheque electrónico,Telefonía móvil,Litoral,Hogar,51.66,0.0385,3,1,No,1
C05571,2025-08-22,,Anual,Cheque electrónico,Internet estándar,Cuyo,Hogar,41.62,0.0332,3,4,No,2
C05572,2025-08-23,,Dos años,Débito automático,Internet fibra,Litoral,Hogar,111.81,0.0958,0,0,Sí,4
C05573,2025-08-23,,Anual,Tarjeta automática,Internet estándar,Litoral,Hogar,33.8,0.1047,1,0,Sí,5
C05574,2025-08-23,,Mes a mes,Tarjeta automática,Telefonía móvil,Litoral,Hogar,44.56,0.0534,0,0,Sí,5
C05575,2025-08-23,,Dos años,Débito automático,Internet estándar,Centro,Profesional,70.17,0.0382,3,1,Sí,2
C05576,2025-08-23,,Mes a mes,Tarjeta automática,Internet fibra,NOA,PyME,138.92,0.1487,4,0,Sí,3
C05577,2025-08-24,,Mes a mes,Transferencia,Internet fibra,Centro,PyME,127.33,0.0438,0,1,No,2
C05578,2025-08-24,,Mes a mes,Tarjeta automática,Streaming,AMBA,PyME,86.66,0.0471,1,0,Sí,2
C05579,2025-08-24,,Anual,Tarjeta automática,Internet fibra,AMBA,Hogar,71.79,0.0737,0,0,Sí,5
C05580,2025-08-24,,Mes a mes,Tarjeta automática,Internet estándar,AMBA,Hogar,69.6,0.0347,2,0,Sí,3
C05581,2025-08-24,,Anual,Transferencia,Internet fibra,Cuyo,Hogar,71.01,0.0548,1,0,No,5
C05582,2025-08-24,,Mes a mes,Débito automático,Internet estándar,Patagonia,Hogar,47.37,0.0321,6,0,Sí,2
C05583,2025-08-24,,Mes a mes,Débito automático,Internet fibra,AMBA,PyME,125.7,0.0565,0,0,Sí,3
C05584,2025-08-24,,Mes a mes,Transferencia,Internet fibra,AMBA,PyME,124.2,0.1004,1,0,No,4
C05585,2025-08-25,,Dos años,Cheque electrónico,Streaming,Litoral,Profesional,31.59,0.0434,0,1,No,3
C05586,2025-08-25,,Mes a mes,Tarjeta automática,Internet fibra,Litoral,Hogar,85.39,0.0291,1,0,Sí,4
C05587,2025-08-25,,Mes a mes,Transferencia,Internet fibra,Litoral,Hogar,70.6,0.0314,1,0,No,3
C05588,2025-08-25,,Mes a mes,Tarjeta automática,Streaming,AMBA,Hogar,20.23,0.0058,2,0,Sí,4
C05589,2025-08-25,,Mes a mes,Transferencia,Internet fibra,Centro,Hogar,67.41,0.1259,0,0,No,5
C05590,2025-08-25,,Anual,Débito automático,Internet fibra,Cuyo,Hogar,81.35,0.0865,1,0,Sí,3
C05591,2025-08-25,,Mes a mes,Cheque electrónico,Internet estándar,Patagonia,Profesional,67.24,0.0123,0,1,No,3
C05592,2025-08-26,,Mes a mes,Cheque electrónico,Internet estándar,Litoral,Hogar,49.29,0.0188,2,0,No,4
C05593,2025-08-27,,Dos años,Transferencia,Internet estándar,Patagonia,Profesional,58.63,0.1496,3,0,No,2
C05594,2025-08-27,,Mes a mes,Cheque electrónico,Telefonía móvil,Litoral,PyME,101.79,0.0641,0,3,No,3
C05595,2025-08-27,,Mes a mes,Tarjeta automática,Internet estándar,Cuyo,Hogar,41.71,0.0599,1,0,Sí,3
C05596,2025-08-27,,Anual,Transferencia,Internet estándar,Litoral,Hogar,49.77,0.0796,1,1,No,3
C05597,2025-08-27,,Anual,Tarjeta automática,Telefonía móvil,Cuyo,Profesional,58.46,0.0484,1,0,Sí,4
C05598,2025-08-27,,Anual,Tarjeta automática,Internet estándar,AMBA,PyME,85.43,0.039,0,0,Sí,5
C05599,2025-08-27,,Mes a mes,Débito automático,Telefonía móvil,Litoral,Hogar,64.32,0.0572,0,0,Sí,4
C05600,2025-08-29,,Mes a mes,Transferencia,Internet estándar,Centro,Profesional,73.32,0.0785,3,2,No,1
C05601,2025-08-29,,Mes a mes,Transferencia,Streaming,Centro,Hogar,30.98,0.0475,0,0,No,4
C05602,2025-08-29,,Mes a mes,Cheque electrónico,Telefonía móvil,Patagonia,Hogar,45.72,0.03,1,1,No,3
C05603,2025-08-29,,Mes a mes,Débito automático,Internet fibra,AMBA,Hogar,100.58,0.1024,0,1,Sí,5
C05604,2025-08-29,,Dos años,Cheque electrónico,Telefonía móvil,AMBA,Hogar,54.51,0.0828,2,1,No,2
C05605,2025-08-29,,Anual,Cheque electrónico,Internet estándar,Cuyo,Hogar,52.84,0.0616,2,1,No,3
C05606,2025-08-30,,Mes a mes,Cheque electrónico,Streaming,Litoral,Profesional,39.21,0.0173,0,2,No,4
C05607,2025-08-30,,Mes a mes,Tarjeta automática,Internet estándar,NOA,Hogar,42.94,0.0917,2,0,Sí,3
C05608,2025-08-31,,Anual,Débito automático,Internet fibra,Litoral,Hogar,58.16,0.0096,3,0,Sí,4
C05609,2025-08-31,,Mes a mes,Transferencia,Internet fibra,Centro,Profesional,91.95,0.0629,2,1,No,3
C05610,2025-08-31,,Mes a mes,Cheque electrónico,Telefonía móvil,Cuyo,Hogar,49.28,0.1157,4,1,No,4
C05611,2025-08-31,,Mes a mes,Tarjeta automática,Streaming,Cuyo,Hogar,35.97,0.0184,0,0,Sí,4
C05612,2025-08-31,,Anual,Débito automático,Telefonía móvil,Cuyo,Hogar,48.78,0.0798,1,1,Sí,3
C05613,2025-08-31,,Anual,Débito automático,Internet fibra,Patagonia,Hogar,72.33,0.0592,0,0,Sí,5
C05614,2025-08-31,,Mes a mes,Tarjeta automática,Internet fibra,Patagonia,Hogar,84.06,0.0551,0,0,Sí,5
C05615,2025-08-31,,Mes a mes,Cheque electrónico,Internet estándar,Patagonia,Profesional,76.07,0.0373,0,3,No,3
C05616,2025-08-31,,Anual,Tarjeta automática,Internet fibra,Cuyo,Hogar,53.5,0.0416,0,0,Sí,4
C05617,2025-08-31,,Anual,Débito automático,Internet estándar,Centro,Hogar,52.35,0.0561,0,1,Sí,5
C05618,2025-08-31,,Anual,Transferencia,Telefonía móvil,AMBA,Hogar,64.89,0.0323,3,0,No,3
C05619,2025-09-01,,Mes a mes,Débito automático,Telefonía móvil,Patagonia,Profesional,56.79,0.0401,0,1,Sí,3
C05620,2025-09-01,,Anual,Tarjeta automática,Internet estándar,NOA,Hogar,21.26,0.0542,0,0,Sí,4
C05621,2025-09-01,,Dos años,Transferencia,Internet estándar,AMBA,Hogar,40.06,0.012,0,0,No,5
C05622,2025-09-01,,Anual,Débito automático,Streaming,AMBA,Hogar,18.0,0.0795,1,1,Sí,3
C05623,2025-09-01,2025-09-08,Mes a mes,Cheque electrónico,Streaming,Centro,Profesional,40.02,0.1455,2,1,No,3
C05624,2025-09-01,,Anual,Transferencia,Streaming,Patagonia,Profesional,33.54,0.029,1,2,No,4
C05625,2025-09-01,,Mes a mes,Cheque electrónico,Internet estándar,Centro,Hogar,59.24,0.0894,1,0,No,5
C05626,2025-09-01,,Mes a mes,Tarjeta automática,Internet fibra,AMBA,Hogar,86.56,0.1051,0,0,Sí,3
C05627,2025-09-01,,Mes a mes,Transferencia,Internet fibra,Cuyo,Profesional,99.77,0.0285,0,0,No,5
C05628,2025-09-03,,Dos años,Débito automático,Telefonía móvil,Cuyo,Hogar,55.49,0.0255,0,1,Sí,5
C05629,2025-09-03,,Mes a mes,Transferencia,Streaming,Cuyo,Hogar,22.78,0.0559,2,1,No,3
C05630,2025-09-03,,Dos años,Débito automático,Telefonía móvil,Litoral,Profesional,60.81,0.0521,2,0,Sí,3
C05631,2025-09-03,,Mes a mes,Tarjeta automática,Internet estándar,Centro,Hogar,73.14,0.0419,0,0,Sí,5
C05632,2025-09-03,,Mes a mes,Tarjeta automática,Internet estándar,AMBA,Hogar,55.44,0.0578,0,0,Sí,5
C05633,2025-09-03,,Mes a mes,Cheque electrónico,Internet estándar,AMBA,Profesional,73.41,0.0596,0,1,No,4
C05634,2025-09-04,,Anual,Cheque electrónico,Telefonía móvil,Patagonia,Profesional,51.56,0.0422,1,1,No,3
C05635,2025-09-04,,Mes a mes,Tarjeta automática,Internet fibra,Litoral,Hogar,73.42,0.0405,0,0,Sí,5
C05636,2025-09-04,,Mes a mes,Transferencia,Streaming,Centro,Hogar,18.0,0.079,3,0,No,3
C05637,2025-09-04,,Mes a mes,Transferencia,Internet fibra,NOA,Hogar,96.49,0.0766,0,0,No,5
C05638,2025-09-04,,Mes a mes,Débito automático,Internet fibra,Litoral,Hogar,60.86,0.0564,0,0,Sí,5
C05639,2025-09-04,,Mes a mes,Débito automático,Internet fibra,Patagonia,Hogar,88.06,0.0223,3,1,Sí,3
C05640,2025-09-05,2025-12-23,Mes a mes,Cheque electrónico,Internet estándar,Patagonia,Hogar,55.39,0.1117,0,3,No,4
C05641,2025-09-05,,Mes a mes,Transferencia,Telefonía móvil,Centro,Hogar,24.36,0.0521,1,0,No,2
C05642,2025-09-05,,Dos años,Transferencia,Telefonía móvil,Litoral,Hogar,54.57,0.0434,0,0,No,4
C05643,2025-09-06,,Mes a mes,Transferencia,Streaming,Litoral,Hogar,26.15,0.0498,4,0,No,4
C05644,2025-09-06,,Mes a mes,Transferencia,Internet estándar,Cuyo,Hogar,34.47,0.0778,2,0,No,4
C05645,2025-09-06,,Mes a mes,Tarjeta automática,Telefonía móvil,Litoral,Hogar,46.01,0.0065,1,0,Sí,3
C05646,2025-09-06,,Mes a mes,Cheque electrónico,Internet fibra,Cuyo,PyME,123.95,0.0411,0,2,No,4
C05647,2025-09-06,,Anual,Tarjeta automática,Telefonía móvil,AMBA,Hogar,39.75,0.0572,1,0,Sí,3
C05648,2025-09-07,,Mes a mes,Cheque electrónico,Streaming,AMBA,Profesional,41.44,0.0744,1,1,No,3
C05649,2025-09-07,2025-12-10,Mes a mes,Cheque electrónico,Internet estándar,Cuyo,Hogar,39.33,0.0575,1,2,No,3
C05650,2025-09-07,,Anual,Transferencia,Internet fibra,NOA,Profesional,82.93,0.0112,0,0,No,4
C05651,2025-09-08,,Mes a mes,Transferencia,Internet fibra,Centro,Hogar,86.77,0.0385,0,0,No,4
C05652,2025-09-08,,Dos años,Tarjeta automática,Internet estándar,Litoral,Profesional,70.57,0.0959,2,0,Sí,2
C05653,2025-09-08,,Dos años,Débito automático,Telefonía móvil,AMBA,PyME,99.87,0.0341,0,0,Sí,5
C05654,2025-09-09,,Mes a mes,Transferencia,Streaming,Litoral,Hogar,24.99,0.0153,0,0,No,5
C05655,2025-09-09,,Mes a mes,Tarjeta automática,Internet estándar,Centro,PyME,104.56,0.0102,1,1,Sí,2
C05656,2025-09-09,,Mes a mes,Tarjeta automática,Internet estándar,Cuyo,Profesional,58.9,0.0426,5,0,Sí,3
C05657,2025-09-09,2025-11-13,Mes a mes,Cheque electrónico,Telefonía móvil,Patagonia,Profesional,51.71,0.03,2,1,No,4
C05658,2025-09-11,,Mes a mes,Débito automático,Internet estándar,Cuyo,Hogar,67.81,0.0718,0,0,Sí,5
C05659,2025-09-11,2025-10-03,Mes a mes,Débito automático,Internet fibra,NOA,Hogar,87.73,0.0182,0,0,Sí,4
C05660,2025-09-11,,Mes a mes,Tarjeta automática,Streaming,AMBA,Profesional,40.82,0.1245,2,0,Sí,3
C05661,2025-09-12,,Mes a mes,Transferencia,Internet estándar,AMBA,Hogar,32.54,0.031,0,0,No,5
C05662,2025-09-12,,Mes a mes,Débito automático,Internet estándar,Centro,Hogar,30.29,0.1509,0,0,Sí,5
C05663,2025-09-12,,Dos años,Cheque electrónico,Internet estándar,Centro,Hogar,42.02,0.0631,2,1,No,5
C05664,2025-09-13,,Dos años,Débito automático,Internet fibra,Cuyo,Hogar,79.18,0.0424,1,0,Sí,3
C05665,2025-09-13,,Mes a mes,Tarjeta automática,Telefonía móvil,NOA,Profesional,61.3,0.0566,1,0,Sí,5
C05666,2025-09-13,,Anual,Débito automático,Telefonía móvil,Centro,Profesional,61.63,0.0364,1,2,Sí,3
C05667,2025-09-13,,Mes a mes,Tarjeta automática,Telefonía móvil,Cuyo,PyME,100.68,0.0606,3,1,Sí,2
C05668,2025-09-13,,Anual,Cheque electrónico,Telefonía móvil,AMBA,Profesional,48.58,0.0376,2,0,No,4
C05669,2025-09-14,,Anual,Tarjeta automática,Internet estándar,Patagonia,Profesional,83.59,0.0418,0,1,Sí,4
C05670,2025-09-14,,Dos años,Tarjeta automática,Internet estándar,Litoral,PyME,101.83,0.0124,1,0,Sí,5
C05671,2025-09-14,,Mes a mes,Débito automático,Streaming,AMBA,Hogar,32.24,0.0241,0,1,Sí,3
C05672,2025-09-14,,Mes a mes,Tarjeta automática,Internet fibra,Cuyo,Hogar,70.78,0.0341,1,0,Sí,5
C05673,2025-09-14,,Dos años,Débito automático,Telefonía móvil,Centro,Profesional,63.43,0.1103,3,1,Sí,3
C05674,2025-09-14,,Mes a mes,Débito automático,Internet fibra,Cuyo,Profesional,118.85,0.0114,0,1,Sí,4
C05675,2025-09-15,,Mes a mes,Cheque electrónico,Internet estándar,Centro,Profesional,56.12,0.0293,2,2,No,2
C05676,2025-09-15,,Anual,Tarjeta automática,Streaming,Patagonia,Hogar,18.0,0.0743,0,0,Sí,4
C05677,2025-09-16,,Anual,Débito automático,Telefonía móvil,AMBA,Hogar,32.49,0.0363,2,0,Sí,3
C05678,2025-09-16,,Anual,Transferencia,Streaming,Litoral,Hogar,25.34,0.0936,0,0,No,5
C05679,2025-09-16,,Anual,Tarjeta automática,Streaming,Patagonia,Profesional,41.26,0.0934,1,0,Sí,4
C05680,2025-09-16,,Anual,Transferencia,Internet fibra,AMBA,Hogar,66.55,0.0038,1,0,No,4
C05681,2025-09-16,,Mes a mes,Cheque electrónico,Streaming,NOA,Hogar,28.45,0.0715,3,0,No,3
C05682,2025-09-17,,Anual,Cheque electrónico,Streaming,Patagonia,Hogar,46.17,0.0776,1,5,No,2
C05683,2025-09-17,,Anual,Cheque electrónico,Internet estándar,Centro,Hogar,47.35,0.031,1,2,No,4
C05684,2025-09-17,,Dos años,Transferencia,Telefonía móvil,Cuyo,Hogar,40.94,0.1294,2,0,No,4
C05685,2025-09-18,,Mes a mes,Débito automático,Internet fibra,Patagonia,Hogar,81.77,0.0475,0,0,Sí,3
C05686,2025-09-18,,Mes a mes,Cheque electrónico,Internet estándar,Litoral,Hogar,56.12,0.0493,0,0,No,4
C05687,2025-09-18,,Anual,Tarjeta automática,Telefonía móvil,Patagonia,Hogar,57.11,0.1018,0,0,Sí,4
C05688,2025-09-18,,Mes a mes,Débito automático,Internet estándar,NOA,Profesional,69.64,0.026,1,0,Sí,3
C05689,2025-09-18,,Mes a mes,Transferencia,Streaming,Cuyo,Hogar,28.97,0.0803,4,0,No,2
C05690,2025-09-18,,Anual,Cheque electrónico,Internet estándar,AMBA,Profesional,56.09,0.0243,2,3,No,3
C05691,2025-09-18,,Mes a mes,Cheque electrónico,Telefonía móvil,Cuyo,Hogar,50.14,0.1029,0,0,No,5
C05692,2025-09-19,,Mes a mes,Tarjeta automática,Internet fibra,Litoral,Hogar,68.71,0.1019,0,0,Sí,5
C05693,2025-09-19,2025-10-13,Mes a mes,Transferencia,Internet fibra,Patagonia,Hogar,68.37,0.0208,5,0,No,1
C05694,2025-09-19,,Mes a mes,Tarjeta automática,Telefonía móvil,Centro,Hogar,44.12,0.0244,1,0,Sí,4
C05695,2025-09-20,,Anual,Transferencia,Streaming,NOA,Hogar,45.96,0.05,4,0,No,4
C05696,2025-09-20,,Mes a mes,Transferencia,Internet estándar,AMBA,Hogar,56.99,0.1007,3,0,No,3
C05697,2025-09-20,,Mes a mes,Tarjeta automática,Internet estándar,Litoral,Hogar,48.59,0.098,0,2,Sí,5
C05698,2025-09-20,,Mes a mes,Cheque electrónico,Internet estándar,Cuyo,Profesional,56.2,0.0093,0,0,No,3
C05699,2025-09-20,2025-10-23,Mes a mes,Débito automático,Telefonía móvil,Patagonia,Hogar,58.74,0.0698,1,1,Sí,2
C05700,2025-09-21,,Mes a mes,Débito automático,Streaming,Centro,Hogar,28.38,0.0692,0,0,Sí,4
C05701,2025-09-21,,Mes a mes,Cheque electrónico,Telefonía móvil,NOA,Profesional,56.81,0.0289,0,1,No,5
C05702,2025-09-22,,Mes a mes,Transferencia,Telefonía móvil,AMBA,Hogar,48.11,0.068,1,0,No,5
C05703,2025-09-22,,Mes a mes,Débito automático,Internet estándar,Patagonia,Hogar,44.07,0.0733,2,0,Sí,3
C05704,2025-09-23,,Mes a mes,Tarjeta automática,Streaming,Cuyo,Hogar,20.72,0.027,1,0,Sí,4
C05705,2025-09-23,,Mes a mes,Tarjeta automática,Streaming,Litoral,Profesional,39.77,0.1128,1,0,Sí,4
C05706,2025-09-24,,Mes a mes,Tarjeta automática,Telefonía móvil,Centro,Hogar,34.74,0.0481,1,1,Sí,3
C05707,2025-09-24,,Mes a mes,Débito automático,Streaming,Cuyo,PyME,71.6,0.0743,4,0,Sí,1
C05708,2025-09-24,,Mes a mes,Débito automático,Internet fibra,Cuyo,Hogar,64.37,0.0452,0,0,Sí,4
C05709,2025-09-24,,Mes a mes,Débito automático,Telefonía móvil,Centro,Hogar,52.69,0.0413,2,0,Sí,2
C05710,2025-09-24,,Mes a mes,Transferencia,Streaming,AMBA,Profesional,54.36,0.0516,0,0,No,5
C05711,2025-09-24,,Anual,Tarjeta automática,Telefonía móvil,Cuyo,Hogar,32.95,0.0657,0,0,Sí,3
C05712,2025-09-24,,Mes a mes,Transferencia,Internet estándar,Cuyo,PyME,113.77,0.1263,0,0,No,4
C05713,2025-09-24,,Anual,Cheque electrónico,Internet estándar,Patagonia,Profesional,70.4,0.01,0,1,No,4
C05714,2025-09-24,,Anual,Tarjeta automática,Streaming,Cuyo,Hogar,25.44,0.0551,0,1,Sí,4
C05715,2025-09-25,,Mes a mes,Transferencia,Telefonía móvil,Litoral,Hogar,28.52,0.0199,1,0,No,4
C05716,2025-09-25,,Mes a mes,Tarjeta automática,Internet fibra,Cuyo,Hogar,81.76,0.0758,1,0,Sí,3
C05717,2025-09-25,,Mes a mes,Débito automático,Internet estándar,Cuyo,Hogar,69.52,0.0499,0,1,Sí,3
C05718,2025-09-25,,Mes a mes,Transferencia,Telefonía móvil,Patagonia,Hogar,42.16,0.0183,0,0,No,4
C05719,2025-09-25,2025-09-04,Mes a mes,Tarjeta automática,Telefonía móvil,Patagonia,Hogar,52.99,0.1086,2,0,Sí,2
C05720,2025-09-26,,Mes a mes,Débito automático,Internet fibra,NOA,Profesional,93.67,0.062,0,0,Sí,4
C05721,2025-09-27,,Anual,Cheque electrónico,Internet fibra,Cuyo,Profesional,106.14,0.1598,2,2,No,2
C05722,2025-09-28,,Mes a mes,Tarjeta automática,Internet estándar,AMBA,PyME,102.35,0.0474,0,0,Sí,4
C05723,2025-09-28,,Anual,Transferencia,Internet fibra,Litoral,Hogar,51.54,0.0472,0,0,No,3
C05724,2025-09-28,,Anual,Transferencia,Internet fibra,Cuyo,Hogar,70.06,0.0302,0,0,No,3
C05725,2025-09-28,,Mes a mes,Tarjeta automática,Internet estándar,AMBA,Hogar,50.45,0.0173,1,1,Sí,3
C05726,2025-09-28,2025-10-20,Dos años,Transferencia,Streaming,NOA,Hogar,40.91,0.0054,3,0,No,4
C05727,2025-09-29,,Dos años,Débito automático,Internet estándar,Litoral,Hogar,47.31,0.0109,0,0,Sí,5
C05728,2025-09-29,,Mes a mes,Tarjeta automática,Internet estándar,Litoral,Hogar,49.33,0.077,2,0,Sí,4
C05729,2025-09-30,,Mes a mes,Cheque electrónico,Telefonía móvil,Litoral,Hogar,35.54,0.0966,0,2,No,4
C05730,2025-09-30,,Mes a mes,Débito automático,Internet estándar,NOA,Hogar,66.17,0.0186,0,1,Sí,5
C05731,2025-10-01,,Mes a mes,Transferencia,Telefonía móvil,Patagonia,Hogar,58.51,0.0212,0,0,No,4
C05732,2025-10-01,,Mes a mes,Tarjeta automática,Internet fibra,Patagonia,Hogar,70.56,0.0691,1,0,Sí,4
C05733,2025-10-02,,Mes a mes,Tarjeta automática,Telefonía móvil,Patagonia,Hogar,25.32,0.0515,1,1,Sí,4
C05734,2025-10-02,,Mes a mes,Transferencia,Telefonía móvil,Patagonia,PyME,77.12,0.0703,2,0,No,4
C05735,2025-10-02,,Anual,Transferencia,Internet fibra,Patagonia,Hogar,84.64,0.0434,0,0,No,5
C05736,2025-10-02,,Mes a mes,Tarjeta automática,Streaming,AMBA,Hogar,30.49,0.0525,1,0,Sí,4
C05737,2025-10-02,,Mes a mes,Transferencia,Streaming,Cuyo,PyME,75.4,0.0876,2,0,No,3
C05738,2025-10-03,2025-12-24,Mes a mes,Débito automático,Internet estándar,Centro,Hogar,51.99,0.1016,3,0,Sí,3
C05739,2025-10-03,,Anual,Débito automático,Telefonía móvil,NOA,Hogar,28.47,0.1599,0,0,Sí,4
C05740,2025-10-03,,Anual,Cheque electrónico,Internet fibra,Litoral,Hogar,86.74,0.038,0,3,No,4
C05741,2025-10-03,,Mes a mes,Transferencia,Internet estándar,Litoral,Hogar,44.79,0.0132,1,0,No,3
C05742,2025-10-03,,Anual,Débito automático,Telefonía móvil,Litoral,Hogar,30.1,0.0066,0,0,Sí,3
C05743,2025-10-03,,Mes a mes,Transferencia,Internet fibra,Patagonia,Hogar,73.96,0.0284,0,1,No,3
C05744,2025-10-04,,Anual,Débito automático,Internet fibra,Patagonia,PyME,128.58,0.016,6,0,Sí,3
C05745,2025-10-04,,Mes a mes,Cheque electrónico,Internet fibra,Centro,Hogar,82.02,0.0416,0,0,No,3
C05746,2025-10-04,,Mes a mes,Cheque electrónico,Telefonía móvil,NOA,Hogar,54.83,0.0264,0,0,No,5
C05747,2025-10-04,,Anual,Débito automático,Internet fibra,Patagonia,PyME,145.26,0.1395,1,0,Sí,4
C05748,2025-10-04,,Dos años,Débito automático,Internet fibra,Centro,Hogar,79.76,0.2005,1,0,Sí,5
C05749,2025-10-04,,Anual,Cheque electrónico,Streaming,Litoral,PyME,81.94,0.0373,0,0,No,3
C05750,2025-10-04,,Mes a mes,Cheque electrónico,Streaming,Cuyo,PyME,77.74,0.0598,0,0,No,4
C05751,2025-10-05,,Anual,Tarjeta automática,Internet estándar,Cuyo,PyME,84.55,0.0139,2,0,Sí,2
C05752,2025-10-05,,Mes a mes,Tarjeta automática,Telefonía móvil,NOA,Hogar,41.79,0.0523,0,0,Sí,5
C05753,2025-10-05,,Anual,Débito automático,Internet fibra,Centro,Hogar,68.64,0.1367,1,0,Sí,5
C05754,2025-10-05,,Anual,Cheque electrónico,Streaming,NOA,Profesional,60.4,0.0861,1,3,No,3
C05755,2025-10-05,2025-11-25,Mes a mes,Cheque electrónico,Streaming,Litoral,Hogar,26.79,0.0734,3,2,No,4
C05756,2025-10-05,2025-10-01,Mes a mes,Cheque electrónico,Internet estándar,Patagonia,Hogar,57.22,0.071,1,1,No,4
C05757,2025-10-05,,Mes a mes,Tarjeta automática,Telefonía móvil,Patagonia,Hogar,36.69,0.0575,0,0,Sí,4
C05758,2025-10-05,,Mes a mes,Cheque electrónico,Internet estándar,Litoral,Hogar,41.57,0.2203,2,0,No,3
C05759,2025-10-06,,Mes a mes,Tarjeta automática,Internet fibra,Centro,Profesional,102.65,0.1096,3,0,Sí,3
C05760,2025-10-06,,Mes a mes,Débito automático,Internet fibra,NOA,PyME,136.05,0.1388,0,0,Sí,3
C05761,2025-10-06,,Anual,Débito automático,Internet fibra,Litoral,Hogar,81.54,0.0586,1,0,Sí,4
C05762,2025-10-06,,Mes a mes,Débito automático,Telefonía móvil,Cuyo,Hogar,40.97,0.0767,2,0,Sí,3
C05763,2025-10-06,2025-12-16,Mes a mes,Débito automático,Internet fibra,Centro,Hogar,86.68,0.0296,2,1,Sí,3
C05764,2025-10-06,,Anual,Tarjeta automática,Telefonía móvil,AMBA,Hogar,49.09,0.079,2,1,Sí,3
C05765,2025-10-07,,Mes a mes,Tarjeta automática,Internet fibra,Centro,Hogar,54.05,0.0447,2,0,Sí,4
C05766,2025-10-07,,Mes a mes,Cheque electrónico,Telefonía móvil,AMBA,Profesional,57.17,0.0966,0,1,No,4
C05767,2025-10-07,,Anual,Tarjeta automática,Telefonía móvil,NOA,Hogar,53.16,0.0905,0,2,Sí,3
C05768,2025-10-07,,Dos años,Débito automático,Internet fibra,Cuyo,Profesional,84.79,0.0478,0,1,Sí,4
C05769,2025-10-07,,Mes a mes,Tarjeta automática,Internet fibra,Litoral,Hogar,59.38,0.0372,2,1,Sí,3
C05770,2025-10-07,,Mes a mes,Débito automático,Telefonía móvil,Patagonia,Hogar,40.47,0.0617,0,0,Sí,4
C05771,2025-10-08,,Mes a mes,Tarjeta automática,Internet fibra,NOA,Profesional,101.73,0.0953,0,0,Sí,4
C05772,2025-10-08,,Dos años,Transferencia,Internet fibra,Cuyo,Hogar,72.93,0.0051,0,1,No,4
C05773,2025-10-08,,Anual,Débito automático,Telefonía móvil,AMBA,Hogar,56.22,0.0203,3,0,Sí,2
C05774,2025-10-08,,Anual,Tarjeta automática,Telefonía móvil,Litoral,Hogar,62.28,0.0589,6,0,Sí,1
C05775,2025-10-08,,Anual,Cheque electrónico,Telefonía móvil,NOA,Hogar,20.82,0.039,0,0,No,4
C05776,2025-10-09,,Mes a mes,Tarjeta automática,Telefonía móvil,Cuyo,Hogar,37.78,0.1224,0,1,Sí,4
C05777,2025-10-09,2025-12-18,Mes a mes,Transferencia,Internet estándar,AMBA,Profesional,41.9,0.0626,2,0,No,2
C05778,2025-10-09,,Anual,Tarjeta automática,Telefonía móvil,Patagonia,Hogar,49.27,0.0615,0,0,Sí,3
C05779,2025-10-09,,Dos años,Cheque electrónico,Internet estándar,Litoral,Hogar,41.52,0.0585,0,0,No,5
C05780,2025-10-09,,Mes a mes,Tarjeta automática,Telefonía móvil,AMBA,Hogar,36.77,0.052,3,0,Sí,2
C05781,2025-10-09,,Anual,Débito automático,Streaming,AMBA,Profesional,59.63,0.0071,1,0,Sí,4
C05782,2025-10-09,,Mes a mes,Transferencia,Internet estándar,Litoral,Hogar,34.39,0.0213,1,2,No,4
C05783,2025-10-11,,Dos años,Débito automático,Telefonía móvil,AMBA,Profesional,42.62,0.0299,0,0,Sí,5
C05784,2025-10-11,2025-10-15,Mes a mes,Cheque electrónico,Internet estándar,Centro,Hogar,23.95,0.0789,0,1,No,3
C05785,2025-10-12,,Anual,Tarjeta automática,Streaming,Centro,Profesional,60.98,0.0224,2,0,Sí,3
C05786,2025-10-12,,Mes a mes,Débito automático,Internet estándar,Cuyo,Profesional,78.42,0.0351,0,0,Sí,5
C05787,2025-10-12,,Anual,Cheque electrónico,Internet fibra,Patagonia,Profesional,92.77,0.0331,1,5,No,3
C05788,2025-10-13,,Anual,Cheque electrónico,Internet estándar,Cuyo,Profesional,52.97,0.0131,1,0,No,5
C05789,2025-10-13,,Mes a mes,Débito automático,Telefonía móvil,NOA,Hogar,51.18,0.0412,0,0,Sí,5
C05790,2025-10-13,,Anual,Débito automático,Internet estándar,Litoral,Hogar,79.3,0.1105,0,0,Sí,4
C05791,2025-10-14,,Dos años,Transferencia,Streaming,Cuyo,Hogar,26.41,0.017,4,1,No,4
C05792,2025-10-14,,Dos años,Transferencia,Internet estándar,Litoral,Hogar,35.77,0.0452,0,0,No,5
C05793,2025-10-14,,Mes a mes,Cheque electrónico,Telefonía móvil,AMBA,Hogar,55.66,0.0367,2,1,No,2
C05794,2025-10-15,,Anual,Cheque electrónico,Streaming,NOA,Profesional,34.54,0.0822,0,1,No,4
C05795,2025-10-15,,Mes a mes,Débito automático,Internet fibra,Centro,Hogar,73.97,0.0687,0,0,Sí,5
C05796,2025-10-16,,Anual,Transferencia,Internet estándar,NOA,PyME,74.97,0.0639,1,0,No,4
C05797,2025-10-16,,Mes a mes,Débito automático,Streaming,Litoral,Profesional,43.66,0.0781,0,0,Sí,3
C05798,2025-10-16,,Anual,Tarjeta automática,Internet fibra,Centro,Hogar,63.94,0.0771,0,1,Sí,4
C05799,2025-10-16,2025-10-25,Mes a mes,Cheque electrónico,Internet estándar,Cuyo,Hogar,62.85,0.0653,0,0,No,4
C05800,2025-10-16,,Mes a mes,Transferencia,Internet estándar,AMBA,Hogar,38.26,0.053,0,1,No,5
C05801,2025-10-16,,Mes a mes,Tarjeta automática,Internet fibra,Litoral,Hogar,86.58,0.0517,0,1,Sí,5
C05802,2025-10-17,,Mes a mes,Transferencia,Telefonía móvil,AMBA,Hogar,40.85,0.1397,1,1,No,3
C05803,2025-10-17,,Mes a mes,Tarjeta automática,Telefonía móvil,Litoral,Hogar,43.38,0.095,0,0,Sí,4
C05804,2025-10-18,,Mes a mes,Tarjeta automática,Streaming,Centro,Profesional,52.74,0.0198,0,0,Sí,5
C05805,2025-10-18,,Anual,Transferencia,Internet fibra,AMBA,Hogar,77.41,0.0373,0,0,No,4
C05806,2025-10-18,,Mes a mes,Transferencia,Telefonía móvil,Centro,Hogar,34.87,0.0052,0,0,No,5
C05807,2025-10-18,,Mes a mes,Débito automático,Streaming,AMBA,Hogar,20.07,0.0478,0,0,Sí,5
C05808,2025-10-18,,Anual,Tarjeta automática,Telefonía móvil,NOA,Hogar,47.6,0.0655,0,0,Sí,4
C05809,2025-10-18,,Dos años,Débito automático,Internet fibra,NOA,Hogar,57.08,0.0284,1,1,Sí,2
C05810,2025-10-18,,Dos años,Tarjeta automática,Internet fibra,NOA,Profesional,114.46,0.045,0,0,Sí,5
C05811,2025-10-18,,Anual,Cheque electrónico,Streaming,Patagonia,Hogar,30.45,0.0926,3,0,No,4
C05812,2025-10-19,,Dos años,Tarjeta automática,Telefonía móvil,Centro,Hogar,38.29,0.1426,1,1,Sí,5
C05813,2025-10-19,2025-12-23,Anual,Cheque electrónico,Internet fibra,Patagonia,PyME,135.93,0.0496,3,1,No,2
C05814,2025-10-19,,Dos años,Tarjeta automática,Internet estándar,Patagonia,Hogar,42.46,0.161,0,0,Sí,5
C05815,2025-10-19,,Dos años,Tarjeta automática,Streaming,Centro,Hogar,27.04,0.0431,0,3,Sí,5
C05816,2025-10-19,,Mes a mes,Débito automático,Telefonía móvil,NOA,Profesional,47.55,0.0816,2,0,Sí,4
C05817,2025-10-20,,Dos años,Transferencia,Telefonía móvil,NOA,Profesional,64.13,0.0239,2,0,No,3
C05818,2025-10-20,,Anual,Cheque electrónico,Telefonía móvil,Cuyo,Hogar,41.14,0.0367,1,1,No,3
C05819,2025-10-20,,Anual,Débito automático,Streaming,Litoral,Hogar,31.06,0.1178,0,0,Sí,4
C05820,2025-10-20,,Dos años,Débito automático,Telefonía móvil,NOA,Profesional,76.31,0.0114,0,0,Sí,3
C05821,2025-10-20,,Mes a mes,Tarjeta automática,Internet estándar,Centro,Hogar,40.15,0.03,2,1,Sí,2
C05822,2025-10-20,,Mes a mes,Débito automático,Internet fibra,NOA,Hogar,76.58,0.0941,0,0,Sí,5
C05823,2025-10-20,,Anual,Débito automático,Streaming,Centro,Profesional,28.83,0.0395,0,0,Sí,4
C05824,2025-10-20,,Anual,Cheque electrónico,Streaming,NOA,Profesional,53.05,0.0571,0,0,No,3
C05825,2025-10-21,,Dos años,Débito automático,Internet estándar,Centro,Hogar,48.81,0.0666,0,1,Sí,4
C05826,2025-10-21,,Dos años,Transferencia,Internet fibra,Patagonia,Hogar,78.19,0.0364,0,0,No,5
C05827,2025-10-21,,Anual,Cheque electrónico,Telefonía móvil,Litoral,Hogar,40.27,0.1961,4,0,No,3
C05828,2025-10-21,,Dos años,Tarjeta automática,Telefonía móvil,Cuyo,Profesional,53.64,0.0364,0,0,Sí,4
C05829,2025-10-21,,Mes a mes,Débito automático,Internet estándar,Cuyo,Profesional,94.46,0.0762,1,2,Sí,3
C05830,2025-10-22,,Dos años,Cheque electrónico,Telefonía móvil,Centro,Profesional,60.42,0.083,0,1,No,4
C05831,2025-10-22,,Mes a mes,Débito automático,Internet estándar,Patagonia,Hogar,52.26,0.106,1,2,Sí,4
C05832,2025-10-23,,Mes a mes,Débito automático,Internet fibra,NOA,PyME,120.47,0.1228,0,0,Sí,5
C05833,2025-10-23,,Mes a mes,Cheque electrónico,Internet fibra,Litoral,Hogar,87.74,0.0863,1,3,No,4
C05834,2025-10-23,,Mes a mes,Tarjeta automática,Internet estándar,Centro,Hogar,47.64,0.0609,0,0,Sí,4
C05835,2025-10-24,,Mes a mes,Cheque electrónico,Internet fibra,Patagonia,Profesional,100.9,0.0604,6,0,No,1
C05836,2025-10-25,,Mes a mes,Débito automático,Streaming,Cuyo,Hogar,38.93,0.06,0,1,Sí,4
C05837,2025-10-25,,Anual,Transferencia,Telefonía móvil,NOA,Hogar,40.86,0.1173,1,0,No,3
C05838,2025-10-25,,Anual,Débito automático,Internet estándar,Centro,Hogar,41.55,0.0559,0,0,Sí,3
C05839,2025-10-25,,Mes a mes,Débito automático,Telefonía móvil,Litoral,Profesional,34.39,0.0884,0,0,Sí,4
C05840,2025-10-26,,Anual,Tarjeta automática,Telefonía móvil,Cuyo,Hogar,37.74,0.0845,1,0,Sí,3
C05841,2025-10-26,,Mes a mes,Tarjeta automática,Internet estándar,NOA,Hogar,41.49,0.0639,0,0,Sí,5
C05842,2025-10-27,,Mes a mes,Débito automático,Internet fibra,AMBA,Hogar,65.43,0.0328,0,0,Sí,4
C05843,2025-10-27,,Mes a mes,Débito automático,Internet fibra,Litoral,Profesional,111.98,0.0942,4,0,Sí,1
C05844,2025-10-27,,Anual,Transferencia,Streaming,Patagonia,PyME,94.81,0.0088,0,0,No,4
C05845,2025-10-27,,Anual,Tarjeta automática,Internet estándar,Cuyo,Hogar,28.87,0.0068,3,0,Sí,3
C05846,2025-10-27,,Anual,Tarjeta automática,Streaming,Litoral,Profesional,48.69,0.1593,0,2,Sí,3
C05847,2025-10-27,,Anual,Tarjeta automática,Streaming,Centro,Hogar,20.01,0.0149,2,0,Sí,3
C05848,2025-10-27,,Anual,Débito automático,Streaming,Cuyo,Hogar,33.03,0.0143,0,0,Sí,4
C05849,2025-10-27,,Anual,Tarjeta automática,Internet fibra,NOA,Hogar,69.2,0.0154,0,1,Sí,4
C05850,2025-10-28,,Dos años,Tarjeta automática,Internet fibra,Cuyo,Hogar,72.07,0.0279,1,0,Sí,4
C05851,2025-10-28,,Mes a mes,Transferencia,Internet estándar,Centro,Hogar,59.59,0.0437,0,0,No,4
C05852,2025-10-28,,Mes a mes,Transferencia,Telefonía móvil,Litoral,Hogar,51.01,0.0921,0,0,No,4
C05853,2025-10-28,,Mes a mes,Transferencia,Streaming,Cuyo,Hogar,45.6,0.0693,3,0,No,3
C05854,2025-10-28,,Anual,Tarjeta automática,Streaming,Patagonia,Profesional,44.61,0.0651,1,1,Sí,3
C05855,2025-10-29,,Mes a mes,Cheque electrónico,Streaming,AMBA,Hogar,18.0,0.0781,0,0,No,5
C05856,2025-10-29,,Mes a mes,Transferencia,Internet estándar,NOA,Profesional,77.13,0.0307,2,0,No,5
C05857,2025-10-30,,Dos años,Transferencia,Internet fibra,Patagonia,Profesional,106.2,0.0239,0,0,No,3
C05858,2025-10-30,,Dos años,Tarjeta automática,Internet fibra,NOA,Hogar,84.91,0.0754,0,0,Sí,4
C05859,2025-10-30,,Mes a mes,Tarjeta automática,Internet fibra,Cuyo,Profesional,87.82,0.0491,2,1,Sí,2
C05860,2025-10-31,,Mes a mes,Débito automático,Internet fibra,Cuyo,Hogar,66.22,0.0257,0,0,Sí,4
C05861,2025-10-31,,Mes a mes,Tarjeta automática,Internet estándar,Cuyo,Hogar,54.9,0.0573,1,0,Sí,5
C05862,2025-10-31,,Mes a mes,Transferencia,Telefonía móvil,NOA,Profesional,50.25,0.0115,2,0,No,4
C05863,2025-11-01,,Dos años,Tarjeta automática,Internet fibra,AMBA,Hogar,74.61,0.0338,0,0,Sí,4
C05864,2025-11-01,,Anual,Tarjeta automática,Internet fibra,Litoral,Hogar,109.97,0.0669,0,0,Sí,5
C05865,2025-11-01,2025-11-09,Mes a mes,Tarjeta automática,Internet fibra,Centro,PyME,156.42,0.0746,1,0,Sí,3
C05866,2025-11-01,,Mes a mes,Tarjeta automática,Internet fibra,Litoral,Profesional,104.72,0.0125,1,1,Sí,3
C05867,2025-11-02,,Mes a mes,Débito automático,Internet fibra,NOA,Hogar,70.72,0.0525,1,0,Sí,4
C05868,2025-11-02,,Mes a mes,Tarjeta automática,Internet fibra,Patagonia,Hogar,70.05,0.1761,0,1,Sí,4
C05869,2025-11-02,,Mes a mes,Débito automático,Internet fibra,AMBA,PyME,140.87,0.0609,2,0,Sí,3
C05870,2025-11-02,,Anual,Tarjeta automática,Telefonía móvil,Cuyo,PyME,113.47,0.1033,0,0,Sí,4
C05871,2025-11-02,,Mes a mes,Débito automático,Internet estándar,AMBA,Hogar,43.37,0.0583,0,1,Sí,4
C05872,2025-11-02,,Dos años,Cheque electrónico,Internet fibra,Cuyo,Profesional,90.98,0.0123,5,0,No,3
C05873,2025-11-02,,Mes a mes,Cheque electrónico,Internet estándar,Centro,Hogar,49.96,0.1439,0,1,No,3
C05874,2025-11-03,,Anual,Débito automático,Internet fibra,Patagonia,Hogar,62.72,0.0409,3,1,Sí,2
C05875,2025-11-03,,Mes a mes,Débito automático,Internet estándar,Litoral,PyME,89.06,0.1255,1,0,Sí,4
C05876,2025-11-03,,Mes a mes,Transferencia,Internet estándar,Centro,Profesional,54.06,0.1006,5,0,No,1
C05877,2025-11-03,,Dos años,Cheque electrónico,Telefonía móvil,NOA,Hogar,48.01,0.0601,2,1,No,2
C05878,2025-11-04,,Anual,Débito automático,Telefonía móvil,Patagonia,Profesional,62.99,0.0541,3,1,Sí,3
C05879,2025-11-04,,Mes a mes,Tarjeta automática,Streaming,Litoral,Hogar,41.51,0.044,0,1,Sí,3
C05880,2025-11-04,,Mes a mes,Transferencia,Internet fibra,Cuyo,Hogar,58.89,0.0852,1,0,No,4
C05881,2025-11-05,,Anual,Tarjeta automática,Internet estándar,Centro,Profesional,50.31,0.095,0,0,Sí,3
C05882,2025-11-05,,Dos años,Transferencia,Internet fibra,Litoral,Hogar,83.01,0.0782,0,1,No,5
C05883,2025-11-05,,Anual,Tarjeta automática,Telefonía móvil,Patagonia,Hogar,32.41,0.0863,0,0,Sí,5
C05884,2025-11-06,2025-11-25,Mes a mes,Tarjeta automática,Internet fibra,NOA,Hogar,69.21,0.0567,5,1,Sí,2
C05885,2025-11-06,2025-12-09,Mes a mes,Cheque electrónico,Streaming,Patagonia,Hogar,40.14,0.0352,0,1,No,4
C05886,2025-11-06,,Mes a mes,Transferencia,Internet estándar,AMBA,PyME,97.92,0.1222,0,0,No,4
C05887,2025-11-07,,Mes a mes,Débito automático,Internet estándar,NOA,Hogar,44.2,0.0211,2,0,Sí,5
C05888,2025-11-07,,Anual,Cheque electrónico,Internet estándar,Centro,Hogar,46.25,0.0692,0,0,No,3
C05889,2025-11-08,,Anual,Cheque electrónico,Internet estándar,AMBA,Profesional,64.92,0.014,0,3,No,3
C05890,2025-11-08,,Mes a mes,Débito automático,Streaming,Litoral,Profesional,54.53,0.2248,0,0,Sí,4
C05891,2025-11-08,,Anual,Cheque electrónico,Streaming,Cuyo,Profesional,33.69,0.0046,0,2,No,4
C05892,2025-11-08,,Anual,Débito automático,Internet fibra,AMBA,PyME,130.93,0.0216,3,1,Sí,3
C05893,2025-11-08,,Anual,Tarjeta automática,Internet fibra,Centro,Profesional,108.79,0.0157,2,1,Sí,3
C05894,2025-11-08,,Mes a mes,Cheque electrónico,Telefonía móvil,Centro,Profesional,83.46,0.102,1,1,No,3
C05895,2025-11-08,,Mes a mes,Débito automático,Internet estándar,Cuyo,Hogar,34.08,0.0306,1,0,Sí,4
C05896,2025-11-09,,Mes a mes,Cheque electrónico,Streaming,Patagonia,Hogar,32.64,0.0267,0,1,No,5
C05897,2025-11-09,,Mes a mes,Tarjeta automática,Internet estándar,Patagonia,Hogar,46.91,0.0109,0,0,Sí,4
C05898,2025-11-09,,Mes a mes,Tarjeta automática,Streaming,AMBA,Profesional,45.91,0.0675,2,1,Sí,2
C05899,2025-11-09,,Mes a mes,Tarjeta automática,Streaming,Centro,Hogar,20.31,0.1362,0,0,Sí,5
C05900,2025-11-09,,Mes a mes,Transferencia,Internet fibra,Litoral,Profesional,104.31,0.0519,0,0,No,4
C05901,2025-11-10,,Mes a mes,Cheque electrónico,Internet estándar,Patagonia,Hogar,56.75,0.1173,3,0,No,3
C05902,2025-11-10,,Dos años,Débito automático,Internet estándar,AMBA,Profesional,94.75,0.0147,1,0,Sí,4
C05903,2025-11-10,,Anual,Tarjeta automática,Internet fibra,Cuyo,Hogar,63.47,0.0443,0,0,Sí,4
C05904,2025-11-10,,Mes a mes,Débito automático,Streaming,AMBA,Hogar,18.0,0.1249,0,1,Sí,4
C05905,2025-11-10,,Dos años,Débito automático,Internet fibra,Cuyo,Hogar,100.6,0.114,0,0,Sí,5
C05906,2025-11-10,,Mes a mes,Transferencia,Internet fibra,Cuyo,Hogar,77.43,0.0768,5,1,No,2
C05907,2025-11-11,,Mes a mes,Transferencia,Telefonía móvil,Centro,PyME,91.98,0.0873,2,0,No,3
C05908,2025-11-11,,Anual,Tarjeta automática,Telefonía móvil,NOA,Hogar,44.07,0.0386,2,1,Sí,3
C05909,2025-11-11,,Mes a mes,Débito automático,Internet fibra,Patagonia,Hogar,62.66,0.0358,5,0,Sí,3
C05910,2025-11-11,,Mes a mes,Transferencia,Streaming,Litoral,Profesional,51.13,0.1594,1,0,No,3
C05911,2025-11-11,,Mes a mes,Tarjeta automática,Internet fibra,Patagonia,Hogar,77.12,0.0473,2,0,Sí,4
C05912,2025-11-11,,Mes a mes,Débito automático,Streaming,Centro,Hogar,40.81,0.0533,0,0,Sí,5
C05913,2025-11-11,,Anual,Transferencia,Internet estándar,NOA,Hogar,58.43,0.0595,3,0,No,2
C05914,2025-11-12,,Mes a mes,Débito automático,Telefonía móvil,Cuyo,Hogar,52.34,0.006,0,0,Sí,4
C05915,2025-11-12,,Mes a mes,Tarjeta automática,Internet estándar,Cuyo,Profesional,69.1,0.0547,1,1,Sí,4
C05916,2025-11-12,,Mes a mes,Tarjeta automática,Internet estándar,Litoral,Hogar,66.65,0.0216,1,1,Sí,3
C05917,2025-11-12,,Mes a mes,Transferencia,Telefonía móvil,Litoral,Hogar,48.34,0.0932,1,1,No,4
C05918,2025-11-12,,Mes a mes,Tarjeta automática,Internet fibra,Litoral,Hogar,72.14,0.0736,2,0,Sí,2
C05919,2025-11-13,,Dos años,Cheque electrónico,Internet fibra,Patagonia,Hogar,69.1,0.0116,4,2,No,1
C05920,2025-11-13,,Anual,Débito automático,Internet estándar,Centro,Hogar,41.34,0.075,1,2,Sí,4
C05921,2025-11-13,,Mes a mes,Débito automático,Streaming,Patagonia,Hogar,35.48,0.0485,3,0,Sí,2
C05922,2025-11-13,,Anual,Transferencia,Internet fibra,Centro,Profesional,81.35,0.0974,1,0,No,2
C05923,2025-11-14,,Mes a mes,Débito automático,Internet estándar,Centro,Hogar,50.71,0.1064,1,0,Sí,4
C05924,2025-11-14,,Mes a mes,Tarjeta automática,Internet estándar,Cuyo,PyME,94.84,0.0653,1,0,Sí,4
C05925,2025-11-14,,Mes a mes,Tarjeta automática,Streaming,Litoral,Profesional,33.22,0.0173,1,0,Sí,3
C05926,2025-11-14,,Mes a mes,Transferencia,Telefonía móvil,Litoral,Hogar,29.99,0.0563,0,0,No,4
C05927,2025-11-15,,Anual,Débito automático,Internet estándar,AMBA,Hogar,48.74,0.061,3,0,Sí,3
C05928,2025-11-15,,Dos años,Cheque electrónico,Internet estándar,Patagonia,Profesional,75.4,0.0607,0,1,No,5
C05929,2025-11-15,,Mes a mes,Débito automático,Internet estándar,Litoral,Hogar,41.56,0.0356,0,0,Sí,5
C05930,2025-11-16,,Mes a mes,Débito automático,Internet fibra,Litoral,Profesional,73.16,0.0125,0,1,Sí,5
C05931,2025-11-16,,Anual,Tarjeta automática,Telefonía móvil,Patagonia,Hogar,76.7,0.0999,3,0,Sí,3
C05932,2025-11-16,,Mes a mes,Tarjeta automática,Telefonía móvil,Patagonia,Hogar,54.3,0.0572,1,1,Sí,3
C05933,2025-11-16,,Mes a mes,Cheque electrónico,Telefonía móvil,Cuyo,Profesional,70.26,0.0732,1,1,No,2
C05934,2025-11-16,,Dos años,Tarjeta automática,Telefonía móvil,Cuyo,Profesional,77.91,0.0994,0,0,Sí,3
C05935,2025-11-16,,Anual,Cheque electrónico,Internet estándar,Centro,Hogar,50.02,0.0037,1,1,No,3
C05936,2025-11-17,,Dos años,Tarjeta automática,Streaming,Litoral,Profesional,45.51,0.0768,0,0,Sí,5
C05937,2025-11-17,,Mes a mes,Débito automático,Internet fibra,Centro,Hogar,92.91,0.0787,2,1,Sí,2
C05938,2025-11-17,,Mes a mes,Tarjeta automática,Telefonía móvil,Litoral,Hogar,56.84,0.0756,1,0,Sí,5
C05939,2025-11-17,,Mes a mes,Transferencia,Streaming,Cuyo,PyME,90.77,0.0349,6,0,No,1
C05940,2025-11-17,,Dos años,Tarjeta automática,Internet fibra,Centro,Hogar,87.71,0.0529,1,0,Sí,3
C05941,2025-11-17,,Mes a mes,Débito automático,Telefonía móvil,Cuyo,Hogar,28.37,0.0601,1,0,Sí,3
C05942,2025-11-17,,Mes a mes,Cheque electrónico,Streaming,NOA,Hogar,26.17,0.0487,0,1,No,4
C05943,2025-11-17,,Mes a mes,Transferencia,Telefonía móvil,Litoral,PyME,115.74,0.1178,1,0,No,5
C05944,2025-11-18,,Anual,Tarjeta automática,Telefonía móvil,Cuyo,Hogar,50.85,0.0185,5,0,Sí,2
C05945,2025-11-18,,Anual,Cheque electrónico,Telefonía móvil,Cuyo,Profesional,43.92,0.0409,2,2,No,2
C05946,2025-11-18,,Anual,Débito automático,Internet estándar,Litoral,Profesional,61.16,0.0355,3,0,Sí,4
C05947,2025-11-18,,Mes a mes,Tarjeta automática,Internet estándar,AMBA,Profesional,83.95,0.0655,1,0,Sí,3
C05948,2025-11-19,,Anual,Débito automático,Streaming,Litoral,Hogar,34.01,0.0564,4,0,Sí,1
C05949,2025-11-19,,Mes a mes,Cheque electrónico,Internet fibra,AMBA,Hogar,80.0,0.0866,0,0,No,5
C05950,2025-11-19,,Mes a mes,Débito automático,Internet fibra,NOA,PyME,135.33,0.0349,1,0,Sí,5
C05951,2025-11-19,,Mes a mes,Transferencia,Telefonía móvil,Litoral,Hogar,41.08,0.0538,2,0,No,4
C05952,2025-11-20,2025-11-07,Mes a mes,Transferencia,Telefonía móvil,AMBA,Hogar,36.23,0.0552,1,0,No,2
C05953,2025-11-20,,Mes a mes,Débito automático,Telefonía móvil,Cuyo,Hogar,32.83,0.0198,1,0,Sí,5
C05954,2025-11-20,,Dos años,Débito automático,Internet fibra,NOA,Profesional,107.11,0.0187,1,0,Sí,3
C05955,2025-11-20,,Mes a mes,Transferencia,Internet fibra,NOA,PyME,135.61,0.097,2,0,No,4
C05956,2025-11-20,,Mes a mes,Débito automático,Telefonía móvil,AMBA,Hogar,49.78,0.08,1,0,Sí,4
C05957,2025-11-20,,Anual,Tarjeta automática,Internet fibra,Centro,Hogar,84.01,0.0255,1,1,Sí,4
C05958,2025-11-20,,Anual,Débito automático,Internet estándar,AMBA,Profesional,82.5,0.1538,1,1,Sí,3
C05959,2025-11-21,,Mes a mes,Cheque electrónico,Internet estándar,Cuyo,Hogar,54.0,0.0888,2,3,No,3
C05960,2025-11-21,,Anual,Tarjeta automática,Telefonía móvil,NOA,PyME,106.06,0.0446,0,0,Sí,4
C05961,2025-11-21,,Mes a mes,Tarjeta automática,Internet estándar,Patagonia,Hogar,50.84,0.0406,3,0,Sí,4
C05962,2025-11-21,,Mes a mes,Tarjeta automática,Internet fibra,Centro,Hogar,67.58,0.056,0,0,Sí,3
C05963,2025-11-21,,Anual,Tarjeta automática,Internet estándar,Centro,Hogar,46.52,0.0496,1,1,Sí,5
C05964,2025-11-21,,Mes a mes,Cheque electrónico,Internet fibra,Litoral,Hogar,84.49,0.0707,1,1,No,2
C05965,2025-11-22,,Mes a mes,Débito automático,Streaming,Litoral,Hogar,36.45,0.017,0,0,Sí,5
C05966,2025-11-22,,Mes a mes,Transferencia,Streaming,Cuyo,Profesional,62.96,0.0914,1,0,No,3
C05967,2025-11-23,,Mes a mes,Transferencia,Streaming,Cuyo,Hogar,23.94,0.0479,1,1,No,4
C05968,2025-11-23,,Mes a mes,Débito automático,Internet estándar,NOA,Profesional,69.49,0.0913,4,1,Sí,2
C05969,2025-11-23,,Dos años,Cheque electrónico,Internet fibra,Litoral,Hogar,76.58,0.1117,1,0,No,3
C05970,2025-11-23,,Mes a mes,Cheque electrónico,Internet fibra,Patagonia,Hogar,95.87,0.108,0,1,No,4
C05971,2025-11-23,,Dos años,Transferencia,Telefonía móvil,NOA,Hogar,46.14,0.0042,0,1,No,5
C05972,2025-11-23,,Mes a mes,Transferencia,Internet estándar,Cuyo,Hogar,53.35,0.0831,1,0,No,4
C05973,2025-11-23,,Anual,Débito automático,Internet estándar,Patagonia,Hogar,48.61,0.1072,0,1,Sí,5
C05974,2025-11-24,2025-11-16,Mes a mes,Cheque electrónico,Internet estándar,Patagonia,Profesional,64.52,0.0472,5,2,No,2
C05975,2025-11-24,,Mes a mes,Tarjeta automática,Telefonía móvil,Centro,Hogar,26.06,0.0979,1,0,Sí,4
C05976,2025-11-24,,Mes a mes,Transferencia,Telefonía móvil,Centro,Hogar,28.13,0.0916,1,1,No,5
C05977,2025-11-24,2025-11-27,Mes a mes,Débito automático,Internet fibra,AMBA,Hogar,79.97,0.0313,5,1,Sí,2
C05978,2025-11-25,,Dos años,Débito automático,Streaming,Litoral,Hogar,29.6,0.0879,1,0,Sí,3
C05979,2025-11-25,,Anual,Cheque electrónico,Internet estándar,Patagonia,Hogar,51.03,0.0729,0,2,No,3
C05980,2025-11-26,,Anual,Transferencia,Telefonía móvil,Patagonia,Hogar,52.36,0.0292,3,2,No,4
C05981,2025-11-26,,Mes a mes,Tarjeta automática,Telefonía móvil,Cuyo,Hogar,43.02,0.0149,1,0,Sí,4
C05982,2025-11-26,,Mes a mes,Transferencia,Streaming,Patagonia,Hogar,25.17,0.1128,3,0,No,3
C05983,2025-11-26,,Anual,Cheque electrónico,Telefonía móvil,AMBA,Hogar,39.69,0.0875,1,2,No,3
C05984,2025-11-26,,Anual,Transferencia,Internet estándar,Litoral,Hogar,51.68,0.0696,0,0,No,3
C05985,2025-11-27,,Anual,Cheque electrónico,Internet estándar,Cuyo,Hogar,44.82,0.0716,0,1,No,5
C05986,2025-11-27,,Anual,Cheque electrónico,Streaming,Patagonia,Hogar,40.71,0.0887,3,1,No,1
C05987,2025-11-27,2025-11-12,Mes a mes,Cheque electrónico,Streaming,NOA,Hogar,28.88,0.0538,5,3,No,1
C05988,2025-11-28,,Dos años,Débito automático,Internet fibra,Litoral,Hogar,80.77,0.0124,0,1,Sí,4
C05989,2025-11-28,,Mes a mes,Débito automático,Internet estándar,Litoral,PyME,95.02,0.0501,1,0,Sí,3
C05990,2025-11-28,,Mes a mes,Cheque electrónico,Internet fibra,NOA,Profesional,107.71,0.0255,0,2,No,3
C05991,2025-11-29,,Dos años,Cheque electrónico,Internet fibra,Cuyo,Hogar,93.83,0.0215,3,2,No,3
C05992,2025-11-29,2025-12-13,Mes a mes,Tarjeta automática,Telefonía móvil,AMBA,PyME,82.01,0.066,1,1,Sí,5
C05993,2025-11-29,,Mes a mes,Tarjeta automática,Internet fibra,Litoral,Hogar,82.41,0.1255,1,2,Sí,3
C05994,2025-11-29,,Mes a mes,Débito automático,Telefonía móvil,Cuyo,Hogar,40.81,0.1283,0,1,Sí,4
C05995,2025-11-29,,Mes a mes,Transferencia,Internet estándar,Litoral,PyME,107.12,0.0762,0,2,No,3
C05996,2025-11-29,,Dos años,Cheque electrónico,Streaming,Patagonia,Profesional,51.97,0.0549,6,1,No,1
C05997,2025-11-29,,Anual,Débito automático,Telefonía móvil,Litoral,Hogar,18.0,0.0775,0,0,Sí,4
C05998,2025-11-30,,Mes a mes,Tarjeta automática,Telefonía móvil,Centro,Hogar,50.35,0.0196,0,0,Sí,4
C05999,2025-11-30,,Dos años,Tarjeta automática,Telefonía móvil,Litoral,PyME,109.24,0.0435,2,1,Sí,4
C06000,2025-11-30,,Anual,Cheque electrónico,Internet fibra,Cuyo,Hogar,91.47,0.1501,3,1,No,1
